"","vapourpres_h09","time"
"1",9.654296875,1980-01-01
"2",11.673828125,1980-01-02
"3",14.333984375,1980-01-03
"4",12.8642578125,1980-01-04
"5",9.8642578125,1980-01-05
"6",9.4443359375,1980-01-06
"7",11.064453125,1980-01-07
"8",14.3037109375,1980-01-08
"9",13.333984375,1980-01-09
"10",12.0537109375,1980-01-10
"11",9.9140625,1980-01-11
"12",15.0341796875,1980-01-12
"13",13.234375,1980-01-13
"14",16.173828125,1980-01-14
"15",11.25390625,1980-01-15
"16",9.8837890625,1980-01-16
"17",6.5537109375,1980-01-17
"18",17.173828125,1980-01-18
"19",11.6943359375,1980-01-19
"20",14.8935546875,1980-01-20
"21",14.4736328125,1980-01-21
"22",13.75390625,1980-01-22
"23",14.1240234375,1980-01-23
"24",12.1142578125,1980-01-24
"25",13.5341796875,1980-01-25
"26",8.814453125,1980-01-26
"27",9.9140625,1980-01-27
"28",8.93359375,1980-01-28
"29",11.154296875,1980-01-29
"30",10.5537109375,1980-01-30
"31",12.7236328125,1980-01-31
"32",13.7177734375,1980-02-01
"33",14.66796875,1980-02-02
"34",9.7783203125,1980-02-03
"35",11.748046875,1980-02-04
"36",12.73828125,1980-02-05
"37",11.3583984375,1980-02-06
"38",8.2880859375,1980-02-07
"39",11.4677734375,1980-02-08
"40",9.2578125,1980-02-09
"41",8.4580078125,1980-02-10
"42",9.8076171875,1980-02-11
"43",6.59765625,1980-02-12
"44",11.0576171875,1980-02-13
"45",14.8984375,1980-02-14
"46",13.7978515625,1980-02-15
"47",11.2275390625,1980-02-16
"48",11.91796875,1980-02-17
"49",12.7978515625,1980-02-18
"50",9.8681640625,1980-02-19
"51",10.5380859375,1980-02-20
"52",17.23828125,1980-02-21
"53",11.23828125,1980-02-22
"54",11.9580078125,1980-02-23
"55",13.6376953125,1980-02-24
"56",9.017578125,1980-02-25
"57",7.5078125,1980-02-26
"58",15.908203125,1980-02-27
"59",13.767578125,1980-02-28
"60",12.0380859375,1980-02-29
"61",12.64453125,1980-03-01
"62",14.8154296875,1980-03-02
"63",9.5048828125,1980-03-03
"64",15.8154296875,1980-03-04
"65",11.5654296875,1980-03-05
"66",11.2451171875,1980-03-06
"67",17.0654296875,1980-03-07
"68",12.3349609375,1980-03-08
"69",7.5849609375,1980-03-09
"70",8.5654296875,1980-03-10
"71",10.865234375,1980-03-11
"72",9.03515625,1980-03-12
"73",11.64453125,1980-03-13
"74",12.705078125,1980-03-14
"75",16.384765625,1980-03-15
"76",13.0849609375,1980-03-16
"77",11.1748046875,1980-03-17
"78",7.884765625,1980-03-18
"79",14.115234375,1980-03-19
"80",13.0947265625,1980-03-20
"81",16.3349609375,1980-03-21
"82",9.71484375,1980-03-22
"83",11.5546875,1980-03-23
"84",13.115234375,1980-03-24
"85",12.4052734375,1980-03-25
"86",13.0654296875,1980-03-26
"87",13.5751953125,1980-03-27
"88",14.2646484375,1980-03-28
"89",12.3251953125,1980-03-29
"90",12.4951171875,1980-03-30
"91",11.5947265625,1980-03-31
"92",13.15625,1980-04-01
"93",8.8056640625,1980-04-02
"94",11.6064453125,1980-04-03
"95",11.8564453125,1980-04-04
"96",11.90625,1980-04-05
"97",11.2958984375,1980-04-06
"98",10.5556640625,1980-04-07
"99",8.095703125,1980-04-08
"100",6.2060546875,1980-04-09
"101",5.9462890625,1980-04-10
"102",8.005859375,1980-04-11
"103",13.7861328125,1980-04-12
"104",12.81640625,1980-04-13
"105",12.595703125,1980-04-14
"106",8.826171875,1980-04-15
"107",14.2958984375,1980-04-16
"108",13.99609375,1980-04-17
"109",21.4755859375,1980-04-18
"110",21.326171875,1980-04-19
"111",20.2060546875,1980-04-20
"112",20.345703125,1980-04-21
"113",19.8056640625,1980-04-22
"114",14.6357421875,1980-04-23
"115",12.6357421875,1980-04-24
"116",14.255859375,1980-04-25
"117",15.916015625,1980-04-26
"118",9.67578125,1980-04-27
"119",9.5458984375,1980-04-28
"120",10.2861328125,1980-04-29
"121",12.4462890625,1980-04-30
"122",11.046875,1980-05-01
"123",11.107421875,1980-05-02
"124",12.216796875,1980-05-03
"125",13.7373046875,1980-05-04
"126",13.537109375,1980-05-05
"127",14.1669921875,1980-05-06
"128",16.046875,1980-05-07
"129",13.3369140625,1980-05-08
"130",15.7666015625,1980-05-09
"131",14.5771484375,1980-05-10
"132",10.6865234375,1980-05-11
"133",13.037109375,1980-05-12
"134",11.7568359375,1980-05-13
"135",12.1669921875,1980-05-14
"136",11.3369140625,1980-05-15
"137",13.037109375,1980-05-16
"138",10.88671875,1980-05-17
"139",9.787109375,1980-05-18
"140",10.8173828125,1980-05-19
"141",9.607421875,1980-05-20
"142",9.45703125,1980-05-21
"143",8.8466796875,1980-05-22
"144",9.796875,1980-05-23
"145",9.45703125,1980-05-24
"146",11.0068359375,1980-05-25
"147",9.5166015625,1980-05-26
"148",13.3466796875,1980-05-27
"149",14.0673828125,1980-05-28
"150",12.4267578125,1980-05-29
"151",13.537109375,1980-05-30
"152",13.216796875,1980-05-31
"153",13.0126953125,1980-06-01
"154",10.642578125,1980-06-02
"155",12.0830078125,1980-06-03
"156",11.54296875,1980-06-04
"157",11.1728515625,1980-06-05
"158",10.3232421875,1980-06-06
"159",10.5029296875,1980-06-07
"160",10.4326171875,1980-06-08
"161",11.9130859375,1980-06-09
"162",10.3232421875,1980-06-10
"163",10.2431640625,1980-06-11
"164",10.4130859375,1980-06-12
"165",9.212890625,1980-06-13
"166",8.1025390625,1980-06-14
"167",10.142578125,1980-06-15
"168",11.8134765625,1980-06-16
"169",9.0029296875,1980-06-17
"170",11.3525390625,1980-06-18
"171",9.873046875,1980-06-19
"172",10.712890625,1980-06-20
"173",9.962890625,1980-06-21
"174",9.0634765625,1980-06-22
"175",8.802734375,1980-06-23
"176",9.373046875,1980-06-24
"177",8.3330078125,1980-06-25
"178",12.453125,1980-06-26
"179",10.642578125,1980-06-27
"180",10.0126953125,1980-06-28
"181",11.5830078125,1980-06-29
"182",11.11328125,1980-06-30
"183",11.0634765625,1980-07-01
"184",11.4931640625,1980-07-02
"185",13.193359375,1980-07-03
"186",9.123046875,1980-07-04
"187",12.0830078125,1980-07-05
"188",11.462890625,1980-07-06
"189",11.392578125,1980-07-07
"190",10.8134765625,1980-07-08
"191",10.29296875,1980-07-09
"192",9.79296875,1980-07-10
"193",8.8828125,1980-07-11
"194",8.1826171875,1980-07-12
"195",11.4130859375,1980-07-13
"196",10.36328125,1980-07-14
"197",11.86328125,1980-07-15
"198",11.193359375,1980-07-16
"199",11.4130859375,1980-07-17
"200",10.373046875,1980-07-18
"201",9.7626953125,1980-07-19
"202",11.9130859375,1980-07-20
"203",11.97265625,1980-07-21
"204",10.0732421875,1980-07-22
"205",8.47265625,1980-07-23
"206",8.4833984375,1980-07-24
"207",8.9326171875,1980-07-25
"208",9.5234375,1980-07-26
"209",11.1533203125,1980-07-27
"210",10.3232421875,1980-07-28
"211",10.6025390625,1980-07-29
"212",10.6630859375,1980-07-30
"213",10.5732421875,1980-07-31
"214",8.86328125,1980-08-01
"215",9.203125,1980-08-02
"216",9.453125,1980-08-03
"217",9.0126953125,1980-08-04
"218",7.7626953125,1980-08-05
"219",6.712890625,1980-08-06
"220",11.1826171875,1980-08-07
"221",10.6328125,1980-08-08
"222",9.1533203125,1980-08-09
"223",7.5234375,1980-08-10
"224",10.4326171875,1980-08-11
"225",11.3330078125,1980-08-12
"226",10.802734375,1980-08-13
"227",9.0126953125,1980-08-14
"228",8.3330078125,1980-08-15
"229",8.623046875,1980-08-16
"230",7.6630859375,1980-08-17
"231",6.61328125,1980-08-18
"232",8.873046875,1980-08-19
"233",10.2431640625,1980-08-20
"234",12.3134765625,1980-08-21
"235",7.212890625,1980-08-22
"236",12.04296875,1980-08-23
"237",11.0126953125,1980-08-24
"238",8.7431640625,1980-08-25
"239",9.9833984375,1980-08-26
"240",8.04296875,1980-08-27
"241",11.873046875,1980-08-28
"242",10.36328125,1980-08-29
"243",6.5634765625,1980-08-30
"244",9.6826171875,1980-08-31
"245",10.68359375,1980-09-01
"246",11.09375,1980-09-02
"247",10.734375,1980-09-03
"248",8.59375,1980-09-04
"249",10.173828125,1980-09-05
"250",7.763671875,1980-09-06
"251",12.333984375,1980-09-07
"252",10.763671875,1980-09-08
"253",9.734375,1980-09-09
"254",12.2236328125,1980-09-10
"255",11.93359375,1980-09-11
"256",10.84375,1980-09-12
"257",10.8642578125,1980-09-13
"258",7.8740234375,1980-09-14
"259",8.763671875,1980-09-15
"260",10.3642578125,1980-09-16
"261",10.564453125,1980-09-17
"262",7.8642578125,1980-09-18
"263",11.5439453125,1980-09-19
"264",11.1943359375,1980-09-20
"265",10.734375,1980-09-21
"266",10.904296875,1980-09-22
"267",8.1640625,1980-09-23
"268",8.314453125,1980-09-24
"269",9.6337890625,1980-09-25
"270",9.5341796875,1980-09-26
"271",11.0341796875,1980-09-27
"272",9.8935546875,1980-09-28
"273",7.654296875,1980-09-29
"274",13.6240234375,1980-09-30
"275",12.5927734375,1980-10-01
"276",12.302734375,1980-10-02
"277",8.97265625,1980-10-03
"278",7.453125,1980-10-04
"279",15.4130859375,1980-10-05
"280",12.9326171875,1980-10-06
"281",8.7626953125,1980-10-07
"282",12.9130859375,1980-10-08
"283",11.79296875,1980-10-09
"284",9.3134765625,1980-10-10
"285",9.22265625,1980-10-11
"286",12.392578125,1980-10-12
"287",11.4228515625,1980-10-13
"288",10.8525390625,1980-10-14
"289",10.9228515625,1980-10-15
"290",12.72265625,1980-10-16
"291",9.4326171875,1980-10-17
"292",14.3828125,1980-10-18
"293",10.5634765625,1980-10-19
"294",12.3525390625,1980-10-20
"295",11.8330078125,1980-10-21
"296",9.642578125,1980-10-22
"297",13.283203125,1980-10-23
"298",8.0732421875,1980-10-24
"299",9.4931640625,1980-10-25
"300",9.11328125,1980-10-26
"301",11.052734375,1980-10-27
"302",8.8330078125,1980-10-28
"303",10.6630859375,1980-10-29
"304",9.392578125,1980-10-30
"305",12.552734375,1980-10-31
"306",13.0615234375,1980-11-01
"307",11.0322265625,1980-11-02
"308",7.6416015625,1980-11-03
"309",6.3017578125,1980-11-04
"310",14.4716796875,1980-11-05
"311",12.3720703125,1980-11-06
"312",11.0224609375,1980-11-07
"313",12.9619140625,1980-11-08
"314",11.15234375,1980-11-09
"315",12.921875,1980-11-10
"316",9.001953125,1980-11-11
"317",8.4619140625,1980-11-12
"318",10.7919921875,1980-11-13
"319",12.072265625,1980-11-14
"320",16.7724609375,1980-11-15
"321",11.591796875,1980-11-16
"322",16.3916015625,1980-11-17
"323",17.7919921875,1980-11-18
"324",9.001953125,1980-11-19
"325",10.1015625,1980-11-20
"326",12.4423828125,1980-11-21
"327",8.8017578125,1980-11-22
"328",10.091796875,1980-11-23
"329",9.662109375,1980-11-24
"330",11.15234375,1980-11-25
"331",9.2216796875,1980-11-26
"332",17.162109375,1980-11-27
"333",13.482421875,1980-11-28
"334",10.90234375,1980-11-29
"335",11.0615234375,1980-11-30
"336",8.6123046875,1980-12-01
"337",15.5615234375,1980-12-02
"338",12.501953125,1980-12-03
"339",10.65234375,1980-12-04
"340",10.841796875,1980-12-05
"341",13.171875,1980-12-06
"342",14.3115234375,1980-12-07
"343",8.76171875,1980-12-08
"344",6.9619140625,1980-12-09
"345",9.0322265625,1980-12-10
"346",18.8916015625,1980-12-11
"347",14.841796875,1980-12-12
"348",12.2021484375,1980-12-13
"349",10.662109375,1980-12-14
"350",9.431640625,1980-12-15
"351",11.6416015625,1980-12-16
"352",11.9423828125,1980-12-17
"353",11.7119140625,1980-12-18
"354",9.251953125,1980-12-19
"355",6.751953125,1980-12-20
"356",6.001953125,1980-12-21
"357",15.9921875,1980-12-22
"358",9.8623046875,1980-12-23
"359",10.90234375,1980-12-24
"360",13.0517578125,1980-12-25
"361",14.2421875,1980-12-26
"362",13.091796875,1980-12-27
"363",15.51171875,1980-12-28
"364",12.7822265625,1980-12-29
"365",11.0517578125,1980-12-30
"366",11.072265625,1980-12-31
"367",12.3642578125,1981-01-01
"368",15.3037109375,1981-01-02
"369",16.6142578125,1981-01-03
"370",11.25390625,1981-01-04
"371",13.064453125,1981-01-05
"372",15.984375,1981-01-06
"373",12.1142578125,1981-01-07
"374",15.5244140625,1981-01-08
"375",16.7841796875,1981-01-09
"376",16.244140625,1981-01-10
"377",12.064453125,1981-01-11
"378",12.494140625,1981-01-12
"379",11.4443359375,1981-01-13
"380",12.173828125,1981-01-14
"381",18.84375,1981-01-15
"382",16.7236328125,1981-01-16
"383",20.2939453125,1981-01-17
"384",21.1435546875,1981-01-18
"385",14.59375,1981-01-19
"386",14.513671875,1981-01-20
"387",17.9140625,1981-01-21
"388",11.7236328125,1981-01-22
"389",12.6337890625,1981-01-23
"390",14.8740234375,1981-01-24
"391",12.5341796875,1981-01-25
"392",16.8037109375,1981-01-26
"393",19.4736328125,1981-01-27
"394",13.484375,1981-01-28
"395",13.2841796875,1981-01-29
"396",14.75390625,1981-01-30
"397",14.2939453125,1981-01-31
"398",15.4384765625,1981-02-01
"399",13.84765625,1981-02-02
"400",17.0078125,1981-02-03
"401",16.9775390625,1981-02-04
"402",14.658203125,1981-02-05
"403",14.7275390625,1981-02-06
"404",14.408203125,1981-02-07
"405",15.2578125,1981-02-08
"406",13.8681640625,1981-02-09
"407",11.068359375,1981-02-10
"408",10.6279296875,1981-02-11
"409",11.23828125,1981-02-12
"410",17.5576171875,1981-02-13
"411",23.2080078125,1981-02-14
"412",20.84765625,1981-02-15
"413",21.4775390625,1981-02-16
"414",17.3583984375,1981-02-17
"415",12.5478515625,1981-02-18
"416",12.427734375,1981-02-19
"417",11.3779296875,1981-02-20
"418",12.0380859375,1981-02-21
"419",11.427734375,1981-02-22
"420",13.818359375,1981-02-23
"421",12.0078125,1981-02-24
"422",13.818359375,1981-02-25
"423",12.66796875,1981-02-26
"424",9.09765625,1981-02-27
"425",14.9775390625,1981-02-28
"426",12.0048828125,1981-03-01
"427",13.6650390625,1981-03-02
"428",13.8349609375,1981-03-03
"429",12.5947265625,1981-03-04
"430",10.9150390625,1981-03-05
"431",10.974609375,1981-03-06
"432",8.2646484375,1981-03-07
"433",13.1748046875,1981-03-08
"434",11.0546875,1981-03-09
"435",10.7353515625,1981-03-10
"436",12.28515625,1981-03-11
"437",14.025390625,1981-03-12
"438",9.8046875,1981-03-13
"439",11.865234375,1981-03-14
"440",11.60546875,1981-03-15
"441",13.3154296875,1981-03-16
"442",12.0546875,1981-03-17
"443",11.89453125,1981-03-18
"444",16.625,1981-03-19
"445",15.384765625,1981-03-20
"446",10.375,1981-03-21
"447",11.1845703125,1981-03-22
"448",11.025390625,1981-03-23
"449",13.6748046875,1981-03-24
"450",9.544921875,1981-03-25
"451",10.724609375,1981-03-26
"452",15.365234375,1981-03-27
"453",15.724609375,1981-03-28
"454",14.3154296875,1981-03-29
"455",14.794921875,1981-03-30
"456",14.794921875,1981-03-31
"457",16.4462890625,1981-04-01
"458",16.2255859375,1981-04-02
"459",17.5556640625,1981-04-03
"460",17.255859375,1981-04-04
"461",17.0263671875,1981-04-05
"462",10.666015625,1981-04-06
"463",10.935546875,1981-04-07
"464",10.1962890625,1981-04-08
"465",15.6162109375,1981-04-09
"466",10.265625,1981-04-10
"467",6.7255859375,1981-04-11
"468",18.2763671875,1981-04-12
"469",12.6357421875,1981-04-13
"470",13.31640625,1981-04-14
"471",14.326171875,1981-04-15
"472",10.986328125,1981-04-16
"473",12.5263671875,1981-04-17
"474",12.435546875,1981-04-18
"475",12.4658203125,1981-04-19
"476",13.2158203125,1981-04-20
"477",12.845703125,1981-04-21
"478",11.3359375,1981-04-22
"479",14.3662109375,1981-04-23
"480",16.4658203125,1981-04-24
"481",8.8759765625,1981-04-25
"482",8.0458984375,1981-04-26
"483",17.67578125,1981-04-27
"484",9.4560546875,1981-04-28
"485",9.3359375,1981-04-29
"486",8.7158203125,1981-04-30
"487",8.0966796875,1981-05-01
"488",6.7470703125,1981-05-02
"489",12.8369140625,1981-05-03
"490",11.02734375,1981-05-04
"491",9.2470703125,1981-05-05
"492",13.126953125,1981-05-06
"493",12.0869140625,1981-05-07
"494",14.546875,1981-05-08
"495",9.306640625,1981-05-09
"496",11.2568359375,1981-05-10
"497",10.7666015625,1981-05-11
"498",10.3173828125,1981-05-12
"499",9.20703125,1981-05-13
"500",9.4267578125,1981-05-14
"501",8.787109375,1981-05-15
"502",11.287109375,1981-05-16
"503",9.1865234375,1981-05-17
"504",6.6171875,1981-05-18
"505",7.45703125,1981-05-19
"506",6.52734375,1981-05-20
"507",7.4267578125,1981-05-21
"508",10.8173828125,1981-05-22
"509",12.38671875,1981-05-23
"510",12.607421875,1981-05-24
"511",12.966796875,1981-05-25
"512",11.6474609375,1981-05-26
"513",12.947265625,1981-05-27
"514",8.3671875,1981-05-28
"515",11.2265625,1981-05-29
"516",12.77734375,1981-05-30
"517",12.9072265625,1981-05-31
"518",11.54296875,1981-06-01
"519",11.712890625,1981-06-02
"520",12.1826171875,1981-06-03
"521",10.7333984375,1981-06-04
"522",10.8427734375,1981-06-05
"523",9.8828125,1981-06-06
"524",10.97265625,1981-06-07
"525",9.6328125,1981-06-08
"526",9.6826171875,1981-06-09
"527",11.0634765625,1981-06-10
"528",11.54296875,1981-06-11
"529",13.0126953125,1981-06-12
"530",11.802734375,1981-06-13
"531",12.1728515625,1981-06-14
"532",9.9033203125,1981-06-15
"533",9.802734375,1981-06-16
"534",8.4130859375,1981-06-17
"535",11.7333984375,1981-06-18
"536",11.443359375,1981-06-19
"537",8.6533203125,1981-06-20
"538",9.052734375,1981-06-21
"539",9.0732421875,1981-06-22
"540",8.693359375,1981-06-23
"541",9.4033203125,1981-06-24
"542",11.123046875,1981-06-25
"543",12.052734375,1981-06-26
"544",12.54296875,1981-06-27
"545",9.0927734375,1981-06-28
"546",10.2734375,1981-06-29
"547",9.22265625,1981-06-30
"548",9.6025390625,1981-07-01
"549",10.203125,1981-07-02
"550",11.8330078125,1981-07-03
"551",8.9326171875,1981-07-04
"552",10.1025390625,1981-07-05
"553",11.3232421875,1981-07-06
"554",9.6826171875,1981-07-07
"555",10.4033203125,1981-07-08
"556",11.1826171875,1981-07-09
"557",8.5126953125,1981-07-10
"558",9.283203125,1981-07-11
"559",9.6728515625,1981-07-12
"560",9.2626953125,1981-07-13
"561",8.6826171875,1981-07-14
"562",8.5927734375,1981-07-15
"563",8.283203125,1981-07-16
"564",8.4326171875,1981-07-17
"565",9.1826171875,1981-07-18
"566",8.97265625,1981-07-19
"567",10.203125,1981-07-20
"568",10.8828125,1981-07-21
"569",10.443359375,1981-07-22
"570",8.462890625,1981-07-23
"571",10.623046875,1981-07-24
"572",9.5234375,1981-07-25
"573",9.2734375,1981-07-26
"574",9.4228515625,1981-07-27
"575",10.4833984375,1981-07-28
"576",10.9833984375,1981-07-29
"577",10.462890625,1981-07-30
"578",9.2529296875,1981-07-31
"579",8.6630859375,1981-08-01
"580",12.2626953125,1981-08-02
"581",13.4326171875,1981-08-03
"582",11.7626953125,1981-08-04
"583",10.9833984375,1981-08-05
"584",9.0830078125,1981-08-06
"585",7.552734375,1981-08-07
"586",11.5830078125,1981-08-08
"587",9.392578125,1981-08-09
"588",10.892578125,1981-08-10
"589",8.4130859375,1981-08-11
"590",9.7333984375,1981-08-12
"591",9.47265625,1981-08-13
"592",9.7626953125,1981-08-14
"593",10.3525390625,1981-08-15
"594",10.703125,1981-08-16
"595",10.052734375,1981-08-17
"596",10.7626953125,1981-08-18
"597",12.2626953125,1981-08-19
"598",10.4228515625,1981-08-20
"599",9.0830078125,1981-08-21
"600",11.9033203125,1981-08-22
"601",8.79296875,1981-08-23
"602",8.392578125,1981-08-24
"603",7.7529296875,1981-08-25
"604",9.462890625,1981-08-26
"605",8.5234375,1981-08-27
"606",7.6826171875,1981-08-28
"607",7.7529296875,1981-08-29
"608",8.3232421875,1981-08-30
"609",7.8134765625,1981-08-31
"610",11.8642578125,1981-09-01
"611",11.833984375,1981-09-02
"612",10.3935546875,1981-09-03
"613",9.5537109375,1981-09-04
"614",9.2236328125,1981-09-05
"615",8.1943359375,1981-09-06
"616",8.7138671875,1981-09-07
"617",9.1640625,1981-09-08
"618",11.43359375,1981-09-09
"619",10.4638671875,1981-09-10
"620",10.1435546875,1981-09-11
"621",11.7041015625,1981-09-12
"622",10.833984375,1981-09-13
"623",11.75390625,1981-09-14
"624",9.2138671875,1981-09-15
"625",8.3642578125,1981-09-16
"626",8.904296875,1981-09-17
"627",12.57421875,1981-09-18
"628",10.2939453125,1981-09-19
"629",14.1240234375,1981-09-20
"630",10.2041015625,1981-09-21
"631",9.9140625,1981-09-22
"632",8.564453125,1981-09-23
"633",10.734375,1981-09-24
"634",8.734375,1981-09-25
"635",11.32421875,1981-09-26
"636",11.75390625,1981-09-27
"637",11.173828125,1981-09-28
"638",11.263671875,1981-09-29
"639",9.50390625,1981-09-30
"640",10.5029296875,1981-10-01
"641",12.5927734375,1981-10-02
"642",7.953125,1981-10-03
"643",11.6728515625,1981-10-04
"644",9.7333984375,1981-10-05
"645",8.54296875,1981-10-06
"646",10.193359375,1981-10-07
"647",9.9033203125,1981-10-08
"648",12.623046875,1981-10-09
"649",7.6328125,1981-10-10
"650",9.193359375,1981-10-11
"651",9.9033203125,1981-10-12
"652",6.142578125,1981-10-13
"653",10.3427734375,1981-10-14
"654",8.1025390625,1981-10-15
"655",8.8525390625,1981-10-16
"656",9.3525390625,1981-10-17
"657",8.4228515625,1981-10-18
"658",13.1826171875,1981-10-19
"659",10.3427734375,1981-10-20
"660",9.7734375,1981-10-21
"661",9.703125,1981-10-22
"662",10.7333984375,1981-10-23
"663",10.29296875,1981-10-24
"664",10.22265625,1981-10-25
"665",7.2734375,1981-10-26
"666",14.29296875,1981-10-27
"667",12.4130859375,1981-10-28
"668",12.6025390625,1981-10-29
"669",12.36328125,1981-10-30
"670",11.3427734375,1981-10-31
"671",11.501953125,1981-11-01
"672",9.921875,1981-11-02
"673",9.421875,1981-11-03
"674",12.5615234375,1981-11-04
"675",9.232421875,1981-11-05
"676",9.4423828125,1981-11-06
"677",10.8720703125,1981-11-07
"678",7.3515625,1981-11-08
"679",20.83203125,1981-11-09
"680",10.9921875,1981-11-10
"681",9.591796875,1981-11-11
"682",10.6220703125,1981-11-12
"683",10.072265625,1981-11-13
"684",11.8818359375,1981-11-14
"685",10.501953125,1981-11-15
"686",8.7919921875,1981-11-16
"687",7.8818359375,1981-11-17
"688",10.671875,1981-11-18
"689",13.0419921875,1981-11-19
"690",13.162109375,1981-11-20
"691",11.751953125,1981-11-21
"692",7.1015625,1981-11-22
"693",12.8115234375,1981-11-23
"694",10.3623046875,1981-11-24
"695",11.1220703125,1981-11-25
"696",14.0615234375,1981-11-26
"697",14.4716796875,1981-11-27
"698",15.5322265625,1981-11-28
"699",12.322265625,1981-11-29
"700",13.091796875,1981-11-30
"701",11.1923828125,1981-12-01
"702",7.232421875,1981-12-02
"703",12.322265625,1981-12-03
"704",9.4521484375,1981-12-04
"705",13.171875,1981-12-05
"706",12.431640625,1981-12-06
"707",9.091796875,1981-12-07
"708",9.5615234375,1981-12-08
"709",11.4716796875,1981-12-09
"710",11.5419921875,1981-12-10
"711",12.982421875,1981-12-11
"712",12.671875,1981-12-12
"713",9.0224609375,1981-12-13
"714",10.6923828125,1981-12-14
"715",10.421875,1981-12-15
"716",9.0224609375,1981-12-16
"717",13.681640625,1981-12-17
"718",11.431640625,1981-12-18
"719",8.76171875,1981-12-19
"720",9.4619140625,1981-12-20
"721",10.8115234375,1981-12-21
"722",12.01171875,1981-12-22
"723",12.001953125,1981-12-23
"724",10.6015625,1981-12-24
"725",11.072265625,1981-12-25
"726",13.3623046875,1981-12-26
"727",14.01171875,1981-12-27
"728",15.83203125,1981-12-28
"729",14.412109375,1981-12-29
"730",8.2119140625,1981-12-30
"731",17.3720703125,1981-12-31
"732",13.4541015625,1982-01-01
"733",10.8642578125,1982-01-02
"734",12.853515625,1982-01-03
"735",13.8642578125,1982-01-04
"736",10.5537109375,1982-01-05
"737",17.154296875,1982-01-06
"738",10.7744140625,1982-01-07
"739",17.7744140625,1982-01-08
"740",15.314453125,1982-01-09
"741",11.7236328125,1982-01-10
"742",9.734375,1982-01-11
"743",17.82421875,1982-01-12
"744",11.654296875,1982-01-13
"745",11.5244140625,1982-01-14
"746",12.7744140625,1982-01-15
"747",12.2939453125,1982-01-16
"748",12.2939453125,1982-01-17
"749",14.4443359375,1982-01-18
"750",10.9541015625,1982-01-19
"751",15.18359375,1982-01-20
"752",17.5537109375,1982-01-21
"753",13.7841796875,1982-01-22
"754",16.103515625,1982-01-23
"755",19.013671875,1982-01-24
"756",17.8037109375,1982-01-25
"757",9.93359375,1982-01-26
"758",10.82421875,1982-01-27
"759",12.0341796875,1982-01-28
"760",14.0244140625,1982-01-29
"761",13.5439453125,1982-01-30
"762",14.5439453125,1982-01-31
"763",11.98828125,1982-02-01
"764",12.6279296875,1982-02-02
"765",15.2275390625,1982-02-03
"766",13.8076171875,1982-02-04
"767",11.248046875,1982-02-05
"768",5.9775390625,1982-02-06
"769",7.017578125,1982-02-07
"770",12.9482421875,1982-02-08
"771",14.337890625,1982-02-09
"772",12.267578125,1982-02-10
"773",14.3779296875,1982-02-11
"774",15.5576171875,1982-02-12
"775",17.73828125,1982-02-13
"776",16.767578125,1982-02-14
"777",21.4677734375,1982-02-15
"778",12.1982421875,1982-02-16
"779",14.0283203125,1982-02-17
"780",14.2578125,1982-02-18
"781",12.517578125,1982-02-19
"782",18.7783203125,1982-02-20
"783",12.4580078125,1982-02-21
"784",13.5283203125,1982-02-22
"785",14.7978515625,1982-02-23
"786",10.91796875,1982-02-24
"787",12.1083984375,1982-02-25
"788",10.4775390625,1982-02-26
"789",8.248046875,1982-02-27
"790",10.078125,1982-02-28
"791",11.115234375,1982-03-01
"792",10.3349609375,1982-03-02
"793",11.9150390625,1982-03-03
"794",14.0048828125,1982-03-04
"795",12.9951171875,1982-03-05
"796",12.5751953125,1982-03-06
"797",21.0751953125,1982-03-07
"798",14.5146484375,1982-03-08
"799",10.5146484375,1982-03-09
"800",14.544921875,1982-03-10
"801",16.0751953125,1982-03-11
"802",16.6845703125,1982-03-12
"803",15.35546875,1982-03-13
"804",15.2353515625,1982-03-14
"805",14.4052734375,1982-03-15
"806",15.875,1982-03-16
"807",13.7646484375,1982-03-17
"808",11.455078125,1982-03-18
"809",11.35546875,1982-03-19
"810",8.4052734375,1982-03-20
"811",7.46484375,1982-03-21
"812",22.544921875,1982-03-22
"813",13.044921875,1982-03-23
"814",9.3447265625,1982-03-24
"815",13.9345703125,1982-03-25
"816",13.7548828125,1982-03-26
"817",11.85546875,1982-03-27
"818",13.8447265625,1982-03-28
"819",14.3349609375,1982-03-29
"820",12.375,1982-03-30
"821",14.0947265625,1982-03-31
"822",11.9658203125,1982-04-01
"823",13.7763671875,1982-04-02
"824",10.0859375,1982-04-03
"825",9.2060546875,1982-04-04
"826",12.685546875,1982-04-05
"827",13.935546875,1982-04-06
"828",13.486328125,1982-04-07
"829",14.06640625,1982-04-08
"830",12.646484375,1982-04-09
"831",12.9560546875,1982-04-10
"832",14.0556640625,1982-04-11
"833",9.0859375,1982-04-12
"834",10.236328125,1982-04-13
"835",13.31640625,1982-04-14
"836",16.265625,1982-04-15
"837",11.31640625,1982-04-16
"838",9.185546875,1982-04-17
"839",11.15625,1982-04-18
"840",10.4560546875,1982-04-19
"841",9.845703125,1982-04-20
"842",9.06640625,1982-04-21
"843",8.095703125,1982-04-22
"844",16.90625,1982-04-23
"845",15.67578125,1982-04-24
"846",10.486328125,1982-04-25
"847",10.2158203125,1982-04-26
"848",9.7958984375,1982-04-27
"849",13.99609375,1982-04-28
"850",14.24609375,1982-04-29
"851",13.5361328125,1982-04-30
"852",12.38671875,1982-05-01
"853",9.8173828125,1982-05-02
"854",12.8369140625,1982-05-03
"855",14.6669921875,1982-05-04
"856",13.27734375,1982-05-05
"857",13.52734375,1982-05-06
"858",13.796875,1982-05-07
"859",11.876953125,1982-05-08
"860",11.1865234375,1982-05-09
"861",13.9072265625,1982-05-10
"862",12.4169921875,1982-05-11
"863",10.45703125,1982-05-12
"864",14.0771484375,1982-05-13
"865",8.38671875,1982-05-14
"866",8.70703125,1982-05-15
"867",10.306640625,1982-05-16
"868",10.6767578125,1982-05-17
"869",9.0966796875,1982-05-18
"870",10.9365234375,1982-05-19
"871",10.466796875,1982-05-20
"872",13.376953125,1982-05-21
"873",9.537109375,1982-05-22
"874",11.9365234375,1982-05-23
"875",10.376953125,1982-05-24
"876",8.4765625,1982-05-25
"877",10.2373046875,1982-05-26
"878",7.38671875,1982-05-27
"879",12.546875,1982-05-28
"880",10.357421875,1982-05-29
"881",11.8671875,1982-05-30
"882",8.556640625,1982-05-31
"883",10.5126953125,1982-06-01
"884",11.5830078125,1982-06-02
"885",7.4326171875,1982-06-03
"886",6.783203125,1982-06-04
"887",6.1826171875,1982-06-05
"888",6.7333984375,1982-06-06
"889",6.22265625,1982-06-07
"890",6.0634765625,1982-06-08
"891",7.5634765625,1982-06-09
"892",11.4033203125,1982-06-10
"893",9.97265625,1982-06-11
"894",11.0927734375,1982-06-12
"895",10.0634765625,1982-06-13
"896",9.5927734375,1982-06-14
"897",11.61328125,1982-06-15
"898",11.7431640625,1982-06-16
"899",9.5830078125,1982-06-17
"900",9.29296875,1982-06-18
"901",7.1533203125,1982-06-19
"902",8.6630859375,1982-06-20
"903",11.052734375,1982-06-21
"904",10.54296875,1982-06-22
"905",11.0234375,1982-06-23
"906",9.72265625,1982-06-24
"907",7.7529296875,1982-06-25
"908",7.6728515625,1982-06-26
"909",11.3330078125,1982-06-27
"910",10.462890625,1982-06-28
"911",9.1728515625,1982-06-29
"912",8.212890625,1982-06-30
"913",7.302734375,1982-07-01
"914",6.783203125,1982-07-02
"915",9.373046875,1982-07-03
"916",8.123046875,1982-07-04
"917",9.373046875,1982-07-05
"918",9.8427734375,1982-07-06
"919",9.4228515625,1982-07-07
"920",9.8525390625,1982-07-08
"921",11.033203125,1982-07-09
"922",8.953125,1982-07-10
"923",9.033203125,1982-07-11
"924",7.783203125,1982-07-12
"925",8.9228515625,1982-07-13
"926",6.9033203125,1982-07-14
"927",7.462890625,1982-07-15
"928",6.3828125,1982-07-16
"929",6.123046875,1982-07-17
"930",8.783203125,1982-07-18
"931",8.953125,1982-07-19
"932",6.36328125,1982-07-20
"933",4.61328125,1982-07-21
"934",5.4931640625,1982-07-22
"935",7.2734375,1982-07-23
"936",11.3525390625,1982-07-24
"937",11.7431640625,1982-07-25
"938",10.052734375,1982-07-26
"939",8.533203125,1982-07-27
"940",7.4033203125,1982-07-28
"941",8.22265625,1982-07-29
"942",10.443359375,1982-07-30
"943",10.3232421875,1982-07-31
"944",8.5830078125,1982-08-01
"945",6.783203125,1982-08-02
"946",8.7734375,1982-08-03
"947",7.693359375,1982-08-04
"948",7.552734375,1982-08-05
"949",9.1728515625,1982-08-06
"950",8.7529296875,1982-08-07
"951",7.4931640625,1982-08-08
"952",5.203125,1982-08-09
"953",10.693359375,1982-08-10
"954",11.9228515625,1982-08-11
"955",11.4130859375,1982-08-12
"956",9.9033203125,1982-08-13
"957",11.1728515625,1982-08-14
"958",9.453125,1982-08-15
"959",9.6826171875,1982-08-16
"960",9.373046875,1982-08-17
"961",9.72265625,1982-08-18
"962",7.5234375,1982-08-19
"963",7.802734375,1982-08-20
"964",8.8232421875,1982-08-21
"965",9.9931640625,1982-08-22
"966",10.052734375,1982-08-23
"967",6.9326171875,1982-08-24
"968",9.212890625,1982-08-25
"969",10.72265625,1982-08-26
"970",10.693359375,1982-08-27
"971",7.72265625,1982-08-28
"972",5.712890625,1982-08-29
"973",12.36328125,1982-08-30
"974",8.6533203125,1982-08-31
"975",8.57421875,1982-09-01
"976",11.8037109375,1982-09-02
"977",8.7138671875,1982-09-03
"978",7.6943359375,1982-09-04
"979",7.564453125,1982-09-05
"980",6.9140625,1982-09-06
"981",10.734375,1982-09-07
"982",11.154296875,1982-09-08
"983",9.3642578125,1982-09-09
"984",9.064453125,1982-09-10
"985",9.9638671875,1982-09-11
"986",9.18359375,1982-09-12
"987",7.1435546875,1982-09-13
"988",8.9443359375,1982-09-14
"989",8.9736328125,1982-09-15
"990",14.18359375,1982-09-16
"991",11.103515625,1982-09-17
"992",8.68359375,1982-09-18
"993",9.6435546875,1982-09-19
"994",9.75390625,1982-09-20
"995",7.513671875,1982-09-21
"996",7.07421875,1982-09-22
"997",5.9443359375,1982-09-23
"998",8.4736328125,1982-09-24
"999",9.513671875,1982-09-25
"1000",9.2744140625,1982-09-26
"1001",10.3740234375,1982-09-27
"1002",10.6337890625,1982-09-28
"1003",8.2041015625,1982-09-29
"1004",7.5341796875,1982-09-30
"1005",9.0126953125,1982-10-01
"1006",6.552734375,1982-10-02
"1007",5.4033203125,1982-10-03
"1008",12.29296875,1982-10-04
"1009",6.8232421875,1982-10-05
"1010",6.193359375,1982-10-06
"1011",11.4228515625,1982-10-07
"1012",10.4228515625,1982-10-08
"1013",8.1025390625,1982-10-09
"1014",9.2734375,1982-10-10
"1015",9.4326171875,1982-10-11
"1016",11.703125,1982-10-12
"1017",12.4228515625,1982-10-13
"1018",8.9326171875,1982-10-14
"1019",7.8330078125,1982-10-15
"1020",9.193359375,1982-10-16
"1021",8.203125,1982-10-17
"1022",7.193359375,1982-10-18
"1023",9.54296875,1982-10-19
"1024",9.302734375,1982-10-20
"1025",10.783203125,1982-10-21
"1026",11.79296875,1982-10-22
"1027",11.8232421875,1982-10-23
"1028",9.642578125,1982-10-24
"1029",7.3134765625,1982-10-25
"1030",14.1826171875,1982-10-26
"1031",10.86328125,1982-10-27
"1032",9.7529296875,1982-10-28
"1033",5.61328125,1982-10-29
"1034",8.693359375,1982-10-30
"1035",9.3525390625,1982-10-31
"1036",8.072265625,1982-11-01
"1037",9.4619140625,1982-11-02
"1038",7.33203125,1982-11-03
"1039",5.5224609375,1982-11-04
"1040",5.51171875,1982-11-05
"1041",6.5224609375,1982-11-06
"1042",11.26171875,1982-11-07
"1043",10.1123046875,1982-11-08
"1044",10.3515625,1982-11-09
"1045",12.3017578125,1982-11-10
"1046",9.921875,1982-11-11
"1047",9.822265625,1982-11-12
"1048",11.072265625,1982-11-13
"1049",10.7021484375,1982-11-14
"1050",11.6923828125,1982-11-15
"1051",7.8623046875,1982-11-16
"1052",9.7119140625,1982-11-17
"1053",9.0224609375,1982-11-18
"1054",10.421875,1982-11-19
"1055",9.65234375,1982-11-20
"1056",9.3623046875,1982-11-21
"1057",11.1416015625,1982-11-22
"1058",8.1015625,1982-11-23
"1059",8.3017578125,1982-11-24
"1060",13.01171875,1982-11-25
"1061",10.5419921875,1982-11-26
"1062",10.822265625,1982-11-27
"1063",9.1220703125,1982-11-28
"1064",7.1123046875,1982-11-29
"1065",14.8017578125,1982-11-30
"1066",8.01171875,1982-12-01
"1067",8.251953125,1982-12-02
"1068",10.51171875,1982-12-03
"1069",9.3916015625,1982-12-04
"1070",10.2724609375,1982-12-05
"1071",8.40234375,1982-12-06
"1072",8.1123046875,1982-12-07
"1073",8.341796875,1982-12-08
"1074",10.6123046875,1982-12-09
"1075",10.6416015625,1982-12-10
"1076",12.2421875,1982-12-11
"1077",6.58203125,1982-12-12
"1078",17.431640625,1982-12-13
"1079",10.6318359375,1982-12-14
"1080",12.5517578125,1982-12-15
"1081",12.40234375,1982-12-16
"1082",14.751953125,1982-12-17
"1083",10.7021484375,1982-12-18
"1084",11.3818359375,1982-12-19
"1085",12.091796875,1982-12-20
"1086",10.33203125,1982-12-21
"1087",9.1923828125,1982-12-22
"1088",10.4619140625,1982-12-23
"1089",10.0224609375,1982-12-24
"1090",11.3818359375,1982-12-25
"1091",9.9423828125,1982-12-26
"1092",12.681640625,1982-12-27
"1093",22.8916015625,1982-12-28
"1094",17.671875,1982-12-29
"1095",17.251953125,1982-12-30
"1096",17.3623046875,1982-12-31
"1097",12.2138671875,1983-01-01
"1098",11.3935546875,1983-01-02
"1099",12.4736328125,1983-01-03
"1100",14.8642578125,1983-01-04
"1101",15.814453125,1983-01-05
"1102",9.173828125,1983-01-06
"1103",8.6142578125,1983-01-07
"1104",15.013671875,1983-01-08
"1105",16.6337890625,1983-01-09
"1106",11.154296875,1983-01-10
"1107",11.8740234375,1983-01-11
"1108",9.3740234375,1983-01-12
"1109",9.84375,1983-01-13
"1110",9.8642578125,1983-01-14
"1111",12.1240234375,1983-01-15
"1112",12.3037109375,1983-01-16
"1113",11.1240234375,1983-01-17
"1114",11.3642578125,1983-01-18
"1115",9.3037109375,1983-01-19
"1116",8.34375,1983-01-20
"1117",10.353515625,1983-01-21
"1118",5.4541015625,1983-01-22
"1119",16.423828125,1983-01-23
"1120",10.244140625,1983-01-24
"1121",6.4443359375,1983-01-25
"1122",14.57421875,1983-01-26
"1123",11.00390625,1983-01-27
"1124",13.234375,1983-01-28
"1125",14.00390625,1983-01-29
"1126",12.673828125,1983-01-30
"1127",8.2841796875,1983-01-31
"1128",18.48828125,1983-02-01
"1129",12.4384765625,1983-02-02
"1130",12.9677734375,1983-02-03
"1131",14.84765625,1983-02-04
"1132",9.98828125,1983-02-05
"1133",9.828125,1983-02-06
"1134",9.427734375,1983-02-07
"1135",14.7080078125,1983-02-08
"1136",14.1181640625,1983-02-09
"1137",15.9580078125,1983-02-10
"1138",15.1484375,1983-02-11
"1139",12.248046875,1983-02-12
"1140",10.5576171875,1983-02-13
"1141",10.73828125,1983-02-14
"1142",9.7080078125,1983-02-15
"1143",10.23828125,1983-02-16
"1144",11.2275390625,1983-02-17
"1145",10.248046875,1983-02-18
"1146",11.5380859375,1983-02-19
"1147",13.9677734375,1983-02-20
"1148",13.658203125,1983-02-21
"1149",14.7578125,1983-02-22
"1150",13.9775390625,1983-02-23
"1151",14.2783203125,1983-02-24
"1152",10.578125,1983-02-25
"1153",10.0283203125,1983-02-26
"1154",15.658203125,1983-02-27
"1155",18.5478515625,1983-02-28
"1156",20.9052734375,1983-03-01
"1157",20.5146484375,1983-03-02
"1158",21.7451171875,1983-03-03
"1159",22.634765625,1983-03-04
"1160",19.2451171875,1983-03-05
"1161",20.705078125,1983-03-06
"1162",22.14453125,1983-03-07
"1163",24.474609375,1983-03-08
"1164",10.875,1983-03-09
"1165",11.5654296875,1983-03-10
"1166",10.3349609375,1983-03-11
"1167",17.0751953125,1983-03-12
"1168",17.3251953125,1983-03-13
"1169",13.6552734375,1983-03-14
"1170",14.5654296875,1983-03-15
"1171",12.0546875,1983-03-16
"1172",11.9150390625,1983-03-17
"1173",13.8349609375,1983-03-18
"1174",15.9951171875,1983-03-19
"1175",16.6953125,1983-03-20
"1176",15.78515625,1983-03-21
"1177",15.0849609375,1983-03-22
"1178",13.0751953125,1983-03-23
"1179",13.5751953125,1983-03-24
"1180",13.0654296875,1983-03-25
"1181",13.0947265625,1983-03-26
"1182",12.2646484375,1983-03-27
"1183",12.1953125,1983-03-28
"1184",15.134765625,1983-03-29
"1185",12.0654296875,1983-03-30
"1186",11.794921875,1983-03-31
"1187",14.92578125,1983-04-01
"1188",14.345703125,1983-04-02
"1189",11.15625,1983-04-03
"1190",15.185546875,1983-04-04
"1191",12.4560546875,1983-04-05
"1192",9.736328125,1983-04-06
"1193",10.0859375,1983-04-07
"1194",10.265625,1983-04-08
"1195",15.6162109375,1983-04-09
"1196",15.255859375,1983-04-10
"1197",10.736328125,1983-04-11
"1198",11.5556640625,1983-04-12
"1199",10.4560546875,1983-04-13
"1200",13.15625,1983-04-14
"1201",7.7958984375,1983-04-15
"1202",7.74609375,1983-04-16
"1203",9.345703125,1983-04-17
"1204",9.5859375,1983-04-18
"1205",9.3857421875,1983-04-19
"1206",8.5263671875,1983-04-20
"1207",8.845703125,1983-04-21
"1208",7.7158203125,1983-04-22
"1209",12.236328125,1983-04-23
"1210",11.7861328125,1983-04-24
"1211",13.185546875,1983-04-25
"1212",14.005859375,1983-04-26
"1213",12.5263671875,1983-04-27
"1214",13.31640625,1983-04-28
"1215",13.40625,1983-04-29
"1216",12.146484375,1983-04-30
"1217",12.3271484375,1983-05-01
"1218",12.5771484375,1983-05-02
"1219",14.5771484375,1983-05-03
"1220",15.27734375,1983-05-04
"1221",13.1767578125,1983-05-05
"1222",13.6572265625,1983-05-06
"1223",11.9267578125,1983-05-07
"1224",13.537109375,1983-05-08
"1225",13.6474609375,1983-05-09
"1226",13.0966796875,1983-05-10
"1227",11.6572265625,1983-05-11
"1228",11.7265625,1983-05-12
"1229",9.6767578125,1983-05-13
"1230",13.1669921875,1983-05-14
"1231",12.697265625,1983-05-15
"1232",10.77734375,1983-05-16
"1233",7.716796875,1983-05-17
"1234",8.556640625,1983-05-18
"1235",8.857421875,1983-05-19
"1236",11.296875,1983-05-20
"1237",11.966796875,1983-05-21
"1238",11.1669921875,1983-05-22
"1239",12.45703125,1983-05-23
"1240",9.9765625,1983-05-24
"1241",7.876953125,1983-05-25
"1242",12.2470703125,1983-05-26
"1243",12.697265625,1983-05-27
"1244",11.63671875,1983-05-28
"1245",10.197265625,1983-05-29
"1246",12.7666015625,1983-05-30
"1247",11.8369140625,1983-05-31
"1248",11.802734375,1983-06-01
"1249",10.86328125,1983-06-02
"1250",10.1025390625,1983-06-03
"1251",9.943359375,1983-06-04
"1252",9.693359375,1983-06-05
"1253",10.5029296875,1983-06-06
"1254",10.0830078125,1983-06-07
"1255",9.4833984375,1983-06-08
"1256",10.3828125,1983-06-09
"1257",8.9833984375,1983-06-10
"1258",9.953125,1983-06-11
"1259",9.1025390625,1983-06-12
"1260",11.142578125,1983-06-13
"1261",8.193359375,1983-06-14
"1262",9.142578125,1983-06-15
"1263",8.5029296875,1983-06-16
"1264",8.392578125,1983-06-17
"1265",9.5732421875,1983-06-18
"1266",11.11328125,1983-06-19
"1267",10.8232421875,1983-06-20
"1268",10.4130859375,1983-06-21
"1269",9.962890625,1983-06-22
"1270",10.1630859375,1983-06-23
"1271",9.5927734375,1983-06-24
"1272",12.6328125,1983-06-25
"1273",7.2626953125,1983-06-26
"1274",6.86328125,1983-06-27
"1275",12.9033203125,1983-06-28
"1276",11.7333984375,1983-06-29
"1277",12.4130859375,1983-06-30
"1278",11.6630859375,1983-07-01
"1279",11.392578125,1983-07-02
"1280",11.0234375,1983-07-03
"1281",8.7626953125,1983-07-04
"1282",9.1728515625,1983-07-05
"1283",9.1025390625,1983-07-06
"1284",8.9833984375,1983-07-07
"1285",8.533203125,1983-07-08
"1286",7.0927734375,1983-07-09
"1287",6.0927734375,1983-07-10
"1288",6.642578125,1983-07-11
"1289",8.8134765625,1983-07-12
"1290",10.5234375,1983-07-13
"1291",11.3525390625,1983-07-14
"1292",10.9833984375,1983-07-15
"1293",10.7333984375,1983-07-16
"1294",10.0234375,1983-07-17
"1295",8.11328125,1983-07-18
"1296",10.8525390625,1983-07-19
"1297",7.4033203125,1983-07-20
"1298",8.302734375,1983-07-21
"1299",8.193359375,1983-07-22
"1300",9.783203125,1983-07-23
"1301",8.9326171875,1983-07-24
"1302",7.203125,1983-07-25
"1303",9.1630859375,1983-07-26
"1304",9.9931640625,1983-07-27
"1305",11.712890625,1983-07-28
"1306",12.7333984375,1983-07-29
"1307",11.79296875,1983-07-30
"1308",11.11328125,1983-07-31
"1309",9.9931640625,1983-08-01
"1310",11.4326171875,1983-08-02
"1311",7.4326171875,1983-08-03
"1312",8.392578125,1983-08-04
"1313",7.943359375,1983-08-05
"1314",7.0732421875,1983-08-06
"1315",11.3828125,1983-08-07
"1316",11.033203125,1983-08-08
"1317",12.9326171875,1983-08-09
"1318",12.9228515625,1983-08-10
"1319",10.1533203125,1983-08-11
"1320",9.36328125,1983-08-12
"1321",8.802734375,1983-08-13
"1322",8.86328125,1983-08-14
"1323",10.033203125,1983-08-15
"1324",10.11328125,1983-08-16
"1325",8.5234375,1983-08-17
"1326",7.7734375,1983-08-18
"1327",7.11328125,1983-08-19
"1328",11.6328125,1983-08-20
"1329",9.0927734375,1983-08-21
"1330",12.47265625,1983-08-22
"1331",11.6630859375,1983-08-23
"1332",10.86328125,1983-08-24
"1333",12.0634765625,1983-08-25
"1334",10.6826171875,1983-08-26
"1335",10.0927734375,1983-08-27
"1336",9.533203125,1983-08-28
"1337",8.1328125,1983-08-29
"1338",11.9228515625,1983-08-30
"1339",11.4931640625,1983-08-31
"1340",10.57421875,1983-09-01
"1341",13.2744140625,1983-09-02
"1342",10.25390625,1983-09-03
"1343",8.2138671875,1983-09-04
"1344",11.9638671875,1983-09-05
"1345",13.2744140625,1983-09-06
"1346",12.673828125,1983-09-07
"1347",12.7841796875,1983-09-08
"1348",11.494140625,1983-09-09
"1349",9.853515625,1983-09-10
"1350",8.734375,1983-09-11
"1351",9.353515625,1983-09-12
"1352",14.1142578125,1983-09-13
"1353",11.8837890625,1983-09-14
"1354",7.564453125,1983-09-15
"1355",6.814453125,1983-09-16
"1356",11.7744140625,1983-09-17
"1357",11.1435546875,1983-09-18
"1358",11.654296875,1983-09-19
"1359",14.103515625,1983-09-20
"1360",10.4638671875,1983-09-21
"1361",10.234375,1983-09-22
"1362",12.0537109375,1983-09-23
"1363",7.3740234375,1983-09-24
"1364",7.244140625,1983-09-25
"1365",9.4541015625,1983-09-26
"1366",10.0341796875,1983-09-27
"1367",10.3642578125,1983-09-28
"1368",14.744140625,1983-09-29
"1369",12.93359375,1983-09-30
"1370",11.212890625,1983-10-01
"1371",12.9931640625,1983-10-02
"1372",7.9033203125,1983-10-03
"1373",7.5927734375,1983-10-04
"1374",8.142578125,1983-10-05
"1375",8.7626953125,1983-10-06
"1376",7.8828125,1983-10-07
"1377",6.4931640625,1983-10-08
"1378",6.873046875,1983-10-09
"1379",13.0927734375,1983-10-10
"1380",13.1025390625,1983-10-11
"1381",15.392578125,1983-10-12
"1382",16.943359375,1983-10-13
"1383",17.373046875,1983-10-14
"1384",12.1533203125,1983-10-15
"1385",8.5927734375,1983-10-16
"1386",8.443359375,1983-10-17
"1387",13.1533203125,1983-10-18
"1388",13.7333984375,1983-10-19
"1389",10.4130859375,1983-10-20
"1390",10.9833984375,1983-10-21
"1391",11.1728515625,1983-10-22
"1392",11.5634765625,1983-10-23
"1393",11.943359375,1983-10-24
"1394",12.373046875,1983-10-25
"1395",10.962890625,1983-10-26
"1396",14.4033203125,1983-10-27
"1397",9.47265625,1983-10-28
"1398",8.453125,1983-10-29
"1399",10.203125,1983-10-30
"1400",9.7333984375,1983-10-31
"1401",11.6123046875,1983-11-01
"1402",11.2919921875,1983-11-02
"1403",13.232421875,1983-11-03
"1404",8.8818359375,1983-11-04
"1405",8.4716796875,1983-11-05
"1406",6.572265625,1983-11-06
"1407",11.9521484375,1983-11-07
"1408",12.751953125,1983-11-08
"1409",10.76171875,1983-11-09
"1410",10.8115234375,1983-11-10
"1411",9.15234375,1983-11-11
"1412",11.9521484375,1983-11-12
"1413",10.8115234375,1983-11-13
"1414",15.822265625,1983-11-14
"1415",8.2919921875,1983-11-15
"1416",8.8515625,1983-11-16
"1417",8.15234375,1983-11-17
"1418",8.591796875,1983-11-18
"1419",8.9619140625,1983-11-19
"1420",9.8115234375,1983-11-20
"1421",9.2119140625,1983-11-21
"1422",13.8916015625,1983-11-22
"1423",15.671875,1983-11-23
"1424",14.2919921875,1983-11-24
"1425",15.3916015625,1983-11-25
"1426",16.2119140625,1983-11-26
"1427",15.76171875,1983-11-27
"1428",16.7021484375,1983-11-28
"1429",15.40234375,1983-11-29
"1430",14.26171875,1983-11-30
"1431",9.181640625,1983-12-01
"1432",11.482421875,1983-12-02
"1433",10.8017578125,1983-12-03
"1434",9.931640625,1983-12-04
"1435",11.7919921875,1983-12-05
"1436",14.3623046875,1983-12-06
"1437",9.1923828125,1983-12-07
"1438",10.40234375,1983-12-08
"1439",10.7119140625,1983-12-09
"1440",12.921875,1983-12-10
"1441",13.1416015625,1983-12-11
"1442",10.15234375,1983-12-12
"1443",11.1318359375,1983-12-13
"1444",11.26171875,1983-12-14
"1445",12.9921875,1983-12-15
"1446",11.8623046875,1983-12-16
"1447",11.662109375,1983-12-17
"1448",12.5322265625,1983-12-18
"1449",7.591796875,1983-12-19
"1450",8.171875,1983-12-20
"1451",14.732421875,1983-12-21
"1452",10.76171875,1983-12-22
"1453",13.4716796875,1983-12-23
"1454",12.6416015625,1983-12-24
"1455",18.421875,1983-12-25
"1456",11.982421875,1983-12-26
"1457",10.26171875,1983-12-27
"1458",8.8818359375,1983-12-28
"1459",11.3720703125,1983-12-29
"1460",19.2021484375,1983-12-30
"1461",18.1923828125,1983-12-31
"1462",17.814453125,1984-01-01
"1463",15.6240234375,1984-01-02
"1464",12.9140625,1984-01-03
"1465",9.833984375,1984-01-04
"1466",8.484375,1984-01-05
"1467",19.59375,1984-01-06
"1468",11.1337890625,1984-01-07
"1469",11.853515625,1984-01-08
"1470",13.583984375,1984-01-09
"1471",13.3935546875,1984-01-10
"1472",15.0537109375,1984-01-11
"1473",10.4541015625,1984-01-12
"1474",13.603515625,1984-01-13
"1475",18.9638671875,1984-01-14
"1476",19.654296875,1984-01-15
"1477",10.9638671875,1984-01-16
"1478",10.4443359375,1984-01-17
"1479",13.2138671875,1984-01-18
"1480",12.8642578125,1984-01-19
"1481",13.9443359375,1984-01-20
"1482",11.404296875,1984-01-21
"1483",10.9541015625,1984-01-22
"1484",11.18359375,1984-01-23
"1485",11.25390625,1984-01-24
"1486",17.984375,1984-01-25
"1487",11.3740234375,1984-01-26
"1488",11.7236328125,1984-01-27
"1489",11.173828125,1984-01-28
"1490",12.5341796875,1984-01-29
"1491",11.083984375,1984-01-30
"1492",13.32421875,1984-01-31
"1493",10.658203125,1984-02-01
"1494",11.73828125,1984-02-02
"1495",8.3681640625,1984-02-03
"1496",9.48828125,1984-02-04
"1497",12.8583984375,1984-02-05
"1498",12.09765625,1984-02-06
"1499",15.1279296875,1984-02-07
"1500",13.568359375,1984-02-08
"1501",14.677734375,1984-02-09
"1502",12.1181640625,1984-02-10
"1503",11.267578125,1984-02-11
"1504",16.3876953125,1984-02-12
"1505",12.91796875,1984-02-13
"1506",12.5380859375,1984-02-14
"1507",13.9775390625,1984-02-15
"1508",14.98828125,1984-02-16
"1509",12.1083984375,1984-02-17
"1510",16.1484375,1984-02-18
"1511",14.158203125,1984-02-19
"1512",20.5380859375,1984-02-20
"1513",15.318359375,1984-02-21
"1514",13.998046875,1984-02-22
"1515",15.8779296875,1984-02-23
"1516",10.59765625,1984-02-24
"1517",12.078125,1984-02-25
"1518",9.908203125,1984-02-26
"1519",18.2177734375,1984-02-27
"1520",9.9580078125,1984-02-28
"1521",12.8681640625,1984-02-29
"1522",13.4853515625,1984-03-01
"1523",11.3447265625,1984-03-02
"1524",12.1650390625,1984-03-03
"1525",11.6650390625,1984-03-04
"1526",7.974609375,1984-03-05
"1527",6.474609375,1984-03-06
"1528",15.9345703125,1984-03-07
"1529",9.6650390625,1984-03-08
"1530",9.4345703125,1984-03-09
"1531",7.724609375,1984-03-10
"1532",13.0146484375,1984-03-11
"1533",10.365234375,1984-03-12
"1534",11.384765625,1984-03-13
"1535",13.375,1984-03-14
"1536",16.625,1984-03-15
"1537",12.1845703125,1984-03-16
"1538",9.35546875,1984-03-17
"1539",14.384765625,1984-03-18
"1540",12.9052734375,1984-03-19
"1541",11.85546875,1984-03-20
"1542",13.2548828125,1984-03-21
"1543",11.7548828125,1984-03-22
"1544",16.2451171875,1984-03-23
"1545",17.71484375,1984-03-24
"1546",10.4951171875,1984-03-25
"1547",13.224609375,1984-03-26
"1548",9.9453125,1984-03-27
"1549",9.3154296875,1984-03-28
"1550",7.4453125,1984-03-29
"1551",7.375,1984-03-30
"1552",14.0546875,1984-03-31
"1553",10.1259765625,1984-04-01
"1554",11.74609375,1984-04-02
"1555",12.9755859375,1984-04-03
"1556",9.49609375,1984-04-04
"1557",10.2060546875,1984-04-05
"1558",11.6162109375,1984-04-06
"1559",12.3564453125,1984-04-07
"1560",10.4658203125,1984-04-08
"1561",13.396484375,1984-04-09
"1562",12.826171875,1984-04-10
"1563",12.595703125,1984-04-11
"1564",14.345703125,1984-04-12
"1565",12.2958984375,1984-04-13
"1566",9.0859375,1984-04-14
"1567",15.255859375,1984-04-15
"1568",15.8564453125,1984-04-16
"1569",12.826171875,1984-04-17
"1570",14.755859375,1984-04-18
"1571",11.8359375,1984-04-19
"1572",13.076171875,1984-04-20
"1573",12.1962890625,1984-04-21
"1574",8.646484375,1984-04-22
"1575",10.515625,1984-04-23
"1576",12.015625,1984-04-24
"1577",14.5556640625,1984-04-25
"1578",13.90625,1984-04-26
"1579",13.40625,1984-04-27
"1580",11.326171875,1984-04-28
"1581",11.24609375,1984-04-29
"1582",10.4560546875,1984-04-30
"1583",9.8671875,1984-05-01
"1584",10.6669921875,1984-05-02
"1585",13.8671875,1984-05-03
"1586",10.857421875,1984-05-04
"1587",8.796875,1984-05-05
"1588",9.447265625,1984-05-06
"1589",11.2666015625,1984-05-07
"1590",11.02734375,1984-05-08
"1591",7.27734375,1984-05-09
"1592",6.9765625,1984-05-10
"1593",11.63671875,1984-05-11
"1594",14.38671875,1984-05-12
"1595",11.8173828125,1984-05-13
"1596",10.716796875,1984-05-14
"1597",9.9765625,1984-05-15
"1598",9.556640625,1984-05-16
"1599",10.056640625,1984-05-17
"1600",12.4169921875,1984-05-18
"1601",14.2373046875,1984-05-19
"1602",10.20703125,1984-05-20
"1603",11.6669921875,1984-05-21
"1604",14.357421875,1984-05-22
"1605",10.556640625,1984-05-23
"1606",13.5966796875,1984-05-24
"1607",11.2470703125,1984-05-25
"1608",10.4873046875,1984-05-26
"1609",11.9267578125,1984-05-27
"1610",9.3271484375,1984-05-28
"1611",10.8466796875,1984-05-29
"1612",10.6474609375,1984-05-30
"1613",10.056640625,1984-05-31
"1614",10.5732421875,1984-06-01
"1615",9.2734375,1984-06-02
"1616",10.7333984375,1984-06-03
"1617",10.4326171875,1984-06-04
"1618",9.6025390625,1984-06-05
"1619",8.8427734375,1984-06-06
"1620",8.9833984375,1984-06-07
"1621",11.4931640625,1984-06-08
"1622",11.8427734375,1984-06-09
"1623",7.783203125,1984-06-10
"1624",8.1533203125,1984-06-11
"1625",8.11328125,1984-06-12
"1626",7.4326171875,1984-06-13
"1627",7.802734375,1984-06-14
"1628",10.6328125,1984-06-15
"1629",13.0126953125,1984-06-16
"1630",9.623046875,1984-06-17
"1631",12.1826171875,1984-06-18
"1632",7.892578125,1984-06-19
"1633",7.9833984375,1984-06-20
"1634",7.9033203125,1984-06-21
"1635",6.72265625,1984-06-22
"1636",10.302734375,1984-06-23
"1637",11.3330078125,1984-06-24
"1638",10.7734375,1984-06-25
"1639",9.943359375,1984-06-26
"1640",9.623046875,1984-06-27
"1641",9.7734375,1984-06-28
"1642",10.2734375,1984-06-29
"1643",11.212890625,1984-06-30
"1644",10.3427734375,1984-07-01
"1645",7.8330078125,1984-07-02
"1646",7.443359375,1984-07-03
"1647",9.033203125,1984-07-04
"1648",8.802734375,1984-07-05
"1649",8.2333984375,1984-07-06
"1650",10.4326171875,1984-07-07
"1651",9.2431640625,1984-07-08
"1652",10.8232421875,1984-07-09
"1653",11.1630859375,1984-07-10
"1654",11.4130859375,1984-07-11
"1655",11.0634765625,1984-07-12
"1656",10.533203125,1984-07-13
"1657",6.783203125,1984-07-14
"1658",6.953125,1984-07-15
"1659",9.3330078125,1984-07-16
"1660",8.2431640625,1984-07-17
"1661",9.033203125,1984-07-18
"1662",9.9033203125,1984-07-19
"1663",8.86328125,1984-07-20
"1664",8.47265625,1984-07-21
"1665",8.8828125,1984-07-22
"1666",9.8828125,1984-07-23
"1667",11.1533203125,1984-07-24
"1668",9.802734375,1984-07-25
"1669",9.033203125,1984-07-26
"1670",9.5126953125,1984-07-27
"1671",9.9931640625,1984-07-28
"1672",10.623046875,1984-07-29
"1673",12.703125,1984-07-30
"1674",13.0732421875,1984-07-31
"1675",13.11328125,1984-08-01
"1676",9.72265625,1984-08-02
"1677",7.623046875,1984-08-03
"1678",12.1826171875,1984-08-04
"1679",9.5634765625,1984-08-05
"1680",11.892578125,1984-08-06
"1681",7.712890625,1984-08-07
"1682",11.302734375,1984-08-08
"1683",9.8828125,1984-08-09
"1684",9.7333984375,1984-08-10
"1685",9.8525390625,1984-08-11
"1686",8.5634765625,1984-08-12
"1687",9.04296875,1984-08-13
"1688",7.892578125,1984-08-14
"1689",8.142578125,1984-08-15
"1690",9.802734375,1984-08-16
"1691",9.8828125,1984-08-17
"1692",10.2431640625,1984-08-18
"1693",11.9228515625,1984-08-19
"1694",10.033203125,1984-08-20
"1695",11.0927734375,1984-08-21
"1696",10.2529296875,1984-08-22
"1697",10.5634765625,1984-08-23
"1698",10.47265625,1984-08-24
"1699",11.7626953125,1984-08-25
"1700",11.61328125,1984-08-26
"1701",9.72265625,1984-08-27
"1702",10.9130859375,1984-08-28
"1703",9.953125,1984-08-29
"1704",8.7431640625,1984-08-30
"1705",9.962890625,1984-08-31
"1706",9.763671875,1984-09-01
"1707",12.1435546875,1984-09-02
"1708",9.7138671875,1984-09-03
"1709",8.603515625,1984-09-04
"1710",10.173828125,1984-09-05
"1711",7.234375,1984-09-06
"1712",11.984375,1984-09-07
"1713",11.3740234375,1984-09-08
"1714",11.234375,1984-09-09
"1715",10.853515625,1984-09-10
"1716",7.43359375,1984-09-11
"1717",8.7138671875,1984-09-12
"1718",7.173828125,1984-09-13
"1719",7.263671875,1984-09-14
"1720",6.923828125,1984-09-15
"1721",13.9638671875,1984-09-16
"1722",8.3037109375,1984-09-17
"1723",8.7744140625,1984-09-18
"1724",7.82421875,1984-09-19
"1725",8.09375,1984-09-20
"1726",8.0439453125,1984-09-21
"1727",7.814453125,1984-09-22
"1728",8.84375,1984-09-23
"1729",11.3740234375,1984-09-24
"1730",8.0244140625,1984-09-25
"1731",9.3642578125,1984-09-26
"1732",10.07421875,1984-09-27
"1733",10.7041015625,1984-09-28
"1734",6.603515625,1984-09-29
"1735",6.6640625,1984-09-30
"1736",6.283203125,1984-10-01
"1737",7.8427734375,1984-10-02
"1738",12.61328125,1984-10-03
"1739",10.8828125,1984-10-04
"1740",10.3427734375,1984-10-05
"1741",9.3525390625,1984-10-06
"1742",8.97265625,1984-10-07
"1743",10.5830078125,1984-10-08
"1744",13.5126953125,1984-10-09
"1745",10.3134765625,1984-10-10
"1746",11.1630859375,1984-10-11
"1747",10.052734375,1984-10-12
"1748",10.373046875,1984-10-13
"1749",11.1533203125,1984-10-14
"1750",10.86328125,1984-10-15
"1751",7.3232421875,1984-10-16
"1752",8.2333984375,1984-10-17
"1753",9.1328125,1984-10-18
"1754",9.6826171875,1984-10-19
"1755",9.3427734375,1984-10-20
"1756",9.9228515625,1984-10-21
"1757",9.4033203125,1984-10-22
"1758",7.373046875,1984-10-23
"1759",12.052734375,1984-10-24
"1760",12.892578125,1984-10-25
"1761",10.7734375,1984-10-26
"1762",10.61328125,1984-10-27
"1763",12.462890625,1984-10-28
"1764",7.783203125,1984-10-29
"1765",7.8232421875,1984-10-30
"1766",11.3134765625,1984-10-31
"1767",14.412109375,1984-11-01
"1768",13.4521484375,1984-11-02
"1769",12.4521484375,1984-11-03
"1770",11.1416015625,1984-11-04
"1771",8.7822265625,1984-11-05
"1772",8.40234375,1984-11-06
"1773",11.7021484375,1984-11-07
"1774",11.0322265625,1984-11-08
"1775",10.822265625,1984-11-09
"1776",17.671875,1984-11-10
"1777",13.4423828125,1984-11-11
"1778",13.6123046875,1984-11-12
"1779",12.8720703125,1984-11-13
"1780",11.421875,1984-11-14
"1781",11.5419921875,1984-11-15
"1782",9.0419921875,1984-11-16
"1783",8.90234375,1984-11-17
"1784",11.0615234375,1984-11-18
"1785",15.08203125,1984-11-19
"1786",11.7119140625,1984-11-20
"1787",11.421875,1984-11-21
"1788",9.7216796875,1984-11-22
"1789",8.2822265625,1984-11-23
"1790",11.482421875,1984-11-24
"1791",8.671875,1984-11-25
"1792",6.7216796875,1984-11-26
"1793",14.1015625,1984-11-27
"1794",8.8818359375,1984-11-28
"1795",12.412109375,1984-11-29
"1796",11.7021484375,1984-11-30
"1797",9.1123046875,1984-12-01
"1798",14.181640625,1984-12-02
"1799",8.9619140625,1984-12-03
"1800",8.6318359375,1984-12-04
"1801",12.591796875,1984-12-05
"1802",12.5224609375,1984-12-06
"1803",11.4423828125,1984-12-07
"1804",7.6318359375,1984-12-08
"1805",8.7216796875,1984-12-09
"1806",11.6318359375,1984-12-10
"1807",11.501953125,1984-12-11
"1808",11.591796875,1984-12-12
"1809",12.982421875,1984-12-13
"1810",17.232421875,1984-12-14
"1811",10.921875,1984-12-15
"1812",12.0615234375,1984-12-16
"1813",12.1416015625,1984-12-17
"1814",14.8017578125,1984-12-18
"1815",11.7021484375,1984-12-19
"1816",10.232421875,1984-12-20
"1817",9.9521484375,1984-12-21
"1818",13.6416015625,1984-12-22
"1819",12.2822265625,1984-12-23
"1820",11.0224609375,1984-12-24
"1821",13.6318359375,1984-12-25
"1822",10.2421875,1984-12-26
"1823",11.8017578125,1984-12-27
"1824",8.7919921875,1984-12-28
"1825",7.7724609375,1984-12-29
"1826",16.591796875,1984-12-30
"1827",15.83203125,1984-12-31
"1828",13.3642578125,1985-01-01
"1829",14.1337890625,1985-01-02
"1830",12.5341796875,1985-01-03
"1831",13.1435546875,1985-01-04
"1832",10.6337890625,1985-01-05
"1833",9.494140625,1985-01-06
"1834",12.013671875,1985-01-07
"1835",8.5244140625,1985-01-08
"1836",13.994140625,1985-01-09
"1837",12.6640625,1985-01-10
"1838",13.7939453125,1985-01-11
"1839",7.5244140625,1985-01-12
"1840",9.43359375,1985-01-13
"1841",5.8642578125,1985-01-14
"1842",13.00390625,1985-01-15
"1843",12.09375,1985-01-16
"1844",10.6142578125,1985-01-17
"1845",8.2939453125,1985-01-18
"1846",7.68359375,1985-01-19
"1847",10.904296875,1985-01-20
"1848",11.333984375,1985-01-21
"1849",13.84375,1985-01-22
"1850",11.93359375,1985-01-23
"1851",12.8837890625,1985-01-24
"1852",11.494140625,1985-01-25
"1853",6.853515625,1985-01-26
"1854",13.744140625,1985-01-27
"1855",11.57421875,1985-01-28
"1856",12.6337890625,1985-01-29
"1857",15.3740234375,1985-01-30
"1858",10.314453125,1985-01-31
"1859",10.4677734375,1985-02-01
"1860",9.2177734375,1985-02-02
"1861",5.6083984375,1985-02-03
"1862",13.48828125,1985-02-04
"1863",18.1083984375,1985-02-05
"1864",14.568359375,1985-02-06
"1865",9.7080078125,1985-02-07
"1866",8.998046875,1985-02-08
"1867",11.0478515625,1985-02-09
"1868",12.2783203125,1985-02-10
"1869",13.1181640625,1985-02-11
"1870",14.998046875,1985-02-12
"1871",16.6181640625,1985-02-13
"1872",11.7783203125,1985-02-14
"1873",8.6884765625,1985-02-15
"1874",9.498046875,1985-02-16
"1875",9.5478515625,1985-02-17
"1876",11.1982421875,1985-02-18
"1877",12.23828125,1985-02-19
"1878",12.087890625,1985-02-20
"1879",12.23828125,1985-02-21
"1880",16.017578125,1985-02-22
"1881",9.177734375,1985-02-23
"1882",10.59765625,1985-02-24
"1883",12.087890625,1985-02-25
"1884",13.0478515625,1985-02-26
"1885",10.6376953125,1985-02-27
"1886",11.837890625,1985-02-28
"1887",11.705078125,1985-03-01
"1888",11.705078125,1985-03-02
"1889",11.85546875,1985-03-03
"1890",9.1650390625,1985-03-04
"1891",11.0947265625,1985-03-05
"1892",12.1552734375,1985-03-06
"1893",11.5947265625,1985-03-07
"1894",11.365234375,1985-03-08
"1895",14.1845703125,1985-03-09
"1896",12.9453125,1985-03-10
"1897",12.8046875,1985-03-11
"1898",14.3447265625,1985-03-12
"1899",12.1552734375,1985-03-13
"1900",20.1748046875,1985-03-14
"1901",18.9951171875,1985-03-15
"1902",19.134765625,1985-03-16
"1903",13.2646484375,1985-03-17
"1904",13.974609375,1985-03-18
"1905",15.71484375,1985-03-19
"1906",17.705078125,1985-03-20
"1907",17.1552734375,1985-03-21
"1908",20.525390625,1985-03-22
"1909",16.955078125,1985-03-23
"1910",14.6953125,1985-03-24
"1911",10.625,1985-03-25
"1912",14.365234375,1985-03-26
"1913",12.3447265625,1985-03-27
"1914",12.224609375,1985-03-28
"1915",13.9052734375,1985-03-29
"1916",13.6845703125,1985-03-30
"1917",13.8046875,1985-03-31
"1918",17.5556640625,1985-04-01
"1919",10.65625,1985-04-02
"1920",12.0556640625,1985-04-03
"1921",13.6162109375,1985-04-04
"1922",15.15625,1985-04-05
"1923",15.076171875,1985-04-06
"1924",15.8564453125,1985-04-07
"1925",15.005859375,1985-04-08
"1926",11.90625,1985-04-09
"1927",9.755859375,1985-04-10
"1928",6.736328125,1985-04-11
"1929",8.8564453125,1985-04-12
"1930",14.0859375,1985-04-13
"1931",13.435546875,1985-04-14
"1932",13.15625,1985-04-15
"1933",10.81640625,1985-04-16
"1934",11.7158203125,1985-04-17
"1935",12.095703125,1985-04-18
"1936",10.576171875,1985-04-19
"1937",11.3564453125,1985-04-20
"1938",10.92578125,1985-04-21
"1939",9.2158203125,1985-04-22
"1940",11.076171875,1985-04-23
"1941",11.3662109375,1985-04-24
"1942",11.5263671875,1985-04-25
"1943",10.015625,1985-04-26
"1944",8.8759765625,1985-04-27
"1945",8.8056640625,1985-04-28
"1946",11.0361328125,1985-04-29
"1947",11.0556640625,1985-04-30
"1948",11.9873046875,1985-05-01
"1949",11.5166015625,1985-05-02
"1950",10.966796875,1985-05-03
"1951",12.4267578125,1985-05-04
"1952",10.1669921875,1985-05-05
"1953",10.6767578125,1985-05-06
"1954",12.20703125,1985-05-07
"1955",12.0771484375,1985-05-08
"1956",12.546875,1985-05-09
"1957",13.95703125,1985-05-10
"1958",15.8671875,1985-05-11
"1959",13.1767578125,1985-05-12
"1960",10.5966796875,1985-05-13
"1961",9.7265625,1985-05-14
"1962",10.546875,1985-05-15
"1963",10.3974609375,1985-05-16
"1964",9.20703125,1985-05-17
"1965",10.3369140625,1985-05-18
"1966",9.037109375,1985-05-19
"1967",8.3671875,1985-05-20
"1968",8.607421875,1985-05-21
"1969",8.1865234375,1985-05-22
"1970",12.02734375,1985-05-23
"1971",9.45703125,1985-05-24
"1972",9.5771484375,1985-05-25
"1973",9.126953125,1985-05-26
"1974",7.0869140625,1985-05-27
"1975",14.716796875,1985-05-28
"1976",10.876953125,1985-05-29
"1977",11.1865234375,1985-05-30
"1978",9.5166015625,1985-05-31
"1979",8.3427734375,1985-06-01
"1980",10.3525390625,1985-06-02
"1981",9.8427734375,1985-06-03
"1982",10.9931640625,1985-06-04
"1983",9.712890625,1985-06-05
"1984",9.892578125,1985-06-06
"1985",8.6826171875,1985-06-07
"1986",8.6025390625,1985-06-08
"1987",10.2431640625,1985-06-09
"1988",12.0126953125,1985-06-10
"1989",13.3828125,1985-06-11
"1990",10.2431640625,1985-06-12
"1991",10.212890625,1985-06-13
"1992",11.623046875,1985-06-14
"1993",11.5029296875,1985-06-15
"1994",11.1025390625,1985-06-16
"1995",9.6826171875,1985-06-17
"1996",10.142578125,1985-06-18
"1997",10.123046875,1985-06-19
"1998",10.802734375,1985-06-20
"1999",9.1025390625,1985-06-21
"2000",9.453125,1985-06-22
"2001",8.4228515625,1985-06-23
"2002",8.5126953125,1985-06-24
"2003",7.4033203125,1985-06-25
"2004",7.6533203125,1985-06-26
"2005",11.8427734375,1985-06-27
"2006",9.962890625,1985-06-28
"2007",9.142578125,1985-06-29
"2008",8.892578125,1985-06-30
"2009",8.6328125,1985-07-01
"2010",8.783203125,1985-07-02
"2011",7.373046875,1985-07-03
"2012",11.392578125,1985-07-04
"2013",9.9130859375,1985-07-05
"2014",9.033203125,1985-07-06
"2015",8.7734375,1985-07-07
"2016",7.9033203125,1985-07-08
"2017",8.373046875,1985-07-09
"2018",8.3330078125,1985-07-10
"2019",8.4130859375,1985-07-11
"2020",9.703125,1985-07-12
"2021",8.4033203125,1985-07-13
"2022",6.1826171875,1985-07-14
"2023",11.8134765625,1985-07-15
"2024",9.0634765625,1985-07-16
"2025",11.302734375,1985-07-17
"2026",9.2529296875,1985-07-18
"2027",8.0830078125,1985-07-19
"2028",7.212890625,1985-07-20
"2029",10.712890625,1985-07-21
"2030",10.9033203125,1985-07-22
"2031",7.802734375,1985-07-23
"2032",5.22265625,1985-07-24
"2033",6.4931640625,1985-07-25
"2034",10.4033203125,1985-07-26
"2035",6.783203125,1985-07-27
"2036",8.7431640625,1985-07-28
"2037",11.5634765625,1985-07-29
"2038",9.22265625,1985-07-30
"2039",9.212890625,1985-07-31
"2040",7.4931640625,1985-08-01
"2041",7.04296875,1985-08-02
"2042",8.3232421875,1985-08-03
"2043",11.1630859375,1985-08-04
"2044",12.5029296875,1985-08-05
"2045",11.783203125,1985-08-06
"2046",11.0634765625,1985-08-07
"2047",10.11328125,1985-08-08
"2048",9.3232421875,1985-08-09
"2049",9.8427734375,1985-08-10
"2050",10.4931640625,1985-08-11
"2051",10.642578125,1985-08-12
"2052",9.2529296875,1985-08-13
"2053",10.802734375,1985-08-14
"2054",10.0732421875,1985-08-15
"2055",12.1533203125,1985-08-16
"2056",11.97265625,1985-08-17
"2057",9.7333984375,1985-08-18
"2058",9.283203125,1985-08-19
"2059",7.7431640625,1985-08-20
"2060",9.212890625,1985-08-21
"2061",11.873046875,1985-08-22
"2062",12.623046875,1985-08-23
"2063",10.962890625,1985-08-24
"2064",10.6533203125,1985-08-25
"2065",13.283203125,1985-08-26
"2066",10.462890625,1985-08-27
"2067",9.142578125,1985-08-28
"2068",10.642578125,1985-08-29
"2069",10.703125,1985-08-30
"2070",8.703125,1985-08-31
"2071",7.1640625,1985-09-01
"2072",9.3935546875,1985-09-02
"2073",10.93359375,1985-09-03
"2074",8.4443359375,1985-09-04
"2075",9.1640625,1985-09-05
"2076",10.9541015625,1985-09-06
"2077",11.1943359375,1985-09-07
"2078",7.4140625,1985-09-08
"2079",6.2138671875,1985-09-09
"2080",12.6640625,1985-09-10
"2081",11.603515625,1985-09-11
"2082",11.083984375,1985-09-12
"2083",13.2939453125,1985-09-13
"2084",11.0537109375,1985-09-14
"2085",11.5439453125,1985-09-15
"2086",12.3740234375,1985-09-16
"2087",9.50390625,1985-09-17
"2088",10.513671875,1985-09-18
"2089",7.9638671875,1985-09-19
"2090",8.234375,1985-09-20
"2091",7.9541015625,1985-09-21
"2092",7.5244140625,1985-09-22
"2093",5.0244140625,1985-09-23
"2094",9.9140625,1985-09-24
"2095",13.4443359375,1985-09-25
"2096",7.3935546875,1985-09-26
"2097",8.853515625,1985-09-27
"2098",7.9443359375,1985-09-28
"2099",7.93359375,1985-09-29
"2100",7.8935546875,1985-09-30
"2101",7.3232421875,1985-10-01
"2102",9.123046875,1985-10-02
"2103",12.4326171875,1985-10-03
"2104",7.873046875,1985-10-04
"2105",13.5126953125,1985-10-05
"2106",9.9931640625,1985-10-06
"2107",10.892578125,1985-10-07
"2108",11.6025390625,1985-10-08
"2109",13.392578125,1985-10-09
"2110",12.5029296875,1985-10-10
"2111",12.61328125,1985-10-11
"2112",10.2333984375,1985-10-12
"2113",8.97265625,1985-10-13
"2114",12.962890625,1985-10-14
"2115",15.8134765625,1985-10-15
"2116",15.8427734375,1985-10-16
"2117",15.6826171875,1985-10-17
"2118",12.552734375,1985-10-18
"2119",7.1728515625,1985-10-19
"2120",7.873046875,1985-10-20
"2121",7.5634765625,1985-10-21
"2122",15.783203125,1985-10-22
"2123",10.0634765625,1985-10-23
"2124",9.86328125,1985-10-24
"2125",10.47265625,1985-10-25
"2126",11.4326171875,1985-10-26
"2127",10.29296875,1985-10-27
"2128",10.873046875,1985-10-28
"2129",12.302734375,1985-10-29
"2130",8.533203125,1985-10-30
"2131",9.0830078125,1985-10-31
"2132",10.0615234375,1985-11-01
"2133",12.181640625,1985-11-02
"2134",11.08203125,1985-11-03
"2135",17.0419921875,1985-11-04
"2136",18.1318359375,1985-11-05
"2137",13.3017578125,1985-11-06
"2138",13.4423828125,1985-11-07
"2139",13.421875,1985-11-08
"2140",12.8818359375,1985-11-09
"2141",16.33203125,1985-11-10
"2142",15.0322265625,1985-11-11
"2143",13.8818359375,1985-11-12
"2144",11.6220703125,1985-11-13
"2145",12.671875,1985-11-14
"2146",10.40234375,1985-11-15
"2147",10.3115234375,1985-11-16
"2148",7.26171875,1985-11-17
"2149",8.2119140625,1985-11-18
"2150",8.58203125,1985-11-19
"2151",9.841796875,1985-11-20
"2152",9.8515625,1985-11-21
"2153",8.2822265625,1985-11-22
"2154",5.3515625,1985-11-23
"2155",15.76171875,1985-11-24
"2156",13.5322265625,1985-11-25
"2157",14.322265625,1985-11-26
"2158",14.4619140625,1985-11-27
"2159",12.9521484375,1985-11-28
"2160",12.162109375,1985-11-29
"2161",11.5517578125,1985-11-30
"2162",10.0322265625,1985-12-01
"2163",11.3515625,1985-12-02
"2164",12.51171875,1985-12-03
"2165",13.2216796875,1985-12-04
"2166",12.6923828125,1985-12-05
"2167",16.9921875,1985-12-06
"2168",10.072265625,1985-12-07
"2169",14.9619140625,1985-12-08
"2170",14.5224609375,1985-12-09
"2171",14.40234375,1985-12-10
"2172",11.3017578125,1985-12-11
"2173",11.412109375,1985-12-12
"2174",13.26171875,1985-12-13
"2175",11.9716796875,1985-12-14
"2176",9.751953125,1985-12-15
"2177",10.3515625,1985-12-16
"2178",14.732421875,1985-12-17
"2179",11.8115234375,1985-12-18
"2180",13.3515625,1985-12-19
"2181",10.9716796875,1985-12-20
"2182",13.58203125,1985-12-21
"2183",11.58203125,1985-12-22
"2184",10.0419921875,1985-12-23
"2185",10.421875,1985-12-24
"2186",8.2021484375,1985-12-25
"2187",10.341796875,1985-12-26
"2188",11.8017578125,1985-12-27
"2189",12.0517578125,1985-12-28
"2190",10.3515625,1985-12-29
"2191",16.26171875,1985-12-30
"2192",10.1923828125,1985-12-31
"2193",10.9736328125,1986-01-01
"2194",10.8935546875,1986-01-02
"2195",13.2939453125,1986-01-03
"2196",11.57421875,1986-01-04
"2197",13.083984375,1986-01-05
"2198",11.814453125,1986-01-06
"2199",13.2939453125,1986-01-07
"2200",11.484375,1986-01-08
"2201",9.484375,1986-01-09
"2202",12.7939453125,1986-01-10
"2203",11.6337890625,1986-01-11
"2204",10.93359375,1986-01-12
"2205",11.82421875,1986-01-13
"2206",10.494140625,1986-01-14
"2207",20.603515625,1986-01-15
"2208",10.423828125,1986-01-16
"2209",11.57421875,1986-01-17
"2210",10.6943359375,1986-01-18
"2211",11.564453125,1986-01-19
"2212",12.6943359375,1986-01-20
"2213",11.744140625,1986-01-21
"2214",10.6240234375,1986-01-22
"2215",11.1240234375,1986-01-23
"2216",11.853515625,1986-01-24
"2217",14.3740234375,1986-01-25
"2218",12.8740234375,1986-01-26
"2219",10.34375,1986-01-27
"2220",10.57421875,1986-01-28
"2221",6.4638671875,1986-01-29
"2222",13.6943359375,1986-01-30
"2223",12.994140625,1986-01-31
"2224",13.2177734375,1986-02-01
"2225",9.66796875,1986-02-02
"2226",10.078125,1986-02-03
"2227",12.2177734375,1986-02-04
"2228",12.1083984375,1986-02-05
"2229",13.498046875,1986-02-06
"2230",9.0478515625,1986-02-07
"2231",16.2177734375,1986-02-08
"2232",10.587890625,1986-02-09
"2233",12.2080078125,1986-02-10
"2234",13.498046875,1986-02-11
"2235",10.2783203125,1986-02-12
"2236",8.5576171875,1986-02-13
"2237",16.7177734375,1986-02-14
"2238",19.837890625,1986-02-15
"2239",13.6884765625,1986-02-16
"2240",16.6181640625,1986-02-17
"2241",10.84765625,1986-02-18
"2242",13.8984375,1986-02-19
"2243",13.068359375,1986-02-20
"2244",13.34765625,1986-02-21
"2245",10.3779296875,1986-02-22
"2246",9.1484375,1986-02-23
"2247",7.9384765625,1986-02-24
"2248",16.9482421875,1986-02-25
"2249",14.1982421875,1986-02-26
"2250",12.5078125,1986-02-27
"2251",17.0576171875,1986-02-28
"2252",15.615234375,1986-03-01
"2253",11.4248046875,1986-03-02
"2254",12.0849609375,1986-03-03
"2255",9.544921875,1986-03-04
"2256",11.5947265625,1986-03-05
"2257",9.35546875,1986-03-06
"2258",16.0146484375,1986-03-07
"2259",10.78515625,1986-03-08
"2260",14.53515625,1986-03-09
"2261",10.5751953125,1986-03-10
"2262",9.4052734375,1986-03-11
"2263",8.89453125,1986-03-12
"2264",8.4345703125,1986-03-13
"2265",9.8447265625,1986-03-14
"2266",12.9951171875,1986-03-15
"2267",13.96484375,1986-03-16
"2268",11.9853515625,1986-03-17
"2269",10.0546875,1986-03-18
"2270",11.775390625,1986-03-19
"2271",7.974609375,1986-03-20
"2272",13.9345703125,1986-03-21
"2273",14.634765625,1986-03-22
"2274",12.634765625,1986-03-23
"2275",12.2353515625,1986-03-24
"2276",12.205078125,1986-03-25
"2277",15.0849609375,1986-03-26
"2278",15.025390625,1986-03-27
"2279",12.03515625,1986-03-28
"2280",10.8251953125,1986-03-29
"2281",14.2548828125,1986-03-30
"2282",9.7451171875,1986-03-31
"2283",9.265625,1986-04-01
"2284",9.265625,1986-04-02
"2285",9.1162109375,1986-04-03
"2286",12.2763671875,1986-04-04
"2287",9.5263671875,1986-04-05
"2288",8.896484375,1986-04-06
"2289",9.396484375,1986-04-07
"2290",10.3759765625,1986-04-08
"2291",10.576171875,1986-04-09
"2292",7.17578125,1986-04-10
"2293",9.7255859375,1986-04-11
"2294",10.7861328125,1986-04-12
"2295",11.99609375,1986-04-13
"2296",8.17578125,1986-04-14
"2297",15.56640625,1986-04-15
"2298",12.9560546875,1986-04-16
"2299",14.2958984375,1986-04-17
"2300",10.095703125,1986-04-18
"2301",10.685546875,1986-04-19
"2302",13.65625,1986-04-20
"2303",14.2255859375,1986-04-21
"2304",14.6064453125,1986-04-22
"2305",14.8662109375,1986-04-23
"2306",10.505859375,1986-04-24
"2307",14.3056640625,1986-04-25
"2308",9.9755859375,1986-04-26
"2309",12.5361328125,1986-04-27
"2310",10.0556640625,1986-04-28
"2311",9.015625,1986-04-29
"2312",12.076171875,1986-04-30
"2313",11.5166015625,1986-05-01
"2314",9.037109375,1986-05-02
"2315",10.447265625,1986-05-03
"2316",11.2470703125,1986-05-04
"2317",10.876953125,1986-05-05
"2318",9.6767578125,1986-05-06
"2319",13.107421875,1986-05-07
"2320",13.1171875,1986-05-08
"2321",14.4765625,1986-05-09
"2322",9.8466796875,1986-05-10
"2323",10.20703125,1986-05-11
"2324",9.7666015625,1986-05-12
"2325",8.2470703125,1986-05-13
"2326",12.216796875,1986-05-14
"2327",13.5966796875,1986-05-15
"2328",11.3271484375,1986-05-16
"2329",10.45703125,1986-05-17
"2330",10.5068359375,1986-05-18
"2331",11.796875,1986-05-19
"2332",9.70703125,1986-05-20
"2333",11.2666015625,1986-05-21
"2334",11.77734375,1986-05-22
"2335",14.376953125,1986-05-23
"2336",12.4970703125,1986-05-24
"2337",12.197265625,1986-05-25
"2338",9.787109375,1986-05-26
"2339",10.2470703125,1986-05-27
"2340",12.7666015625,1986-05-28
"2341",10.3173828125,1986-05-29
"2342",10.9873046875,1986-05-30
"2343",9.5068359375,1986-05-31
"2344",9.6328125,1986-06-01
"2345",8.6826171875,1986-06-02
"2346",9.693359375,1986-06-03
"2347",12.5029296875,1986-06-04
"2348",10.802734375,1986-06-05
"2349",9.052734375,1986-06-06
"2350",8.72265625,1986-06-07
"2351",13.79296875,1986-06-08
"2352",11.6025390625,1986-06-09
"2353",12.802734375,1986-06-10
"2354",11.79296875,1986-06-11
"2355",12.943359375,1986-06-12
"2356",11.052734375,1986-06-13
"2357",9.052734375,1986-06-14
"2358",8.29296875,1986-06-15
"2359",7.8427734375,1986-06-16
"2360",9.8427734375,1986-06-17
"2361",8.5029296875,1986-06-18
"2362",11.0830078125,1986-06-19
"2363",8.4931640625,1986-06-20
"2364",9.693359375,1986-06-21
"2365",9.7333984375,1986-06-22
"2366",9.61328125,1986-06-23
"2367",10.1025390625,1986-06-24
"2368",8.9130859375,1986-06-25
"2369",10.302734375,1986-06-26
"2370",9.9326171875,1986-06-27
"2371",8.7431640625,1986-06-28
"2372",10.8828125,1986-06-29
"2373",8.1826171875,1986-06-30
"2374",13.703125,1986-07-01
"2375",14.2333984375,1986-07-02
"2376",11.873046875,1986-07-03
"2377",11.3330078125,1986-07-04
"2378",9.802734375,1986-07-05
"2379",11.0126953125,1986-07-06
"2380",11.1826171875,1986-07-07
"2381",8.0234375,1986-07-08
"2382",9.802734375,1986-07-09
"2383",9.8134765625,1986-07-10
"2384",9.8525390625,1986-07-11
"2385",8.9833984375,1986-07-12
"2386",7.04296875,1986-07-13
"2387",6.8330078125,1986-07-14
"2388",6.6826171875,1986-07-15
"2389",9.0634765625,1986-07-16
"2390",11.052734375,1986-07-17
"2391",10.0234375,1986-07-18
"2392",10.123046875,1986-07-19
"2393",10.283203125,1986-07-20
"2394",9.392578125,1986-07-21
"2395",9.712890625,1986-07-22
"2396",13.0126953125,1986-07-23
"2397",10.54296875,1986-07-24
"2398",7.9833984375,1986-07-25
"2399",6.5634765625,1986-07-26
"2400",6.693359375,1986-07-27
"2401",8.97265625,1986-07-28
"2402",10.533203125,1986-07-29
"2403",8.86328125,1986-07-30
"2404",7.7626953125,1986-07-31
"2405",7.1328125,1986-08-01
"2406",8.5927734375,1986-08-02
"2407",9.86328125,1986-08-03
"2408",9.283203125,1986-08-04
"2409",9.6025390625,1986-08-05
"2410",9.8828125,1986-08-06
"2411",9.123046875,1986-08-07
"2412",9.3427734375,1986-08-08
"2413",8.1728515625,1986-08-09
"2414",8.5234375,1986-08-10
"2415",9.0126953125,1986-08-11
"2416",10.5634765625,1986-08-12
"2417",8.6826171875,1986-08-13
"2418",9.953125,1986-08-14
"2419",10.8330078125,1986-08-15
"2420",10.5029296875,1986-08-16
"2421",8.5927734375,1986-08-17
"2422",8.11328125,1986-08-18
"2423",8.9326171875,1986-08-19
"2424",11.0126953125,1986-08-20
"2425",11.5927734375,1986-08-21
"2426",7.033203125,1986-08-22
"2427",10.3232421875,1986-08-23
"2428",10.1328125,1986-08-24
"2429",9.4228515625,1986-08-25
"2430",11.72265625,1986-08-26
"2431",10.0830078125,1986-08-27
"2432",8.5029296875,1986-08-28
"2433",10.2734375,1986-08-29
"2434",7.5927734375,1986-08-30
"2435",10.6533203125,1986-08-31
"2436",10.853515625,1986-09-01
"2437",11.734375,1986-09-02
"2438",12.2939453125,1986-09-03
"2439",9.6240234375,1986-09-04
"2440",11.25390625,1986-09-05
"2441",8.7138671875,1986-09-06
"2442",8.2744140625,1986-09-07
"2443",8.75390625,1986-09-08
"2444",10.3837890625,1986-09-09
"2445",9.32421875,1986-09-10
"2446",9.7744140625,1986-09-11
"2447",12.8837890625,1986-09-12
"2448",12.3642578125,1986-09-13
"2449",10.583984375,1986-09-14
"2450",8.564453125,1986-09-15
"2451",12.2744140625,1986-09-16
"2452",10.8935546875,1986-09-17
"2453",9.5341796875,1986-09-18
"2454",9.75390625,1986-09-19
"2455",11.103515625,1986-09-20
"2456",12.1142578125,1986-09-21
"2457",10.7138671875,1986-09-22
"2458",10.3935546875,1986-09-23
"2459",10.07421875,1986-09-24
"2460",11.3037109375,1986-09-25
"2461",13.3935546875,1986-09-26
"2462",9.6640625,1986-09-27
"2463",7.18359375,1986-09-28
"2464",8.984375,1986-09-29
"2465",13.6142578125,1986-09-30
"2466",12.5830078125,1986-10-01
"2467",9.9833984375,1986-10-02
"2468",8.1025390625,1986-10-03
"2469",10.97265625,1986-10-04
"2470",9.0634765625,1986-10-05
"2471",15.04296875,1986-10-06
"2472",7.8134765625,1986-10-07
"2473",7.1328125,1986-10-08
"2474",9.4931640625,1986-10-09
"2475",9.9130859375,1986-10-10
"2476",11.9326171875,1986-10-11
"2477",10.9931640625,1986-10-12
"2478",8.9033203125,1986-10-13
"2479",8.3525390625,1986-10-14
"2480",11.1025390625,1986-10-15
"2481",11.6328125,1986-10-16
"2482",7.79296875,1986-10-17
"2483",11.203125,1986-10-18
"2484",9.5732421875,1986-10-19
"2485",8.3232421875,1986-10-20
"2486",7.8330078125,1986-10-21
"2487",9.6533203125,1986-10-22
"2488",9.1826171875,1986-10-23
"2489",10.302734375,1986-10-24
"2490",9.47265625,1986-10-25
"2491",10.2529296875,1986-10-26
"2492",10.2734375,1986-10-27
"2493",9.1328125,1986-10-28
"2494",11.9130859375,1986-10-29
"2495",12.3232421875,1986-10-30
"2496",8.54296875,1986-10-31
"2497",10.0615234375,1986-11-01
"2498",12.0615234375,1986-11-02
"2499",10.9423828125,1986-11-03
"2500",8.181640625,1986-11-04
"2501",12.341796875,1986-11-05
"2502",11.7021484375,1986-11-06
"2503",8.501953125,1986-11-07
"2504",9.6220703125,1986-11-08
"2505",10.8818359375,1986-11-09
"2506",9.662109375,1986-11-10
"2507",11.8017578125,1986-11-11
"2508",8.58203125,1986-11-12
"2509",9.822265625,1986-11-13
"2510",9.732421875,1986-11-14
"2511",12.5322265625,1986-11-15
"2512",14.7421875,1986-11-16
"2513",10.732421875,1986-11-17
"2514",7.912109375,1986-11-18
"2515",9.4921875,1986-11-19
"2516",8.662109375,1986-11-20
"2517",9.322265625,1986-11-21
"2518",8.7216796875,1986-11-22
"2519",10.3720703125,1986-11-23
"2520",11.3115234375,1986-11-24
"2521",10.2724609375,1986-11-25
"2522",10.3916015625,1986-11-26
"2523",6.912109375,1986-11-27
"2524",7.7119140625,1986-11-28
"2525",8.7919921875,1986-11-29
"2526",8.3720703125,1986-11-30
"2527",13.671875,1986-12-01
"2528",16.6220703125,1986-12-02
"2529",15.9423828125,1986-12-03
"2530",13.1015625,1986-12-04
"2531",17.7021484375,1986-12-05
"2532",20.83203125,1986-12-06
"2533",11.15234375,1986-12-07
"2534",8.6123046875,1986-12-08
"2535",9.912109375,1986-12-09
"2536",9.251953125,1986-12-10
"2537",12.3623046875,1986-12-11
"2538",10.8115234375,1986-12-12
"2539",11.8720703125,1986-12-13
"2540",9.8818359375,1986-12-14
"2541",8.0224609375,1986-12-15
"2542",13.251953125,1986-12-16
"2543",9.251953125,1986-12-17
"2544",9.0322265625,1986-12-18
"2545",11.7724609375,1986-12-19
"2546",8.8623046875,1986-12-20
"2547",12.0322265625,1986-12-21
"2548",9.4521484375,1986-12-22
"2549",9.90234375,1986-12-23
"2550",11.3916015625,1986-12-24
"2551",9.001953125,1986-12-25
"2552",12.2021484375,1986-12-26
"2553",11.341796875,1986-12-27
"2554",12.431640625,1986-12-28
"2555",11.072265625,1986-12-29
"2556",10.26171875,1986-12-30
"2557",14.83203125,1986-12-31
"2558",10.4736328125,1987-01-01
"2559",13.84375,1987-01-02
"2560",12.2236328125,1987-01-03
"2561",11.7138671875,1987-01-04
"2562",12.994140625,1987-01-05
"2563",14.6435546875,1987-01-06
"2564",13.494140625,1987-01-07
"2565",9.603515625,1987-01-08
"2566",8.2236328125,1987-01-09
"2567",10.6943359375,1987-01-10
"2568",16.0244140625,1987-01-11
"2569",11.353515625,1987-01-12
"2570",13.8935546875,1987-01-13
"2571",15.7939453125,1987-01-14
"2572",12.2041015625,1987-01-15
"2573",12.513671875,1987-01-16
"2574",12.173828125,1987-01-17
"2575",13.3740234375,1987-01-18
"2576",13.00390625,1987-01-19
"2577",11.8935546875,1987-01-20
"2578",13.3037109375,1987-01-21
"2579",9.103515625,1987-01-22
"2580",8.763671875,1987-01-23
"2581",10.6142578125,1987-01-24
"2582",20.904296875,1987-01-25
"2583",16.09375,1987-01-26
"2584",10.1240234375,1987-01-27
"2585",10.083984375,1987-01-28
"2586",13.2041015625,1987-01-29
"2587",13.353515625,1987-01-30
"2588",9.654296875,1987-01-31
"2589",13.7177734375,1987-02-01
"2590",15.748046875,1987-02-02
"2591",10.3681640625,1987-02-03
"2592",10.158203125,1987-02-04
"2593",10.6982421875,1987-02-05
"2594",11.818359375,1987-02-06
"2595",9.48828125,1987-02-07
"2596",19.4580078125,1987-02-08
"2597",12.068359375,1987-02-09
"2598",15.068359375,1987-02-10
"2599",9.6884765625,1987-02-11
"2600",13.0283203125,1987-02-12
"2601",11.328125,1987-02-13
"2602",12.48828125,1987-02-14
"2603",14.3583984375,1987-02-15
"2604",14.7080078125,1987-02-16
"2605",16.087890625,1987-02-17
"2606",11.1083984375,1987-02-18
"2607",21.23828125,1987-02-19
"2608",15.9677734375,1987-02-20
"2609",10.5380859375,1987-02-21
"2610",10.7880859375,1987-02-22
"2611",10.5576171875,1987-02-23
"2612",14.84765625,1987-02-24
"2613",10.248046875,1987-02-25
"2614",7.6083984375,1987-02-26
"2615",8.0380859375,1987-02-27
"2616",14.3076171875,1987-02-28
"2617",9.5751953125,1987-03-01
"2618",10.60546875,1987-03-02
"2619",12.705078125,1987-03-03
"2620",14.9052734375,1987-03-04
"2621",14.634765625,1987-03-05
"2622",13.0048828125,1987-03-06
"2623",10.3447265625,1987-03-07
"2624",9.794921875,1987-03-08
"2625",8.8349609375,1987-03-09
"2626",9.724609375,1987-03-10
"2627",11.294921875,1987-03-11
"2628",14.3447265625,1987-03-12
"2629",10.6552734375,1987-03-13
"2630",10.8046875,1987-03-14
"2631",9.7353515625,1987-03-15
"2632",10.9248046875,1987-03-16
"2633",11.724609375,1987-03-17
"2634",12.21484375,1987-03-18
"2635",11.5146484375,1987-03-19
"2636",12.1650390625,1987-03-20
"2637",11.46484375,1987-03-21
"2638",12.9150390625,1987-03-22
"2639",12.39453125,1987-03-23
"2640",10.85546875,1987-03-24
"2641",10.5048828125,1987-03-25
"2642",10.9345703125,1987-03-26
"2643",6.96484375,1987-03-27
"2644",13.794921875,1987-03-28
"2645",9.724609375,1987-03-29
"2646",13.0146484375,1987-03-30
"2647",13.9052734375,1987-03-31
"2648",13.326171875,1987-04-01
"2649",15.0556640625,1987-04-02
"2650",15.166015625,1987-04-03
"2651",11.4560546875,1987-04-04
"2652",10.5361328125,1987-04-05
"2653",12.3662109375,1987-04-06
"2654",14.81640625,1987-04-07
"2655",13.7763671875,1987-04-08
"2656",8.8359375,1987-04-09
"2657",9.6064453125,1987-04-10
"2658",11.005859375,1987-04-11
"2659",8.1962890625,1987-04-12
"2660",14.076171875,1987-04-13
"2661",13.486328125,1987-04-14
"2662",10.505859375,1987-04-15
"2663",9.396484375,1987-04-16
"2664",9.7255859375,1987-04-17
"2665",9.986328125,1987-04-18
"2666",13.40625,1987-04-19
"2667",10.1162109375,1987-04-20
"2668",7.5263671875,1987-04-21
"2669",7.7060546875,1987-04-22
"2670",9.2060546875,1987-04-23
"2671",9.67578125,1987-04-24
"2672",9.9755859375,1987-04-25
"2673",10.1259765625,1987-04-26
"2674",11.2861328125,1987-04-27
"2675",14.646484375,1987-04-28
"2676",14.595703125,1987-04-29
"2677",11.646484375,1987-04-30
"2678",11.52734375,1987-05-01
"2679",14.2265625,1987-05-02
"2680",8.876953125,1987-05-03
"2681",12.8173828125,1987-05-04
"2682",12.3974609375,1987-05-05
"2683",10.5966796875,1987-05-06
"2684",10.537109375,1987-05-07
"2685",11.966796875,1987-05-08
"2686",12.4970703125,1987-05-09
"2687",11.4365234375,1987-05-10
"2688",12.357421875,1987-05-11
"2689",17.13671875,1987-05-12
"2690",11.197265625,1987-05-13
"2691",13.45703125,1987-05-14
"2692",12.806640625,1987-05-15
"2693",12.857421875,1987-05-16
"2694",12.7470703125,1987-05-17
"2695",11.6572265625,1987-05-18
"2696",10.537109375,1987-05-19
"2697",9.9970703125,1987-05-20
"2698",10.5869140625,1987-05-21
"2699",12.70703125,1987-05-22
"2700",14.3369140625,1987-05-23
"2701",12.796875,1987-05-24
"2702",10.70703125,1987-05-25
"2703",7.5166015625,1987-05-26
"2704",7.88671875,1987-05-27
"2705",8.7568359375,1987-05-28
"2706",9.3671875,1987-05-29
"2707",12.4267578125,1987-05-30
"2708",9.9169921875,1987-05-31
"2709",9.5029296875,1987-06-01
"2710",9.3134765625,1987-06-02
"2711",10.47265625,1987-06-03
"2712",9.962890625,1987-06-04
"2713",10.802734375,1987-06-05
"2714",10.22265625,1987-06-06
"2715",10.3330078125,1987-06-07
"2716",11.552734375,1987-06-08
"2717",12.9130859375,1987-06-09
"2718",14.783203125,1987-06-10
"2719",10.453125,1987-06-11
"2720",11.1533203125,1987-06-12
"2721",7.6826171875,1987-06-13
"2722",9.1025390625,1987-06-14
"2723",10.703125,1987-06-15
"2724",9.1533203125,1987-06-16
"2725",10.2431640625,1987-06-17
"2726",12.7333984375,1987-06-18
"2727",12.5732421875,1987-06-19
"2728",13.3232421875,1987-06-20
"2729",11.61328125,1987-06-21
"2730",10.5830078125,1987-06-22
"2731",9.6826171875,1987-06-23
"2732",11.5830078125,1987-06-24
"2733",10.892578125,1987-06-25
"2734",10.8232421875,1987-06-26
"2735",11.3330078125,1987-06-27
"2736",9.3134765625,1987-06-28
"2737",9.5234375,1987-06-29
"2738",8.8525390625,1987-06-30
"2739",10.3427734375,1987-07-01
"2740",9.0830078125,1987-07-02
"2741",9.2431640625,1987-07-03
"2742",7.953125,1987-07-04
"2743",8.5830078125,1987-07-05
"2744",8.4326171875,1987-07-06
"2745",10.3330078125,1987-07-07
"2746",8.9228515625,1987-07-08
"2747",9.9033203125,1987-07-09
"2748",11.5927734375,1987-07-10
"2749",8.8134765625,1987-07-11
"2750",9.0126953125,1987-07-12
"2751",7.623046875,1987-07-13
"2752",9.9931640625,1987-07-14
"2753",11.552734375,1987-07-15
"2754",12.033203125,1987-07-16
"2755",10.783203125,1987-07-17
"2756",10.9130859375,1987-07-18
"2757",9.0732421875,1987-07-19
"2758",8.2734375,1987-07-20
"2759",8.552734375,1987-07-21
"2760",8.61328125,1987-07-22
"2761",7.9931640625,1987-07-23
"2762",7.6533203125,1987-07-24
"2763",6.8330078125,1987-07-25
"2764",9.873046875,1987-07-26
"2765",9.533203125,1987-07-27
"2766",8.4931640625,1987-07-28
"2767",8.79296875,1987-07-29
"2768",7.22265625,1987-07-30
"2769",10.5029296875,1987-07-31
"2770",8.052734375,1987-08-01
"2771",11.22265625,1987-08-02
"2772",10.533203125,1987-08-03
"2773",10.5126953125,1987-08-04
"2774",9.9326171875,1987-08-05
"2775",12.142578125,1987-08-06
"2776",11.5234375,1987-08-07
"2777",11.892578125,1987-08-08
"2778",7.3330078125,1987-08-09
"2779",6.7333984375,1987-08-10
"2780",9.033203125,1987-08-11
"2781",10.4033203125,1987-08-12
"2782",11.3232421875,1987-08-13
"2783",10.7626953125,1987-08-14
"2784",10.943359375,1987-08-15
"2785",9.0732421875,1987-08-16
"2786",8.2431640625,1987-08-17
"2787",9.453125,1987-08-18
"2788",10.4033203125,1987-08-19
"2789",8.2626953125,1987-08-20
"2790",7.5126953125,1987-08-21
"2791",6.9326171875,1987-08-22
"2792",9.4931640625,1987-08-23
"2793",10.1025390625,1987-08-24
"2794",9.5732421875,1987-08-25
"2795",7.4228515625,1987-08-26
"2796",12.392578125,1987-08-27
"2797",12.47265625,1987-08-28
"2798",10.373046875,1987-08-29
"2799",9.783203125,1987-08-30
"2800",7.8330078125,1987-08-31
"2801",7.904296875,1987-09-01
"2802",7.4638671875,1987-09-02
"2803",8.603515625,1987-09-03
"2804",8.9541015625,1987-09-04
"2805",10.68359375,1987-09-05
"2806",10.904296875,1987-09-06
"2807",10.654296875,1987-09-07
"2808",12.7236328125,1987-09-08
"2809",9.8935546875,1987-09-09
"2810",7.994140625,1987-09-10
"2811",8.173828125,1987-09-11
"2812",11.244140625,1987-09-12
"2813",9.654296875,1987-09-13
"2814",10.8037109375,1987-09-14
"2815",8.333984375,1987-09-15
"2816",9.814453125,1987-09-16
"2817",10.6943359375,1987-09-17
"2818",8.353515625,1987-09-18
"2819",10.43359375,1987-09-19
"2820",10.9140625,1987-09-20
"2821",10.333984375,1987-09-21
"2822",11.314453125,1987-09-22
"2823",10.0244140625,1987-09-23
"2824",8.4541015625,1987-09-24
"2825",12.673828125,1987-09-25
"2826",9.353515625,1987-09-26
"2827",8.8037109375,1987-09-27
"2828",12.7041015625,1987-09-28
"2829",10.2841796875,1987-09-29
"2830",10.173828125,1987-09-30
"2831",7.8232421875,1987-10-01
"2832",10.033203125,1987-10-02
"2833",10.1630859375,1987-10-03
"2834",10.5029296875,1987-10-04
"2835",9.8828125,1987-10-05
"2836",10.97265625,1987-10-06
"2837",8.802734375,1987-10-07
"2838",9.2529296875,1987-10-08
"2839",10.3828125,1987-10-09
"2840",11.36328125,1987-10-10
"2841",8.392578125,1987-10-11
"2842",6.5927734375,1987-10-12
"2843",8.9033203125,1987-10-13
"2844",8.5830078125,1987-10-14
"2845",12.0927734375,1987-10-15
"2846",10.2431640625,1987-10-16
"2847",10.0732421875,1987-10-17
"2848",12.033203125,1987-10-18
"2849",8.5234375,1987-10-19
"2850",11.6728515625,1987-10-20
"2851",11.9033203125,1987-10-21
"2852",10.953125,1987-10-22
"2853",9.9326171875,1987-10-23
"2854",9.04296875,1987-10-24
"2855",10.712890625,1987-10-25
"2856",13.283203125,1987-10-26
"2857",11.8828125,1987-10-27
"2858",10.962890625,1987-10-28
"2859",10.7431640625,1987-10-29
"2860",11.8232421875,1987-10-30
"2861",10.3232421875,1987-10-31
"2862",11.15234375,1987-11-01
"2863",11.33203125,1987-11-02
"2864",10.232421875,1987-11-03
"2865",8.251953125,1987-11-04
"2866",9.1015625,1987-11-05
"2867",10.6416015625,1987-11-06
"2868",11.0322265625,1987-11-07
"2869",11.6923828125,1987-11-08
"2870",11.2021484375,1987-11-09
"2871",9.76171875,1987-11-10
"2872",10.83203125,1987-11-11
"2873",11.0224609375,1987-11-12
"2874",10.01171875,1987-11-13
"2875",11.8115234375,1987-11-14
"2876",11.1416015625,1987-11-15
"2877",12.732421875,1987-11-16
"2878",15.1318359375,1987-11-17
"2879",18.572265625,1987-11-18
"2880",18.5322265625,1987-11-19
"2881",10.51171875,1987-11-20
"2882",13.0224609375,1987-11-21
"2883",8.2919921875,1987-11-22
"2884",15.341796875,1987-11-23
"2885",8.3818359375,1987-11-24
"2886",12.1416015625,1987-11-25
"2887",12.001953125,1987-11-26
"2888",10.3515625,1987-11-27
"2889",9.8515625,1987-11-28
"2890",13.9619140625,1987-11-29
"2891",9.732421875,1987-11-30
"2892",12.162109375,1987-12-01
"2893",11.7724609375,1987-12-02
"2894",8.4521484375,1987-12-03
"2895",9.0419921875,1987-12-04
"2896",10.1923828125,1987-12-05
"2897",9.421875,1987-12-06
"2898",9.3515625,1987-12-07
"2899",9.2919921875,1987-12-08
"2900",15.7119140625,1987-12-09
"2901",16.2216796875,1987-12-10
"2902",16.681640625,1987-12-11
"2903",15.591796875,1987-12-12
"2904",13.501953125,1987-12-13
"2905",12.251953125,1987-12-14
"2906",12.8720703125,1987-12-15
"2907",14.982421875,1987-12-16
"2908",12.431640625,1987-12-17
"2909",12.431640625,1987-12-18
"2910",8.6416015625,1987-12-19
"2911",10.90234375,1987-12-20
"2912",9.8818359375,1987-12-21
"2913",12.1123046875,1987-12-22
"2914",11.4716796875,1987-12-23
"2915",11.1220703125,1987-12-24
"2916",12.2724609375,1987-12-25
"2917",10.681640625,1987-12-26
"2918",17.751953125,1987-12-27
"2919",13.3916015625,1987-12-28
"2920",9.5615234375,1987-12-29
"2921",10.7822265625,1987-12-30
"2922",21.3818359375,1987-12-31
"2923",11.2939453125,1988-01-01
"2924",11.9638671875,1988-01-02
"2925",11.1640625,1988-01-03
"2926",11.103515625,1988-01-04
"2927",12.484375,1988-01-05
"2928",9.93359375,1988-01-06
"2929",9.234375,1988-01-07
"2930",13.853515625,1988-01-08
"2931",19.513671875,1988-01-09
"2932",12.2744140625,1988-01-10
"2933",15.0537109375,1988-01-11
"2934",17.404296875,1988-01-12
"2935",18.4541015625,1988-01-13
"2936",19.8837890625,1988-01-14
"2937",12.904296875,1988-01-15
"2938",11.9443359375,1988-01-16
"2939",13.43359375,1988-01-17
"2940",11.984375,1988-01-18
"2941",11.8642578125,1988-01-19
"2942",13.8935546875,1988-01-20
"2943",11.5439453125,1988-01-21
"2944",12.4638671875,1988-01-22
"2945",15.43359375,1988-01-23
"2946",12.6337890625,1988-01-24
"2947",11.4140625,1988-01-25
"2948",12.68359375,1988-01-26
"2949",12.013671875,1988-01-27
"2950",9.34375,1988-01-28
"2951",9.2138671875,1988-01-29
"2952",18.43359375,1988-01-30
"2953",10.84375,1988-01-31
"2954",9.2783203125,1988-02-01
"2955",10.427734375,1988-02-02
"2956",11.0283203125,1988-02-03
"2957",12.6982421875,1988-02-04
"2958",11.8076171875,1988-02-05
"2959",10.2978515625,1988-02-06
"2960",13.837890625,1988-02-07
"2961",13.4482421875,1988-02-08
"2962",12.1484375,1988-02-09
"2963",12.41796875,1988-02-10
"2964",13.7578125,1988-02-11
"2965",14.6982421875,1988-02-12
"2966",13.2080078125,1988-02-13
"2967",13.4482421875,1988-02-14
"2968",14.0283203125,1988-02-15
"2969",13.1884765625,1988-02-16
"2970",12.4677734375,1988-02-17
"2971",14.5380859375,1988-02-18
"2972",12.4580078125,1988-02-19
"2973",12.578125,1988-02-20
"2974",13.4580078125,1988-02-21
"2975",14.677734375,1988-02-22
"2976",13.4775390625,1988-02-23
"2977",14.6982421875,1988-02-24
"2978",9.248046875,1988-02-25
"2979",9.6484375,1988-02-26
"2980",14.0283203125,1988-02-27
"2981",11.658203125,1988-02-28
"2982",14.328125,1988-02-29
"2983",14.275390625,1988-03-01
"2984",12.4150390625,1988-03-02
"2985",15.884765625,1988-03-03
"2986",9.794921875,1988-03-04
"2987",12.1748046875,1988-03-05
"2988",12.9150390625,1988-03-06
"2989",13.21484375,1988-03-07
"2990",12.5048828125,1988-03-08
"2991",13.64453125,1988-03-09
"2992",14.35546875,1988-03-10
"2993",10.0654296875,1988-03-11
"2994",11.634765625,1988-03-12
"2995",13.4150390625,1988-03-13
"2996",12.8046875,1988-03-14
"2997",11.5048828125,1988-03-15
"2998",11.115234375,1988-03-16
"2999",11.8154296875,1988-03-17
"3000",9.9150390625,1988-03-18
"3001",11.4150390625,1988-03-19
"3002",9.7353515625,1988-03-20
"3003",10.4853515625,1988-03-21
"3004",13.6953125,1988-03-22
"3005",13.634765625,1988-03-23
"3006",11.35546875,1988-03-24
"3007",11.0048828125,1988-03-25
"3008",12.14453125,1988-03-26
"3009",13.525390625,1988-03-27
"3010",16.8154296875,1988-03-28
"3011",17.03515625,1988-03-29
"3012",18.5751953125,1988-03-30
"3013",18.115234375,1988-03-31
"3014",12.9560546875,1988-04-01
"3015",12.685546875,1988-04-02
"3016",11.42578125,1988-04-03
"3017",12.265625,1988-04-04
"3018",12.845703125,1988-04-05
"3019",12.49609375,1988-04-06
"3020",13.435546875,1988-04-07
"3021",12.505859375,1988-04-08
"3022",10.24609375,1988-04-09
"3023",7.3359375,1988-04-10
"3024",8.505859375,1988-04-11
"3025",10.4658203125,1988-04-12
"3026",15.265625,1988-04-13
"3027",15.595703125,1988-04-14
"3028",16.56640625,1988-04-15
"3029",8.1357421875,1988-04-16
"3030",10.2060546875,1988-04-17
"3031",9.3056640625,1988-04-18
"3032",14.0361328125,1988-04-19
"3033",14.9755859375,1988-04-20
"3034",12.90625,1988-04-21
"3035",15.1259765625,1988-04-22
"3036",12.185546875,1988-04-23
"3037",12.81640625,1988-04-24
"3038",12.935546875,1988-04-25
"3039",13.515625,1988-04-26
"3040",9.5263671875,1988-04-27
"3041",13.7763671875,1988-04-28
"3042",14.5859375,1988-04-29
"3043",14.0556640625,1988-04-30
"3044",15.5869140625,1988-05-01
"3045",15.5966796875,1988-05-02
"3046",15.63671875,1988-05-03
"3047",16.806640625,1988-05-04
"3048",18.5166015625,1988-05-05
"3049",13.4365234375,1988-05-06
"3050",15.3271484375,1988-05-07
"3051",13.4765625,1988-05-08
"3052",14.0166015625,1988-05-09
"3053",10.0673828125,1988-05-10
"3054",10.3671875,1988-05-11
"3055",9.287109375,1988-05-12
"3056",9.2373046875,1988-05-13
"3057",11.287109375,1988-05-14
"3058",15.6171875,1988-05-15
"3059",14.4072265625,1988-05-16
"3060",13.4765625,1988-05-17
"3061",13.8466796875,1988-05-18
"3062",14.056640625,1988-05-19
"3063",13.2265625,1988-05-20
"3064",12.3173828125,1988-05-21
"3065",12.537109375,1988-05-22
"3066",12.0673828125,1988-05-23
"3067",13.1669921875,1988-05-24
"3068",11.466796875,1988-05-25
"3069",12.046875,1988-05-26
"3070",12.0068359375,1988-05-27
"3071",11.4765625,1988-05-28
"3072",11.107421875,1988-05-29
"3073",9.9169921875,1988-05-30
"3074",10.27734375,1988-05-31
"3075",10.72265625,1988-06-01
"3076",10.052734375,1988-06-02
"3077",11.7333984375,1988-06-03
"3078",12.5029296875,1988-06-04
"3079",10.6328125,1988-06-05
"3080",11.1826171875,1988-06-06
"3081",11.36328125,1988-06-07
"3082",9.453125,1988-06-08
"3083",12.802734375,1988-06-09
"3084",9.943359375,1988-06-10
"3085",9.6328125,1988-06-11
"3086",10.5830078125,1988-06-12
"3087",11.052734375,1988-06-13
"3088",12.892578125,1988-06-14
"3089",11.623046875,1988-06-15
"3090",10.5927734375,1988-06-16
"3091",10.54296875,1988-06-17
"3092",12.29296875,1988-06-18
"3093",10.47265625,1988-06-19
"3094",10.4931640625,1988-06-20
"3095",10.142578125,1988-06-21
"3096",10.212890625,1988-06-22
"3097",10.11328125,1988-06-23
"3098",9.72265625,1988-06-24
"3099",8.453125,1988-06-25
"3100",8.5634765625,1988-06-26
"3101",10.22265625,1988-06-27
"3102",9.462890625,1988-06-28
"3103",9.29296875,1988-06-29
"3104",11.212890625,1988-06-30
"3105",10.47265625,1988-07-01
"3106",9.392578125,1988-07-02
"3107",7.7626953125,1988-07-03
"3108",11.5126953125,1988-07-04
"3109",9.7626953125,1988-07-05
"3110",12.5927734375,1988-07-06
"3111",12.36328125,1988-07-07
"3112",10.1728515625,1988-07-08
"3113",9.22265625,1988-07-09
"3114",10.392578125,1988-07-10
"3115",12.2734375,1988-07-11
"3116",10.142578125,1988-07-12
"3117",9.47265625,1988-07-13
"3118",11.1533203125,1988-07-14
"3119",11.0927734375,1988-07-15
"3120",10.443359375,1988-07-16
"3121",11.712890625,1988-07-17
"3122",9.3525390625,1988-07-18
"3123",11.6728515625,1988-07-19
"3124",10.6328125,1988-07-20
"3125",11.04296875,1988-07-21
"3126",9.7529296875,1988-07-22
"3127",9.943359375,1988-07-23
"3128",8.1826171875,1988-07-24
"3129",13.5927734375,1988-07-25
"3130",9.6728515625,1988-07-26
"3131",9.86328125,1988-07-27
"3132",8.623046875,1988-07-28
"3133",9.29296875,1988-07-29
"3134",10.142578125,1988-07-30
"3135",11.302734375,1988-07-31
"3136",9.943359375,1988-08-01
"3137",8.5830078125,1988-08-02
"3138",9.802734375,1988-08-03
"3139",10.1630859375,1988-08-04
"3140",9.302734375,1988-08-05
"3141",9.2431640625,1988-08-06
"3142",10.5634765625,1988-08-07
"3143",7.802734375,1988-08-08
"3144",9.2529296875,1988-08-09
"3145",9.123046875,1988-08-10
"3146",8.1025390625,1988-08-11
"3147",7.2333984375,1988-08-12
"3148",7.453125,1988-08-13
"3149",8.8232421875,1988-08-14
"3150",10.6328125,1988-08-15
"3151",10.623046875,1988-08-16
"3152",10.8427734375,1988-08-17
"3153",11.0732421875,1988-08-18
"3154",10.892578125,1988-08-19
"3155",11.373046875,1988-08-20
"3156",10.623046875,1988-08-21
"3157",9.953125,1988-08-22
"3158",9.4931640625,1988-08-23
"3159",9.5234375,1988-08-24
"3160",8.0126953125,1988-08-25
"3161",7.0830078125,1988-08-26
"3162",10.36328125,1988-08-27
"3163",10.9033203125,1988-08-28
"3164",10.61328125,1988-08-29
"3165",7.3828125,1988-08-30
"3166",10.7626953125,1988-08-31
"3167",10.7939453125,1988-09-01
"3168",11.6943359375,1988-09-02
"3169",11.5341796875,1988-09-03
"3170",10.9443359375,1988-09-04
"3171",9.923828125,1988-09-05
"3172",8.6640625,1988-09-06
"3173",8.994140625,1988-09-07
"3174",7.404296875,1988-09-08
"3175",11.0439453125,1988-09-09
"3176",15.3935546875,1988-09-10
"3177",11.5537109375,1988-09-11
"3178",10.50390625,1988-09-12
"3179",7.5439453125,1988-09-13
"3180",6.654296875,1988-09-14
"3181",7.0244140625,1988-09-15
"3182",8.673828125,1988-09-16
"3183",10.734375,1988-09-17
"3184",10.25390625,1988-09-18
"3185",9.5244140625,1988-09-19
"3186",7.9736328125,1988-09-20
"3187",6.984375,1988-09-21
"3188",6.5244140625,1988-09-22
"3189",12.68359375,1988-09-23
"3190",10.6943359375,1988-09-24
"3191",9.994140625,1988-09-25
"3192",9.3837890625,1988-09-26
"3193",11.763671875,1988-09-27
"3194",8.7236328125,1988-09-28
"3195",12.1435546875,1988-09-29
"3196",9.763671875,1988-09-30
"3197",9.61328125,1988-10-01
"3198",11.86328125,1988-10-02
"3199",7.86328125,1988-10-03
"3200",11.9833984375,1988-10-04
"3201",11.3330078125,1988-10-05
"3202",9.36328125,1988-10-06
"3203",8.2734375,1988-10-07
"3204",9.47265625,1988-10-08
"3205",9.1826171875,1988-10-09
"3206",9.4033203125,1988-10-10
"3207",8.193359375,1988-10-11
"3208",10.5029296875,1988-10-12
"3209",9.0634765625,1988-10-13
"3210",11.5234375,1988-10-14
"3211",8.5029296875,1988-10-15
"3212",11.392578125,1988-10-16
"3213",9.11328125,1988-10-17
"3214",7.29296875,1988-10-18
"3215",11.283203125,1988-10-19
"3216",9.703125,1988-10-20
"3217",14.2734375,1988-10-21
"3218",9.5029296875,1988-10-22
"3219",10.7734375,1988-10-23
"3220",9.0126953125,1988-10-24
"3221",8.5234375,1988-10-25
"3222",5.5732421875,1988-10-26
"3223",8.6328125,1988-10-27
"3224",9.6328125,1988-10-28
"3225",11.3828125,1988-10-29
"3226",11.5732421875,1988-10-30
"3227",12.2529296875,1988-10-31
"3228",10.681640625,1988-11-01
"3229",6.7421875,1988-11-02
"3230",12.58203125,1988-11-03
"3231",14.001953125,1988-11-04
"3232",9.7724609375,1988-11-05
"3233",8.90234375,1988-11-06
"3234",6.33203125,1988-11-07
"3235",11.5224609375,1988-11-08
"3236",9.841796875,1988-11-09
"3237",10.1923828125,1988-11-10
"3238",11.3720703125,1988-11-11
"3239",9.982421875,1988-11-12
"3240",10.591796875,1988-11-13
"3241",11.841796875,1988-11-14
"3242",9.01171875,1988-11-15
"3243",10.751953125,1988-11-16
"3244",10.751953125,1988-11-17
"3245",10.58203125,1988-11-18
"3246",12.4619140625,1988-11-19
"3247",11.7216796875,1988-11-20
"3248",13.1923828125,1988-11-21
"3249",12.7822265625,1988-11-22
"3250",14.0322265625,1988-11-23
"3251",13.76171875,1988-11-24
"3252",11.5419921875,1988-11-25
"3253",11.2216796875,1988-11-26
"3254",10.3515625,1988-11-27
"3255",8.9423828125,1988-11-28
"3256",10.921875,1988-11-29
"3257",10.7421875,1988-11-30
"3258",11.7919921875,1988-12-01
"3259",11.7021484375,1988-12-02
"3260",17.5615234375,1988-12-03
"3261",18.841796875,1988-12-04
"3262",13.3916015625,1988-12-05
"3263",10.2822265625,1988-12-06
"3264",9.412109375,1988-12-07
"3265",11.912109375,1988-12-08
"3266",17.7724609375,1988-12-09
"3267",16.7421875,1988-12-10
"3268",10.6015625,1988-12-11
"3269",10.412109375,1988-12-12
"3270",12.3720703125,1988-12-13
"3271",10.8720703125,1988-12-14
"3272",9.751953125,1988-12-15
"3273",10.6015625,1988-12-16
"3274",15.6416015625,1988-12-17
"3275",16.681640625,1988-12-18
"3276",11.7119140625,1988-12-19
"3277",14.8017578125,1988-12-20
"3278",12.171875,1988-12-21
"3279",13.5322265625,1988-12-22
"3280",12.7724609375,1988-12-23
"3281",12.7021484375,1988-12-24
"3282",20.341796875,1988-12-25
"3283",9.662109375,1988-12-26
"3284",9.181640625,1988-12-27
"3285",14.3115234375,1988-12-28
"3286",12.591796875,1988-12-29
"3287",13.6220703125,1988-12-30
"3288",14.3017578125,1988-12-31
"3289",13.09375,1989-01-01
"3290",14.2041015625,1989-01-02
"3291",14.7041015625,1989-01-03
"3292",9.68359375,1989-01-04
"3293",9.4541015625,1989-01-05
"3294",9.853515625,1989-01-06
"3295",8.4140625,1989-01-07
"3296",16.82421875,1989-01-08
"3297",13.064453125,1989-01-09
"3298",10.654296875,1989-01-10
"3299",11.9541015625,1989-01-11
"3300",13.7041015625,1989-01-12
"3301",11.333984375,1989-01-13
"3302",12.4736328125,1989-01-14
"3303",12.7041015625,1989-01-15
"3304",13.5244140625,1989-01-16
"3305",13.93359375,1989-01-17
"3306",11.314453125,1989-01-18
"3307",15.564453125,1989-01-19
"3308",14.82421875,1989-01-20
"3309",11.314453125,1989-01-21
"3310",10.18359375,1989-01-22
"3311",10.583984375,1989-01-23
"3312",11.2236328125,1989-01-24
"3313",9.93359375,1989-01-25
"3314",9.8935546875,1989-01-26
"3315",9.564453125,1989-01-27
"3316",9.00390625,1989-01-28
"3317",16.173828125,1989-01-29
"3318",12.814453125,1989-01-30
"3319",12.3037109375,1989-01-31
"3320",11.8779296875,1989-02-01
"3321",14.1376953125,1989-02-02
"3322",11.7275390625,1989-02-03
"3323",11.7783203125,1989-02-04
"3324",12.078125,1989-02-05
"3325",11.8984375,1989-02-06
"3326",11.7978515625,1989-02-07
"3327",9.6884765625,1989-02-08
"3328",14.087890625,1989-02-09
"3329",11.91796875,1989-02-10
"3330",16.1484375,1989-02-11
"3331",15.568359375,1989-02-12
"3332",18.0078125,1989-02-13
"3333",14.837890625,1989-02-14
"3334",15.1376953125,1989-02-15
"3335",14.8681640625,1989-02-16
"3336",16.1279296875,1989-02-17
"3337",10.408203125,1989-02-18
"3338",10.98828125,1989-02-19
"3339",10.0283203125,1989-02-20
"3340",10.0576171875,1989-02-21
"3341",13.34765625,1989-02-22
"3342",10.3681640625,1989-02-23
"3343",7.9482421875,1989-02-24
"3344",12.318359375,1989-02-25
"3345",10.3779296875,1989-02-26
"3346",8.5380859375,1989-02-27
"3347",8.5478515625,1989-02-28
"3348",9.5546875,1989-03-01
"3349",13.884765625,1989-03-02
"3350",14.5947265625,1989-03-03
"3351",19.9345703125,1989-03-04
"3352",18.60546875,1989-03-05
"3353",14.96484375,1989-03-06
"3354",13.7548828125,1989-03-07
"3355",13.9150390625,1989-03-08
"3356",15.115234375,1989-03-09
"3357",20.8349609375,1989-03-10
"3358",15.8154296875,1989-03-11
"3359",13.8349609375,1989-03-12
"3360",13.125,1989-03-13
"3361",12.134765625,1989-03-14
"3362",11.134765625,1989-03-15
"3363",11.775390625,1989-03-16
"3364",10.8154296875,1989-03-17
"3365",15.03515625,1989-03-18
"3366",17.455078125,1989-03-19
"3367",19.0751953125,1989-03-20
"3368",20.2646484375,1989-03-21
"3369",16.974609375,1989-03-22
"3370",15.8447265625,1989-03-23
"3371",13.3447265625,1989-03-24
"3372",8.3251953125,1989-03-25
"3373",8.7548828125,1989-03-26
"3374",9.9853515625,1989-03-27
"3375",12.6552734375,1989-03-28
"3376",11.39453125,1989-03-29
"3377",10.6845703125,1989-03-30
"3378",13.275390625,1989-03-31
"3379",14.31640625,1989-04-01
"3380",11.755859375,1989-04-02
"3381",8.49609375,1989-04-03
"3382",14.3564453125,1989-04-04
"3383",12.265625,1989-04-05
"3384",10.576171875,1989-04-06
"3385",11.5859375,1989-04-07
"3386",10.576171875,1989-04-08
"3387",11.5556640625,1989-04-09
"3388",12.7255859375,1989-04-10
"3389",13.90625,1989-04-11
"3390",13.5263671875,1989-04-12
"3391",10.42578125,1989-04-13
"3392",10.2255859375,1989-04-14
"3393",11.8857421875,1989-04-15
"3394",13.8564453125,1989-04-16
"3395",10.2060546875,1989-04-17
"3396",12.3056640625,1989-04-18
"3397",12.5263671875,1989-04-19
"3398",12.40625,1989-04-20
"3399",13.265625,1989-04-21
"3400",11.4462890625,1989-04-22
"3401",13.236328125,1989-04-23
"3402",12.5556640625,1989-04-24
"3403",14.6064453125,1989-04-25
"3404",18.3564453125,1989-04-26
"3405",15.7060546875,1989-04-27
"3406",14.24609375,1989-04-28
"3407",14.5458984375,1989-04-29
"3408",14.9755859375,1989-04-30
"3409",12.626953125,1989-05-01
"3410",12.056640625,1989-05-02
"3411",14.4072265625,1989-05-03
"3412",14.1572265625,1989-05-04
"3413",8.7470703125,1989-05-05
"3414",12.046875,1989-05-06
"3415",12.5673828125,1989-05-07
"3416",12.0771484375,1989-05-08
"3417",15.6171875,1989-05-09
"3418",13.8369140625,1989-05-10
"3419",14.2373046875,1989-05-11
"3420",13.8271484375,1989-05-12
"3421",12.7373046875,1989-05-13
"3422",12.6865234375,1989-05-14
"3423",12.9072265625,1989-05-15
"3424",11.6767578125,1989-05-16
"3425",10.697265625,1989-05-17
"3426",10.626953125,1989-05-18
"3427",13.806640625,1989-05-19
"3428",9.126953125,1989-05-20
"3429",10.1669921875,1989-05-21
"3430",9.95703125,1989-05-22
"3431",11.9072265625,1989-05-23
"3432",9.9072265625,1989-05-24
"3433",9.7470703125,1989-05-25
"3434",10.0771484375,1989-05-26
"3435",12.9765625,1989-05-27
"3436",14.447265625,1989-05-28
"3437",14.6767578125,1989-05-29
"3438",12.1474609375,1989-05-30
"3439",8.8271484375,1989-05-31
"3440",7.2626953125,1989-06-01
"3441",7.703125,1989-06-02
"3442",6.9228515625,1989-06-03
"3443",10.1025390625,1989-06-04
"3444",8.4833984375,1989-06-05
"3445",11.1630859375,1989-06-06
"3446",12.1533203125,1989-06-07
"3447",9.953125,1989-06-08
"3448",9.453125,1989-06-09
"3449",8.7626953125,1989-06-10
"3450",9.8828125,1989-06-11
"3451",10.5830078125,1989-06-12
"3452",8.5234375,1989-06-13
"3453",10.892578125,1989-06-14
"3454",12.0732421875,1989-06-15
"3455",13.0830078125,1989-06-16
"3456",10.11328125,1989-06-17
"3457",9.5126953125,1989-06-18
"3458",11.9033203125,1989-06-19
"3459",7.8525390625,1989-06-20
"3460",8.2626953125,1989-06-21
"3461",7.9228515625,1989-06-22
"3462",8.54296875,1989-06-23
"3463",8.283203125,1989-06-24
"3464",9.9326171875,1989-06-25
"3465",9.453125,1989-06-26
"3466",8.4326171875,1989-06-27
"3467",7.3134765625,1989-06-28
"3468",9.0234375,1989-06-29
"3469",9.9326171875,1989-06-30
"3470",10.5634765625,1989-07-01
"3471",11.9130859375,1989-07-02
"3472",10.5830078125,1989-07-03
"3473",9.4033203125,1989-07-04
"3474",9.2626953125,1989-07-05
"3475",8.3232421875,1989-07-06
"3476",10.6328125,1989-07-07
"3477",9.6025390625,1989-07-08
"3478",9.5830078125,1989-07-09
"3479",8.5234375,1989-07-10
"3480",11.142578125,1989-07-11
"3481",8.7626953125,1989-07-12
"3482",7.892578125,1989-07-13
"3483",6.9931640625,1989-07-14
"3484",6.453125,1989-07-15
"3485",8.6630859375,1989-07-16
"3486",8.5634765625,1989-07-17
"3487",9.3427734375,1989-07-18
"3488",9.953125,1989-07-19
"3489",9.5830078125,1989-07-20
"3490",8.392578125,1989-07-21
"3491",8.892578125,1989-07-22
"3492",8.86328125,1989-07-23
"3493",7.9228515625,1989-07-24
"3494",8.2626953125,1989-07-25
"3495",8.22265625,1989-07-26
"3496",9.953125,1989-07-27
"3497",8.802734375,1989-07-28
"3498",12.5029296875,1989-07-29
"3499",10.9326171875,1989-07-30
"3500",7.802734375,1989-07-31
"3501",10.2529296875,1989-08-01
"3502",9.712890625,1989-08-02
"3503",8.0126953125,1989-08-03
"3504",9.0732421875,1989-08-04
"3505",7.7626953125,1989-08-05
"3506",9.2431640625,1989-08-06
"3507",7.7333984375,1989-08-07
"3508",11.1328125,1989-08-08
"3509",11.892578125,1989-08-09
"3510",12.212890625,1989-08-10
"3511",7.6533203125,1989-08-11
"3512",7.453125,1989-08-12
"3513",7.3134765625,1989-08-13
"3514",8.2431640625,1989-08-14
"3515",10.7734375,1989-08-15
"3516",10.1328125,1989-08-16
"3517",9.6826171875,1989-08-17
"3518",8.892578125,1989-08-18
"3519",8.693359375,1989-08-19
"3520",9.462890625,1989-08-20
"3521",10.5830078125,1989-08-21
"3522",8.9833984375,1989-08-22
"3523",8.2431640625,1989-08-23
"3524",7.8232421875,1989-08-24
"3525",10.0029296875,1989-08-25
"3526",7.9833984375,1989-08-26
"3527",8.6025390625,1989-08-27
"3528",9.5634765625,1989-08-28
"3529",10.7734375,1989-08-29
"3530",10.443359375,1989-08-30
"3531",8.61328125,1989-08-31
"3532",11.2236328125,1989-09-01
"3533",10.833984375,1989-09-02
"3534",9.93359375,1989-09-03
"3535",10.82421875,1989-09-04
"3536",10.84375,1989-09-05
"3537",10.484375,1989-09-06
"3538",9.2841796875,1989-09-07
"3539",8.0439453125,1989-09-08
"3540",10.1435546875,1989-09-09
"3541",10.0244140625,1989-09-10
"3542",8.744140625,1989-09-11
"3543",9.1142578125,1989-09-12
"3544",10.7236328125,1989-09-13
"3545",8.9638671875,1989-09-14
"3546",9.314453125,1989-09-15
"3547",7.5537109375,1989-09-16
"3548",11.423828125,1989-09-17
"3549",11.8935546875,1989-09-18
"3550",12.1337890625,1989-09-19
"3551",12.564453125,1989-09-20
"3552",11.0439453125,1989-09-21
"3553",11.904296875,1989-09-22
"3554",12.4443359375,1989-09-23
"3555",11.5537109375,1989-09-24
"3556",8.84375,1989-09-25
"3557",8.7744140625,1989-09-26
"3558",8.59375,1989-09-27
"3559",8.263671875,1989-09-28
"3560",7.984375,1989-09-29
"3561",12.1640625,1989-09-30
"3562",8.1630859375,1989-10-01
"3563",7.212890625,1989-10-02
"3564",5.712890625,1989-10-03
"3565",12.97265625,1989-10-04
"3566",12.47265625,1989-10-05
"3567",9.54296875,1989-10-06
"3568",11.9033203125,1989-10-07
"3569",8.8232421875,1989-10-08
"3570",10.873046875,1989-10-09
"3571",12.302734375,1989-10-10
"3572",11.623046875,1989-10-11
"3573",9.3525390625,1989-10-12
"3574",13.36328125,1989-10-13
"3575",10.142578125,1989-10-14
"3576",12.61328125,1989-10-15
"3577",8.392578125,1989-10-16
"3578",7.693359375,1989-10-17
"3579",13.9931640625,1989-10-18
"3580",12.9130859375,1989-10-19
"3581",9.9833984375,1989-10-20
"3582",9.7431640625,1989-10-21
"3583",10.2626953125,1989-10-22
"3584",12.0732421875,1989-10-23
"3585",10.4228515625,1989-10-24
"3586",13.2626953125,1989-10-25
"3587",10.54296875,1989-10-26
"3588",9.4033203125,1989-10-27
"3589",10.453125,1989-10-28
"3590",8.642578125,1989-10-29
"3591",7.8525390625,1989-10-30
"3592",8.0927734375,1989-10-31
"3593",10.15234375,1989-11-01
"3594",11.0517578125,1989-11-02
"3595",9.7216796875,1989-11-03
"3596",9.232421875,1989-11-04
"3597",12.5224609375,1989-11-05
"3598",9.1220703125,1989-11-06
"3599",10.40234375,1989-11-07
"3600",11.1416015625,1989-11-08
"3601",8.001953125,1989-11-09
"3602",10.7119140625,1989-11-10
"3603",10.3017578125,1989-11-11
"3604",10.421875,1989-11-12
"3605",11.7822265625,1989-11-13
"3606",11.3017578125,1989-11-14
"3607",14.322265625,1989-11-15
"3608",16.232421875,1989-11-16
"3609",12.3916015625,1989-11-17
"3610",10.671875,1989-11-18
"3611",11.912109375,1989-11-19
"3612",10.2021484375,1989-11-20
"3613",12.751953125,1989-11-21
"3614",10.3720703125,1989-11-22
"3615",15.4521484375,1989-11-23
"3616",12.0224609375,1989-11-24
"3617",10.9921875,1989-11-25
"3618",14.6923828125,1989-11-26
"3619",16.8720703125,1989-11-27
"3620",15.732421875,1989-11-28
"3621",17.4921875,1989-11-29
"3622",18.40234375,1989-11-30
"3623",19.33203125,1989-12-01
"3624",11.4423828125,1989-12-02
"3625",10.01171875,1989-12-03
"3626",10.1923828125,1989-12-04
"3627",11.7216796875,1989-12-05
"3628",12.51171875,1989-12-06
"3629",12.15234375,1989-12-07
"3630",12.822265625,1989-12-08
"3631",12.8818359375,1989-12-09
"3632",17.8515625,1989-12-10
"3633",13.4921875,1989-12-11
"3634",11.5419921875,1989-12-12
"3635",11.3623046875,1989-12-13
"3636",9.1318359375,1989-12-14
"3637",9.8720703125,1989-12-15
"3638",11.1416015625,1989-12-16
"3639",11.1318359375,1989-12-17
"3640",13.6923828125,1989-12-18
"3641",13.6416015625,1989-12-19
"3642",9.4921875,1989-12-20
"3643",8.6220703125,1989-12-21
"3644",9.251953125,1989-12-22
"3645",12.40234375,1989-12-23
"3646",14.5322265625,1989-12-24
"3647",17.412109375,1989-12-25
"3648",12.2021484375,1989-12-26
"3649",10.76171875,1989-12-27
"3650",10.8115234375,1989-12-28
"3651",10.1416015625,1989-12-29
"3652",13.7724609375,1989-12-30
"3653",14.912109375,1989-12-31
"3654",12.8642578125,1990-01-01
"3655",10.8935546875,1990-01-02
"3656",16.07421875,1990-01-03
"3657",11.0537109375,1990-01-04
"3658",12.3642578125,1990-01-05
"3659",13.18359375,1990-01-06
"3660",13.263671875,1990-01-07
"3661",13.853515625,1990-01-08
"3662",14.5537109375,1990-01-09
"3663",22.84375,1990-01-10
"3664",23.423828125,1990-01-11
"3665",14.3837890625,1990-01-12
"3666",13.59375,1990-01-13
"3667",10.4443359375,1990-01-14
"3668",10.5537109375,1990-01-15
"3669",8.8740234375,1990-01-16
"3670",8.18359375,1990-01-17
"3671",16.994140625,1990-01-18
"3672",12.9140625,1990-01-19
"3673",13.583984375,1990-01-20
"3674",12.853515625,1990-01-21
"3675",11.083984375,1990-01-22
"3676",8.6435546875,1990-01-23
"3677",17.3642578125,1990-01-24
"3678",11.173828125,1990-01-25
"3679",13.853515625,1990-01-26
"3680",16.8935546875,1990-01-27
"3681",11.734375,1990-01-28
"3682",9.9140625,1990-01-29
"3683",8.1640625,1990-01-30
"3684",10.6142578125,1990-01-31
"3685",11.837890625,1990-02-01
"3686",11.1884765625,1990-02-02
"3687",11.1884765625,1990-02-03
"3688",11.7578125,1990-02-04
"3689",10.8076171875,1990-02-05
"3690",11.09765625,1990-02-06
"3691",12.5283203125,1990-02-07
"3692",15.068359375,1990-02-08
"3693",15.9677734375,1990-02-09
"3694",12.6884765625,1990-02-10
"3695",10.84765625,1990-02-11
"3696",14.3583984375,1990-02-12
"3697",13.248046875,1990-02-13
"3698",11.177734375,1990-02-14
"3699",9.66796875,1990-02-15
"3700",17.568359375,1990-02-16
"3701",12.5380859375,1990-02-17
"3702",14.767578125,1990-02-18
"3703",14.2880859375,1990-02-19
"3704",14.0078125,1990-02-20
"3705",12.568359375,1990-02-21
"3706",13.5576171875,1990-02-22
"3707",13.4580078125,1990-02-23
"3708",12.9384765625,1990-02-24
"3709",14.2578125,1990-02-25
"3710",15.6279296875,1990-02-26
"3711",19.3076171875,1990-02-27
"3712",18.078125,1990-02-28
"3713",17.9052734375,1990-03-01
"3714",18.455078125,1990-03-02
"3715",18.7353515625,1990-03-03
"3716",18.5048828125,1990-03-04
"3717",17.1552734375,1990-03-05
"3718",15.6953125,1990-03-06
"3719",9.71484375,1990-03-07
"3720",9.455078125,1990-03-08
"3721",16.955078125,1990-03-09
"3722",13.6650390625,1990-03-10
"3723",12.5849609375,1990-03-11
"3724",10.5947265625,1990-03-12
"3725",8.705078125,1990-03-13
"3726",11.5849609375,1990-03-14
"3727",12.5654296875,1990-03-15
"3728",9.0947265625,1990-03-16
"3729",8.974609375,1990-03-17
"3730",11.9150390625,1990-03-18
"3731",10.5146484375,1990-03-19
"3732",11.974609375,1990-03-20
"3733",11.53515625,1990-03-21
"3734",10.294921875,1990-03-22
"3735",14.5751953125,1990-03-23
"3736",14.294921875,1990-03-24
"3737",14.53515625,1990-03-25
"3738",13.455078125,1990-03-26
"3739",18.4853515625,1990-03-27
"3740",11.89453125,1990-03-28
"3741",11.9951171875,1990-03-29
"3742",13.5048828125,1990-03-30
"3743",12.46484375,1990-03-31
"3744",11.3359375,1990-04-01
"3745",13.685546875,1990-04-02
"3746",10.9755859375,1990-04-03
"3747",10.2158203125,1990-04-04
"3748",12.3759765625,1990-04-05
"3749",14.1162109375,1990-04-06
"3750",11.076171875,1990-04-07
"3751",10.8564453125,1990-04-08
"3752",12.1259765625,1990-04-09
"3753",14.1962890625,1990-04-10
"3754",13.765625,1990-04-11
"3755",11.3759765625,1990-04-12
"3756",14.3857421875,1990-04-13
"3757",14.236328125,1990-04-14
"3758",11.7255859375,1990-04-15
"3759",10.8857421875,1990-04-16
"3760",10.515625,1990-04-17
"3761",11.56640625,1990-04-18
"3762",13.1064453125,1990-04-19
"3763",12.9755859375,1990-04-20
"3764",14.896484375,1990-04-21
"3765",12.99609375,1990-04-22
"3766",12.3759765625,1990-04-23
"3767",15.7158203125,1990-04-24
"3768",11.515625,1990-04-25
"3769",9.986328125,1990-04-26
"3770",9.7255859375,1990-04-27
"3771",7.49609375,1990-04-28
"3772",14.40625,1990-04-29
"3773",11.435546875,1990-04-30
"3774",10.20703125,1990-05-01
"3775",14.9873046875,1990-05-02
"3776",10.7373046875,1990-05-03
"3777",9.107421875,1990-05-04
"3778",10.2265625,1990-05-05
"3779",11.9365234375,1990-05-06
"3780",10.447265625,1990-05-07
"3781",10.3974609375,1990-05-08
"3782",10.537109375,1990-05-09
"3783",15.9169921875,1990-05-10
"3784",12.6669921875,1990-05-11
"3785",14.3466796875,1990-05-12
"3786",9.6865234375,1990-05-13
"3787",8.126953125,1990-05-14
"3788",9.63671875,1990-05-15
"3789",11.466796875,1990-05-16
"3790",12.27734375,1990-05-17
"3791",9.216796875,1990-05-18
"3792",10.4765625,1990-05-19
"3793",9.6572265625,1990-05-20
"3794",7.3173828125,1990-05-21
"3795",6.6572265625,1990-05-22
"3796",9.4072265625,1990-05-23
"3797",10.7568359375,1990-05-24
"3798",12.216796875,1990-05-25
"3799",11.5068359375,1990-05-26
"3800",9.5673828125,1990-05-27
"3801",9.5771484375,1990-05-28
"3802",9.037109375,1990-05-29
"3803",11.8466796875,1990-05-30
"3804",12.5771484375,1990-05-31
"3805",10.3828125,1990-06-01
"3806",12.642578125,1990-06-02
"3807",12.1630859375,1990-06-03
"3808",10.97265625,1990-06-04
"3809",10.283203125,1990-06-05
"3810",9.8330078125,1990-06-06
"3811",10.0234375,1990-06-07
"3812",11.5732421875,1990-06-08
"3813",12.47265625,1990-06-09
"3814",10.212890625,1990-06-10
"3815",12.0029296875,1990-06-11
"3816",13.47265625,1990-06-12
"3817",10.712890625,1990-06-13
"3818",9.7333984375,1990-06-14
"3819",9.5029296875,1990-06-15
"3820",11.5126953125,1990-06-16
"3821",8.953125,1990-06-17
"3822",10.1025390625,1990-06-18
"3823",8.7333984375,1990-06-19
"3824",7.97265625,1990-06-20
"3825",9.36328125,1990-06-21
"3826",10.8134765625,1990-06-22
"3827",9.0732421875,1990-06-23
"3828",8.4228515625,1990-06-24
"3829",8.04296875,1990-06-25
"3830",8.783203125,1990-06-26
"3831",8.1328125,1990-06-27
"3832",9.4033203125,1990-06-28
"3833",11.4228515625,1990-06-29
"3834",8.36328125,1990-06-30
"3835",8.6826171875,1990-07-01
"3836",8.9033203125,1990-07-02
"3837",8.8232421875,1990-07-03
"3838",11.4130859375,1990-07-04
"3839",8.7431640625,1990-07-05
"3840",9.7431640625,1990-07-06
"3841",11.4931640625,1990-07-07
"3842",10.8330078125,1990-07-08
"3843",9.7626953125,1990-07-09
"3844",10.4130859375,1990-07-10
"3845",8.8525390625,1990-07-11
"3846",11.4326171875,1990-07-12
"3847",11.22265625,1990-07-13
"3848",12.86328125,1990-07-14
"3849",9.712890625,1990-07-15
"3850",10.193359375,1990-07-16
"3851",13.392578125,1990-07-17
"3852",9.54296875,1990-07-18
"3853",12.2333984375,1990-07-19
"3854",7.373046875,1990-07-20
"3855",11.5927734375,1990-07-21
"3856",8.453125,1990-07-22
"3857",8.3828125,1990-07-23
"3858",9.7626953125,1990-07-24
"3859",9.302734375,1990-07-25
"3860",9.2626953125,1990-07-26
"3861",9.203125,1990-07-27
"3862",9.7734375,1990-07-28
"3863",9.6025390625,1990-07-29
"3864",8.2529296875,1990-07-30
"3865",8.392578125,1990-07-31
"3866",9.212890625,1990-08-01
"3867",9.033203125,1990-08-02
"3868",9.7333984375,1990-08-03
"3869",11.5927734375,1990-08-04
"3870",9.6533203125,1990-08-05
"3871",8.462890625,1990-08-06
"3872",10.3427734375,1990-08-07
"3873",11.1025390625,1990-08-08
"3874",9.462890625,1990-08-09
"3875",8.6826171875,1990-08-10
"3876",9.5830078125,1990-08-11
"3877",10.1630859375,1990-08-12
"3878",10.623046875,1990-08-13
"3879",10.3427734375,1990-08-14
"3880",9.36328125,1990-08-15
"3881",10.533203125,1990-08-16
"3882",10.552734375,1990-08-17
"3883",9.0830078125,1990-08-18
"3884",7.86328125,1990-08-19
"3885",11.7529296875,1990-08-20
"3886",11.3525390625,1990-08-21
"3887",8.9130859375,1990-08-22
"3888",9.36328125,1990-08-23
"3889",11.3427734375,1990-08-24
"3890",10.3427734375,1990-08-25
"3891",8.3525390625,1990-08-26
"3892",6.703125,1990-08-27
"3893",5.7431640625,1990-08-28
"3894",11.4833984375,1990-08-29
"3895",10.7431640625,1990-08-30
"3896",10.6630859375,1990-08-31
"3897",10.263671875,1990-09-01
"3898",10.3935546875,1990-09-02
"3899",10.09375,1990-09-03
"3900",11.513671875,1990-09-04
"3901",11.9541015625,1990-09-05
"3902",11.34375,1990-09-06
"3903",10.3642578125,1990-09-07
"3904",9.173828125,1990-09-08
"3905",8.1943359375,1990-09-09
"3906",7.484375,1990-09-10
"3907",11.82421875,1990-09-11
"3908",9.0341796875,1990-09-12
"3909",7.7939453125,1990-09-13
"3910",8.2138671875,1990-09-14
"3911",10.423828125,1990-09-15
"3912",9.833984375,1990-09-16
"3913",8.6142578125,1990-09-17
"3914",7.4638671875,1990-09-18
"3915",7.064453125,1990-09-19
"3916",11.07421875,1990-09-20
"3917",8.2939453125,1990-09-21
"3918",8.564453125,1990-09-22
"3919",7.6142578125,1990-09-23
"3920",12.734375,1990-09-24
"3921",14.2939453125,1990-09-25
"3922",11.75390625,1990-09-26
"3923",8.5537109375,1990-09-27
"3924",9.68359375,1990-09-28
"3925",11.314453125,1990-09-29
"3926",10.5537109375,1990-09-30
"3927",11.0126953125,1990-10-01
"3928",11.4228515625,1990-10-02
"3929",10.6630859375,1990-10-03
"3930",10.373046875,1990-10-04
"3931",14.1328125,1990-10-05
"3932",7.873046875,1990-10-06
"3933",7.72265625,1990-10-07
"3934",11.9228515625,1990-10-08
"3935",10.892578125,1990-10-09
"3936",10.1826171875,1990-10-10
"3937",12.3427734375,1990-10-11
"3938",9.033203125,1990-10-12
"3939",8.1533203125,1990-10-13
"3940",6.302734375,1990-10-14
"3941",11.283203125,1990-10-15
"3942",12.0732421875,1990-10-16
"3943",10.7431640625,1990-10-17
"3944",13.4326171875,1990-10-18
"3945",9.8232421875,1990-10-19
"3946",10.0634765625,1990-10-20
"3947",11.2734375,1990-10-21
"3948",9.97265625,1990-10-22
"3949",10.193359375,1990-10-23
"3950",13.4931640625,1990-10-24
"3951",11.8330078125,1990-10-25
"3952",8.7734375,1990-10-26
"3953",9.3134765625,1990-10-27
"3954",9.5830078125,1990-10-28
"3955",13.802734375,1990-10-29
"3956",14.3134765625,1990-10-30
"3957",13.3134765625,1990-10-31
"3958",12.1220703125,1990-11-01
"3959",13.681640625,1990-11-02
"3960",14.7216796875,1990-11-03
"3961",14.421875,1990-11-04
"3962",9.8818359375,1990-11-05
"3963",12.8623046875,1990-11-06
"3964",15.6923828125,1990-11-07
"3965",13.9423828125,1990-11-08
"3966",12.8017578125,1990-11-09
"3967",9.33203125,1990-11-10
"3968",8.58203125,1990-11-11
"3969",9.0224609375,1990-11-12
"3970",4.4521484375,1990-11-13
"3971",10.001953125,1990-11-14
"3972",9.4423828125,1990-11-15
"3973",10.171875,1990-11-16
"3974",8.1123046875,1990-11-17
"3975",8.3515625,1990-11-18
"3976",11.322265625,1990-11-19
"3977",7.2822265625,1990-11-20
"3978",12.0615234375,1990-11-21
"3979",11.8623046875,1990-11-22
"3980",9.5517578125,1990-11-23
"3981",9.2919921875,1990-11-24
"3982",10.15234375,1990-11-25
"3983",13.3515625,1990-11-26
"3984",12.7216796875,1990-11-27
"3985",10.7421875,1990-11-28
"3986",13.08203125,1990-11-29
"3987",13.1923828125,1990-11-30
"3988",10.7216796875,1990-12-01
"3989",16.931640625,1990-12-02
"3990",14.3017578125,1990-12-03
"3991",15.4619140625,1990-12-04
"3992",11.8017578125,1990-12-05
"3993",20.5615234375,1990-12-06
"3994",13.921875,1990-12-07
"3995",12.421875,1990-12-08
"3996",10.4423828125,1990-12-09
"3997",10.2119140625,1990-12-10
"3998",10.421875,1990-12-11
"3999",11.0517578125,1990-12-12
"4000",11.1923828125,1990-12-13
"4001",12.3818359375,1990-12-14
"4002",11.931640625,1990-12-15
"4003",11.7919921875,1990-12-16
"4004",12.58203125,1990-12-17
"4005",14.921875,1990-12-18
"4006",16.4921875,1990-12-19
"4007",13.5224609375,1990-12-20
"4008",14.15234375,1990-12-21
"4009",17.6923828125,1990-12-22
"4010",10.7021484375,1990-12-23
"4011",10.1015625,1990-12-24
"4012",10.9423828125,1990-12-25
"4013",14.1923828125,1990-12-26
"4014",17.181640625,1990-12-27
"4015",12.3916015625,1990-12-28
"4016",13.341796875,1990-12-29
"4017",12.4921875,1990-12-30
"4018",12.2421875,1990-12-31
"4019",16.4638671875,1991-01-01
"4020",13.9541015625,1991-01-02
"4021",16.09375,1991-01-03
"4022",15.3642578125,1991-01-04
"4023",12.00390625,1991-01-05
"4024",11.1240234375,1991-01-06
"4025",15.583984375,1991-01-07
"4026",11.7236328125,1991-01-08
"4027",11.2236328125,1991-01-09
"4028",9.0244140625,1991-01-10
"4029",17.9736328125,1991-01-11
"4030",13.994140625,1991-01-12
"4031",13.734375,1991-01-13
"4032",15.3642578125,1991-01-14
"4033",16.7939453125,1991-01-15
"4034",11.484375,1991-01-16
"4035",12.5341796875,1991-01-17
"4036",12.494140625,1991-01-18
"4037",13.994140625,1991-01-19
"4038",12.9736328125,1991-01-20
"4039",15.00390625,1991-01-21
"4040",19.2841796875,1991-01-22
"4041",20.43359375,1991-01-23
"4042",17.18359375,1991-01-24
"4043",16.2041015625,1991-01-25
"4044",13.9443359375,1991-01-26
"4045",12.4140625,1991-01-27
"4046",13.07421875,1991-01-28
"4047",11.603515625,1991-01-29
"4048",14.32421875,1991-01-30
"4049",14.5244140625,1991-01-31
"4050",12.158203125,1991-02-01
"4051",9.0283203125,1991-02-02
"4052",9.0478515625,1991-02-03
"4053",14.017578125,1991-02-04
"4054",14.7783203125,1991-02-05
"4055",11.2783203125,1991-02-06
"4056",13.2578125,1991-02-07
"4057",14.66796875,1991-02-08
"4058",16.6279296875,1991-02-09
"4059",10.7978515625,1991-02-10
"4060",11.427734375,1991-02-11
"4061",12.73828125,1991-02-12
"4062",12.5078125,1991-02-13
"4063",14.48828125,1991-02-14
"4064",9.017578125,1991-02-15
"4065",8.517578125,1991-02-16
"4066",10.328125,1991-02-17
"4067",8.4775390625,1991-02-18
"4068",12.2978515625,1991-02-19
"4069",9.84765625,1991-02-20
"4070",10.59765625,1991-02-21
"4071",11.8076171875,1991-02-22
"4072",12.908203125,1991-02-23
"4073",11.2177734375,1991-02-24
"4074",8.59765625,1991-02-25
"4075",15.767578125,1991-02-26
"4076",10.7880859375,1991-02-27
"4077",10.8681640625,1991-02-28
"4078",9.294921875,1991-03-01
"4079",9.115234375,1991-03-02
"4080",9.125,1991-03-03
"4081",10.1650390625,1991-03-04
"4082",13.5146484375,1991-03-05
"4083",12.9052734375,1991-03-06
"4084",14.974609375,1991-03-07
"4085",15.6845703125,1991-03-08
"4086",13.4951171875,1991-03-09
"4087",9.8154296875,1991-03-10
"4088",14.615234375,1991-03-11
"4089",8.1953125,1991-03-12
"4090",9.5048828125,1991-03-13
"4091",11.2451171875,1991-03-14
"4092",12.125,1991-03-15
"4093",12.0947265625,1991-03-16
"4094",10.4150390625,1991-03-17
"4095",15.544921875,1991-03-18
"4096",16.10546875,1991-03-19
"4097",12.5546875,1991-03-20
"4098",10.2353515625,1991-03-21
"4099",10.9248046875,1991-03-22
"4100",10.1552734375,1991-03-23
"4101",8.89453125,1991-03-24
"4102",6.2646484375,1991-03-25
"4103",12.1650390625,1991-03-26
"4104",14.4052734375,1991-03-27
"4105",12.8447265625,1991-03-28
"4106",8.5947265625,1991-03-29
"4107",13.1650390625,1991-03-30
"4108",15.384765625,1991-03-31
"4109",13.4462890625,1991-04-01
"4110",9.0361328125,1991-04-02
"4111",11.265625,1991-04-03
"4112",12.8564453125,1991-04-04
"4113",13.40625,1991-04-05
"4114",14.0859375,1991-04-06
"4115",13.486328125,1991-04-07
"4116",11.1259765625,1991-04-08
"4117",8.916015625,1991-04-09
"4118",11.1064453125,1991-04-10
"4119",10.0859375,1991-04-11
"4120",15.1064453125,1991-04-12
"4121",13.646484375,1991-04-13
"4122",12.2763671875,1991-04-14
"4123",12.99609375,1991-04-15
"4124",13.326171875,1991-04-16
"4125",12.505859375,1991-04-17
"4126",14.8359375,1991-04-18
"4127",14.17578125,1991-04-19
"4128",12.31640625,1991-04-20
"4129",16.146484375,1991-04-21
"4130",7.2060546875,1991-04-22
"4131",7.56640625,1991-04-23
"4132",12.9560546875,1991-04-24
"4133",10.396484375,1991-04-25
"4134",12.2255859375,1991-04-26
"4135",11.8359375,1991-04-27
"4136",11.435546875,1991-04-28
"4137",9.6162109375,1991-04-29
"4138",12.916015625,1991-04-30
"4139",15.2373046875,1991-05-01
"4140",11.63671875,1991-05-02
"4141",11.4169921875,1991-05-03
"4142",9.296875,1991-05-04
"4143",8.1865234375,1991-05-05
"4144",12.857421875,1991-05-06
"4145",13.70703125,1991-05-07
"4146",11.8466796875,1991-05-08
"4147",9.1171875,1991-05-09
"4148",10.3271484375,1991-05-10
"4149",10.38671875,1991-05-11
"4150",10.857421875,1991-05-12
"4151",10.1171875,1991-05-13
"4152",10.2666015625,1991-05-14
"4153",9.126953125,1991-05-15
"4154",8.947265625,1991-05-16
"4155",10.2373046875,1991-05-17
"4156",9.9072265625,1991-05-18
"4157",9.947265625,1991-05-19
"4158",10.4765625,1991-05-20
"4159",11.77734375,1991-05-21
"4160",9.4072265625,1991-05-22
"4161",10.697265625,1991-05-23
"4162",8.3271484375,1991-05-24
"4163",11.3173828125,1991-05-25
"4164",14.287109375,1991-05-26
"4165",12.0869140625,1991-05-27
"4166",11.38671875,1991-05-28
"4167",10.5166015625,1991-05-29
"4168",11.0068359375,1991-05-30
"4169",9.0673828125,1991-05-31
"4170",13.8330078125,1991-06-01
"4171",13.3330078125,1991-06-02
"4172",14.0634765625,1991-06-03
"4173",12.283203125,1991-06-04
"4174",9.9130859375,1991-06-05
"4175",13.3828125,1991-06-06
"4176",11.5634765625,1991-06-07
"4177",11.8427734375,1991-06-08
"4178",12.4228515625,1991-06-09
"4179",10.943359375,1991-06-10
"4180",11.0234375,1991-06-11
"4181",10.5830078125,1991-06-12
"4182",11.97265625,1991-06-13
"4183",10.693359375,1991-06-14
"4184",12.0029296875,1991-06-15
"4185",12.5830078125,1991-06-16
"4186",13.5927734375,1991-06-17
"4187",12.2529296875,1991-06-18
"4188",12.2626953125,1991-06-19
"4189",12.783203125,1991-06-20
"4190",14.47265625,1991-06-21
"4191",11.72265625,1991-06-22
"4192",12.142578125,1991-06-23
"4193",14.5830078125,1991-06-24
"4194",14.1328125,1991-06-25
"4195",11.2734375,1991-06-26
"4196",11.6533203125,1991-06-27
"4197",15.36328125,1991-06-28
"4198",10.6025390625,1991-06-29
"4199",13.4228515625,1991-06-30
"4200",12.04296875,1991-07-01
"4201",10.36328125,1991-07-02
"4202",9.6630859375,1991-07-03
"4203",10.29296875,1991-07-04
"4204",9.7431640625,1991-07-05
"4205",9.123046875,1991-07-06
"4206",9.0927734375,1991-07-07
"4207",9.3427734375,1991-07-08
"4208",10.47265625,1991-07-09
"4209",10.3427734375,1991-07-10
"4210",10.6630859375,1991-07-11
"4211",9.533203125,1991-07-12
"4212",11.9326171875,1991-07-13
"4213",10.0126953125,1991-07-14
"4214",9.4130859375,1991-07-15
"4215",8.9033203125,1991-07-16
"4216",8.6025390625,1991-07-17
"4217",9.4130859375,1991-07-18
"4218",10.193359375,1991-07-19
"4219",10.7626953125,1991-07-20
"4220",9.6826171875,1991-07-21
"4221",11.0029296875,1991-07-22
"4222",8.72265625,1991-07-23
"4223",8.6328125,1991-07-24
"4224",8.1630859375,1991-07-25
"4225",7.8134765625,1991-07-26
"4226",10.4033203125,1991-07-27
"4227",11.6533203125,1991-07-28
"4228",11.623046875,1991-07-29
"4229",9.4130859375,1991-07-30
"4230",12.623046875,1991-07-31
"4231",9.802734375,1991-08-01
"4232",8.2734375,1991-08-02
"4233",11.9326171875,1991-08-03
"4234",8.7626953125,1991-08-04
"4235",10.1025390625,1991-08-05
"4236",9.962890625,1991-08-06
"4237",11.443359375,1991-08-07
"4238",9.3134765625,1991-08-08
"4239",11.5927734375,1991-08-09
"4240",11.533203125,1991-08-10
"4241",9.6728515625,1991-08-11
"4242",9.29296875,1991-08-12
"4243",11.3232421875,1991-08-13
"4244",11.8427734375,1991-08-14
"4245",11.1630859375,1991-08-15
"4246",8.5029296875,1991-08-16
"4247",8.142578125,1991-08-17
"4248",7.9326171875,1991-08-18
"4249",6.3427734375,1991-08-19
"4250",10.703125,1991-08-20
"4251",8.9931640625,1991-08-21
"4252",11.943359375,1991-08-22
"4253",8.8427734375,1991-08-23
"4254",8.1533203125,1991-08-24
"4255",10.8134765625,1991-08-25
"4256",8.2734375,1991-08-26
"4257",10.533203125,1991-08-27
"4258",10.373046875,1991-08-28
"4259",11.0126953125,1991-08-29
"4260",10.2529296875,1991-08-30
"4261",8.9931640625,1991-08-31
"4262",9.3642578125,1991-09-01
"4263",9.34375,1991-09-02
"4264",10.9140625,1991-09-03
"4265",10.333984375,1991-09-04
"4266",8.8740234375,1991-09-05
"4267",10.2041015625,1991-09-06
"4268",10.923828125,1991-09-07
"4269",10.2744140625,1991-09-08
"4270",9.103515625,1991-09-09
"4271",13.3935546875,1991-09-10
"4272",11.234375,1991-09-11
"4273",8.82421875,1991-09-12
"4274",8.513671875,1991-09-13
"4275",11.244140625,1991-09-14
"4276",11.904296875,1991-09-15
"4277",10.8935546875,1991-09-16
"4278",10.6337890625,1991-09-17
"4279",12.2939453125,1991-09-18
"4280",8.103515625,1991-09-19
"4281",10.513671875,1991-09-20
"4282",9.7939453125,1991-09-21
"4283",8.5341796875,1991-09-22
"4284",8.4541015625,1991-09-23
"4285",9.50390625,1991-09-24
"4286",10.744140625,1991-09-25
"4287",12.513671875,1991-09-26
"4288",12.00390625,1991-09-27
"4289",10.5537109375,1991-09-28
"4290",12.1943359375,1991-09-29
"4291",11.583984375,1991-09-30
"4292",8.0927734375,1991-10-01
"4293",10.0634765625,1991-10-02
"4294",12.6728515625,1991-10-03
"4295",13.712890625,1991-10-04
"4296",17.193359375,1991-10-05
"4297",12.2333984375,1991-10-06
"4298",10.29296875,1991-10-07
"4299",9.3330078125,1991-10-08
"4300",10.0830078125,1991-10-09
"4301",11.212890625,1991-10-10
"4302",12.203125,1991-10-11
"4303",9.142578125,1991-10-12
"4304",12.142578125,1991-10-13
"4305",10.54296875,1991-10-14
"4306",6.1728515625,1991-10-15
"4307",9.22265625,1991-10-16
"4308",8.462890625,1991-10-17
"4309",7.693359375,1991-10-18
"4310",6.1328125,1991-10-19
"4311",13.8232421875,1991-10-20
"4312",12.193359375,1991-10-21
"4313",10.712890625,1991-10-22
"4314",11.703125,1991-10-23
"4315",11.873046875,1991-10-24
"4316",11.6630859375,1991-10-25
"4317",7.7626953125,1991-10-26
"4318",7.7734375,1991-10-27
"4319",8.47265625,1991-10-28
"4320",11.22265625,1991-10-29
"4321",15.4033203125,1991-10-30
"4322",7.5830078125,1991-10-31
"4323",7.6220703125,1991-11-01
"4324",6.6416015625,1991-11-02
"4325",18.482421875,1991-11-03
"4326",12.7724609375,1991-11-04
"4327",12.51171875,1991-11-05
"4328",16.8916015625,1991-11-06
"4329",9.9619140625,1991-11-07
"4330",8.7021484375,1991-11-08
"4331",9.9921875,1991-11-09
"4332",9.931640625,1991-11-10
"4333",9.3720703125,1991-11-11
"4334",10.2822265625,1991-11-12
"4335",9.5517578125,1991-11-13
"4336",7.0517578125,1991-11-14
"4337",12.0419921875,1991-11-15
"4338",11.0419921875,1991-11-16
"4339",8.8818359375,1991-11-17
"4340",7.482421875,1991-11-18
"4341",15.982421875,1991-11-19
"4342",8.1923828125,1991-11-20
"4343",8.591796875,1991-11-21
"4344",10.5419921875,1991-11-22
"4345",9.2919921875,1991-11-23
"4346",10.51171875,1991-11-24
"4347",15.9619140625,1991-11-25
"4348",11.8916015625,1991-11-26
"4349",9.2021484375,1991-11-27
"4350",9.412109375,1991-11-28
"4351",12.0322265625,1991-11-29
"4352",9.4423828125,1991-11-30
"4353",10.01171875,1991-12-01
"4354",8.40234375,1991-12-02
"4355",10.08203125,1991-12-03
"4356",12.5224609375,1991-12-04
"4357",8.9921875,1991-12-05
"4358",11.3818359375,1991-12-06
"4359",12.26171875,1991-12-07
"4360",11.3017578125,1991-12-08
"4361",7.5517578125,1991-12-09
"4362",12.5615234375,1991-12-10
"4363",8.5517578125,1991-12-11
"4364",11.2216796875,1991-12-12
"4365",13.8515625,1991-12-13
"4366",16.5224609375,1991-12-14
"4367",12.9423828125,1991-12-15
"4368",10.33203125,1991-12-16
"4369",12.5517578125,1991-12-17
"4370",11.2216796875,1991-12-18
"4371",12.7119140625,1991-12-19
"4372",13.662109375,1991-12-20
"4373",13.751953125,1991-12-21
"4374",11.9521484375,1991-12-22
"4375",10.8916015625,1991-12-23
"4376",11.2724609375,1991-12-24
"4377",9.3623046875,1991-12-25
"4378",11.4716796875,1991-12-26
"4379",19.0322265625,1991-12-27
"4380",14.58203125,1991-12-28
"4381",13.8818359375,1991-12-29
"4382",13.8818359375,1991-12-30
"4383",12.58203125,1991-12-31
"4384",12.2236328125,1992-01-01
"4385",12.0341796875,1992-01-02
"4386",11.68359375,1992-01-03
"4387",11.404296875,1992-01-04
"4388",10.513671875,1992-01-05
"4389",10.1640625,1992-01-06
"4390",10.8935546875,1992-01-07
"4391",10.3935546875,1992-01-08
"4392",13.18359375,1992-01-09
"4393",13.18359375,1992-01-10
"4394",12.7744140625,1992-01-11
"4395",13.0439453125,1992-01-12
"4396",14.57421875,1992-01-13
"4397",11.314453125,1992-01-14
"4398",12.234375,1992-01-15
"4399",11.00390625,1992-01-16
"4400",8.57421875,1992-01-17
"4401",10.013671875,1992-01-18
"4402",6.7236328125,1992-01-19
"4403",12.564453125,1992-01-20
"4404",16.1240234375,1992-01-21
"4405",15.0439453125,1992-01-22
"4406",13.0244140625,1992-01-23
"4407",10.744140625,1992-01-24
"4408",10.8935546875,1992-01-25
"4409",14.5244140625,1992-01-26
"4410",13.25390625,1992-01-27
"4411",11.583984375,1992-01-28
"4412",9.2236328125,1992-01-29
"4413",12.2841796875,1992-01-30
"4414",13.09375,1992-01-31
"4415",13.2177734375,1992-02-01
"4416",10.73828125,1992-02-02
"4417",13.66796875,1992-02-03
"4418",20.568359375,1992-02-04
"4419",18.017578125,1992-02-05
"4420",14.3876953125,1992-02-06
"4421",12.3076171875,1992-02-07
"4422",13.267578125,1992-02-08
"4423",15.318359375,1992-02-09
"4424",15.328125,1992-02-10
"4425",16.568359375,1992-02-11
"4426",17.0576171875,1992-02-12
"4427",13.177734375,1992-02-13
"4428",12.1982421875,1992-02-14
"4429",11.73828125,1992-02-15
"4430",11.9482421875,1992-02-16
"4431",11.0283203125,1992-02-17
"4432",14.9775390625,1992-02-18
"4433",12.658203125,1992-02-19
"4434",13.908203125,1992-02-20
"4435",13.9482421875,1992-02-21
"4436",16.4482421875,1992-02-22
"4437",10.427734375,1992-02-23
"4438",11.7783203125,1992-02-24
"4439",9.2578125,1992-02-25
"4440",8.8076171875,1992-02-26
"4441",11.1083984375,1992-02-27
"4442",10.84765625,1992-02-28
"4443",18.1083984375,1992-02-29
"4444",21.1552734375,1992-03-01
"4445",18.9853515625,1992-03-02
"4446",16.955078125,1992-03-03
"4447",18.1845703125,1992-03-04
"4448",18.6552734375,1992-03-05
"4449",16.125,1992-03-06
"4450",14.2451171875,1992-03-07
"4451",13.53515625,1992-03-08
"4452",16.115234375,1992-03-09
"4453",15.6748046875,1992-03-10
"4454",15.525390625,1992-03-11
"4455",15.4248046875,1992-03-12
"4456",18.85546875,1992-03-13
"4457",16.544921875,1992-03-14
"4458",17.4248046875,1992-03-15
"4459",10.2353515625,1992-03-16
"4460",10.89453125,1992-03-17
"4461",12.205078125,1992-03-18
"4462",12.7548828125,1992-03-19
"4463",13.384765625,1992-03-20
"4464",17.78515625,1992-03-21
"4465",18.1650390625,1992-03-22
"4466",16.6953125,1992-03-23
"4467",14.5849609375,1992-03-24
"4468",16.7646484375,1992-03-25
"4469",16.205078125,1992-03-26
"4470",14.884765625,1992-03-27
"4471",12.384765625,1992-03-28
"4472",14.6748046875,1992-03-29
"4473",14.0048828125,1992-03-30
"4474",14.5849609375,1992-03-31
"4475",15.755859375,1992-04-01
"4476",14.5263671875,1992-04-02
"4477",12.6962890625,1992-04-03
"4478",16.646484375,1992-04-04
"4479",19.765625,1992-04-05
"4480",17.416015625,1992-04-06
"4481",13.65625,1992-04-07
"4482",8.9658203125,1992-04-08
"4483",9.8759765625,1992-04-09
"4484",10.1357421875,1992-04-10
"4485",9.9658203125,1992-04-11
"4486",13.56640625,1992-04-12
"4487",16.4755859375,1992-04-13
"4488",14.2060546875,1992-04-14
"4489",15.935546875,1992-04-15
"4490",12.986328125,1992-04-16
"4491",10.6162109375,1992-04-17
"4492",9.265625,1992-04-18
"4493",9.345703125,1992-04-19
"4494",12.3056640625,1992-04-20
"4495",10.646484375,1992-04-21
"4496",10.3662109375,1992-04-22
"4497",10.7158203125,1992-04-23
"4498",10.095703125,1992-04-24
"4499",11.3056640625,1992-04-25
"4500",12.15625,1992-04-26
"4501",11.7763671875,1992-04-27
"4502",12.6259765625,1992-04-28
"4503",11.255859375,1992-04-29
"4504",12.2158203125,1992-04-30
"4505",10.7265625,1992-05-01
"4506",14.197265625,1992-05-02
"4507",15.5771484375,1992-05-03
"4508",14.02734375,1992-05-04
"4509",11.2666015625,1992-05-05
"4510",11.02734375,1992-05-06
"4511",11.1572265625,1992-05-07
"4512",16.4169921875,1992-05-08
"4513",11.95703125,1992-05-09
"4514",11.1669921875,1992-05-10
"4515",12.2666015625,1992-05-11
"4516",13.357421875,1992-05-12
"4517",12.1669921875,1992-05-13
"4518",12.2470703125,1992-05-14
"4519",10.4970703125,1992-05-15
"4520",9.216796875,1992-05-16
"4521",9.5166015625,1992-05-17
"4522",10.0673828125,1992-05-18
"4523",9.2666015625,1992-05-19
"4524",11.2373046875,1992-05-20
"4525",10.107421875,1992-05-21
"4526",9.8671875,1992-05-22
"4527",9.6767578125,1992-05-23
"4528",9.046875,1992-05-24
"4529",8.70703125,1992-05-25
"4530",13.1767578125,1992-05-26
"4531",12.4970703125,1992-05-27
"4532",11.1865234375,1992-05-28
"4533",10.126953125,1992-05-29
"4534",9.5869140625,1992-05-30
"4535",9.3974609375,1992-05-31
"4536",10.3828125,1992-06-01
"4537",11.2431640625,1992-06-02
"4538",9.962890625,1992-06-03
"4539",10.36328125,1992-06-04
"4540",11.2626953125,1992-06-05
"4541",9.8232421875,1992-06-06
"4542",11.6533203125,1992-06-07
"4543",11.443359375,1992-06-08
"4544",11.5634765625,1992-06-09
"4545",9.5234375,1992-06-10
"4546",10.6630859375,1992-06-11
"4547",11.4130859375,1992-06-12
"4548",10.72265625,1992-06-13
"4549",10.8134765625,1992-06-14
"4550",9.3134765625,1992-06-15
"4551",9.142578125,1992-06-16
"4552",13.533203125,1992-06-17
"4553",11.9130859375,1992-06-18
"4554",10.61328125,1992-06-19
"4555",12.203125,1992-06-20
"4556",9.8330078125,1992-06-21
"4557",11.283203125,1992-06-22
"4558",9.8134765625,1992-06-23
"4559",9.1025390625,1992-06-24
"4560",10.302734375,1992-06-25
"4561",10.283203125,1992-06-26
"4562",8.8427734375,1992-06-27
"4563",9.11328125,1992-06-28
"4564",8.193359375,1992-06-29
"4565",10.7333984375,1992-06-30
"4566",8.142578125,1992-07-01
"4567",9.1328125,1992-07-02
"4568",9.5234375,1992-07-03
"4569",10.953125,1992-07-04
"4570",9.4033203125,1992-07-05
"4571",11.5029296875,1992-07-06
"4572",8.9326171875,1992-07-07
"4573",10.8330078125,1992-07-08
"4574",10.892578125,1992-07-09
"4575",8.7333984375,1992-07-10
"4576",10.86328125,1992-07-11
"4577",12.4033203125,1992-07-12
"4578",12.052734375,1992-07-13
"4579",9.802734375,1992-07-14
"4580",8.4228515625,1992-07-15
"4581",8.5234375,1992-07-16
"4582",8.4033203125,1992-07-17
"4583",11.3330078125,1992-07-18
"4584",9.5126953125,1992-07-19
"4585",8.7529296875,1992-07-20
"4586",8.5732421875,1992-07-21
"4587",9.5126953125,1992-07-22
"4588",11.97265625,1992-07-23
"4589",12.1328125,1992-07-24
"4590",11.22265625,1992-07-25
"4591",7.72265625,1992-07-26
"4592",9.8232421875,1992-07-27
"4593",11.6328125,1992-07-28
"4594",8.9833984375,1992-07-29
"4595",10.54296875,1992-07-30
"4596",9.4326171875,1992-07-31
"4597",8.4033203125,1992-08-01
"4598",7.873046875,1992-08-02
"4599",9.033203125,1992-08-03
"4600",7.0126953125,1992-08-04
"4601",9.703125,1992-08-05
"4602",11.3232421875,1992-08-06
"4603",8.8330078125,1992-08-07
"4604",9.552734375,1992-08-08
"4605",7.873046875,1992-08-09
"4606",8.6826171875,1992-08-10
"4607",11.5126953125,1992-08-11
"4608",9.0029296875,1992-08-12
"4609",11.283203125,1992-08-13
"4610",13.0029296875,1992-08-14
"4611",11.61328125,1992-08-15
"4612",8.61328125,1992-08-16
"4613",9.033203125,1992-08-17
"4614",7.953125,1992-08-18
"4615",11.1728515625,1992-08-19
"4616",8.443359375,1992-08-20
"4617",7.8828125,1992-08-21
"4618",8.203125,1992-08-22
"4619",7.873046875,1992-08-23
"4620",8.2333984375,1992-08-24
"4621",7.7431640625,1992-08-25
"4622",8.443359375,1992-08-26
"4623",12.052734375,1992-08-27
"4624",10.54296875,1992-08-28
"4625",12.0234375,1992-08-29
"4626",11.453125,1992-08-30
"4627",11.443359375,1992-08-31
"4628",10.84375,1992-09-01
"4629",11.59375,1992-09-02
"4630",9.6640625,1992-09-03
"4631",9.7138671875,1992-09-04
"4632",10.984375,1992-09-05
"4633",11.404296875,1992-09-06
"4634",11.8037109375,1992-09-07
"4635",8.744140625,1992-09-08
"4636",8.8935546875,1992-09-09
"4637",10.654296875,1992-09-10
"4638",9.814453125,1992-09-11
"4639",7.75390625,1992-09-12
"4640",7.4541015625,1992-09-13
"4641",10.2939453125,1992-09-14
"4642",9.314453125,1992-09-15
"4643",10.2841796875,1992-09-16
"4644",10.8935546875,1992-09-17
"4645",12.173828125,1992-09-18
"4646",8.00390625,1992-09-19
"4647",8.84375,1992-09-20
"4648",9.2744140625,1992-09-21
"4649",12.9736328125,1992-09-22
"4650",12.4140625,1992-09-23
"4651",12.3642578125,1992-09-24
"4652",9.3935546875,1992-09-25
"4653",8.353515625,1992-09-26
"4654",9.6142578125,1992-09-27
"4655",12.7939453125,1992-09-28
"4656",9.0244140625,1992-09-29
"4657",8.9443359375,1992-09-30
"4658",9.8427734375,1992-10-01
"4659",9.5732421875,1992-10-02
"4660",10.693359375,1992-10-03
"4661",14.142578125,1992-10-04
"4662",10.8232421875,1992-10-05
"4663",10.22265625,1992-10-06
"4664",12.1826171875,1992-10-07
"4665",16.6630859375,1992-10-08
"4666",9.0029296875,1992-10-09
"4667",12.193359375,1992-10-10
"4668",11.8330078125,1992-10-11
"4669",10.953125,1992-10-12
"4670",11.6025390625,1992-10-13
"4671",13.22265625,1992-10-14
"4672",14.36328125,1992-10-15
"4673",11.36328125,1992-10-16
"4674",14.052734375,1992-10-17
"4675",10.79296875,1992-10-18
"4676",12.5234375,1992-10-19
"4677",9.0126953125,1992-10-20
"4678",9.4033203125,1992-10-21
"4679",8.0634765625,1992-10-22
"4680",7.6630859375,1992-10-23
"4681",9.203125,1992-10-24
"4682",12.47265625,1992-10-25
"4683",12.47265625,1992-10-26
"4684",14.8828125,1992-10-27
"4685",13.9228515625,1992-10-28
"4686",16.7626953125,1992-10-29
"4687",14.8134765625,1992-10-30
"4688",13.5126953125,1992-10-31
"4689",8.912109375,1992-11-01
"4690",9.01171875,1992-11-02
"4691",11.3515625,1992-11-03
"4692",8.51171875,1992-11-04
"4693",9.162109375,1992-11-05
"4694",11.0419921875,1992-11-06
"4695",10.1220703125,1992-11-07
"4696",8.7724609375,1992-11-08
"4697",9.681640625,1992-11-09
"4698",11.921875,1992-11-10
"4699",10.7724609375,1992-11-11
"4700",8.01171875,1992-11-12
"4701",10.6923828125,1992-11-13
"4702",11.4619140625,1992-11-14
"4703",11.7724609375,1992-11-15
"4704",12.1416015625,1992-11-16
"4705",16.6220703125,1992-11-17
"4706",15.4716796875,1992-11-18
"4707",18.3720703125,1992-11-19
"4708",17.2724609375,1992-11-20
"4709",10.8818359375,1992-11-21
"4710",12.2724609375,1992-11-22
"4711",14.591796875,1992-11-23
"4712",11.1318359375,1992-11-24
"4713",10.982421875,1992-11-25
"4714",8.8916015625,1992-11-26
"4715",12.3720703125,1992-11-27
"4716",11.171875,1992-11-28
"4717",11.001953125,1992-11-29
"4718",10.1220703125,1992-11-30
"4719",8.8115234375,1992-12-01
"4720",11.1318359375,1992-12-02
"4721",15.931640625,1992-12-03
"4722",15.6416015625,1992-12-04
"4723",15.8515625,1992-12-05
"4724",15.412109375,1992-12-06
"4725",13.6123046875,1992-12-07
"4726",12.3916015625,1992-12-08
"4727",14.6318359375,1992-12-09
"4728",9.9423828125,1992-12-10
"4729",16.8017578125,1992-12-11
"4730",16.1220703125,1992-12-12
"4731",16.1123046875,1992-12-13
"4732",12.3818359375,1992-12-14
"4733",9.5517578125,1992-12-15
"4734",11.5517578125,1992-12-16
"4735",16.091796875,1992-12-17
"4736",20.0517578125,1992-12-18
"4737",18.4921875,1992-12-19
"4738",20.7822265625,1992-12-20
"4739",16.65234375,1992-12-21
"4740",18.751953125,1992-12-22
"4741",15.751953125,1992-12-23
"4742",18.751953125,1992-12-24
"4743",16.2724609375,1992-12-25
"4744",11.3515625,1992-12-26
"4745",13.7822265625,1992-12-27
"4746",13.1220703125,1992-12-28
"4747",13.83203125,1992-12-29
"4748",15.1923828125,1992-12-30
"4749",17.001953125,1992-12-31
"4750",16.75390625,1993-01-01
"4751",16.9736328125,1993-01-02
"4752",11.853515625,1993-01-03
"4753",11.353515625,1993-01-04
"4754",10.3642578125,1993-01-05
"4755",12.7138671875,1993-01-06
"4756",12.57421875,1993-01-07
"4757",16.00390625,1993-01-08
"4758",16.603515625,1993-01-09
"4759",12.4541015625,1993-01-10
"4760",13.6640625,1993-01-11
"4761",12.314453125,1993-01-12
"4762",14.2939453125,1993-01-13
"4763",13.18359375,1993-01-14
"4764",14.2939453125,1993-01-15
"4765",22.4736328125,1993-01-16
"4766",21.5244140625,1993-01-17
"4767",12.654296875,1993-01-18
"4768",13.7744140625,1993-01-19
"4769",13.8642578125,1993-01-20
"4770",19.3935546875,1993-01-21
"4771",15.9443359375,1993-01-22
"4772",21.484375,1993-01-23
"4773",22.3642578125,1993-01-24
"4774",13.103515625,1993-01-25
"4775",17.1640625,1993-01-26
"4776",15.7041015625,1993-01-27
"4777",15.853515625,1993-01-28
"4778",18.5537109375,1993-01-29
"4779",16.013671875,1993-01-30
"4780",17.1640625,1993-01-31
"4781",19.84765625,1993-02-01
"4782",18.3076171875,1993-02-02
"4783",16.927734375,1993-02-03
"4784",19.498046875,1993-02-04
"4785",13.267578125,1993-02-05
"4786",12.318359375,1993-02-06
"4787",12.16796875,1993-02-07
"4788",12.48828125,1993-02-08
"4789",9.5478515625,1993-02-09
"4790",10.9775390625,1993-02-10
"4791",16.087890625,1993-02-11
"4792",11.2080078125,1993-02-12
"4793",11.9775390625,1993-02-13
"4794",13.9580078125,1993-02-14
"4795",15.337890625,1993-02-15
"4796",15.267578125,1993-02-16
"4797",16.8076171875,1993-02-17
"4798",17.078125,1993-02-18
"4799",14.4384765625,1993-02-19
"4800",10.8076171875,1993-02-20
"4801",9.8583984375,1993-02-21
"4802",10.4677734375,1993-02-22
"4803",14.767578125,1993-02-23
"4804",14.8681640625,1993-02-24
"4805",14.8779296875,1993-02-25
"4806",13.1376953125,1993-02-26
"4807",16.1083984375,1993-02-27
"4808",9.9384765625,1993-02-28
"4809",12.14453125,1993-03-01
"4810",12.775390625,1993-03-02
"4811",13.5546875,1993-03-03
"4812",13.1748046875,1993-03-04
"4813",13.0751953125,1993-03-05
"4814",13.974609375,1993-03-06
"4815",15.0849609375,1993-03-07
"4816",13.60546875,1993-03-08
"4817",11.4052734375,1993-03-09
"4818",12.115234375,1993-03-10
"4819",11.8251953125,1993-03-11
"4820",11.6748046875,1993-03-12
"4821",12.884765625,1993-03-13
"4822",14.1552734375,1993-03-14
"4823",14.4150390625,1993-03-15
"4824",16.2548828125,1993-03-16
"4825",17.5048828125,1993-03-17
"4826",17.525390625,1993-03-18
"4827",14.9248046875,1993-03-19
"4828",16.775390625,1993-03-20
"4829",16.6845703125,1993-03-21
"4830",18.275390625,1993-03-22
"4831",14.625,1993-03-23
"4832",12.9853515625,1993-03-24
"4833",13.4150390625,1993-03-25
"4834",15.5849609375,1993-03-26
"4835",14.865234375,1993-03-27
"4836",13.9248046875,1993-03-28
"4837",9.974609375,1993-03-29
"4838",10.14453125,1993-03-30
"4839",8.9853515625,1993-03-31
"4840",12.486328125,1993-04-01
"4841",12.015625,1993-04-02
"4842",10.3857421875,1993-04-03
"4843",9.1962890625,1993-04-04
"4844",12.005859375,1993-04-05
"4845",11.7763671875,1993-04-06
"4846",13.095703125,1993-04-07
"4847",11.0556640625,1993-04-08
"4848",9.4560546875,1993-04-09
"4849",9.5361328125,1993-04-10
"4850",9.0458984375,1993-04-11
"4851",9.99609375,1993-04-12
"4852",14.31640625,1993-04-13
"4853",13.015625,1993-04-14
"4854",12.2958984375,1993-04-15
"4855",11.7158203125,1993-04-16
"4856",12.0859375,1993-04-17
"4857",11.3564453125,1993-04-18
"4858",11.1162109375,1993-04-19
"4859",10.4462890625,1993-04-20
"4860",8.0556640625,1993-04-21
"4861",8.2763671875,1993-04-22
"4862",7.9462890625,1993-04-23
"4863",14.265625,1993-04-24
"4864",9.8564453125,1993-04-25
"4865",11.15625,1993-04-26
"4866",11.67578125,1993-04-27
"4867",13.3759765625,1993-04-28
"4868",9.896484375,1993-04-29
"4869",9.8857421875,1993-04-30
"4870",10.95703125,1993-05-01
"4871",10.8271484375,1993-05-02
"4872",11.3466796875,1993-05-03
"4873",10.876953125,1993-05-04
"4874",10.0068359375,1993-05-05
"4875",14.77734375,1993-05-06
"4876",16.6669921875,1993-05-07
"4877",13.7373046875,1993-05-08
"4878",11.8369140625,1993-05-09
"4879",12.607421875,1993-05-10
"4880",12.77734375,1993-05-11
"4881",11.4267578125,1993-05-12
"4882",12.5869140625,1993-05-13
"4883",12.546875,1993-05-14
"4884",9.6474609375,1993-05-15
"4885",7.966796875,1993-05-16
"4886",7.63671875,1993-05-17
"4887",7.8173828125,1993-05-18
"4888",8.45703125,1993-05-19
"4889",8.52734375,1993-05-20
"4890",12.7265625,1993-05-21
"4891",11.2470703125,1993-05-22
"4892",12.287109375,1993-05-23
"4893",12.4873046875,1993-05-24
"4894",13.4873046875,1993-05-25
"4895",13.7666015625,1993-05-26
"4896",11.7568359375,1993-05-27
"4897",9.607421875,1993-05-28
"4898",9.9873046875,1993-05-29
"4899",11.9873046875,1993-05-30
"4900",11.466796875,1993-05-31
"4901",9.3427734375,1993-06-01
"4902",8.36328125,1993-06-02
"4903",10.1826171875,1993-06-03
"4904",10.142578125,1993-06-04
"4905",9.373046875,1993-06-05
"4906",11.0830078125,1993-06-06
"4907",11.2734375,1993-06-07
"4908",11.1630859375,1993-06-08
"4909",12.302734375,1993-06-09
"4910",10.8134765625,1993-06-10
"4911",12.033203125,1993-06-11
"4912",8.693359375,1993-06-12
"4913",12.04296875,1993-06-13
"4914",11.8330078125,1993-06-14
"4915",11.3427734375,1993-06-15
"4916",7.9931640625,1993-06-16
"4917",9.4130859375,1993-06-17
"4918",9.4833984375,1993-06-18
"4919",11.4228515625,1993-06-19
"4920",12.6826171875,1993-06-20
"4921",13.2529296875,1993-06-21
"4922",12.193359375,1993-06-22
"4923",9.9326171875,1993-06-23
"4924",9.11328125,1993-06-24
"4925",8.6025390625,1993-06-25
"4926",8.0927734375,1993-06-26
"4927",8.2333984375,1993-06-27
"4928",7.873046875,1993-06-28
"4929",6.943359375,1993-06-29
"4930",10.892578125,1993-06-30
"4931",10.712890625,1993-07-01
"4932",10.0029296875,1993-07-02
"4933",12.052734375,1993-07-03
"4934",10.0634765625,1993-07-04
"4935",8.703125,1993-07-05
"4936",8.892578125,1993-07-06
"4937",10.8134765625,1993-07-07
"4938",10.3134765625,1993-07-08
"4939",11.72265625,1993-07-09
"4940",10.8427734375,1993-07-10
"4941",11.1728515625,1993-07-11
"4942",9.2626953125,1993-07-12
"4943",9.0234375,1993-07-13
"4944",9.8427734375,1993-07-14
"4945",10.453125,1993-07-15
"4946",9.783203125,1993-07-16
"4947",9.22265625,1993-07-17
"4948",8.8134765625,1993-07-18
"4949",9.3232421875,1993-07-19
"4950",9.8525390625,1993-07-20
"4951",9.9833984375,1993-07-21
"4952",8.4326171875,1993-07-22
"4953",8.392578125,1993-07-23
"4954",12.1025390625,1993-07-24
"4955",11.61328125,1993-07-25
"4956",10.962890625,1993-07-26
"4957",9.0126953125,1993-07-27
"4958",12.2431640625,1993-07-28
"4959",10.1826171875,1993-07-29
"4960",12.3330078125,1993-07-30
"4961",10.3828125,1993-07-31
"4962",6.6728515625,1993-08-01
"4963",9.0830078125,1993-08-02
"4964",9.6328125,1993-08-03
"4965",8.623046875,1993-08-04
"4966",7.1826171875,1993-08-05
"4967",6.8427734375,1993-08-06
"4968",6.9033203125,1993-08-07
"4969",12.462890625,1993-08-08
"4970",9.953125,1993-08-09
"4971",9.8427734375,1993-08-10
"4972",10.5830078125,1993-08-11
"4973",8.703125,1993-08-12
"4974",9.6826171875,1993-08-13
"4975",12.642578125,1993-08-14
"4976",10.36328125,1993-08-15
"4977",8.0927734375,1993-08-16
"4978",10.86328125,1993-08-17
"4979",11.0126953125,1993-08-18
"4980",9.873046875,1993-08-19
"4981",10.142578125,1993-08-20
"4982",9.3828125,1993-08-21
"4983",9.283203125,1993-08-22
"4984",9.29296875,1993-08-23
"4985",9.1826171875,1993-08-24
"4986",8.6328125,1993-08-25
"4987",8.2333984375,1993-08-26
"4988",10.4326171875,1993-08-27
"4989",12.552734375,1993-08-28
"4990",11.2529296875,1993-08-29
"4991",13.22265625,1993-08-30
"4992",12.8330078125,1993-08-31
"4993",11.57421875,1993-09-01
"4994",9.6337890625,1993-09-02
"4995",10.2841796875,1993-09-03
"4996",8.25390625,1993-09-04
"4997",7.9443359375,1993-09-05
"4998",10.763671875,1993-09-06
"4999",10.9736328125,1993-09-07
"5000",12.814453125,1993-09-08
"5001",10.3037109375,1993-09-09
"5002",10.2041015625,1993-09-10
"5003",11.09375,1993-09-11
"5004",8.173828125,1993-09-12
"5005",8.0244140625,1993-09-13
"5006",9.234375,1993-09-14
"5007",9.2041015625,1993-09-15
"5008",9.263671875,1993-09-16
"5009",10.423828125,1993-09-17
"5010",10.984375,1993-09-18
"5011",12.513671875,1993-09-19
"5012",7.57421875,1993-09-20
"5013",9.75390625,1993-09-21
"5014",10.9638671875,1993-09-22
"5015",10.904296875,1993-09-23
"5016",11.2236328125,1993-09-24
"5017",10.013671875,1993-09-25
"5018",11.234375,1993-09-26
"5019",10.734375,1993-09-27
"5020",12.1640625,1993-09-28
"5021",15.904296875,1993-09-29
"5022",14.3837890625,1993-09-30
"5023",12.4130859375,1993-10-01
"5024",9.953125,1993-10-02
"5025",17.04296875,1993-10-03
"5026",9.5732421875,1993-10-04
"5027",12.47265625,1993-10-05
"5028",12.373046875,1993-10-06
"5029",11.2333984375,1993-10-07
"5030",15.142578125,1993-10-08
"5031",10.8134765625,1993-10-09
"5032",8.0927734375,1993-10-10
"5033",8.4833984375,1993-10-11
"5034",8.462890625,1993-10-12
"5035",9.1630859375,1993-10-13
"5036",9.033203125,1993-10-14
"5037",10.7431640625,1993-10-15
"5038",12.0126953125,1993-10-16
"5039",16.462890625,1993-10-17
"5040",10.5634765625,1993-10-18
"5041",10.783203125,1993-10-19
"5042",9.8525390625,1993-10-20
"5043",9.04296875,1993-10-21
"5044",9.7431640625,1993-10-22
"5045",8.703125,1993-10-23
"5046",13.5029296875,1993-10-24
"5047",12.22265625,1993-10-25
"5048",9.5029296875,1993-10-26
"5049",8.6025390625,1993-10-27
"5050",11.3427734375,1993-10-28
"5051",9.8330078125,1993-10-29
"5052",11.3330078125,1993-10-30
"5053",9.29296875,1993-10-31
"5054",15.4521484375,1993-11-01
"5055",10.5517578125,1993-11-02
"5056",12.412109375,1993-11-03
"5057",9.091796875,1993-11-04
"5058",10.982421875,1993-11-05
"5059",12.001953125,1993-11-06
"5060",12.251953125,1993-11-07
"5061",14.2724609375,1993-11-08
"5062",8.8623046875,1993-11-09
"5063",10.341796875,1993-11-10
"5064",6.6220703125,1993-11-11
"5065",14.26171875,1993-11-12
"5066",14.7021484375,1993-11-13
"5067",12.681640625,1993-11-14
"5068",13.5615234375,1993-11-15
"5069",12.671875,1993-11-16
"5070",16.921875,1993-11-17
"5071",16.3623046875,1993-11-18
"5072",17.4716796875,1993-11-19
"5073",11.3818359375,1993-11-20
"5074",11.0224609375,1993-11-21
"5075",9.83203125,1993-11-22
"5076",9.0615234375,1993-11-23
"5077",10.5615234375,1993-11-24
"5078",11.6416015625,1993-11-25
"5079",7.26171875,1993-11-26
"5080",12.982421875,1993-11-27
"5081",10.982421875,1993-11-28
"5082",11.8515625,1993-11-29
"5083",8.6318359375,1993-11-30
"5084",14.931640625,1993-12-01
"5085",11.7021484375,1993-12-02
"5086",15.76171875,1993-12-03
"5087",11.501953125,1993-12-04
"5088",8.8115234375,1993-12-05
"5089",10.40234375,1993-12-06
"5090",10.7919921875,1993-12-07
"5091",11.58203125,1993-12-08
"5092",12.251953125,1993-12-09
"5093",15.9423828125,1993-12-10
"5094",21.232421875,1993-12-11
"5095",11.2421875,1993-12-12
"5096",13.40234375,1993-12-13
"5097",21.072265625,1993-12-14
"5098",11.9521484375,1993-12-15
"5099",11.15234375,1993-12-16
"5100",11.671875,1993-12-17
"5101",12.8623046875,1993-12-18
"5102",14.1416015625,1993-12-19
"5103",13.6015625,1993-12-20
"5104",17.26171875,1993-12-21
"5105",14.591796875,1993-12-22
"5106",11.0419921875,1993-12-23
"5107",14.9921875,1993-12-24
"5108",14.412109375,1993-12-25
"5109",10.251953125,1993-12-26
"5110",9.5419921875,1993-12-27
"5111",12.232421875,1993-12-28
"5112",12.3115234375,1993-12-29
"5113",11.091796875,1993-12-30
"5114",11.7724609375,1993-12-31
"5115",11.3837890625,1994-01-01
"5116",16.654296875,1994-01-02
"5117",12.9736328125,1994-01-03
"5118",15.064453125,1994-01-04
"5119",14.603515625,1994-01-05
"5120",15.904296875,1994-01-06
"5121",16.1943359375,1994-01-07
"5122",11.00390625,1994-01-08
"5123",9.853515625,1994-01-09
"5124",10.994140625,1994-01-10
"5125",13.7841796875,1994-01-11
"5126",12.8642578125,1994-01-12
"5127",13.734375,1994-01-13
"5128",11.7939453125,1994-01-14
"5129",10.2841796875,1994-01-15
"5130",20.083984375,1994-01-16
"5131",11.484375,1994-01-17
"5132",12.984375,1994-01-18
"5133",14.6337890625,1994-01-19
"5134",12.564453125,1994-01-20
"5135",11.3740234375,1994-01-21
"5136",9.8837890625,1994-01-22
"5137",11.7744140625,1994-01-23
"5138",13.353515625,1994-01-24
"5139",10.494140625,1994-01-25
"5140",15.7236328125,1994-01-26
"5141",10.833984375,1994-01-27
"5142",10.2041015625,1994-01-28
"5143",12.3642578125,1994-01-29
"5144",13.7841796875,1994-01-30
"5145",14.6337890625,1994-01-31
"5146",15.41796875,1994-02-01
"5147",14.5576171875,1994-02-02
"5148",16.0576171875,1994-02-03
"5149",15.9384765625,1994-02-04
"5150",15.1884765625,1994-02-05
"5151",15.318359375,1994-02-06
"5152",15.998046875,1994-02-07
"5153",18.23828125,1994-02-08
"5154",15.7080078125,1994-02-09
"5155",17.408203125,1994-02-10
"5156",11.7177734375,1994-02-11
"5157",11.998046875,1994-02-12
"5158",16.248046875,1994-02-13
"5159",18.6982421875,1994-02-14
"5160",11.6484375,1994-02-15
"5161",10.6884765625,1994-02-16
"5162",13.6884765625,1994-02-17
"5163",10.2578125,1994-02-18
"5164",11.2275390625,1994-02-19
"5165",12.568359375,1994-02-20
"5166",10.0380859375,1994-02-21
"5167",13.5078125,1994-02-22
"5168",15.177734375,1994-02-23
"5169",17.658203125,1994-02-24
"5170",17.8779296875,1994-02-25
"5171",17.48828125,1994-02-26
"5172",13.7783203125,1994-02-27
"5173",9.6484375,1994-02-28
"5174",10.365234375,1994-03-01
"5175",12.0849609375,1994-03-02
"5176",12.875,1994-03-03
"5177",12.10546875,1994-03-04
"5178",12.8046875,1994-03-05
"5179",12.4052734375,1994-03-06
"5180",11.474609375,1994-03-07
"5181",12.89453125,1994-03-08
"5182",13.1650390625,1994-03-09
"5183",14.125,1994-03-10
"5184",12.375,1994-03-11
"5185",9.2353515625,1994-03-12
"5186",10.5849609375,1994-03-13
"5187",10.9853515625,1994-03-14
"5188",12.60546875,1994-03-15
"5189",13.7548828125,1994-03-16
"5190",10.0751953125,1994-03-17
"5191",9.365234375,1994-03-18
"5192",10.275390625,1994-03-19
"5193",12.125,1994-03-20
"5194",12.3349609375,1994-03-21
"5195",11.5849609375,1994-03-22
"5196",11.2646484375,1994-03-23
"5197",10.525390625,1994-03-24
"5198",11.7646484375,1994-03-25
"5199",13.224609375,1994-03-26
"5200",12.974609375,1994-03-27
"5201",11.544921875,1994-03-28
"5202",10.365234375,1994-03-29
"5203",11.9853515625,1994-03-30
"5204",11.3251953125,1994-03-31
"5205",12.646484375,1994-04-01
"5206",12.255859375,1994-04-02
"5207",14.755859375,1994-04-03
"5208",14.345703125,1994-04-04
"5209",11.6064453125,1994-04-05
"5210",14.17578125,1994-04-06
"5211",10.8857421875,1994-04-07
"5212",13.3662109375,1994-04-08
"5213",11.15625,1994-04-09
"5214",9.8857421875,1994-04-10
"5215",10.845703125,1994-04-11
"5216",13.486328125,1994-04-12
"5217",14.515625,1994-04-13
"5218",13.8662109375,1994-04-14
"5219",14.40625,1994-04-15
"5220",12.265625,1994-04-16
"5221",13.81640625,1994-04-17
"5222",10.095703125,1994-04-18
"5223",11.736328125,1994-04-19
"5224",11.5859375,1994-04-20
"5225",11.3359375,1994-04-21
"5226",12.0361328125,1994-04-22
"5227",10.99609375,1994-04-23
"5228",9.515625,1994-04-24
"5229",6.9755859375,1994-04-25
"5230",7.9560546875,1994-04-26
"5231",15.56640625,1994-04-27
"5232",15.736328125,1994-04-28
"5233",9.7158203125,1994-04-29
"5234",9.396484375,1994-04-30
"5235",12.4365234375,1994-05-01
"5236",12.1669921875,1994-05-02
"5237",8.2265625,1994-05-03
"5238",7.8369140625,1994-05-04
"5239",7.6474609375,1994-05-05
"5240",9.556640625,1994-05-06
"5241",12.466796875,1994-05-07
"5242",8.947265625,1994-05-08
"5243",11.3466796875,1994-05-09
"5244",9.056640625,1994-05-10
"5245",9.107421875,1994-05-11
"5246",8.7373046875,1994-05-12
"5247",6.8671875,1994-05-13
"5248",12.70703125,1994-05-14
"5249",10.947265625,1994-05-15
"5250",9.6474609375,1994-05-16
"5251",8.806640625,1994-05-17
"5252",11.6669921875,1994-05-18
"5253",11.8974609375,1994-05-19
"5254",10.966796875,1994-05-20
"5255",7.5966796875,1994-05-21
"5256",13.1865234375,1994-05-22
"5257",11.796875,1994-05-23
"5258",6.8466796875,1994-05-24
"5259",10.306640625,1994-05-25
"5260",13.216796875,1994-05-26
"5261",15.1474609375,1994-05-27
"5262",13.8271484375,1994-05-28
"5263",11.466796875,1994-05-29
"5264",8.216796875,1994-05-30
"5265",13.1669921875,1994-05-31
"5266",10.4833984375,1994-06-01
"5267",9.9130859375,1994-06-02
"5268",10.373046875,1994-06-03
"5269",12.0029296875,1994-06-04
"5270",11.2431640625,1994-06-05
"5271",10.212890625,1994-06-06
"5272",13.033203125,1994-06-07
"5273",12.2333984375,1994-06-08
"5274",11.0029296875,1994-06-09
"5275",10.5126953125,1994-06-10
"5276",12.392578125,1994-06-11
"5277",12.623046875,1994-06-12
"5278",10.9326171875,1994-06-13
"5279",11.142578125,1994-06-14
"5280",11.9931640625,1994-06-15
"5281",11.6826171875,1994-06-16
"5282",13.552734375,1994-06-17
"5283",12.1025390625,1994-06-18
"5284",10.3525390625,1994-06-19
"5285",11.5234375,1994-06-20
"5286",8.8232421875,1994-06-21
"5287",8.703125,1994-06-22
"5288",8.693359375,1994-06-23
"5289",10.6533203125,1994-06-24
"5290",12.0234375,1994-06-25
"5291",10.783203125,1994-06-26
"5292",9.7431640625,1994-06-27
"5293",9.0927734375,1994-06-28
"5294",9.2734375,1994-06-29
"5295",9.11328125,1994-06-30
"5296",8.0234375,1994-07-01
"5297",5.9931640625,1994-07-02
"5298",7.462890625,1994-07-03
"5299",7.9033203125,1994-07-04
"5300",7.533203125,1994-07-05
"5301",8.6826171875,1994-07-06
"5302",9.203125,1994-07-07
"5303",9.3232421875,1994-07-08
"5304",9.2333984375,1994-07-09
"5305",7.6826171875,1994-07-10
"5306",10.7734375,1994-07-11
"5307",10.462890625,1994-07-12
"5308",11.2431640625,1994-07-13
"5309",9.3232421875,1994-07-14
"5310",9.04296875,1994-07-15
"5311",9.4033203125,1994-07-16
"5312",7.943359375,1994-07-17
"5313",8.5927734375,1994-07-18
"5314",11.033203125,1994-07-19
"5315",8.8828125,1994-07-20
"5316",10.3828125,1994-07-21
"5317",9.0234375,1994-07-22
"5318",7.712890625,1994-07-23
"5319",6.36328125,1994-07-24
"5320",9.7333984375,1994-07-25
"5321",8.7333984375,1994-07-26
"5322",9.9931640625,1994-07-27
"5323",9.552734375,1994-07-28
"5324",8.2734375,1994-07-29
"5325",7.802734375,1994-07-30
"5326",8.783203125,1994-07-31
"5327",9.7529296875,1994-08-01
"5328",10.29296875,1994-08-02
"5329",9.8134765625,1994-08-03
"5330",9.4326171875,1994-08-04
"5331",7.8427734375,1994-08-05
"5332",11.703125,1994-08-06
"5333",8.04296875,1994-08-07
"5334",8.47265625,1994-08-08
"5335",8.9130859375,1994-08-09
"5336",7.712890625,1994-08-10
"5337",6.052734375,1994-08-11
"5338",5.9228515625,1994-08-12
"5339",8.4228515625,1994-08-13
"5340",8.9833984375,1994-08-14
"5341",9.11328125,1994-08-15
"5342",8.693359375,1994-08-16
"5343",8.302734375,1994-08-17
"5344",9.5732421875,1994-08-18
"5345",7.79296875,1994-08-19
"5346",8.6328125,1994-08-20
"5347",9.47265625,1994-08-21
"5348",8.9326171875,1994-08-22
"5349",9.7431640625,1994-08-23
"5350",10.8134765625,1994-08-24
"5351",10.693359375,1994-08-25
"5352",10.373046875,1994-08-26
"5353",8.2333984375,1994-08-27
"5354",10.373046875,1994-08-28
"5355",8.61328125,1994-08-29
"5356",8.453125,1994-08-30
"5357",7.4326171875,1994-08-31
"5358",5.09375,1994-09-01
"5359",12.2939453125,1994-09-02
"5360",13.3037109375,1994-09-03
"5361",13.2841796875,1994-09-04
"5362",11.404296875,1994-09-05
"5363",10.9541015625,1994-09-06
"5364",9.314453125,1994-09-07
"5365",10.00390625,1994-09-08
"5366",10.853515625,1994-09-09
"5367",10.853515625,1994-09-10
"5368",8.2744140625,1994-09-11
"5369",10.8837890625,1994-09-12
"5370",9.1337890625,1994-09-13
"5371",9.75390625,1994-09-14
"5372",8.84375,1994-09-15
"5373",7.8642578125,1994-09-16
"5374",9.744140625,1994-09-17
"5375",11.18359375,1994-09-18
"5376",7.404296875,1994-09-19
"5377",7.25390625,1994-09-20
"5378",10.734375,1994-09-21
"5379",5.353515625,1994-09-22
"5380",9.103515625,1994-09-23
"5381",10.083984375,1994-09-24
"5382",7.8837890625,1994-09-25
"5383",11.583984375,1994-09-26
"5384",7.2138671875,1994-09-27
"5385",7.5439453125,1994-09-28
"5386",9.3837890625,1994-09-29
"5387",10.4638671875,1994-09-30
"5388",12.3134765625,1994-10-01
"5389",11.462890625,1994-10-02
"5390",11.1826171875,1994-10-03
"5391",11.642578125,1994-10-04
"5392",9.212890625,1994-10-05
"5393",12.2431640625,1994-10-06
"5394",8.2333984375,1994-10-07
"5395",9.453125,1994-10-08
"5396",10.0634765625,1994-10-09
"5397",11.4326171875,1994-10-10
"5398",9.54296875,1994-10-11
"5399",9.54296875,1994-10-12
"5400",10.533203125,1994-10-13
"5401",8.033203125,1994-10-14
"5402",6.5830078125,1994-10-15
"5403",13.2431640625,1994-10-16
"5404",11.79296875,1994-10-17
"5405",10.0126953125,1994-10-18
"5406",10.1533203125,1994-10-19
"5407",9.052734375,1994-10-20
"5408",7.9833984375,1994-10-21
"5409",10.0234375,1994-10-22
"5410",6.962890625,1994-10-23
"5411",6.6533203125,1994-10-24
"5412",11.1826171875,1994-10-25
"5413",13.6630859375,1994-10-26
"5414",11.2529296875,1994-10-27
"5415",8.193359375,1994-10-28
"5416",11.0830078125,1994-10-29
"5417",12.0830078125,1994-10-30
"5418",9.5126953125,1994-10-31
"5419",9.1015625,1994-11-01
"5420",12.2724609375,1994-11-02
"5421",12.1220703125,1994-11-03
"5422",8.6015625,1994-11-04
"5423",13.01171875,1994-11-05
"5424",12.6923828125,1994-11-06
"5425",11.681640625,1994-11-07
"5426",11.3720703125,1994-11-08
"5427",12.8017578125,1994-11-09
"5428",10.0517578125,1994-11-10
"5429",13.841796875,1994-11-11
"5430",11.841796875,1994-11-12
"5431",9.7119140625,1994-11-13
"5432",11.5419921875,1994-11-14
"5433",10.1318359375,1994-11-15
"5434",10.322265625,1994-11-16
"5435",11.0224609375,1994-11-17
"5436",11.5419921875,1994-11-18
"5437",13.232421875,1994-11-19
"5438",12.421875,1994-11-20
"5439",10.33203125,1994-11-21
"5440",10.0419921875,1994-11-22
"5441",10.841796875,1994-11-23
"5442",11.572265625,1994-11-24
"5443",13.76171875,1994-11-25
"5444",13.6123046875,1994-11-26
"5445",15.251953125,1994-11-27
"5446",9.15234375,1994-11-28
"5447",12.15234375,1994-11-29
"5448",8.8515625,1994-11-30
"5449",7.9619140625,1994-12-01
"5450",9.33203125,1994-12-02
"5451",9.091796875,1994-12-03
"5452",8.162109375,1994-12-04
"5453",9.232421875,1994-12-05
"5454",11.412109375,1994-12-06
"5455",17.5224609375,1994-12-07
"5456",10.2216796875,1994-12-08
"5457",8.232421875,1994-12-09
"5458",11.2021484375,1994-12-10
"5459",9.341796875,1994-12-11
"5460",7.4521484375,1994-12-12
"5461",13.921875,1994-12-13
"5462",10.0615234375,1994-12-14
"5463",9.76171875,1994-12-15
"5464",11.1318359375,1994-12-16
"5465",11.76171875,1994-12-17
"5466",10.671875,1994-12-18
"5467",13.8623046875,1994-12-19
"5468",19.8115234375,1994-12-20
"5469",22.2216796875,1994-12-21
"5470",12.26171875,1994-12-22
"5471",10.8623046875,1994-12-23
"5472",11.8017578125,1994-12-24
"5473",10.76171875,1994-12-25
"5474",11.681640625,1994-12-26
"5475",14.4716796875,1994-12-27
"5476",15.76171875,1994-12-28
"5477",10.982421875,1994-12-29
"5478",12.412109375,1994-12-30
"5479",13.6318359375,1994-12-31
"5480",12.8642578125,1995-01-01
"5481",7.9736328125,1995-01-02
"5482",12.2236328125,1995-01-03
"5483",16.064453125,1995-01-04
"5484",18.333984375,1995-01-05
"5485",14.2041015625,1995-01-06
"5486",9.9638671875,1995-01-07
"5487",9.7236328125,1995-01-08
"5488",9.3837890625,1995-01-09
"5489",7.93359375,1995-01-10
"5490",12.404296875,1995-01-11
"5491",14.923828125,1995-01-12
"5492",13.1142578125,1995-01-13
"5493",20.8037109375,1995-01-14
"5494",19.744140625,1995-01-15
"5495",16.6240234375,1995-01-16
"5496",13.75390625,1995-01-17
"5497",15.7236328125,1995-01-18
"5498",19.0244140625,1995-01-19
"5499",15.9443359375,1995-01-20
"5500",9.2939453125,1995-01-21
"5501",8.0341796875,1995-01-22
"5502",8.2841796875,1995-01-23
"5503",13.5439453125,1995-01-24
"5504",13.2841796875,1995-01-25
"5505",13.8837890625,1995-01-26
"5506",19.3740234375,1995-01-27
"5507",15.25390625,1995-01-28
"5508",15.6435546875,1995-01-29
"5509",18.833984375,1995-01-30
"5510",14.013671875,1995-01-31
"5511",12.66796875,1995-02-01
"5512",13.91796875,1995-02-02
"5513",12.7275390625,1995-02-03
"5514",11.9775390625,1995-02-04
"5515",13.6376953125,1995-02-05
"5516",11.0576171875,1995-02-06
"5517",12.068359375,1995-02-07
"5518",14.318359375,1995-02-08
"5519",11.267578125,1995-02-09
"5520",11.7080078125,1995-02-10
"5521",13.748046875,1995-02-11
"5522",10.84765625,1995-02-12
"5523",14.2578125,1995-02-13
"5524",15.6982421875,1995-02-14
"5525",15.408203125,1995-02-15
"5526",15.0478515625,1995-02-16
"5527",11.5380859375,1995-02-17
"5528",11.837890625,1995-02-18
"5529",12.6484375,1995-02-19
"5530",12.6884765625,1995-02-20
"5531",13.318359375,1995-02-21
"5532",13.158203125,1995-02-22
"5533",12.9384765625,1995-02-23
"5534",11.66796875,1995-02-24
"5535",13.0283203125,1995-02-25
"5536",15.4482421875,1995-02-26
"5537",17.2978515625,1995-02-27
"5538",17.427734375,1995-02-28
"5539",17.615234375,1995-03-01
"5540",15.5546875,1995-03-02
"5541",13.115234375,1995-03-03
"5542",11.7451171875,1995-03-04
"5543",11.3447265625,1995-03-05
"5544",14.71484375,1995-03-06
"5545",15.724609375,1995-03-07
"5546",16.71484375,1995-03-08
"5547",11.03515625,1995-03-09
"5548",11.4853515625,1995-03-10
"5549",14.03515625,1995-03-11
"5550",10.6650390625,1995-03-12
"5551",9.974609375,1995-03-13
"5552",11.884765625,1995-03-14
"5553",13.705078125,1995-03-15
"5554",9.9853515625,1995-03-16
"5555",11.3447265625,1995-03-17
"5556",14.384765625,1995-03-18
"5557",12.14453125,1995-03-19
"5558",11.875,1995-03-20
"5559",12.5751953125,1995-03-21
"5560",14.5146484375,1995-03-22
"5561",14.0048828125,1995-03-23
"5562",15.0849609375,1995-03-24
"5563",10.134765625,1995-03-25
"5564",10.71484375,1995-03-26
"5565",12.724609375,1995-03-27
"5566",11.134765625,1995-03-28
"5567",14.35546875,1995-03-29
"5568",13.115234375,1995-03-30
"5569",13.1552734375,1995-03-31
"5570",9.3759765625,1995-04-01
"5571",11.166015625,1995-04-02
"5572",9.5859375,1995-04-03
"5573",13.6259765625,1995-04-04
"5574",10.7763671875,1995-04-05
"5575",13.65625,1995-04-06
"5576",10.24609375,1995-04-07
"5577",12.6064453125,1995-04-08
"5578",13.1259765625,1995-04-09
"5579",9.236328125,1995-04-10
"5580",12.7158203125,1995-04-11
"5581",11.67578125,1995-04-12
"5582",12.42578125,1995-04-13
"5583",12.92578125,1995-04-14
"5584",10.4658203125,1995-04-15
"5585",10.8564453125,1995-04-16
"5586",9.2158203125,1995-04-17
"5587",9.0458984375,1995-04-18
"5588",10.3662109375,1995-04-19
"5589",11.74609375,1995-04-20
"5590",13.5859375,1995-04-21
"5591",11.92578125,1995-04-22
"5592",10.015625,1995-04-23
"5593",9.8359375,1995-04-24
"5594",12.236328125,1995-04-25
"5595",14.7255859375,1995-04-26
"5596",10.326171875,1995-04-27
"5597",10.265625,1995-04-28
"5598",9.435546875,1995-04-29
"5599",15.255859375,1995-04-30
"5600",11.9169921875,1995-05-01
"5601",12.52734375,1995-05-02
"5602",10.6572265625,1995-05-03
"5603",11.2373046875,1995-05-04
"5604",10.9970703125,1995-05-05
"5605",11.1767578125,1995-05-06
"5606",10.6474609375,1995-05-07
"5607",10.9169921875,1995-05-08
"5608",12.466796875,1995-05-09
"5609",12.13671875,1995-05-10
"5610",11.876953125,1995-05-11
"5611",11.537109375,1995-05-12
"5612",13.8974609375,1995-05-13
"5613",12.27734375,1995-05-14
"5614",10.8173828125,1995-05-15
"5615",10.046875,1995-05-16
"5616",11.0869140625,1995-05-17
"5617",9.8671875,1995-05-18
"5618",9.95703125,1995-05-19
"5619",10.556640625,1995-05-20
"5620",10.2470703125,1995-05-21
"5621",9.1669921875,1995-05-22
"5622",9.9267578125,1995-05-23
"5623",9.7470703125,1995-05-24
"5624",10.52734375,1995-05-25
"5625",8.8466796875,1995-05-26
"5626",11.9267578125,1995-05-27
"5627",12.0166015625,1995-05-28
"5628",10.9873046875,1995-05-29
"5629",10.9765625,1995-05-30
"5630",10.4970703125,1995-05-31
"5631",10.1630859375,1995-06-01
"5632",9.7626953125,1995-06-02
"5633",9.11328125,1995-06-03
"5634",9.033203125,1995-06-04
"5635",11.11328125,1995-06-05
"5636",11.8232421875,1995-06-06
"5637",12.3828125,1995-06-07
"5638",14.0830078125,1995-06-08
"5639",16.6826171875,1995-06-09
"5640",11.9130859375,1995-06-10
"5641",11.8525390625,1995-06-11
"5642",10.0234375,1995-06-12
"5643",9.193359375,1995-06-13
"5644",10.943359375,1995-06-14
"5645",10.7431640625,1995-06-15
"5646",9.7333984375,1995-06-16
"5647",8.693359375,1995-06-17
"5648",10.8427734375,1995-06-18
"5649",11.36328125,1995-06-19
"5650",9.3427734375,1995-06-20
"5651",8.6728515625,1995-06-21
"5652",7.783203125,1995-06-22
"5653",6.443359375,1995-06-23
"5654",7.22265625,1995-06-24
"5655",10.533203125,1995-06-25
"5656",7.443359375,1995-06-26
"5657",7.8134765625,1995-06-27
"5658",10.802734375,1995-06-28
"5659",10.0234375,1995-06-29
"5660",11.9033203125,1995-06-30
"5661",9.4130859375,1995-07-01
"5662",12.1728515625,1995-07-02
"5663",11.4033203125,1995-07-03
"5664",8.7626953125,1995-07-04
"5665",7.802734375,1995-07-05
"5666",9.5029296875,1995-07-06
"5667",9.0732421875,1995-07-07
"5668",7.4931640625,1995-07-08
"5669",7.693359375,1995-07-09
"5670",8.3525390625,1995-07-10
"5671",11.47265625,1995-07-11
"5672",11.8525390625,1995-07-12
"5673",12.6630859375,1995-07-13
"5674",10.873046875,1995-07-14
"5675",11.4326171875,1995-07-15
"5676",11.9833984375,1995-07-16
"5677",11.6533203125,1995-07-17
"5678",10.2333984375,1995-07-18
"5679",10.3828125,1995-07-19
"5680",8.5927734375,1995-07-20
"5681",10.2529296875,1995-07-21
"5682",10.97265625,1995-07-22
"5683",10.962890625,1995-07-23
"5684",9.7626953125,1995-07-24
"5685",8.802734375,1995-07-25
"5686",9.2626953125,1995-07-26
"5687",12.283203125,1995-07-27
"5688",9.642578125,1995-07-28
"5689",9.7626953125,1995-07-29
"5690",7.47265625,1995-07-30
"5691",9.5927734375,1995-07-31
"5692",11.4033203125,1995-08-01
"5693",9.36328125,1995-08-02
"5694",11.5029296875,1995-08-03
"5695",11.2333984375,1995-08-04
"5696",9.8427734375,1995-08-05
"5697",8.9228515625,1995-08-06
"5698",8.5234375,1995-08-07
"5699",9.11328125,1995-08-08
"5700",8.142578125,1995-08-09
"5701",7.6826171875,1995-08-10
"5702",6.7529296875,1995-08-11
"5703",7.1328125,1995-08-12
"5704",6.0029296875,1995-08-13
"5705",6.943359375,1995-08-14
"5706",11.533203125,1995-08-15
"5707",11.36328125,1995-08-16
"5708",10.11328125,1995-08-17
"5709",10.4130859375,1995-08-18
"5710",10.873046875,1995-08-19
"5711",10.2529296875,1995-08-20
"5712",12.212890625,1995-08-21
"5713",10.6630859375,1995-08-22
"5714",12.203125,1995-08-23
"5715",9.5732421875,1995-08-24
"5716",12.6025390625,1995-08-25
"5717",9.6025390625,1995-08-26
"5718",10.193359375,1995-08-27
"5719",9.5234375,1995-08-28
"5720",7.6328125,1995-08-29
"5721",12.0029296875,1995-08-30
"5722",8.462890625,1995-08-31
"5723",8.93359375,1995-09-01
"5724",8.4443359375,1995-09-02
"5725",8.07421875,1995-09-03
"5726",11.07421875,1995-09-04
"5727",7.0439453125,1995-09-05
"5728",7.1142578125,1995-09-06
"5729",6.0244140625,1995-09-07
"5730",6.103515625,1995-09-08
"5731",11.0537109375,1995-09-09
"5732",10.494140625,1995-09-10
"5733",9.1240234375,1995-09-11
"5734",9.5439453125,1995-09-12
"5735",7.07421875,1995-09-13
"5736",11.4140625,1995-09-14
"5737",10.1943359375,1995-09-15
"5738",10.84375,1995-09-16
"5739",10.32421875,1995-09-17
"5740",12.1640625,1995-09-18
"5741",12.744140625,1995-09-19
"5742",11.59375,1995-09-20
"5743",11.1337890625,1995-09-21
"5744",12.18359375,1995-09-22
"5745",12.7236328125,1995-09-23
"5746",8.5537109375,1995-09-24
"5747",8.9736328125,1995-09-25
"5748",9.494140625,1995-09-26
"5749",8.513671875,1995-09-27
"5750",9.43359375,1995-09-28
"5751",10.513671875,1995-09-29
"5752",14.853515625,1995-09-30
"5753",11.8427734375,1995-10-01
"5754",11.2734375,1995-10-02
"5755",10.392578125,1995-10-03
"5756",10.693359375,1995-10-04
"5757",14.4326171875,1995-10-05
"5758",9.6533203125,1995-10-06
"5759",12.873046875,1995-10-07
"5760",8.953125,1995-10-08
"5761",9.203125,1995-10-09
"5762",8.9228515625,1995-10-10
"5763",12.8330078125,1995-10-11
"5764",16.5830078125,1995-10-12
"5765",9.9130859375,1995-10-13
"5766",8.1630859375,1995-10-14
"5767",8.6533203125,1995-10-15
"5768",7.8828125,1995-10-16
"5769",7.3330078125,1995-10-17
"5770",10.54296875,1995-10-18
"5771",10.61328125,1995-10-19
"5772",7.873046875,1995-10-20
"5773",6.2333984375,1995-10-21
"5774",10.392578125,1995-10-22
"5775",10.0732421875,1995-10-23
"5776",10.61328125,1995-10-24
"5777",10.0634765625,1995-10-25
"5778",10.873046875,1995-10-26
"5779",10.3525390625,1995-10-27
"5780",12.2431640625,1995-10-28
"5781",10.6826171875,1995-10-29
"5782",10.8828125,1995-10-30
"5783",8.9833984375,1995-10-31
"5784",10.2421875,1995-11-01
"5785",15.6416015625,1995-11-02
"5786",14.3818359375,1995-11-03
"5787",11.5224609375,1995-11-04
"5788",9.931640625,1995-11-05
"5789",11.9619140625,1995-11-06
"5790",10.1416015625,1995-11-07
"5791",9.751953125,1995-11-08
"5792",13.7216796875,1995-11-09
"5793",10.072265625,1995-11-10
"5794",9.732421875,1995-11-11
"5795",9.421875,1995-11-12
"5796",7.1220703125,1995-11-13
"5797",12.2421875,1995-11-14
"5798",9.8115234375,1995-11-15
"5799",9.58203125,1995-11-16
"5800",8.662109375,1995-11-17
"5801",11.8818359375,1995-11-18
"5802",9.8017578125,1995-11-19
"5803",10.8115234375,1995-11-20
"5804",10.732421875,1995-11-21
"5805",10.591796875,1995-11-22
"5806",9.9716796875,1995-11-23
"5807",11.982421875,1995-11-24
"5808",7.4921875,1995-11-25
"5809",13.90234375,1995-11-26
"5810",7.9716796875,1995-11-27
"5811",14.0322265625,1995-11-28
"5812",11.7119140625,1995-11-29
"5813",13.1220703125,1995-11-30
"5814",10.90234375,1995-12-01
"5815",10.9716796875,1995-12-02
"5816",9.181640625,1995-12-03
"5817",9.4619140625,1995-12-04
"5818",9.232421875,1995-12-05
"5819",8.9521484375,1995-12-06
"5820",8.2216796875,1995-12-07
"5821",9.51171875,1995-12-08
"5822",15.6015625,1995-12-09
"5823",8.6923828125,1995-12-10
"5824",8.251953125,1995-12-11
"5825",9.2021484375,1995-12-12
"5826",11.1123046875,1995-12-13
"5827",12.5615234375,1995-12-14
"5828",12.8916015625,1995-12-15
"5829",13.6015625,1995-12-16
"5830",17.431640625,1995-12-17
"5831",12.162109375,1995-12-18
"5832",11.2724609375,1995-12-19
"5833",10.5224609375,1995-12-20
"5834",9.591796875,1995-12-21
"5835",9.4521484375,1995-12-22
"5836",8.4423828125,1995-12-23
"5837",8.8916015625,1995-12-24
"5838",10.08203125,1995-12-25
"5839",10.982421875,1995-12-26
"5840",11.9521484375,1995-12-27
"5841",11.341796875,1995-12-28
"5842",13.1220703125,1995-12-29
"5843",13.3515625,1995-12-30
"5844",18.7421875,1995-12-31
"5845",16.43359375,1996-01-01
"5846",10.5537109375,1996-01-02
"5847",11.013671875,1996-01-03
"5848",13.1943359375,1996-01-04
"5849",14.5341796875,1996-01-05
"5850",14.833984375,1996-01-06
"5851",15.4140625,1996-01-07
"5852",15.833984375,1996-01-08
"5853",14.9638671875,1996-01-09
"5854",16.6337890625,1996-01-10
"5855",16.0244140625,1996-01-11
"5856",13.333984375,1996-01-12
"5857",12.5537109375,1996-01-13
"5858",8.1142578125,1996-01-14
"5859",12.9541015625,1996-01-15
"5860",13.484375,1996-01-16
"5861",12.6142578125,1996-01-17
"5862",13.083984375,1996-01-18
"5863",14.6240234375,1996-01-19
"5864",10.7138671875,1996-01-20
"5865",9.984375,1996-01-21
"5866",12.09375,1996-01-22
"5867",10.59375,1996-01-23
"5868",13.43359375,1996-01-24
"5869",9.5537109375,1996-01-25
"5870",10.3935546875,1996-01-26
"5871",11.984375,1996-01-27
"5872",13.2138671875,1996-01-28
"5873",12.5341796875,1996-01-29
"5874",10.9443359375,1996-01-30
"5875",11.8837890625,1996-01-31
"5876",12.9482421875,1996-02-01
"5877",11.998046875,1996-02-02
"5878",11.658203125,1996-02-03
"5879",12.158203125,1996-02-04
"5880",12.09765625,1996-02-05
"5881",13.9482421875,1996-02-06
"5882",15.748046875,1996-02-07
"5883",13.84765625,1996-02-08
"5884",13.2080078125,1996-02-09
"5885",12.318359375,1996-02-10
"5886",12.0380859375,1996-02-11
"5887",10.2275390625,1996-02-12
"5888",10.41796875,1996-02-13
"5889",10.23828125,1996-02-14
"5890",11.1181640625,1996-02-15
"5891",12.818359375,1996-02-16
"5892",10.6982421875,1996-02-17
"5893",10.7275390625,1996-02-18
"5894",12.6884765625,1996-02-19
"5895",14.8681640625,1996-02-20
"5896",12.8681640625,1996-02-21
"5897",13.1181640625,1996-02-22
"5898",16.0078125,1996-02-23
"5899",13.427734375,1996-02-24
"5900",12.748046875,1996-02-25
"5901",15.2080078125,1996-02-26
"5902",13.48828125,1996-02-27
"5903",11.748046875,1996-02-28
"5904",12.4384765625,1996-02-29
"5905",12.96484375,1996-03-01
"5906",13.4248046875,1996-03-02
"5907",13.625,1996-03-03
"5908",11.9853515625,1996-03-04
"5909",10.365234375,1996-03-05
"5910",14.89453125,1996-03-06
"5911",10.365234375,1996-03-07
"5912",10.4052734375,1996-03-08
"5913",12.53515625,1996-03-09
"5914",12.9853515625,1996-03-10
"5915",12.0146484375,1996-03-11
"5916",13.134765625,1996-03-12
"5917",14.205078125,1996-03-13
"5918",11.9345703125,1996-03-14
"5919",13.4453125,1996-03-15
"5920",15.884765625,1996-03-16
"5921",10.6953125,1996-03-17
"5922",11.4052734375,1996-03-18
"5923",12.6953125,1996-03-19
"5924",10.0947265625,1996-03-20
"5925",12.9248046875,1996-03-21
"5926",11.1552734375,1996-03-22
"5927",10.634765625,1996-03-23
"5928",10.9453125,1996-03-24
"5929",11.4853515625,1996-03-25
"5930",11.794921875,1996-03-26
"5931",13.4853515625,1996-03-27
"5932",11.115234375,1996-03-28
"5933",18.8046875,1996-03-29
"5934",14.5146484375,1996-03-30
"5935",10.60546875,1996-03-31
"5936",13.015625,1996-04-01
"5937",11.5458984375,1996-04-02
"5938",12.9462890625,1996-04-03
"5939",12.7158203125,1996-04-04
"5940",12.8662109375,1996-04-05
"5941",17.49609375,1996-04-06
"5942",14.5556640625,1996-04-07
"5943",12.076171875,1996-04-08
"5944",11.486328125,1996-04-09
"5945",10.935546875,1996-04-10
"5946",11.345703125,1996-04-11
"5947",10.7861328125,1996-04-12
"5948",14.6962890625,1996-04-13
"5949",10.666015625,1996-04-14
"5950",12.2060546875,1996-04-15
"5951",13.1962890625,1996-04-16
"5952",11.3662109375,1996-04-17
"5953",11.255859375,1996-04-18
"5954",12.4560546875,1996-04-19
"5955",10.81640625,1996-04-20
"5956",14.7958984375,1996-04-21
"5957",11.2861328125,1996-04-22
"5958",10.3359375,1996-04-23
"5959",12.505859375,1996-04-24
"5960",14.7763671875,1996-04-25
"5961",15.515625,1996-04-26
"5962",11.0361328125,1996-04-27
"5963",7.7255859375,1996-04-28
"5964",8.486328125,1996-04-29
"5965",9.40625,1996-04-30
"5966",10.2265625,1996-05-01
"5967",11.447265625,1996-05-02
"5968",14.1669921875,1996-05-03
"5969",13.626953125,1996-05-04
"5970",15.38671875,1996-05-05
"5971",14.6767578125,1996-05-06
"5972",11.7666015625,1996-05-07
"5973",10.056640625,1996-05-08
"5974",8.3466796875,1996-05-09
"5975",8.0771484375,1996-05-10
"5976",13.6669921875,1996-05-11
"5977",11.5068359375,1996-05-12
"5978",10.5673828125,1996-05-13
"5979",8.8369140625,1996-05-14
"5980",9.3271484375,1996-05-15
"5981",10.1171875,1996-05-16
"5982",8.306640625,1996-05-17
"5983",7.9765625,1996-05-18
"5984",11.3466796875,1996-05-19
"5985",10.857421875,1996-05-20
"5986",11.3173828125,1996-05-21
"5987",13.3173828125,1996-05-22
"5988",13.5166015625,1996-05-23
"5989",12.9970703125,1996-05-24
"5990",11.70703125,1996-05-25
"5991",9.5869140625,1996-05-26
"5992",10.1171875,1996-05-27
"5993",11.546875,1996-05-28
"5994",12.9765625,1996-05-29
"5995",10.4169921875,1996-05-30
"5996",10.2568359375,1996-05-31
"5997",10.0126953125,1996-06-01
"5998",11.212890625,1996-06-02
"5999",15.5234375,1996-06-03
"6000",9.033203125,1996-06-04
"6001",10.203125,1996-06-05
"6002",13.373046875,1996-06-06
"6003",10.7734375,1996-06-07
"6004",10.373046875,1996-06-08
"6005",10.283203125,1996-06-09
"6006",9.5234375,1996-06-10
"6007",8.3330078125,1996-06-11
"6008",8.462890625,1996-06-12
"6009",8.453125,1996-06-13
"6010",8.283203125,1996-06-14
"6011",8.7431640625,1996-06-15
"6012",8.2431640625,1996-06-16
"6013",10.9130859375,1996-06-17
"6014",13.86328125,1996-06-18
"6015",13.6533203125,1996-06-19
"6016",11.5927734375,1996-06-20
"6017",11.7529296875,1996-06-21
"6018",13.9326171875,1996-06-22
"6019",12.0927734375,1996-06-23
"6020",12.453125,1996-06-24
"6021",10.443359375,1996-06-25
"6022",11.0927734375,1996-06-26
"6023",11.61328125,1996-06-27
"6024",10.392578125,1996-06-28
"6025",11.8134765625,1996-06-29
"6026",11.1728515625,1996-06-30
"6027",11.5927734375,1996-07-01
"6028",10.8330078125,1996-07-02
"6029",8.8134765625,1996-07-03
"6030",12.8330078125,1996-07-04
"6031",11.7431640625,1996-07-05
"6032",10.1728515625,1996-07-06
"6033",10.1533203125,1996-07-07
"6034",9.193359375,1996-07-08
"6035",8.533203125,1996-07-09
"6036",10.22265625,1996-07-10
"6037",9.462890625,1996-07-11
"6038",9.033203125,1996-07-12
"6039",10.3525390625,1996-07-13
"6040",9.8828125,1996-07-14
"6041",11.0634765625,1996-07-15
"6042",8.4033203125,1996-07-16
"6043",12.0732421875,1996-07-17
"6044",11.7529296875,1996-07-18
"6045",11.6826171875,1996-07-19
"6046",10.36328125,1996-07-20
"6047",10.9931640625,1996-07-21
"6048",9.9833984375,1996-07-22
"6049",10.3232421875,1996-07-23
"6050",10.61328125,1996-07-24
"6051",8.703125,1996-07-25
"6052",11.552734375,1996-07-26
"6053",10.8525390625,1996-07-27
"6054",9.962890625,1996-07-28
"6055",10.3525390625,1996-07-29
"6056",8.453125,1996-07-30
"6057",12.47265625,1996-07-31
"6058",10.5634765625,1996-08-01
"6059",10.802734375,1996-08-02
"6060",11.0126953125,1996-08-03
"6061",11.61328125,1996-08-04
"6062",10.623046875,1996-08-05
"6063",10.3427734375,1996-08-06
"6064",10.0830078125,1996-08-07
"6065",8.623046875,1996-08-08
"6066",10.22265625,1996-08-09
"6067",9.7333984375,1996-08-10
"6068",7.623046875,1996-08-11
"6069",8.373046875,1996-08-12
"6070",6.642578125,1996-08-13
"6071",12.5732421875,1996-08-14
"6072",10.142578125,1996-08-15
"6073",9.2431640625,1996-08-16
"6074",10.5732421875,1996-08-17
"6075",7.4833984375,1996-08-18
"6076",11.802734375,1996-08-19
"6077",11.212890625,1996-08-20
"6078",8.9130859375,1996-08-21
"6079",11.4326171875,1996-08-22
"6080",10.86328125,1996-08-23
"6081",10.6533203125,1996-08-24
"6082",8.5927734375,1996-08-25
"6083",11.6533203125,1996-08-26
"6084",12.86328125,1996-08-27
"6085",12.052734375,1996-08-28
"6086",10.54296875,1996-08-29
"6087",11.2734375,1996-08-30
"6088",10.7734375,1996-08-31
"6089",9.654296875,1996-09-01
"6090",9.75390625,1996-09-02
"6091",11.00390625,1996-09-03
"6092",9.103515625,1996-09-04
"6093",12.2236328125,1996-09-05
"6094",9.68359375,1996-09-06
"6095",11.333984375,1996-09-07
"6096",11.8837890625,1996-09-08
"6097",11.984375,1996-09-09
"6098",9.0537109375,1996-09-10
"6099",8.50390625,1996-09-11
"6100",7.68359375,1996-09-12
"6101",8.9541015625,1996-09-13
"6102",12.0537109375,1996-09-14
"6103",8.1435546875,1996-09-15
"6104",12.4638671875,1996-09-16
"6105",11.103515625,1996-09-17
"6106",10.50390625,1996-09-18
"6107",10.5537109375,1996-09-19
"6108",7.603515625,1996-09-20
"6109",8.6943359375,1996-09-21
"6110",6.6142578125,1996-09-22
"6111",9.4736328125,1996-09-23
"6112",9.923828125,1996-09-24
"6113",8.50390625,1996-09-25
"6114",11.0537109375,1996-09-26
"6115",6.833984375,1996-09-27
"6116",9.013671875,1996-09-28
"6117",13.5244140625,1996-09-29
"6118",10.083984375,1996-09-30
"6119",10.533203125,1996-10-01
"6120",12.953125,1996-10-02
"6121",12.7333984375,1996-10-03
"6122",11.4833984375,1996-10-04
"6123",15.3134765625,1996-10-05
"6124",9.1728515625,1996-10-06
"6125",9.203125,1996-10-07
"6126",11.462890625,1996-10-08
"6127",11.203125,1996-10-09
"6128",11.4033203125,1996-10-10
"6129",13.1826171875,1996-10-11
"6130",8.6025390625,1996-10-12
"6131",10.873046875,1996-10-13
"6132",12.302734375,1996-10-14
"6133",9.8330078125,1996-10-15
"6134",13.033203125,1996-10-16
"6135",8.6728515625,1996-10-17
"6136",10.6328125,1996-10-18
"6137",8.6728515625,1996-10-19
"6138",7.8134765625,1996-10-20
"6139",8.0029296875,1996-10-21
"6140",8.9228515625,1996-10-22
"6141",8.8525390625,1996-10-23
"6142",8.4130859375,1996-10-24
"6143",12.283203125,1996-10-25
"6144",8.1328125,1996-10-26
"6145",9.7431640625,1996-10-27
"6146",10.5732421875,1996-10-28
"6147",11.2734375,1996-10-29
"6148",8.453125,1996-10-30
"6149",8.54296875,1996-10-31
"6150",6.8623046875,1996-11-01
"6151",7.3017578125,1996-11-02
"6152",12.1318359375,1996-11-03
"6153",8.0517578125,1996-11-04
"6154",8.8916015625,1996-11-05
"6155",9.5517578125,1996-11-06
"6156",11.01171875,1996-11-07
"6157",10.2421875,1996-11-08
"6158",10.001953125,1996-11-09
"6159",7.9716796875,1996-11-10
"6160",9.2021484375,1996-11-11
"6161",11.8916015625,1996-11-12
"6162",8.3017578125,1996-11-13
"6163",10.912109375,1996-11-14
"6164",9.8720703125,1996-11-15
"6165",10.3017578125,1996-11-16
"6166",14.1220703125,1996-11-17
"6167",8.3720703125,1996-11-18
"6168",9.431640625,1996-11-19
"6169",12.3515625,1996-11-20
"6170",8.6220703125,1996-11-21
"6171",9.1923828125,1996-11-22
"6172",7.83203125,1996-11-23
"6173",5.2724609375,1996-11-24
"6174",7.482421875,1996-11-25
"6175",10.8623046875,1996-11-26
"6176",11.58203125,1996-11-27
"6177",9.572265625,1996-11-28
"6178",11.33203125,1996-11-29
"6179",8.751953125,1996-11-30
"6180",10.232421875,1996-12-01
"6181",12.5615234375,1996-12-02
"6182",13.572265625,1996-12-03
"6183",10.7119140625,1996-12-04
"6184",8.9921875,1996-12-05
"6185",17.65234375,1996-12-06
"6186",7.662109375,1996-12-07
"6187",10.2919921875,1996-12-08
"6188",10.8515625,1996-12-09
"6189",9.9716796875,1996-12-10
"6190",10.1416015625,1996-12-11
"6191",10.4619140625,1996-12-12
"6192",7.0322265625,1996-12-13
"6193",6.8916015625,1996-12-14
"6194",11.671875,1996-12-15
"6195",12.2119140625,1996-12-16
"6196",11.8916015625,1996-12-17
"6197",9.662109375,1996-12-18
"6198",11.1220703125,1996-12-19
"6199",13.6123046875,1996-12-20
"6200",10.572265625,1996-12-21
"6201",13.33203125,1996-12-22
"6202",12.3623046875,1996-12-23
"6203",12.7216796875,1996-12-24
"6204",14.072265625,1996-12-25
"6205",8.3623046875,1996-12-26
"6206",7.8818359375,1996-12-27
"6207",12.322265625,1996-12-28
"6208",9.921875,1996-12-29
"6209",10.0517578125,1996-12-30
"6210",10.3916015625,1996-12-31
"6211",12.43359375,1997-01-01
"6212",11.0244140625,1997-01-02
"6213",12.5341796875,1997-01-03
"6214",10.013671875,1997-01-04
"6215",12.5537109375,1997-01-05
"6216",15.923828125,1997-01-06
"6217",9.57421875,1997-01-07
"6218",10.923828125,1997-01-08
"6219",11.564453125,1997-01-09
"6220",12.734375,1997-01-10
"6221",11.1435546875,1997-01-11
"6222",11.2841796875,1997-01-12
"6223",14.564453125,1997-01-13
"6224",19.18359375,1997-01-14
"6225",16.353515625,1997-01-15
"6226",13.654296875,1997-01-16
"6227",11.1640625,1997-01-17
"6228",12.734375,1997-01-18
"6229",10.6943359375,1997-01-19
"6230",16.494140625,1997-01-20
"6231",20.93359375,1997-01-21
"6232",15.7138671875,1997-01-22
"6233",13.4541015625,1997-01-23
"6234",10.583984375,1997-01-24
"6235",12.263671875,1997-01-25
"6236",9.75390625,1997-01-26
"6237",17.423828125,1997-01-27
"6238",13.2744140625,1997-01-28
"6239",11.4736328125,1997-01-29
"6240",17.43359375,1997-01-30
"6241",17.4638671875,1997-01-31
"6242",16.498046875,1997-02-01
"6243",14.2978515625,1997-02-02
"6244",15.5283203125,1997-02-03
"6245",14.587890625,1997-02-04
"6246",10.2177734375,1997-02-05
"6247",21.337890625,1997-02-06
"6248",27.34765625,1997-02-07
"6249",23.517578125,1997-02-08
"6250",20.7978515625,1997-02-09
"6251",13.7177734375,1997-02-10
"6252",11.748046875,1997-02-11
"6253",13.3076171875,1997-02-12
"6254",15.5576171875,1997-02-13
"6255",16.517578125,1997-02-14
"6256",16.767578125,1997-02-15
"6257",15.8681640625,1997-02-16
"6258",16.4384765625,1997-02-17
"6259",12.158203125,1997-02-18
"6260",15.068359375,1997-02-19
"6261",16.6181640625,1997-02-20
"6262",19.177734375,1997-02-21
"6263",13.8876953125,1997-02-22
"6264",16.66796875,1997-02-23
"6265",13.66796875,1997-02-24
"6266",11.1884765625,1997-02-25
"6267",12.0478515625,1997-02-26
"6268",12.7177734375,1997-02-27
"6269",13.1884765625,1997-02-28
"6270",15.9853515625,1997-03-01
"6271",12.6845703125,1997-03-02
"6272",15.0146484375,1997-03-03
"6273",11.4248046875,1997-03-04
"6274",10.1552734375,1997-03-05
"6275",13.89453125,1997-03-06
"6276",13.1953125,1997-03-07
"6277",14.8447265625,1997-03-08
"6278",9.6953125,1997-03-09
"6279",9.9248046875,1997-03-10
"6280",12.39453125,1997-03-11
"6281",15.6552734375,1997-03-12
"6282",9.775390625,1997-03-13
"6283",11.85546875,1997-03-14
"6284",13.275390625,1997-03-15
"6285",13.89453125,1997-03-16
"6286",12.3349609375,1997-03-17
"6287",15.7451171875,1997-03-18
"6288",14.115234375,1997-03-19
"6289",14.5546875,1997-03-20
"6290",14.384765625,1997-03-21
"6291",13.634765625,1997-03-22
"6292",8.8251953125,1997-03-23
"6293",10.64453125,1997-03-24
"6294",12.384765625,1997-03-25
"6295",12.6650390625,1997-03-26
"6296",9.53515625,1997-03-27
"6297",10.044921875,1997-03-28
"6298",9.78515625,1997-03-29
"6299",10.89453125,1997-03-30
"6300",11.4951171875,1997-03-31
"6301",10.5859375,1997-04-01
"6302",15.8056640625,1997-04-02
"6303",12.06640625,1997-04-03
"6304",12.42578125,1997-04-04
"6305",15.74609375,1997-04-05
"6306",14.505859375,1997-04-06
"6307",7.8662109375,1997-04-07
"6308",8.3857421875,1997-04-08
"6309",10.1962890625,1997-04-09
"6310",10.166015625,1997-04-10
"6311",10.56640625,1997-04-11
"6312",9.396484375,1997-04-12
"6313",9.0458984375,1997-04-13
"6314",12.3857421875,1997-04-14
"6315",12.435546875,1997-04-15
"6316",11.17578125,1997-04-16
"6317",11.435546875,1997-04-17
"6318",14.826171875,1997-04-18
"6319",14.15625,1997-04-19
"6320",12.8759765625,1997-04-20
"6321",10.505859375,1997-04-21
"6322",14.31640625,1997-04-22
"6323",15.2060546875,1997-04-23
"6324",14.095703125,1997-04-24
"6325",9.2060546875,1997-04-25
"6326",10.2060546875,1997-04-26
"6327",8.916015625,1997-04-27
"6328",5.666015625,1997-04-28
"6329",12.486328125,1997-04-29
"6330",9.5263671875,1997-04-30
"6331",11.0966796875,1997-05-01
"6332",17.0771484375,1997-05-02
"6333",16.77734375,1997-05-03
"6334",14.876953125,1997-05-04
"6335",10.216796875,1997-05-05
"6336",12.5166015625,1997-05-06
"6337",8.20703125,1997-05-07
"6338",10.876953125,1997-05-08
"6339",8.27734375,1997-05-09
"6340",9.20703125,1997-05-10
"6341",9.787109375,1997-05-11
"6342",8.9765625,1997-05-12
"6343",9.0869140625,1997-05-13
"6344",9.447265625,1997-05-14
"6345",9.27734375,1997-05-15
"6346",9.5966796875,1997-05-16
"6347",10.447265625,1997-05-17
"6348",13.3466796875,1997-05-18
"6349",10.3271484375,1997-05-19
"6350",10.3974609375,1997-05-20
"6351",12.876953125,1997-05-21
"6352",14.2666015625,1997-05-22
"6353",14.3466796875,1997-05-23
"6354",12.857421875,1997-05-24
"6355",12.4365234375,1997-05-25
"6356",14.5673828125,1997-05-26
"6357",13.546875,1997-05-27
"6358",11.466796875,1997-05-28
"6359",10.8271484375,1997-05-29
"6360",9.556640625,1997-05-30
"6361",8.947265625,1997-05-31
"6362",7.5234375,1997-06-01
"6363",6.1328125,1997-06-02
"6364",8.302734375,1997-06-03
"6365",7.953125,1997-06-04
"6366",11.373046875,1997-06-05
"6367",10.6826171875,1997-06-06
"6368",11.5927734375,1997-06-07
"6369",13.29296875,1997-06-08
"6370",11.302734375,1997-06-09
"6371",9.142578125,1997-06-10
"6372",8.9931640625,1997-06-11
"6373",11.7734375,1997-06-12
"6374",10.11328125,1997-06-13
"6375",10.9326171875,1997-06-14
"6376",8.892578125,1997-06-15
"6377",8.9033203125,1997-06-16
"6378",10.4326171875,1997-06-17
"6379",9.033203125,1997-06-18
"6380",8.5126953125,1997-06-19
"6381",8.453125,1997-06-20
"6382",8.533203125,1997-06-21
"6383",12.0830078125,1997-06-22
"6384",10.0830078125,1997-06-23
"6385",10.5927734375,1997-06-24
"6386",8.22265625,1997-06-25
"6387",8.86328125,1997-06-26
"6388",9.7626953125,1997-06-27
"6389",10.193359375,1997-06-28
"6390",10.693359375,1997-06-29
"6391",9.5830078125,1997-06-30
"6392",9.5927734375,1997-07-01
"6393",9.1630859375,1997-07-02
"6394",8.2626953125,1997-07-03
"6395",9.11328125,1997-07-04
"6396",7.8828125,1997-07-05
"6397",7.36328125,1997-07-06
"6398",6.962890625,1997-07-07
"6399",10.9033203125,1997-07-08
"6400",8.22265625,1997-07-09
"6401",8.79296875,1997-07-10
"6402",7.4326171875,1997-07-11
"6403",9.462890625,1997-07-12
"6404",8.5126953125,1997-07-13
"6405",6.72265625,1997-07-14
"6406",8.5830078125,1997-07-15
"6407",10.1826171875,1997-07-16
"6408",9.873046875,1997-07-17
"6409",8.5234375,1997-07-18
"6410",7.5830078125,1997-07-19
"6411",6.97265625,1997-07-20
"6412",8.8134765625,1997-07-21
"6413",10.703125,1997-07-22
"6414",10.72265625,1997-07-23
"6415",9.873046875,1997-07-24
"6416",7.033203125,1997-07-25
"6417",12.453125,1997-07-26
"6418",10.5830078125,1997-07-27
"6419",10.0234375,1997-07-28
"6420",7.6630859375,1997-07-29
"6421",7.0634765625,1997-07-30
"6422",9.2431640625,1997-07-31
"6423",7.3828125,1997-08-01
"6424",6.892578125,1997-08-02
"6425",7.1025390625,1997-08-03
"6426",7.04296875,1997-08-04
"6427",6.1328125,1997-08-05
"6428",9.193359375,1997-08-06
"6429",10.0830078125,1997-08-07
"6430",9.97265625,1997-08-08
"6431",11.892578125,1997-08-09
"6432",9.5029296875,1997-08-10
"6433",12.2431640625,1997-08-11
"6434",10.6328125,1997-08-12
"6435",11.712890625,1997-08-13
"6436",11.54296875,1997-08-14
"6437",8.3134765625,1997-08-15
"6438",7.2431640625,1997-08-16
"6439",9.36328125,1997-08-17
"6440",9.04296875,1997-08-18
"6441",8.8427734375,1997-08-19
"6442",8.86328125,1997-08-20
"6443",7.72265625,1997-08-21
"6444",8.453125,1997-08-22
"6445",8.703125,1997-08-23
"6446",7.9130859375,1997-08-24
"6447",8.8828125,1997-08-25
"6448",9.8828125,1997-08-26
"6449",10.4931640625,1997-08-27
"6450",9.2333984375,1997-08-28
"6451",9.3427734375,1997-08-29
"6452",8.6728515625,1997-08-30
"6453",12.1630859375,1997-08-31
"6454",11.5537109375,1997-09-01
"6455",11.904296875,1997-09-02
"6456",11.9638671875,1997-09-03
"6457",8.9140625,1997-09-04
"6458",11.173828125,1997-09-05
"6459",10.423828125,1997-09-06
"6460",11.4140625,1997-09-07
"6461",11.59375,1997-09-08
"6462",12.494140625,1997-09-09
"6463",11.8935546875,1997-09-10
"6464",9.923828125,1997-09-11
"6465",9.18359375,1997-09-12
"6466",9.84375,1997-09-13
"6467",13.064453125,1997-09-14
"6468",11.4443359375,1997-09-15
"6469",10.744140625,1997-09-16
"6470",9.3935546875,1997-09-17
"6471",10.3837890625,1997-09-18
"6472",14.173828125,1997-09-19
"6473",12.3642578125,1997-09-20
"6474",11.513671875,1997-09-21
"6475",11.75390625,1997-09-22
"6476",8.9638671875,1997-09-23
"6477",10.3740234375,1997-09-24
"6478",8.2138671875,1997-09-25
"6479",13.6943359375,1997-09-26
"6480",10.7236328125,1997-09-27
"6481",9.5244140625,1997-09-28
"6482",8.09375,1997-09-29
"6483",8.923828125,1997-09-30
"6484",8.8828125,1997-10-01
"6485",13.3427734375,1997-10-02
"6486",7.6025390625,1997-10-03
"6487",7.6025390625,1997-10-04
"6488",9.4326171875,1997-10-05
"6489",9.533203125,1997-10-06
"6490",11.8525390625,1997-10-07
"6491",12.1826171875,1997-10-08
"6492",10.642578125,1997-10-09
"6493",8.123046875,1997-10-10
"6494",10.203125,1997-10-11
"6495",10.2626953125,1997-10-12
"6496",12.6025390625,1997-10-13
"6497",12.9326171875,1997-10-14
"6498",9.4833984375,1997-10-15
"6499",10.7431640625,1997-10-16
"6500",8.3134765625,1997-10-17
"6501",7.533203125,1997-10-18
"6502",7.6328125,1997-10-19
"6503",11.2431640625,1997-10-20
"6504",9.5732421875,1997-10-21
"6505",11.0830078125,1997-10-22
"6506",13.943359375,1997-10-23
"6507",11.72265625,1997-10-24
"6508",8.22265625,1997-10-25
"6509",14.3134765625,1997-10-26
"6510",14.8134765625,1997-10-27
"6511",13.5732421875,1997-10-28
"6512",14.5234375,1997-10-29
"6513",14.2626953125,1997-10-30
"6514",11.953125,1997-10-31
"6515",8.7919921875,1997-11-01
"6516",12.65234375,1997-11-02
"6517",9.4619140625,1997-11-03
"6518",8.5615234375,1997-11-04
"6519",11.681640625,1997-11-05
"6520",11.7822265625,1997-11-06
"6521",14.431640625,1997-11-07
"6522",12.33203125,1997-11-08
"6523",10.51171875,1997-11-09
"6524",16.1416015625,1997-11-10
"6525",14.232421875,1997-11-11
"6526",10.9521484375,1997-11-12
"6527",11.732421875,1997-11-13
"6528",13.2421875,1997-11-14
"6529",9.7119140625,1997-11-15
"6530",10.2421875,1997-11-16
"6531",10.3916015625,1997-11-17
"6532",10.5322265625,1997-11-18
"6533",11.0615234375,1997-11-19
"6534",11.4921875,1997-11-20
"6535",9.001953125,1997-11-21
"6536",7.90234375,1997-11-22
"6537",12.431640625,1997-11-23
"6538",11.76171875,1997-11-24
"6539",14.40234375,1997-11-25
"6540",14.5322265625,1997-11-26
"6541",17.26171875,1997-11-27
"6542",11.15234375,1997-11-28
"6543",14.2822265625,1997-11-29
"6544",12.921875,1997-11-30
"6545",13.6416015625,1997-12-01
"6546",14.7216796875,1997-12-02
"6547",11.0224609375,1997-12-03
"6548",11.33203125,1997-12-04
"6549",16.7822265625,1997-12-05
"6550",14.162109375,1997-12-06
"6551",14.4521484375,1997-12-07
"6552",14.5615234375,1997-12-08
"6553",13.3623046875,1997-12-09
"6554",10.9423828125,1997-12-10
"6555",14.431640625,1997-12-11
"6556",12.90234375,1997-12-12
"6557",15.072265625,1997-12-13
"6558",12.0322265625,1997-12-14
"6559",11.9619140625,1997-12-15
"6560",12.1318359375,1997-12-16
"6561",13.2724609375,1997-12-17
"6562",14.2919921875,1997-12-18
"6563",11.2822265625,1997-12-19
"6564",12.8515625,1997-12-20
"6565",13.7421875,1997-12-21
"6566",11.4921875,1997-12-22
"6567",11.662109375,1997-12-23
"6568",15.3515625,1997-12-24
"6569",15.7822265625,1997-12-25
"6570",11.3916015625,1997-12-26
"6571",9.6923828125,1997-12-27
"6572",8.8720703125,1997-12-28
"6573",10.8017578125,1997-12-29
"6574",14.6123046875,1997-12-30
"6575",13.841796875,1997-12-31
"6576",8.8642578125,1998-01-01
"6577",14.083984375,1998-01-02
"6578",10.904296875,1998-01-03
"6579",10.8837890625,1998-01-04
"6580",10.9140625,1998-01-05
"6581",11.173828125,1998-01-06
"6582",13.064453125,1998-01-07
"6583",13.50390625,1998-01-08
"6584",16.1142578125,1998-01-09
"6585",19.654296875,1998-01-10
"6586",19.00390625,1998-01-11
"6587",21.1943359375,1998-01-12
"6588",21.6142578125,1998-01-13
"6589",22.84375,1998-01-14
"6590",14.263671875,1998-01-15
"6591",14.583984375,1998-01-16
"6592",14.423828125,1998-01-17
"6593",11.154296875,1998-01-18
"6594",12.333984375,1998-01-19
"6595",10.673828125,1998-01-20
"6596",14.9443359375,1998-01-21
"6597",14.314453125,1998-01-22
"6598",10.353515625,1998-01-23
"6599",13.064453125,1998-01-24
"6600",14.603515625,1998-01-25
"6601",13.244140625,1998-01-26
"6602",13.5537109375,1998-01-27
"6603",9.7236328125,1998-01-28
"6604",10.763671875,1998-01-29
"6605",13.314453125,1998-01-30
"6606",13.3642578125,1998-01-31
"6607",9.98828125,1998-02-01
"6608",15.767578125,1998-02-02
"6609",11.8583984375,1998-02-03
"6610",11.6279296875,1998-02-04
"6611",11.9482421875,1998-02-05
"6612",13.5380859375,1998-02-06
"6613",20.7275390625,1998-02-07
"6614",9.8779296875,1998-02-08
"6615",11.0078125,1998-02-09
"6616",14.337890625,1998-02-10
"6617",14.0478515625,1998-02-11
"6618",15.3876953125,1998-02-12
"6619",13.2783203125,1998-02-13
"6620",14.2880859375,1998-02-14
"6621",14.98828125,1998-02-15
"6622",10.34765625,1998-02-16
"6623",10.09765625,1998-02-17
"6624",7.1181640625,1998-02-18
"6625",15.4580078125,1998-02-19
"6626",11.837890625,1998-02-20
"6627",12.0380859375,1998-02-21
"6628",14.828125,1998-02-22
"6629",10.248046875,1998-02-23
"6630",8.267578125,1998-02-24
"6631",14.1181640625,1998-02-25
"6632",8.7177734375,1998-02-26
"6633",10.568359375,1998-02-27
"6634",9.6279296875,1998-02-28
"6635",11.884765625,1998-03-01
"6636",14.2451171875,1998-03-02
"6637",12.974609375,1998-03-03
"6638",10.9052734375,1998-03-04
"6639",10.224609375,1998-03-05
"6640",13.96484375,1998-03-06
"6641",11.0947265625,1998-03-07
"6642",10.724609375,1998-03-08
"6643",12.96484375,1998-03-09
"6644",12.39453125,1998-03-10
"6645",9.10546875,1998-03-11
"6646",16.7451171875,1998-03-12
"6647",20.3349609375,1998-03-13
"6648",14.9345703125,1998-03-14
"6649",10.9052734375,1998-03-15
"6650",11.6552734375,1998-03-16
"6651",13.8154296875,1998-03-17
"6652",15.03515625,1998-03-18
"6653",13.5146484375,1998-03-19
"6654",11.0048828125,1998-03-20
"6655",11.7548828125,1998-03-21
"6656",14.9052734375,1998-03-22
"6657",17.5048828125,1998-03-23
"6658",10.4052734375,1998-03-24
"6659",12.2451171875,1998-03-25
"6660",13.10546875,1998-03-26
"6661",14.4150390625,1998-03-27
"6662",14.8447265625,1998-03-28
"6663",10.705078125,1998-03-29
"6664",13.115234375,1998-03-30
"6665",13.9248046875,1998-03-31
"6666",8.74609375,1998-04-01
"6667",9.1962890625,1998-04-02
"6668",10.81640625,1998-04-03
"6669",11.595703125,1998-04-04
"6670",11.1357421875,1998-04-05
"6671",11.265625,1998-04-06
"6672",6.4755859375,1998-04-07
"6673",15.99609375,1998-04-08
"6674",7.6962890625,1998-04-09
"6675",10.4462890625,1998-04-10
"6676",10.166015625,1998-04-11
"6677",15.896484375,1998-04-12
"6678",9.31640625,1998-04-13
"6679",10.42578125,1998-04-14
"6680",10.416015625,1998-04-15
"6681",11.15625,1998-04-16
"6682",10.40625,1998-04-17
"6683",10.2158203125,1998-04-18
"6684",13.505859375,1998-04-19
"6685",17.2958984375,1998-04-20
"6686",15.435546875,1998-04-21
"6687",10.90625,1998-04-22
"6688",10.986328125,1998-04-23
"6689",10.416015625,1998-04-24
"6690",9.67578125,1998-04-25
"6691",9.0859375,1998-04-26
"6692",9.7060546875,1998-04-27
"6693",10.3759765625,1998-04-28
"6694",13.486328125,1998-04-29
"6695",14.015625,1998-04-30
"6696",8.4970703125,1998-05-01
"6697",8.3974609375,1998-05-02
"6698",10.5869140625,1998-05-03
"6699",12.7265625,1998-05-04
"6700",12.4873046875,1998-05-05
"6701",10.626953125,1998-05-06
"6702",9.6171875,1998-05-07
"6703",10.046875,1998-05-08
"6704",10.2265625,1998-05-09
"6705",8.0673828125,1998-05-10
"6706",9.037109375,1998-05-11
"6707",12.27734375,1998-05-12
"6708",9.0673828125,1998-05-13
"6709",11.857421875,1998-05-14
"6710",12.0673828125,1998-05-15
"6711",14.3974609375,1998-05-16
"6712",15.5966796875,1998-05-17
"6713",13.3271484375,1998-05-18
"6714",12.287109375,1998-05-19
"6715",9.556640625,1998-05-20
"6716",8.6572265625,1998-05-21
"6717",11.8369140625,1998-05-22
"6718",10.2470703125,1998-05-23
"6719",11.4765625,1998-05-24
"6720",11.8671875,1998-05-25
"6721",9.27734375,1998-05-26
"6722",8.296875,1998-05-27
"6723",8.77734375,1998-05-28
"6724",8.6669921875,1998-05-29
"6725",12.546875,1998-05-30
"6726",11.1669921875,1998-05-31
"6727",10.642578125,1998-06-01
"6728",11.4033203125,1998-06-02
"6729",10.5126953125,1998-06-03
"6730",11.892578125,1998-06-04
"6731",12.72265625,1998-06-05
"6732",11.1025390625,1998-06-06
"6733",9.3330078125,1998-06-07
"6734",8.0234375,1998-06-08
"6735",7.892578125,1998-06-09
"6736",7.873046875,1998-06-10
"6737",6.6728515625,1998-06-11
"6738",10.61328125,1998-06-12
"6739",11.953125,1998-06-13
"6740",11.1728515625,1998-06-14
"6741",11.1826171875,1998-06-15
"6742",8.7431640625,1998-06-16
"6743",7.1328125,1998-06-17
"6744",6.373046875,1998-06-18
"6745",6.193359375,1998-06-19
"6746",11.0634765625,1998-06-20
"6747",10.3525390625,1998-06-21
"6748",8.4326171875,1998-06-22
"6749",9.6025390625,1998-06-23
"6750",11.7431640625,1998-06-24
"6751",9.6328125,1998-06-25
"6752",8.3828125,1998-06-26
"6753",7.392578125,1998-06-27
"6754",11.552734375,1998-06-28
"6755",10.302734375,1998-06-29
"6756",8.6533203125,1998-06-30
"6757",8.5830078125,1998-07-01
"6758",9.1328125,1998-07-02
"6759",8.962890625,1998-07-03
"6760",7.802734375,1998-07-04
"6761",9.642578125,1998-07-05
"6762",10.8232421875,1998-07-06
"6763",9.6328125,1998-07-07
"6764",9.8330078125,1998-07-08
"6765",9.212890625,1998-07-09
"6766",9.3427734375,1998-07-10
"6767",7.79296875,1998-07-11
"6768",6.4833984375,1998-07-12
"6769",7.4130859375,1998-07-13
"6770",7.623046875,1998-07-14
"6771",7.8330078125,1998-07-15
"6772",7.1630859375,1998-07-16
"6773",8.1328125,1998-07-17
"6774",9.2734375,1998-07-18
"6775",9.712890625,1998-07-19
"6776",10.4833984375,1998-07-20
"6777",11.462890625,1998-07-21
"6778",8.9833984375,1998-07-22
"6779",10.04296875,1998-07-23
"6780",8.9228515625,1998-07-24
"6781",8.552734375,1998-07-25
"6782",10.0732421875,1998-07-26
"6783",11.4326171875,1998-07-27
"6784",7.703125,1998-07-28
"6785",7.1533203125,1998-07-29
"6786",8.9130859375,1998-07-30
"6787",8.9931640625,1998-07-31
"6788",8.04296875,1998-08-01
"6789",9.4228515625,1998-08-02
"6790",11.3232421875,1998-08-03
"6791",11.0927734375,1998-08-04
"6792",10.6728515625,1998-08-05
"6793",10.3427734375,1998-08-06
"6794",12.1025390625,1998-08-07
"6795",11.3330078125,1998-08-08
"6796",12.8134765625,1998-08-09
"6797",11.8427734375,1998-08-10
"6798",9.453125,1998-08-11
"6799",12.873046875,1998-08-12
"6800",13.283203125,1998-08-13
"6801",11.3330078125,1998-08-14
"6802",7.5126953125,1998-08-15
"6803",7.943359375,1998-08-16
"6804",9.8525390625,1998-08-17
"6805",10.4033203125,1998-08-18
"6806",9.5927734375,1998-08-19
"6807",11.0732421875,1998-08-20
"6808",11.7734375,1998-08-21
"6809",9.5732421875,1998-08-22
"6810",10.142578125,1998-08-23
"6811",9.033203125,1998-08-24
"6812",10.1728515625,1998-08-25
"6813",9.953125,1998-08-26
"6814",10.1533203125,1998-08-27
"6815",9.0732421875,1998-08-28
"6816",9.5830078125,1998-08-29
"6817",9.6533203125,1998-08-30
"6818",8.7333984375,1998-08-31
"6819",10.423828125,1998-09-01
"6820",11.404296875,1998-09-02
"6821",15.4140625,1998-09-03
"6822",12.34375,1998-09-04
"6823",8.333984375,1998-09-05
"6824",10.5244140625,1998-09-06
"6825",9.00390625,1998-09-07
"6826",8.2236328125,1998-09-08
"6827",8.833984375,1998-09-09
"6828",11.84375,1998-09-10
"6829",13.6240234375,1998-09-11
"6830",11.064453125,1998-09-12
"6831",9.6640625,1998-09-13
"6832",10.3935546875,1998-09-14
"6833",9.353515625,1998-09-15
"6834",11.59375,1998-09-16
"6835",11.2939453125,1998-09-17
"6836",9.244140625,1998-09-18
"6837",10.3935546875,1998-09-19
"6838",9.173828125,1998-09-20
"6839",7.9140625,1998-09-21
"6840",16.43359375,1998-09-22
"6841",10.2041015625,1998-09-23
"6842",8.083984375,1998-09-24
"6843",7.7236328125,1998-09-25
"6844",8.43359375,1998-09-26
"6845",12.0537109375,1998-09-27
"6846",13.25390625,1998-09-28
"6847",13.32421875,1998-09-29
"6848",11.673828125,1998-09-30
"6849",10.9033203125,1998-10-01
"6850",16.5927734375,1998-10-02
"6851",11.29296875,1998-10-03
"6852",9.1826171875,1998-10-04
"6853",9.0830078125,1998-10-05
"6854",9.97265625,1998-10-06
"6855",10.5234375,1998-10-07
"6856",9.5927734375,1998-10-08
"6857",10.7529296875,1998-10-09
"6858",10.052734375,1998-10-10
"6859",10.533203125,1998-10-11
"6860",14.953125,1998-10-12
"6861",8.6826171875,1998-10-13
"6862",9.61328125,1998-10-14
"6863",10.5029296875,1998-10-15
"6864",10.9228515625,1998-10-16
"6865",12.2529296875,1998-10-17
"6866",10.1328125,1998-10-18
"6867",10.7626953125,1998-10-19
"6868",9.123046875,1998-10-20
"6869",12.0634765625,1998-10-21
"6870",10.04296875,1998-10-22
"6871",8.802734375,1998-10-23
"6872",8.5927734375,1998-10-24
"6873",12.7734375,1998-10-25
"6874",9.86328125,1998-10-26
"6875",8.9326171875,1998-10-27
"6876",7.4033203125,1998-10-28
"6877",7.283203125,1998-10-29
"6878",10.1533203125,1998-10-30
"6879",9.36328125,1998-10-31
"6880",7.2021484375,1998-11-01
"6881",6.7119140625,1998-11-02
"6882",6.3115234375,1998-11-03
"6883",11.6220703125,1998-11-04
"6884",12.7216796875,1998-11-05
"6885",13.482421875,1998-11-06
"6886",16.181640625,1998-11-07
"6887",9.2021484375,1998-11-08
"6888",10.431640625,1998-11-09
"6889",9.6123046875,1998-11-10
"6890",14.662109375,1998-11-11
"6891",11.1123046875,1998-11-12
"6892",12.681640625,1998-11-13
"6893",12.931640625,1998-11-14
"6894",12.4423828125,1998-11-15
"6895",11.3720703125,1998-11-16
"6896",10.0224609375,1998-11-17
"6897",7.2119140625,1998-11-18
"6898",9.322265625,1998-11-19
"6899",11.6015625,1998-11-20
"6900",10.0322265625,1998-11-21
"6901",9.2724609375,1998-11-22
"6902",10.7724609375,1998-11-23
"6903",10.4619140625,1998-11-24
"6904",12.3916015625,1998-11-25
"6905",11.5517578125,1998-11-26
"6906",12.4921875,1998-11-27
"6907",8.572265625,1998-11-28
"6908",10.3017578125,1998-11-29
"6909",11.2822265625,1998-11-30
"6910",10.662109375,1998-12-01
"6911",7.171875,1998-12-02
"6912",10.982421875,1998-12-03
"6913",12.2021484375,1998-12-04
"6914",9.8818359375,1998-12-05
"6915",11.4619140625,1998-12-06
"6916",12.01171875,1998-12-07
"6917",12.83203125,1998-12-08
"6918",13.15234375,1998-12-09
"6919",8.1220703125,1998-12-10
"6920",12.1220703125,1998-12-11
"6921",14.572265625,1998-12-12
"6922",17.072265625,1998-12-13
"6923",12.0517578125,1998-12-14
"6924",13.482421875,1998-12-15
"6925",12.5419921875,1998-12-16
"6926",13.0517578125,1998-12-17
"6927",12.0517578125,1998-12-18
"6928",9.15234375,1998-12-19
"6929",9.9521484375,1998-12-20
"6930",10.2216796875,1998-12-21
"6931",12.8916015625,1998-12-22
"6932",11.912109375,1998-12-23
"6933",10.4521484375,1998-12-24
"6934",14.171875,1998-12-25
"6935",10.8115234375,1998-12-26
"6936",8.3720703125,1998-12-27
"6937",9.921875,1998-12-28
"6938",12.26171875,1998-12-29
"6939",12.7119140625,1998-12-30
"6940",13.2421875,1998-12-31
"6941",12.654296875,1999-01-01
"6942",9.984375,1999-01-02
"6943",14.2138671875,1999-01-03
"6944",15.423828125,1999-01-04
"6945",17.9638671875,1999-01-05
"6946",16.333984375,1999-01-06
"6947",18.9140625,1999-01-07
"6948",20.3740234375,1999-01-08
"6949",20.404296875,1999-01-09
"6950",15.2138671875,1999-01-10
"6951",17.68359375,1999-01-11
"6952",10.7236328125,1999-01-12
"6953",12.2939453125,1999-01-13
"6954",11.6640625,1999-01-14
"6955",13.50390625,1999-01-15
"6956",10.7939453125,1999-01-16
"6957",13.50390625,1999-01-17
"6958",8.4140625,1999-01-18
"6959",10.513671875,1999-01-19
"6960",9.744140625,1999-01-20
"6961",10.3037109375,1999-01-21
"6962",14.353515625,1999-01-22
"6963",14.75390625,1999-01-23
"6964",16.2138671875,1999-01-24
"6965",17.064453125,1999-01-25
"6966",15.263671875,1999-01-26
"6967",15.7236328125,1999-01-27
"6968",19.423828125,1999-01-28
"6969",17.154296875,1999-01-29
"6970",12.6943359375,1999-01-30
"6971",11.814453125,1999-01-31
"6972",10.318359375,1999-02-01
"6973",18.4677734375,1999-02-02
"6974",21.09765625,1999-02-03
"6975",17.9775390625,1999-02-04
"6976",17.6181640625,1999-02-05
"6977",19.568359375,1999-02-06
"6978",9.0576171875,1999-02-07
"6979",8.8779296875,1999-02-08
"6980",11.6279296875,1999-02-09
"6981",18.34765625,1999-02-10
"6982",22.4677734375,1999-02-11
"6983",20.337890625,1999-02-12
"6984",14.9677734375,1999-02-13
"6985",12.7783203125,1999-02-14
"6986",16.3876953125,1999-02-15
"6987",12.2578125,1999-02-16
"6988",14.0380859375,1999-02-17
"6989",9.908203125,1999-02-18
"6990",10.568359375,1999-02-19
"6991",9.517578125,1999-02-20
"6992",12.3876953125,1999-02-21
"6993",14.48828125,1999-02-22
"6994",15.087890625,1999-02-23
"6995",10.818359375,1999-02-24
"6996",15.3984375,1999-02-25
"6997",15.98828125,1999-02-26
"6998",15.017578125,1999-02-27
"6999",14.9775390625,1999-02-28
"7000",16.4345703125,1999-03-01
"7001",18.3349609375,1999-03-02
"7002",16.044921875,1999-03-03
"7003",16.0546875,1999-03-04
"7004",15.3046875,1999-03-05
"7005",14.3349609375,1999-03-06
"7006",14.2646484375,1999-03-07
"7007",12.4853515625,1999-03-08
"7008",13.1845703125,1999-03-09
"7009",13.955078125,1999-03-10
"7010",13.9052734375,1999-03-11
"7011",14.3349609375,1999-03-12
"7012",9.6845703125,1999-03-13
"7013",13.1845703125,1999-03-14
"7014",13.5751953125,1999-03-15
"7015",10.5947265625,1999-03-16
"7016",10.3154296875,1999-03-17
"7017",17.974609375,1999-03-18
"7018",14.9150390625,1999-03-19
"7019",15.375,1999-03-20
"7020",20.4248046875,1999-03-21
"7021",9.9951171875,1999-03-22
"7022",9.384765625,1999-03-23
"7023",7.1845703125,1999-03-24
"7024",19.28515625,1999-03-25
"7025",17.85546875,1999-03-26
"7026",15.025390625,1999-03-27
"7027",9.4853515625,1999-03-28
"7028",9.1552734375,1999-03-29
"7029",12.14453125,1999-03-30
"7030",8.6748046875,1999-03-31
"7031",8.6357421875,1999-04-01
"7032",10.416015625,1999-04-02
"7033",12.5556640625,1999-04-03
"7034",15.2958984375,1999-04-04
"7035",15.6357421875,1999-04-05
"7036",14.845703125,1999-04-06
"7037",9.4658203125,1999-04-07
"7038",10.3857421875,1999-04-08
"7039",9.8056640625,1999-04-09
"7040",10.4462890625,1999-04-10
"7041",12.6064453125,1999-04-11
"7042",12.396484375,1999-04-12
"7043",13.345703125,1999-04-13
"7044",12.42578125,1999-04-14
"7045",10.3056640625,1999-04-15
"7046",9.8857421875,1999-04-16
"7047",11.7861328125,1999-04-17
"7048",10.515625,1999-04-18
"7049",14.095703125,1999-04-19
"7050",14.646484375,1999-04-20
"7051",9.4658203125,1999-04-21
"7052",7.9755859375,1999-04-22
"7053",5.765625,1999-04-23
"7054",7.1162109375,1999-04-24
"7055",6.5361328125,1999-04-25
"7056",11.31640625,1999-04-26
"7057",10.166015625,1999-04-27
"7058",9.7861328125,1999-04-28
"7059",10.24609375,1999-04-29
"7060",10.646484375,1999-04-30
"7061",9.6572265625,1999-05-01
"7062",8.7568359375,1999-05-02
"7063",7.5068359375,1999-05-03
"7064",9.126953125,1999-05-04
"7065",10.1572265625,1999-05-05
"7066",7.6865234375,1999-05-06
"7067",8.88671875,1999-05-07
"7068",9.8974609375,1999-05-08
"7069",11.3466796875,1999-05-09
"7070",10.4267578125,1999-05-10
"7071",9.02734375,1999-05-11
"7072",14.6474609375,1999-05-12
"7073",10.02734375,1999-05-13
"7074",12.0771484375,1999-05-14
"7075",9.5068359375,1999-05-15
"7076",6.537109375,1999-05-16
"7077",6.4072265625,1999-05-17
"7078",10.796875,1999-05-18
"7079",13.6865234375,1999-05-19
"7080",10.8271484375,1999-05-20
"7081",16.38671875,1999-05-21
"7082",16.3671875,1999-05-22
"7083",12.7666015625,1999-05-23
"7084",11.947265625,1999-05-24
"7085",13.0966796875,1999-05-25
"7086",11.7470703125,1999-05-26
"7087",10.447265625,1999-05-27
"7088",9.9169921875,1999-05-28
"7089",12.70703125,1999-05-29
"7090",14.13671875,1999-05-30
"7091",10.1767578125,1999-05-31
"7092",10.97265625,1999-06-01
"7093",11.1728515625,1999-06-02
"7094",10.6533203125,1999-06-03
"7095",10.36328125,1999-06-04
"7096",11.8525390625,1999-06-05
"7097",12.29296875,1999-06-06
"7098",10.7734375,1999-06-07
"7099",9.953125,1999-06-08
"7100",9.1328125,1999-06-09
"7101",9.693359375,1999-06-10
"7102",8.552734375,1999-06-11
"7103",7.642578125,1999-06-12
"7104",9.6533203125,1999-06-13
"7105",8.2734375,1999-06-14
"7106",10.0927734375,1999-06-15
"7107",10.962890625,1999-06-16
"7108",9.892578125,1999-06-17
"7109",12.552734375,1999-06-18
"7110",10.3828125,1999-06-19
"7111",12.1630859375,1999-06-20
"7112",10.373046875,1999-06-21
"7113",11.5634765625,1999-06-22
"7114",9.283203125,1999-06-23
"7115",9.3134765625,1999-06-24
"7116",10.9033203125,1999-06-25
"7117",9.693359375,1999-06-26
"7118",9.0126953125,1999-06-27
"7119",9.9228515625,1999-06-28
"7120",9.5634765625,1999-06-29
"7121",9.7529296875,1999-06-30
"7122",11.0234375,1999-07-01
"7123",10.212890625,1999-07-02
"7124",8.72265625,1999-07-03
"7125",9.0029296875,1999-07-04
"7126",7.453125,1999-07-05
"7127",7.6728515625,1999-07-06
"7128",8.9033203125,1999-07-07
"7129",9.7431640625,1999-07-08
"7130",12.0029296875,1999-07-09
"7131",10.4326171875,1999-07-10
"7132",10.962890625,1999-07-11
"7133",10.97265625,1999-07-12
"7134",10.61328125,1999-07-13
"7135",10.7626953125,1999-07-14
"7136",10.6630859375,1999-07-15
"7137",9.6826171875,1999-07-16
"7138",8.6728515625,1999-07-17
"7139",11.302734375,1999-07-18
"7140",10.9326171875,1999-07-19
"7141",10.4130859375,1999-07-20
"7142",11.2431640625,1999-07-21
"7143",11.123046875,1999-07-22
"7144",9.9228515625,1999-07-23
"7145",9.6328125,1999-07-24
"7146",10.4228515625,1999-07-25
"7147",8.9033203125,1999-07-26
"7148",8.36328125,1999-07-27
"7149",8.2431640625,1999-07-28
"7150",6.943359375,1999-07-29
"7151",9.462890625,1999-07-30
"7152",8.443359375,1999-07-31
"7153",7.4228515625,1999-08-01
"7154",7.443359375,1999-08-02
"7155",7.4833984375,1999-08-03
"7156",8.283203125,1999-08-04
"7157",8.8828125,1999-08-05
"7158",8.7734375,1999-08-06
"7159",7.29296875,1999-08-07
"7160",9.5927734375,1999-08-08
"7161",9.9833984375,1999-08-09
"7162",11.54296875,1999-08-10
"7163",8.5029296875,1999-08-11
"7164",11.86328125,1999-08-12
"7165",8.5234375,1999-08-13
"7166",9.2734375,1999-08-14
"7167",10.212890625,1999-08-15
"7168",8.3232421875,1999-08-16
"7169",8.6025390625,1999-08-17
"7170",6.5830078125,1999-08-18
"7171",11.1533203125,1999-08-19
"7172",11.6328125,1999-08-20
"7173",9.873046875,1999-08-21
"7174",7.5234375,1999-08-22
"7175",9.0732421875,1999-08-23
"7176",9.453125,1999-08-24
"7177",12.2529296875,1999-08-25
"7178",12.8427734375,1999-08-26
"7179",9.0830078125,1999-08-27
"7180",10.0732421875,1999-08-28
"7181",11.0029296875,1999-08-29
"7182",11.97265625,1999-08-30
"7183",9.642578125,1999-08-31
"7184",11.6435546875,1999-09-01
"7185",12.314453125,1999-09-02
"7186",11.1337890625,1999-09-03
"7187",10.7841796875,1999-09-04
"7188",10.57421875,1999-09-05
"7189",10.2041015625,1999-09-06
"7190",10.09375,1999-09-07
"7191",7.583984375,1999-09-08
"7192",10.82421875,1999-09-09
"7193",10.9541015625,1999-09-10
"7194",8.5341796875,1999-09-11
"7195",9.064453125,1999-09-12
"7196",12.083984375,1999-09-13
"7197",10.853515625,1999-09-14
"7198",12.4443359375,1999-09-15
"7199",9.083984375,1999-09-16
"7200",8.34375,1999-09-17
"7201",8.923828125,1999-09-18
"7202",8.744140625,1999-09-19
"7203",9.734375,1999-09-20
"7204",7.6943359375,1999-09-21
"7205",10.513671875,1999-09-22
"7206",12.314453125,1999-09-23
"7207",12.59375,1999-09-24
"7208",11.25390625,1999-09-25
"7209",10.75390625,1999-09-26
"7210",9.07421875,1999-09-27
"7211",10.1943359375,1999-09-28
"7212",12.68359375,1999-09-29
"7213",10.3837890625,1999-09-30
"7214",10.1826171875,1999-10-01
"7215",12.052734375,1999-10-02
"7216",15.0927734375,1999-10-03
"7217",13.783203125,1999-10-04
"7218",12.8427734375,1999-10-05
"7219",11.7333984375,1999-10-06
"7220",10.712890625,1999-10-07
"7221",9.9833984375,1999-10-08
"7222",16.392578125,1999-10-09
"7223",14.9130859375,1999-10-10
"7224",13.8232421875,1999-10-11
"7225",13.3134765625,1999-10-12
"7226",15.4228515625,1999-10-13
"7227",14.6630859375,1999-10-14
"7228",11.9833984375,1999-10-15
"7229",11.033203125,1999-10-16
"7230",10.533203125,1999-10-17
"7231",10.6826171875,1999-10-18
"7232",11.283203125,1999-10-19
"7233",10.052734375,1999-10-20
"7234",10.703125,1999-10-21
"7235",7.8828125,1999-10-22
"7236",7.052734375,1999-10-23
"7237",8.79296875,1999-10-24
"7238",10.2626953125,1999-10-25
"7239",9.0732421875,1999-10-26
"7240",10.783203125,1999-10-27
"7241",12.552734375,1999-10-28
"7242",12.693359375,1999-10-29
"7243",14.5634765625,1999-10-30
"7244",7.4033203125,1999-10-31
"7245",8.8115234375,1999-11-01
"7246",8.8017578125,1999-11-02
"7247",10.4921875,1999-11-03
"7248",12.6923828125,1999-11-04
"7249",16.0615234375,1999-11-05
"7250",11.8017578125,1999-11-06
"7251",11.08203125,1999-11-07
"7252",6.841796875,1999-11-08
"7253",10.1220703125,1999-11-09
"7254",10.2119140625,1999-11-10
"7255",8.2421875,1999-11-11
"7256",9.7724609375,1999-11-12
"7257",12.5322265625,1999-11-13
"7258",10.65234375,1999-11-14
"7259",10.5224609375,1999-11-15
"7260",7.8720703125,1999-11-16
"7261",8.01171875,1999-11-17
"7262",8.4716796875,1999-11-18
"7263",8.2119140625,1999-11-19
"7264",10.091796875,1999-11-20
"7265",14.3818359375,1999-11-21
"7266",11.7216796875,1999-11-22
"7267",10.8720703125,1999-11-23
"7268",11.8017578125,1999-11-24
"7269",12.3515625,1999-11-25
"7270",12.3623046875,1999-11-26
"7271",9.751953125,1999-11-27
"7272",12.2822265625,1999-11-28
"7273",14.33203125,1999-11-29
"7274",16.2119140625,1999-11-30
"7275",15.8017578125,1999-12-01
"7276",17.6015625,1999-12-02
"7277",14.8017578125,1999-12-03
"7278",13.0615234375,1999-12-04
"7279",11.572265625,1999-12-05
"7280",12.51171875,1999-12-06
"7281",11.6123046875,1999-12-07
"7282",17.681640625,1999-12-08
"7283",14.5322265625,1999-12-09
"7284",8.90234375,1999-12-10
"7285",12.091796875,1999-12-11
"7286",9.40234375,1999-12-12
"7287",11.7919921875,1999-12-13
"7288",11.9521484375,1999-12-14
"7289",7.8720703125,1999-12-15
"7290",13.931640625,1999-12-16
"7291",7.9521484375,1999-12-17
"7292",9.751953125,1999-12-18
"7293",12.2724609375,1999-12-19
"7294",8.001953125,1999-12-20
"7295",10.01171875,1999-12-21
"7296",11.751953125,1999-12-22
"7297",14.5517578125,1999-12-23
"7298",13.162109375,1999-12-24
"7299",16.0419921875,1999-12-25
"7300",17.931640625,1999-12-26
"7301",15.51171875,1999-12-27
"7302",12.591796875,1999-12-28
"7303",9.982421875,1999-12-29
"7304",10.5322265625,1999-12-30
"7305",11.4521484375,1999-12-31
"7306",8.5244140625,2000-01-01
"7307",10.6640625,2000-01-02
"7308",11.333984375,2000-01-03
"7309",8.93359375,2000-01-04
"7310",8.2138671875,2000-01-05
"7311",10.5537109375,2000-01-06
"7312",10.1142578125,2000-01-07
"7313",12.34375,2000-01-08
"7314",10.18359375,2000-01-09
"7315",11.4736328125,2000-01-10
"7316",12.814453125,2000-01-11
"7317",10.5439453125,2000-01-12
"7318",10.0244140625,2000-01-13
"7319",11.263671875,2000-01-14
"7320",14.404296875,2000-01-15
"7321",15.423828125,2000-01-16
"7322",15.68359375,2000-01-17
"7323",14.853515625,2000-01-18
"7324",16.484375,2000-01-19
"7325",13.333984375,2000-01-20
"7326",12.43359375,2000-01-21
"7327",11.6240234375,2000-01-22
"7328",9.3037109375,2000-01-23
"7329",8.2041015625,2000-01-24
"7330",10.9638671875,2000-01-25
"7331",14.9443359375,2000-01-26
"7332",11.013671875,2000-01-27
"7333",10.994140625,2000-01-28
"7334",13.50390625,2000-01-29
"7335",13.1435546875,2000-01-30
"7336",13.25390625,2000-01-31
"7337",11.177734375,2000-02-01
"7338",9.9482421875,2000-02-02
"7339",13.23828125,2000-02-03
"7340",13.8076171875,2000-02-04
"7341",18.4482421875,2000-02-05
"7342",11.5576171875,2000-02-06
"7343",11.59765625,2000-02-07
"7344",13.4482421875,2000-02-08
"7345",13.158203125,2000-02-09
"7346",11.84765625,2000-02-10
"7347",14.2578125,2000-02-11
"7348",11.0576171875,2000-02-12
"7349",8.7783203125,2000-02-13
"7350",12.337890625,2000-02-14
"7351",10.3876953125,2000-02-15
"7352",12.177734375,2000-02-16
"7353",12.5478515625,2000-02-17
"7354",12.48828125,2000-02-18
"7355",18.818359375,2000-02-19
"7356",20.0283203125,2000-02-20
"7357",23.337890625,2000-02-21
"7358",21.9482421875,2000-02-22
"7359",20.1376953125,2000-02-23
"7360",19.6279296875,2000-02-24
"7361",23.158203125,2000-02-25
"7362",18.73828125,2000-02-26
"7363",13.0078125,2000-02-27
"7364",13.1376953125,2000-02-28
"7365",14.2578125,2000-02-29
"7366",14.294921875,2000-03-01
"7367",15.615234375,2000-03-02
"7368",18.46484375,2000-03-03
"7369",12.6552734375,2000-03-04
"7370",13.39453125,2000-03-05
"7371",13.525390625,2000-03-06
"7372",13.0751953125,2000-03-07
"7373",15.0654296875,2000-03-08
"7374",14.294921875,2000-03-09
"7375",16.8349609375,2000-03-10
"7376",15.0146484375,2000-03-11
"7377",13.8154296875,2000-03-12
"7378",16.9453125,2000-03-13
"7379",12.4951171875,2000-03-14
"7380",11.9951171875,2000-03-15
"7381",12.3251953125,2000-03-16
"7382",13.0947265625,2000-03-17
"7383",15.6552734375,2000-03-18
"7384",15.275390625,2000-03-19
"7385",12.1748046875,2000-03-20
"7386",10.365234375,2000-03-21
"7387",11.10546875,2000-03-22
"7388",10.0947265625,2000-03-23
"7389",9.35546875,2000-03-24
"7390",11.9853515625,2000-03-25
"7391",13.14453125,2000-03-26
"7392",13.224609375,2000-03-27
"7393",17.2646484375,2000-03-28
"7394",14.0751953125,2000-03-29
"7395",15.4052734375,2000-03-30
"7396",15.5048828125,2000-03-31
"7397",13.7060546875,2000-04-01
"7398",12.5458984375,2000-04-02
"7399",13.7763671875,2000-04-03
"7400",16.6162109375,2000-04-04
"7401",12.515625,2000-04-05
"7402",11.0556640625,2000-04-06
"7403",11.3056640625,2000-04-07
"7404",11.0361328125,2000-04-08
"7405",15.17578125,2000-04-09
"7406",16.31640625,2000-04-10
"7407",15.0361328125,2000-04-11
"7408",17.17578125,2000-04-12
"7409",18.005859375,2000-04-13
"7410",16.31640625,2000-04-14
"7411",15.99609375,2000-04-15
"7412",14.8056640625,2000-04-16
"7413",14.0361328125,2000-04-17
"7414",13.42578125,2000-04-18
"7415",13.3056640625,2000-04-19
"7416",13.7158203125,2000-04-20
"7417",12.595703125,2000-04-21
"7418",8.576171875,2000-04-22
"7419",9.2861328125,2000-04-23
"7420",12.505859375,2000-04-24
"7421",10.416015625,2000-04-25
"7422",10.2763671875,2000-04-26
"7423",11.935546875,2000-04-27
"7424",13.6357421875,2000-04-28
"7425",14.92578125,2000-04-29
"7426",11.1064453125,2000-04-30
"7427",12.3466796875,2000-05-01
"7428",12.45703125,2000-05-02
"7429",12.7568359375,2000-05-03
"7430",13.857421875,2000-05-04
"7431",12.6767578125,2000-05-05
"7432",11.357421875,2000-05-06
"7433",12.197265625,2000-05-07
"7434",11.7470703125,2000-05-08
"7435",11.876953125,2000-05-09
"7436",11.0771484375,2000-05-10
"7437",10.3173828125,2000-05-11
"7438",11.70703125,2000-05-12
"7439",12.3974609375,2000-05-13
"7440",10.947265625,2000-05-14
"7441",13.2568359375,2000-05-15
"7442",13.4267578125,2000-05-16
"7443",13.3173828125,2000-05-17
"7444",11.7666015625,2000-05-18
"7445",11.2666015625,2000-05-19
"7446",14.1474609375,2000-05-20
"7447",9.7470703125,2000-05-21
"7448",10.287109375,2000-05-22
"7449",9.1171875,2000-05-23
"7450",10.556640625,2000-05-24
"7451",12.5771484375,2000-05-25
"7452",10.3466796875,2000-05-26
"7453",7.1572265625,2000-05-27
"7454",9.2373046875,2000-05-28
"7455",10.95703125,2000-05-29
"7456",9.126953125,2000-05-30
"7457",11.037109375,2000-05-31
"7458",10.623046875,2000-06-01
"7459",10.79296875,2000-06-02
"7460",10.0830078125,2000-06-03
"7461",9.97265625,2000-06-04
"7462",9.7734375,2000-06-05
"7463",11.8828125,2000-06-06
"7464",11.712890625,2000-06-07
"7465",11.693359375,2000-06-08
"7466",11.703125,2000-06-09
"7467",9.6826171875,2000-06-10
"7468",9.2333984375,2000-06-11
"7469",8.892578125,2000-06-12
"7470",8.693359375,2000-06-13
"7471",8.2626953125,2000-06-14
"7472",8.1826171875,2000-06-15
"7473",11.6728515625,2000-06-16
"7474",11.193359375,2000-06-17
"7475",9.97265625,2000-06-18
"7476",9.1826171875,2000-06-19
"7477",11.7431640625,2000-06-20
"7478",10.0234375,2000-06-21
"7479",11.8427734375,2000-06-22
"7480",11.2734375,2000-06-23
"7481",11.1630859375,2000-06-24
"7482",9.36328125,2000-06-25
"7483",8.5634765625,2000-06-26
"7484",11.04296875,2000-06-27
"7485",8.9130859375,2000-06-28
"7486",9.22265625,2000-06-29
"7487",11.5126953125,2000-06-30
"7488",11.0029296875,2000-07-01
"7489",9.11328125,2000-07-02
"7490",9.142578125,2000-07-03
"7491",10.2431640625,2000-07-04
"7492",8.9931640625,2000-07-05
"7493",12.3330078125,2000-07-06
"7494",11.5732421875,2000-07-07
"7495",9.892578125,2000-07-08
"7496",10.22265625,2000-07-09
"7497",9.5634765625,2000-07-10
"7498",8.4130859375,2000-07-11
"7499",11.2333984375,2000-07-12
"7500",9.7734375,2000-07-13
"7501",7.5830078125,2000-07-14
"7502",11.3330078125,2000-07-15
"7503",10.8427734375,2000-07-16
"7504",10.453125,2000-07-17
"7505",8.623046875,2000-07-18
"7506",8.9033203125,2000-07-19
"7507",10.0830078125,2000-07-20
"7508",9.2626953125,2000-07-21
"7509",10.4931640625,2000-07-22
"7510",9.0126953125,2000-07-23
"7511",11.36328125,2000-07-24
"7512",9.962890625,2000-07-25
"7513",8.6826171875,2000-07-26
"7514",10.1728515625,2000-07-27
"7515",10.0634765625,2000-07-28
"7516",7.97265625,2000-07-29
"7517",8.623046875,2000-07-30
"7518",8.72265625,2000-07-31
"7519",8.1630859375,2000-08-01
"7520",7.392578125,2000-08-02
"7521",7.6328125,2000-08-03
"7522",7.2529296875,2000-08-04
"7523",8.693359375,2000-08-05
"7524",9.9833984375,2000-08-06
"7525",11.642578125,2000-08-07
"7526",11.4130859375,2000-08-08
"7527",9.7431640625,2000-08-09
"7528",10.5234375,2000-08-10
"7529",8.7333984375,2000-08-11
"7530",8.79296875,2000-08-12
"7531",9.873046875,2000-08-13
"7532",10.623046875,2000-08-14
"7533",9.4833984375,2000-08-15
"7534",8.3427734375,2000-08-16
"7535",6.8330078125,2000-08-17
"7536",6.6025390625,2000-08-18
"7537",9.8134765625,2000-08-19
"7538",12.033203125,2000-08-20
"7539",10.2734375,2000-08-21
"7540",8.97265625,2000-08-22
"7541",10.8525390625,2000-08-23
"7542",10.7333984375,2000-08-24
"7543",11.4931640625,2000-08-25
"7544",11.2734375,2000-08-26
"7545",10.2431640625,2000-08-27
"7546",10.5029296875,2000-08-28
"7547",9.453125,2000-08-29
"7548",11.3134765625,2000-08-30
"7549",11.4326171875,2000-08-31
"7550",8.7236328125,2000-09-01
"7551",11.00390625,2000-09-02
"7552",8.2236328125,2000-09-03
"7553",11.404296875,2000-09-04
"7554",8.68359375,2000-09-05
"7555",10.423828125,2000-09-06
"7556",13.404296875,2000-09-07
"7557",11.2939453125,2000-09-08
"7558",11.00390625,2000-09-09
"7559",12.6337890625,2000-09-10
"7560",8.68359375,2000-09-11
"7561",10.923828125,2000-09-12
"7562",9.5341796875,2000-09-13
"7563",12.8935546875,2000-09-14
"7564",10.513671875,2000-09-15
"7565",10.923828125,2000-09-16
"7566",12.0341796875,2000-09-17
"7567",10.853515625,2000-09-18
"7568",11.6943359375,2000-09-19
"7569",10.1337890625,2000-09-20
"7570",10.513671875,2000-09-21
"7571",11.9541015625,2000-09-22
"7572",12.1435546875,2000-09-23
"7573",12.7939453125,2000-09-24
"7574",14.583984375,2000-09-25
"7575",15.583984375,2000-09-26
"7576",14.603515625,2000-09-27
"7577",12.25390625,2000-09-28
"7578",10.234375,2000-09-29
"7579",11.4541015625,2000-09-30
"7580",7.9326171875,2000-10-01
"7581",10.1533203125,2000-10-02
"7582",11.2734375,2000-10-03
"7583",9.8427734375,2000-10-04
"7584",6.892578125,2000-10-05
"7585",14.212890625,2000-10-06
"7586",13.9833984375,2000-10-07
"7587",10.6728515625,2000-10-08
"7588",8.9033203125,2000-10-09
"7589",11.373046875,2000-10-10
"7590",8.1630859375,2000-10-11
"7591",7.462890625,2000-10-12
"7592",8.373046875,2000-10-13
"7593",11.302734375,2000-10-14
"7594",12.3828125,2000-10-15
"7595",10.123046875,2000-10-16
"7596",8.8134765625,2000-10-17
"7597",16.033203125,2000-10-18
"7598",9.72265625,2000-10-19
"7599",12.1328125,2000-10-20
"7600",13.453125,2000-10-21
"7601",13.1328125,2000-10-22
"7602",15.6630859375,2000-10-23
"7603",13.9931640625,2000-10-24
"7604",12.4326171875,2000-10-25
"7605",10.8330078125,2000-10-26
"7606",8.892578125,2000-10-27
"7607",7.6328125,2000-10-28
"7608",9.22265625,2000-10-29
"7609",9.6728515625,2000-10-30
"7610",8.47265625,2000-10-31
"7611",13.8115234375,2000-11-01
"7612",13.751953125,2000-11-02
"7613",12.8720703125,2000-11-03
"7614",12.181640625,2000-11-04
"7615",10.51171875,2000-11-05
"7616",9.8017578125,2000-11-06
"7617",8.251953125,2000-11-07
"7618",6.8115234375,2000-11-08
"7619",15.1318359375,2000-11-09
"7620",16.162109375,2000-11-10
"7621",15.4716796875,2000-11-11
"7622",15.2021484375,2000-11-12
"7623",14.8818359375,2000-11-13
"7624",14.7216796875,2000-11-14
"7625",15.681640625,2000-11-15
"7626",17.76171875,2000-11-16
"7627",19.1015625,2000-11-17
"7628",18.4423828125,2000-11-18
"7629",19.4921875,2000-11-19
"7630",15.841796875,2000-11-20
"7631",12.3916015625,2000-11-21
"7632",12.1923828125,2000-11-22
"7633",13.7216796875,2000-11-23
"7634",13.7822265625,2000-11-24
"7635",12.15234375,2000-11-25
"7636",13.2724609375,2000-11-26
"7637",13.7822265625,2000-11-27
"7638",15.7421875,2000-11-28
"7639",12.6123046875,2000-11-29
"7640",11.9619140625,2000-11-30
"7641",10.171875,2000-12-01
"7642",8.7724609375,2000-12-02
"7643",14.162109375,2000-12-03
"7644",12.4619140625,2000-12-04
"7645",13.6123046875,2000-12-05
"7646",9.4423828125,2000-12-06
"7647",11.3818359375,2000-12-07
"7648",10.58203125,2000-12-08
"7649",11.5419921875,2000-12-09
"7650",9.0224609375,2000-12-10
"7651",14.6416015625,2000-12-11
"7652",13.5224609375,2000-12-12
"7653",13.1318359375,2000-12-13
"7654",9.6318359375,2000-12-14
"7655",10.65234375,2000-12-15
"7656",10.7724609375,2000-12-16
"7657",12.9921875,2000-12-17
"7658",16.0322265625,2000-12-18
"7659",11.7421875,2000-12-19
"7660",13.0419921875,2000-12-20
"7661",17.58203125,2000-12-21
"7662",16.7919921875,2000-12-22
"7663",12.3818359375,2000-12-23
"7664",15.9521484375,2000-12-24
"7665",12.2021484375,2000-12-25
"7666",12.251953125,2000-12-26
"7667",9.8818359375,2000-12-27
"7668",9.40234375,2000-12-28
"7669",8.33203125,2000-12-29
"7670",11.5615234375,2000-12-30
"7671",10.01171875,2000-12-31
"7672",9.68359375,2001-01-01
"7673",15.564453125,2001-01-02
"7674",16.1142578125,2001-01-03
"7675",13.4541015625,2001-01-04
"7676",14.0244140625,2001-01-05
"7677",12.32421875,2001-01-06
"7678",15.4443359375,2001-01-07
"7679",15.173828125,2001-01-08
"7680",15.59375,2001-01-09
"7681",15.103515625,2001-01-10
"7682",15.09375,2001-01-11
"7683",13.8037109375,2001-01-12
"7684",12.673828125,2001-01-13
"7685",15.1142578125,2001-01-14
"7686",16.7041015625,2001-01-15
"7687",10.2236328125,2001-01-16
"7688",12.8740234375,2001-01-17
"7689",11.6337890625,2001-01-18
"7690",14.744140625,2001-01-19
"7691",11.8642578125,2001-01-20
"7692",16.3037109375,2001-01-21
"7693",18.5244140625,2001-01-22
"7694",15.18359375,2001-01-23
"7695",19.2744140625,2001-01-24
"7696",23.244140625,2001-01-25
"7697",20.0439453125,2001-01-26
"7698",13.7841796875,2001-01-27
"7699",11.5341796875,2001-01-28
"7700",13.513671875,2001-01-29
"7701",11.9541015625,2001-01-30
"7702",10.2236328125,2001-01-31
"7703",9.1279296875,2001-02-01
"7704",12.4775390625,2001-02-02
"7705",20.068359375,2001-02-03
"7706",17.1982421875,2001-02-04
"7707",13.73828125,2001-02-05
"7708",17.1884765625,2001-02-06
"7709",22.8779296875,2001-02-07
"7710",16.998046875,2001-02-08
"7711",19.078125,2001-02-09
"7712",13.1982421875,2001-02-10
"7713",13.6884765625,2001-02-11
"7714",20.677734375,2001-02-12
"7715",15.9677734375,2001-02-13
"7716",14.7978515625,2001-02-14
"7717",12.48828125,2001-02-15
"7718",11.23828125,2001-02-16
"7719",11.3984375,2001-02-17
"7720",10.3583984375,2001-02-18
"7721",9.1884765625,2001-02-19
"7722",10.2880859375,2001-02-20
"7723",16.2275390625,2001-02-21
"7724",12.1083984375,2001-02-22
"7725",13.8876953125,2001-02-23
"7726",13.9482421875,2001-02-24
"7727",15.7978515625,2001-02-25
"7728",17.98828125,2001-02-26
"7729",15.3876953125,2001-02-27
"7730",13.427734375,2001-02-28
"7731",11.4248046875,2001-03-01
"7732",12.1650390625,2001-03-02
"7733",14.3154296875,2001-03-03
"7734",12.9453125,2001-03-04
"7735",15.4853515625,2001-03-05
"7736",12.8447265625,2001-03-06
"7737",11.0546875,2001-03-07
"7738",13.46484375,2001-03-08
"7739",10.6953125,2001-03-09
"7740",15.384765625,2001-03-10
"7741",10.7548828125,2001-03-11
"7742",13.3447265625,2001-03-12
"7743",9.9345703125,2001-03-13
"7744",10.8046875,2001-03-14
"7745",7.544921875,2001-03-15
"7746",18.375,2001-03-16
"7747",11.7646484375,2001-03-17
"7748",14.625,2001-03-18
"7749",13.5654296875,2001-03-19
"7750",10.474609375,2001-03-20
"7751",10.375,2001-03-21
"7752",15.0146484375,2001-03-22
"7753",13.2451171875,2001-03-23
"7754",13.6953125,2001-03-24
"7755",11.64453125,2001-03-25
"7756",15.1650390625,2001-03-26
"7757",13.0048828125,2001-03-27
"7758",10.3154296875,2001-03-28
"7759",9.60546875,2001-03-29
"7760",11.224609375,2001-03-30
"7761",12.21484375,2001-03-31
"7762",13.0556640625,2001-04-01
"7763",10.396484375,2001-04-02
"7764",10.4560546875,2001-04-03
"7765",11.2861328125,2001-04-04
"7766",12.3759765625,2001-04-05
"7767",9.8564453125,2001-04-06
"7768",7.4658203125,2001-04-07
"7769",10.40625,2001-04-08
"7770",12.6162109375,2001-04-09
"7771",13.916015625,2001-04-10
"7772",14.3662109375,2001-04-11
"7773",7.8857421875,2001-04-12
"7774",8.1259765625,2001-04-13
"7775",6.8759765625,2001-04-14
"7776",7.2158203125,2001-04-15
"7777",14.49609375,2001-04-16
"7778",13.8056640625,2001-04-17
"7779",9.6962890625,2001-04-18
"7780",9.40625,2001-04-19
"7781",8.3359375,2001-04-20
"7782",8.1357421875,2001-04-21
"7783",14.1962890625,2001-04-22
"7784",11.24609375,2001-04-23
"7785",9.56640625,2001-04-24
"7786",9.345703125,2001-04-25
"7787",15.3662109375,2001-04-26
"7788",12.8564453125,2001-04-27
"7789",9.6259765625,2001-04-28
"7790",9.185546875,2001-04-29
"7791",10.396484375,2001-04-30
"7792",12.6865234375,2001-05-01
"7793",12.5771484375,2001-05-02
"7794",12.0869140625,2001-05-03
"7795",13.857421875,2001-05-04
"7796",12.8974609375,2001-05-05
"7797",12.1474609375,2001-05-06
"7798",11.6572265625,2001-05-07
"7799",9.7373046875,2001-05-08
"7800",15.0966796875,2001-05-09
"7801",12.466796875,2001-05-10
"7802",11.0166015625,2001-05-11
"7803",10.466796875,2001-05-12
"7804",11.3369140625,2001-05-13
"7805",11.9765625,2001-05-14
"7806",10.0966796875,2001-05-15
"7807",11.4970703125,2001-05-16
"7808",10.9970703125,2001-05-17
"7809",11.1572265625,2001-05-18
"7810",10.4169921875,2001-05-19
"7811",10.1572265625,2001-05-20
"7812",10.63671875,2001-05-21
"7813",11.38671875,2001-05-22
"7814",10.0673828125,2001-05-23
"7815",9.7568359375,2001-05-24
"7816",9.3173828125,2001-05-25
"7817",12.5771484375,2001-05-26
"7818",10.966796875,2001-05-27
"7819",10.4072265625,2001-05-28
"7820",9.4765625,2001-05-29
"7821",9.9365234375,2001-05-30
"7822",8.287109375,2001-05-31
"7823",8.703125,2001-06-01
"7824",8.283203125,2001-06-02
"7825",11.8134765625,2001-06-03
"7826",10.873046875,2001-06-04
"7827",10.873046875,2001-06-05
"7828",15.3134765625,2001-06-06
"7829",12.4033203125,2001-06-07
"7830",13.953125,2001-06-08
"7831",13.0634765625,2001-06-09
"7832",12.453125,2001-06-10
"7833",12.9033203125,2001-06-11
"7834",12.943359375,2001-06-12
"7835",12.97265625,2001-06-13
"7836",9.61328125,2001-06-14
"7837",10.0234375,2001-06-15
"7838",9.5830078125,2001-06-16
"7839",8.7734375,2001-06-17
"7840",8.6328125,2001-06-18
"7841",9.962890625,2001-06-19
"7842",12.7431640625,2001-06-20
"7843",13.5126953125,2001-06-21
"7844",11.6533203125,2001-06-22
"7845",11.22265625,2001-06-23
"7846",11.3427734375,2001-06-24
"7847",11.4130859375,2001-06-25
"7848",10.962890625,2001-06-26
"7849",9.2626953125,2001-06-27
"7850",9.6728515625,2001-06-28
"7851",9.3525390625,2001-06-29
"7852",8.8134765625,2001-06-30
"7853",9.6025390625,2001-07-01
"7854",8.8134765625,2001-07-02
"7855",8.462890625,2001-07-03
"7856",9.1328125,2001-07-04
"7857",10.86328125,2001-07-05
"7858",10.123046875,2001-07-06
"7859",10.392578125,2001-07-07
"7860",12.47265625,2001-07-08
"7861",10.6025390625,2001-07-09
"7862",10.802734375,2001-07-10
"7863",9.6630859375,2001-07-11
"7864",11.5732421875,2001-07-12
"7865",10.943359375,2001-07-13
"7866",11.6328125,2001-07-14
"7867",11.0126953125,2001-07-15
"7868",10.97265625,2001-07-16
"7869",11.4228515625,2001-07-17
"7870",9.8828125,2001-07-18
"7871",10.4833984375,2001-07-19
"7872",10.392578125,2001-07-20
"7873",10.5029296875,2001-07-21
"7874",8.9033203125,2001-07-22
"7875",10.5634765625,2001-07-23
"7876",9.0830078125,2001-07-24
"7877",10.2626953125,2001-07-25
"7878",10.2734375,2001-07-26
"7879",12.4833984375,2001-07-27
"7880",8.9326171875,2001-07-28
"7881",9.142578125,2001-07-29
"7882",9.462890625,2001-07-30
"7883",8.5732421875,2001-07-31
"7884",8.7333984375,2001-08-01
"7885",8.783203125,2001-08-02
"7886",8.4033203125,2001-08-03
"7887",8.2734375,2001-08-04
"7888",11.54296875,2001-08-05
"7889",9.8525390625,2001-08-06
"7890",9.623046875,2001-08-07
"7891",9.9130859375,2001-08-08
"7892",8.9326171875,2001-08-09
"7893",7.712890625,2001-08-10
"7894",9.36328125,2001-08-11
"7895",11.97265625,2001-08-12
"7896",11.3427734375,2001-08-13
"7897",10.3330078125,2001-08-14
"7898",7.61328125,2001-08-15
"7899",9.6328125,2001-08-16
"7900",9.7529296875,2001-08-17
"7901",9.0927734375,2001-08-18
"7902",12.1728515625,2001-08-19
"7903",10.962890625,2001-08-20
"7904",10.1328125,2001-08-21
"7905",10.2529296875,2001-08-22
"7906",11.203125,2001-08-23
"7907",9.0830078125,2001-08-24
"7908",12.302734375,2001-08-25
"7909",9.6025390625,2001-08-26
"7910",9.123046875,2001-08-27
"7911",13.1728515625,2001-08-28
"7912",11.3330078125,2001-08-29
"7913",11.193359375,2001-08-30
"7914",8.6533203125,2001-08-31
"7915",11.2041015625,2001-09-01
"7916",12.814453125,2001-09-02
"7917",12.3740234375,2001-09-03
"7918",10.064453125,2001-09-04
"7919",9.083984375,2001-09-05
"7920",9.994140625,2001-09-06
"7921",11.57421875,2001-09-07
"7922",9.814453125,2001-09-08
"7923",11.564453125,2001-09-09
"7924",10.68359375,2001-09-10
"7925",11.353515625,2001-09-11
"7926",13.5537109375,2001-09-12
"7927",11.93359375,2001-09-13
"7928",11.923828125,2001-09-14
"7929",11.814453125,2001-09-15
"7930",13.1142578125,2001-09-16
"7931",10.1435546875,2001-09-17
"7932",9.1337890625,2001-09-18
"7933",11.5439453125,2001-09-19
"7934",12.4541015625,2001-09-20
"7935",12.404296875,2001-09-21
"7936",14.07421875,2001-09-22
"7937",12.9140625,2001-09-23
"7938",11.5439453125,2001-09-24
"7939",10.173828125,2001-09-25
"7940",8.34375,2001-09-26
"7941",9.34375,2001-09-27
"7942",8.7138671875,2001-09-28
"7943",9.2841796875,2001-09-29
"7944",15.1142578125,2001-09-30
"7945",12.6533203125,2001-10-01
"7946",10.392578125,2001-10-02
"7947",12.533203125,2001-10-03
"7948",10.1826171875,2001-10-04
"7949",10.552734375,2001-10-05
"7950",10.3232421875,2001-10-06
"7951",11.36328125,2001-10-07
"7952",11.283203125,2001-10-08
"7953",10.11328125,2001-10-09
"7954",8.783203125,2001-10-10
"7955",9.8330078125,2001-10-11
"7956",11.123046875,2001-10-12
"7957",12.4931640625,2001-10-13
"7958",9.693359375,2001-10-14
"7959",10.552734375,2001-10-15
"7960",12.47265625,2001-10-16
"7961",12.552734375,2001-10-17
"7962",11.033203125,2001-10-18
"7963",8.72265625,2001-10-19
"7964",8.1025390625,2001-10-20
"7965",7.9931640625,2001-10-21
"7966",9.1025390625,2001-10-22
"7967",15.953125,2001-10-23
"7968",12.8134765625,2001-10-24
"7969",11.2734375,2001-10-25
"7970",12.6728515625,2001-10-26
"7971",9.6328125,2001-10-27
"7972",9.373046875,2001-10-28
"7973",9.8330078125,2001-10-29
"7974",12.22265625,2001-10-30
"7975",14.033203125,2001-10-31
"7976",13.732421875,2001-11-01
"7977",10.5615234375,2001-11-02
"7978",11.4423828125,2001-11-03
"7979",13.65234375,2001-11-04
"7980",18.9921875,2001-11-05
"7981",11.51171875,2001-11-06
"7982",7.7421875,2001-11-07
"7983",10.3720703125,2001-11-08
"7984",10.4423828125,2001-11-09
"7985",8.90234375,2001-11-10
"7986",8.7216796875,2001-11-11
"7987",11.9619140625,2001-11-12
"7988",12.3623046875,2001-11-13
"7989",10.5419921875,2001-11-14
"7990",12.181640625,2001-11-15
"7991",12.3017578125,2001-11-16
"7992",10.2216796875,2001-11-17
"7993",11.3916015625,2001-11-18
"7994",8.001953125,2001-11-19
"7995",11.1318359375,2001-11-20
"7996",11.662109375,2001-11-21
"7997",9.8623046875,2001-11-22
"7998",15.1123046875,2001-11-23
"7999",13.2822265625,2001-11-24
"8000",12.4921875,2001-11-25
"8001",13.171875,2001-11-26
"8002",12.9521484375,2001-11-27
"8003",11.732421875,2001-11-28
"8004",11.4521484375,2001-11-29
"8005",11.01171875,2001-11-30
"8006",9.58203125,2001-12-01
"8007",14.2822265625,2001-12-02
"8008",13.662109375,2001-12-03
"8009",13.412109375,2001-12-04
"8010",10.9619140625,2001-12-05
"8011",18.841796875,2001-12-06
"8012",12.4921875,2001-12-07
"8013",9.6220703125,2001-12-08
"8014",9.572265625,2001-12-09
"8015",9.3623046875,2001-12-10
"8016",12.5615234375,2001-12-11
"8017",10.51171875,2001-12-12
"8018",12.6123046875,2001-12-13
"8019",11.9921875,2001-12-14
"8020",10.162109375,2001-12-15
"8021",10.931640625,2001-12-16
"8022",10.4521484375,2001-12-17
"8023",10.2021484375,2001-12-18
"8024",10.6923828125,2001-12-19
"8025",14.982421875,2001-12-20
"8026",12.5517578125,2001-12-21
"8027",12.4423828125,2001-12-22
"8028",12.982421875,2001-12-23
"8029",10.2421875,2001-12-24
"8030",11.921875,2001-12-25
"8031",10.33203125,2001-12-26
"8032",11.7119140625,2001-12-27
"8033",13.6123046875,2001-12-28
"8034",11.08203125,2001-12-29
"8035",9.40234375,2001-12-30
"8036",12.2021484375,2001-12-31
"8037",13.25390625,2002-01-01
"8038",10.6240234375,2002-01-02
"8039",9.82421875,2002-01-03
"8040",10.9736328125,2002-01-04
"8041",11.083984375,2002-01-05
"8042",13.103515625,2002-01-06
"8043",12.1435546875,2002-01-07
"8044",10.9638671875,2002-01-08
"8045",10.0244140625,2002-01-09
"8046",9.083984375,2002-01-10
"8047",12.673828125,2002-01-11
"8048",9.82421875,2002-01-12
"8049",11.1435546875,2002-01-13
"8050",12.34375,2002-01-14
"8051",12.484375,2002-01-15
"8052",10.7744140625,2002-01-16
"8053",11.853515625,2002-01-17
"8054",11.3837890625,2002-01-18
"8055",10.8837890625,2002-01-19
"8056",15.2138671875,2002-01-20
"8057",16.9638671875,2002-01-21
"8058",14.7236328125,2002-01-22
"8059",11.8037109375,2002-01-23
"8060",13.064453125,2002-01-24
"8061",13.34375,2002-01-25
"8062",13.0439453125,2002-01-26
"8063",20.3837890625,2002-01-27
"8064",13.0439453125,2002-01-28
"8065",13.9443359375,2002-01-29
"8066",14.564453125,2002-01-30
"8067",12.68359375,2002-01-31
"8068",13.828125,2002-02-01
"8069",13.73828125,2002-02-02
"8070",8.7275390625,2002-02-03
"8071",9.578125,2002-02-04
"8072",12.3984375,2002-02-05
"8073",13.4384765625,2002-02-06
"8074",15.5283203125,2002-02-07
"8075",12.1376953125,2002-02-08
"8076",12.3681640625,2002-02-09
"8077",11.177734375,2002-02-10
"8078",9.9580078125,2002-02-11
"8079",11.8984375,2002-02-12
"8080",10.318359375,2002-02-13
"8081",10.3681640625,2002-02-14
"8082",15.2578125,2002-02-15
"8083",11.8583984375,2002-02-16
"8084",12.6083984375,2002-02-17
"8085",12.6181640625,2002-02-18
"8086",10.91796875,2002-02-19
"8087",12.677734375,2002-02-20
"8088",9.7783203125,2002-02-21
"8089",11.7578125,2002-02-22
"8090",14.1982421875,2002-02-23
"8091",14.8076171875,2002-02-24
"8092",13.1982421875,2002-02-25
"8093",12.498046875,2002-02-26
"8094",10.6484375,2002-02-27
"8095",11.34765625,2002-02-28
"8096",12.384765625,2002-03-01
"8097",13.615234375,2002-03-02
"8098",13.0048828125,2002-03-03
"8099",14.0546875,2002-03-04
"8100",13.0947265625,2002-03-05
"8101",12.9248046875,2002-03-06
"8102",12.3447265625,2002-03-07
"8103",10.0048828125,2002-03-08
"8104",11.4248046875,2002-03-09
"8105",11.3154296875,2002-03-10
"8106",13.14453125,2002-03-11
"8107",11.5048828125,2002-03-12
"8108",12.4853515625,2002-03-13
"8109",12.9150390625,2002-03-14
"8110",12.21484375,2002-03-15
"8111",11.21484375,2002-03-16
"8112",9.21484375,2002-03-17
"8113",7.224609375,2002-03-18
"8114",14.53515625,2002-03-19
"8115",14.275390625,2002-03-20
"8116",13.875,2002-03-21
"8117",14.294921875,2002-03-22
"8118",7.64453125,2002-03-23
"8119",9.6748046875,2002-03-24
"8120",14.28515625,2002-03-25
"8121",12.875,2002-03-26
"8122",14.9150390625,2002-03-27
"8123",14.5947265625,2002-03-28
"8124",12.8251953125,2002-03-29
"8125",10.46484375,2002-03-30
"8126",11.8349609375,2002-03-31
"8127",12.3662109375,2002-04-01
"8128",11.2861328125,2002-04-02
"8129",14.986328125,2002-04-03
"8130",9.5263671875,2002-04-04
"8131",8.505859375,2002-04-05
"8132",11.3662109375,2002-04-06
"8133",10.90625,2002-04-07
"8134",10.4560546875,2002-04-08
"8135",12.92578125,2002-04-09
"8136",16.166015625,2002-04-10
"8137",15.2060546875,2002-04-11
"8138",16.015625,2002-04-12
"8139",16.0859375,2002-04-13
"8140",11.0458984375,2002-04-14
"8141",10.1162109375,2002-04-15
"8142",11.0556640625,2002-04-16
"8143",11.2958984375,2002-04-17
"8144",9.8564453125,2002-04-18
"8145",10.5361328125,2002-04-19
"8146",10.5859375,2002-04-20
"8147",13.2158203125,2002-04-21
"8148",11.396484375,2002-04-22
"8149",13.3564453125,2002-04-23
"8150",13.2060546875,2002-04-24
"8151",13.755859375,2002-04-25
"8152",10.2158203125,2002-04-26
"8153",9.7763671875,2002-04-27
"8154",9.3564453125,2002-04-28
"8155",9.3857421875,2002-04-29
"8156",10.185546875,2002-04-30
"8157",12.38671875,2002-05-01
"8158",12.376953125,2002-05-02
"8159",10.7666015625,2002-05-03
"8160",8.9365234375,2002-05-04
"8161",8.8369140625,2002-05-05
"8162",9.02734375,2002-05-06
"8163",8.966796875,2002-05-07
"8164",7.45703125,2002-05-08
"8165",16.3369140625,2002-05-09
"8166",15.306640625,2002-05-10
"8167",12.4169921875,2002-05-11
"8168",8.8671875,2002-05-12
"8169",13.9765625,2002-05-13
"8170",10.3671875,2002-05-14
"8171",12.4970703125,2002-05-15
"8172",12.8671875,2002-05-16
"8173",8.8173828125,2002-05-17
"8174",11.7373046875,2002-05-18
"8175",9.3974609375,2002-05-19
"8176",11.70703125,2002-05-20
"8177",10.1572265625,2002-05-21
"8178",11.52734375,2002-05-22
"8179",10.63671875,2002-05-23
"8180",8.2666015625,2002-05-24
"8181",9.3671875,2002-05-25
"8182",9.7373046875,2002-05-26
"8183",9.4365234375,2002-05-27
"8184",9.2470703125,2002-05-28
"8185",9.447265625,2002-05-29
"8186",8.7470703125,2002-05-30
"8187",11.45703125,2002-05-31
"8188",10.552734375,2002-06-01
"8189",9.5234375,2002-06-02
"8190",8.212890625,2002-06-03
"8191",7.8525390625,2002-06-04
"8192",7.8330078125,2002-06-05
"8193",10.623046875,2002-06-06
"8194",9.943359375,2002-06-07
"8195",11.203125,2002-06-08
"8196",13.61328125,2002-06-09
"8197",12.4931640625,2002-06-10
"8198",12.5634765625,2002-06-11
"8199",13.0634765625,2002-06-12
"8200",10.8525390625,2002-06-13
"8201",12.0234375,2002-06-14
"8202",12.2529296875,2002-06-15
"8203",11.693359375,2002-06-16
"8204",11.54296875,2002-06-17
"8205",9.443359375,2002-06-18
"8206",6.533203125,2002-06-19
"8207",11.4130859375,2002-06-20
"8208",11.033203125,2002-06-21
"8209",11.9326171875,2002-06-22
"8210",12.123046875,2002-06-23
"8211",9.8232421875,2002-06-24
"8212",10.8134765625,2002-06-25
"8213",9.9033203125,2002-06-26
"8214",11.6728515625,2002-06-27
"8215",7.8525390625,2002-06-28
"8216",7.29296875,2002-06-29
"8217",6.962890625,2002-06-30
"8218",6.9931640625,2002-07-01
"8219",5.783203125,2002-07-02
"8220",11.0634765625,2002-07-03
"8221",11.9228515625,2002-07-04
"8222",12.2431640625,2002-07-05
"8223",11.11328125,2002-07-06
"8224",10.9130859375,2002-07-07
"8225",7.623046875,2002-07-08
"8226",11.1533203125,2002-07-09
"8227",7.642578125,2002-07-10
"8228",7.54296875,2002-07-11
"8229",11.7431640625,2002-07-12
"8230",10.8134765625,2002-07-13
"8231",9.3427734375,2002-07-14
"8232",9.693359375,2002-07-15
"8233",11.3427734375,2002-07-16
"8234",11.79296875,2002-07-17
"8235",11.703125,2002-07-18
"8236",8.6328125,2002-07-19
"8237",11.1533203125,2002-07-20
"8238",9.1826171875,2002-07-21
"8239",9.3427734375,2002-07-22
"8240",8.4228515625,2002-07-23
"8241",10.873046875,2002-07-24
"8242",8.373046875,2002-07-25
"8243",12.0634765625,2002-07-26
"8244",7.9833984375,2002-07-27
"8245",12.2529296875,2002-07-28
"8246",8.72265625,2002-07-29
"8247",9.8525390625,2002-07-30
"8248",9.373046875,2002-07-31
"8249",10.703125,2002-08-01
"8250",8.5234375,2002-08-02
"8251",8.6630859375,2002-08-03
"8252",9.392578125,2002-08-04
"8253",7.0732421875,2002-08-05
"8254",10.8232421875,2002-08-06
"8255",12.6630859375,2002-08-07
"8256",10.7734375,2002-08-08
"8257",10.0234375,2002-08-09
"8258",8.212890625,2002-08-10
"8259",11.462890625,2002-08-11
"8260",8.36328125,2002-08-12
"8261",9.2431640625,2002-08-13
"8262",9.36328125,2002-08-14
"8263",8.5927734375,2002-08-15
"8264",7.9326171875,2002-08-16
"8265",8.6826171875,2002-08-17
"8266",8.6328125,2002-08-18
"8267",9.033203125,2002-08-19
"8268",10.052734375,2002-08-20
"8269",8.9228515625,2002-08-21
"8270",9.36328125,2002-08-22
"8271",7.1630859375,2002-08-23
"8272",6.7431640625,2002-08-24
"8273",7.3232421875,2002-08-25
"8274",6.5029296875,2002-08-26
"8275",6.142578125,2002-08-27
"8276",11.6328125,2002-08-28
"8277",10.712890625,2002-08-29
"8278",9.5029296875,2002-08-30
"8279",11.4833984375,2002-08-31
"8280",11.2841796875,2002-09-01
"8281",7.4541015625,2002-09-02
"8282",12.2744140625,2002-09-03
"8283",10.7138671875,2002-09-04
"8284",9.5341796875,2002-09-05
"8285",8.7041015625,2002-09-06
"8286",11.583984375,2002-09-07
"8287",12.494140625,2002-09-08
"8288",7.923828125,2002-09-09
"8289",8.4638671875,2002-09-10
"8290",7.7939453125,2002-09-11
"8291",5.6337890625,2002-09-12
"8292",8.0244140625,2002-09-13
"8293",7.234375,2002-09-14
"8294",8.484375,2002-09-15
"8295",10.8740234375,2002-09-16
"8296",8.314453125,2002-09-17
"8297",12.4140625,2002-09-18
"8298",9.82421875,2002-09-19
"8299",10.18359375,2002-09-20
"8300",12.083984375,2002-09-21
"8301",10.103515625,2002-09-22
"8302",9.57421875,2002-09-23
"8303",10.2939453125,2002-09-24
"8304",11.07421875,2002-09-25
"8305",8.5341796875,2002-09-26
"8306",8.494140625,2002-09-27
"8307",9.18359375,2002-09-28
"8308",8.9736328125,2002-09-29
"8309",8.7744140625,2002-09-30
"8310",6.4326171875,2002-10-01
"8311",4.1630859375,2002-10-02
"8312",12.373046875,2002-10-03
"8313",11.47265625,2002-10-04
"8314",12.3525390625,2002-10-05
"8315",10.142578125,2002-10-06
"8316",12.0029296875,2002-10-07
"8317",7.9130859375,2002-10-08
"8318",8.5732421875,2002-10-09
"8319",8.86328125,2002-10-10
"8320",9.0126953125,2002-10-11
"8321",6.4228515625,2002-10-12
"8322",9.5029296875,2002-10-13
"8323",12.7529296875,2002-10-14
"8324",12.2333984375,2002-10-15
"8325",9.7529296875,2002-10-16
"8326",12.4033203125,2002-10-17
"8327",9.703125,2002-10-18
"8328",10.5029296875,2002-10-19
"8329",11.642578125,2002-10-20
"8330",10.6630859375,2002-10-21
"8331",7.052734375,2002-10-22
"8332",10.0634765625,2002-10-23
"8333",9.7529296875,2002-10-24
"8334",11.7734375,2002-10-25
"8335",7.302734375,2002-10-26
"8336",9.11328125,2002-10-27
"8337",10.5732421875,2002-10-28
"8338",6.72265625,2002-10-29
"8339",13.2333984375,2002-10-30
"8340",9.47265625,2002-10-31
"8341",9.162109375,2002-11-01
"8342",12.08203125,2002-11-02
"8343",10.921875,2002-11-03
"8344",8.822265625,2002-11-04
"8345",9.7216796875,2002-11-05
"8346",8.1318359375,2002-11-06
"8347",5.3720703125,2002-11-07
"8348",12.7119140625,2002-11-08
"8349",12.4423828125,2002-11-09
"8350",11.8818359375,2002-11-10
"8351",9.3623046875,2002-11-11
"8352",20.171875,2002-11-12
"8353",8.232421875,2002-11-13
"8354",10.072265625,2002-11-14
"8355",10.0224609375,2002-11-15
"8356",7.921875,2002-11-16
"8357",6.9716796875,2002-11-17
"8358",12.5615234375,2002-11-18
"8359",12.251953125,2002-11-19
"8360",12.7021484375,2002-11-20
"8361",10.0517578125,2002-11-21
"8362",10.3515625,2002-11-22
"8363",7.9521484375,2002-11-23
"8364",19.33203125,2002-11-24
"8365",18.322265625,2002-11-25
"8366",13.5224609375,2002-11-26
"8367",12.26171875,2002-11-27
"8368",13.51171875,2002-11-28
"8369",13.822265625,2002-11-29
"8370",9.6923828125,2002-11-30
"8371",10.162109375,2002-12-01
"8372",15.732421875,2002-12-02
"8373",10.7919921875,2002-12-03
"8374",10.072265625,2002-12-04
"8375",15.58203125,2002-12-05
"8376",8.1123046875,2002-12-06
"8377",9.5224609375,2002-12-07
"8378",11.3515625,2002-12-08
"8379",10.3017578125,2002-12-09
"8380",8.9716796875,2002-12-10
"8381",10.7822265625,2002-12-11
"8382",10.6416015625,2002-12-12
"8383",10.681640625,2002-12-13
"8384",10.921875,2002-12-14
"8385",9.681640625,2002-12-15
"8386",11.8515625,2002-12-16
"8387",16.7119140625,2002-12-17
"8388",13.7919921875,2002-12-18
"8389",13.5224609375,2002-12-19
"8390",10.3515625,2002-12-20
"8391",12.7119140625,2002-12-21
"8392",13.9619140625,2002-12-22
"8393",8.662109375,2002-12-23
"8394",10.4619140625,2002-12-24
"8395",10.5517578125,2002-12-25
"8396",11.3720703125,2002-12-26
"8397",12.0517578125,2002-12-27
"8398",8.8720703125,2002-12-28
"8399",11.01171875,2002-12-29
"8400",18.51171875,2002-12-30
"8401",14.931640625,2002-12-31
"8402",9.6640625,2003-01-01
"8403",14.564453125,2003-01-02
"8404",14.5341796875,2003-01-03
"8405",11.2041015625,2003-01-04
"8406",11.8837890625,2003-01-05
"8407",9.7744140625,2003-01-06
"8408",10.2236328125,2003-01-07
"8409",9.0244140625,2003-01-08
"8410",9.7939453125,2003-01-09
"8411",12.564453125,2003-01-10
"8412",11.314453125,2003-01-11
"8413",9.603515625,2003-01-12
"8414",10.5341796875,2003-01-13
"8415",10.484375,2003-01-14
"8416",10.6943359375,2003-01-15
"8417",13.673828125,2003-01-16
"8418",11.5341796875,2003-01-17
"8419",14.4443359375,2003-01-18
"8420",11.0341796875,2003-01-19
"8421",20.744140625,2003-01-20
"8422",13.43359375,2003-01-21
"8423",13.0537109375,2003-01-22
"8424",11.18359375,2003-01-23
"8425",13.8037109375,2003-01-24
"8426",10.32421875,2003-01-25
"8427",16.2041015625,2003-01-26
"8428",12.013671875,2003-01-27
"8429",11.5341796875,2003-01-28
"8430",10.7939453125,2003-01-29
"8431",15.3037109375,2003-01-30
"8432",11.1435546875,2003-01-31
"8433",13.4677734375,2003-02-01
"8434",12.498046875,2003-02-02
"8435",11.0380859375,2003-02-03
"8436",11.7578125,2003-02-04
"8437",18.748046875,2003-02-05
"8438",13.1982421875,2003-02-06
"8439",14.087890625,2003-02-07
"8440",12.5576171875,2003-02-08
"8441",11.8984375,2003-02-09
"8442",12.3984375,2003-02-10
"8443",12.998046875,2003-02-11
"8444",11.5576171875,2003-02-12
"8445",11.837890625,2003-02-13
"8446",12.087890625,2003-02-14
"8447",12.5283203125,2003-02-15
"8448",18.658203125,2003-02-16
"8449",12.1484375,2003-02-17
"8450",9.4580078125,2003-02-18
"8451",10.5283203125,2003-02-19
"8452",19.177734375,2003-02-20
"8453",21.84765625,2003-02-21
"8454",18.09765625,2003-02-22
"8455",17.6376953125,2003-02-23
"8456",19.9580078125,2003-02-24
"8457",16.6884765625,2003-02-25
"8458",15.3876953125,2003-02-26
"8459",14.4384765625,2003-02-27
"8460",11.7275390625,2003-02-28
"8461",9.7548828125,2003-03-01
"8462",10.6748046875,2003-03-02
"8463",11.8251953125,2003-03-03
"8464",12.0947265625,2003-03-04
"8465",12.8251953125,2003-03-05
"8466",11.625,2003-03-06
"8467",9.53515625,2003-03-07
"8468",11.5048828125,2003-03-08
"8469",10.60546875,2003-03-09
"8470",12.884765625,2003-03-10
"8471",16.0048828125,2003-03-11
"8472",16.53515625,2003-03-12
"8473",15.1552734375,2003-03-13
"8474",10.39453125,2003-03-14
"8475",12.9150390625,2003-03-15
"8476",12.7548828125,2003-03-16
"8477",12.2353515625,2003-03-17
"8478",11.4453125,2003-03-18
"8479",14.0546875,2003-03-19
"8480",12.14453125,2003-03-20
"8481",10.705078125,2003-03-21
"8482",13.544921875,2003-03-22
"8483",11.3046875,2003-03-23
"8484",11.2451171875,2003-03-24
"8485",12.044921875,2003-03-25
"8486",13.134765625,2003-03-26
"8487",13.9853515625,2003-03-27
"8488",13.384765625,2003-03-28
"8489",12.64453125,2003-03-29
"8490",12.39453125,2003-03-30
"8491",13.0546875,2003-03-31
"8492",12.5859375,2003-04-01
"8493",15.166015625,2003-04-02
"8494",9.685546875,2003-04-03
"8495",8.5458984375,2003-04-04
"8496",10.0361328125,2003-04-05
"8497",8.8056640625,2003-04-06
"8498",11.8662109375,2003-04-07
"8499",13.845703125,2003-04-08
"8500",9.646484375,2003-04-09
"8501",9.755859375,2003-04-10
"8502",15.146484375,2003-04-11
"8503",12.56640625,2003-04-12
"8504",13.49609375,2003-04-13
"8505",13.7060546875,2003-04-14
"8506",15.095703125,2003-04-15
"8507",9.31640625,2003-04-16
"8508",9.2060546875,2003-04-17
"8509",9.236328125,2003-04-18
"8510",10.67578125,2003-04-19
"8511",12.595703125,2003-04-20
"8512",12.3857421875,2003-04-21
"8513",11.576171875,2003-04-22
"8514",13.3857421875,2003-04-23
"8515",10.396484375,2003-04-24
"8516",11.6064453125,2003-04-25
"8517",11.6162109375,2003-04-26
"8518",11.3564453125,2003-04-27
"8519",11.185546875,2003-04-28
"8520",12.92578125,2003-04-29
"8521",14.3662109375,2003-04-30
"8522",11.306640625,2003-05-01
"8523",10.556640625,2003-05-02
"8524",11.8369140625,2003-05-03
"8525",9.1474609375,2003-05-04
"8526",7.4765625,2003-05-05
"8527",8.0771484375,2003-05-06
"8528",9.306640625,2003-05-07
"8529",9.9765625,2003-05-08
"8530",9.8671875,2003-05-09
"8531",13.4072265625,2003-05-10
"8532",12.8173828125,2003-05-11
"8533",13.626953125,2003-05-12
"8534",13.2568359375,2003-05-13
"8535",12.9873046875,2003-05-14
"8536",13.2568359375,2003-05-15
"8537",12.8466796875,2003-05-16
"8538",12.447265625,2003-05-17
"8539",15.216796875,2003-05-18
"8540",13.556640625,2003-05-19
"8541",14.4873046875,2003-05-20
"8542",9.8466796875,2003-05-21
"8543",8.9765625,2003-05-22
"8544",13.537109375,2003-05-23
"8545",13.287109375,2003-05-24
"8546",11.4365234375,2003-05-25
"8547",10.3671875,2003-05-26
"8548",10.306640625,2003-05-27
"8549",10.466796875,2003-05-28
"8550",9.4873046875,2003-05-29
"8551",10.70703125,2003-05-30
"8552",10.2265625,2003-05-31
"8553",11.22265625,2003-06-01
"8554",12.3828125,2003-06-02
"8555",12.9033203125,2003-06-03
"8556",10.72265625,2003-06-04
"8557",11.1025390625,2003-06-05
"8558",10.8330078125,2003-06-06
"8559",9.802734375,2003-06-07
"8560",10.72265625,2003-06-08
"8561",8.642578125,2003-06-09
"8562",8.3134765625,2003-06-10
"8563",7.6728515625,2003-06-11
"8564",10.4931640625,2003-06-12
"8565",10.8232421875,2003-06-13
"8566",10.4833984375,2003-06-14
"8567",11.3525390625,2003-06-15
"8568",11.0830078125,2003-06-16
"8569",11.373046875,2003-06-17
"8570",12.033203125,2003-06-18
"8571",11.193359375,2003-06-19
"8572",11.2529296875,2003-06-20
"8573",11.4228515625,2003-06-21
"8574",10.9033203125,2003-06-22
"8575",9.2626953125,2003-06-23
"8576",8.6328125,2003-06-24
"8577",8.29296875,2003-06-25
"8578",7.6533203125,2003-06-26
"8579",13.802734375,2003-06-27
"8580",13.5927734375,2003-06-28
"8581",12.703125,2003-06-29
"8582",12.203125,2003-06-30
"8583",11.0234375,2003-07-01
"8584",10.29296875,2003-07-02
"8585",10.4833984375,2003-07-03
"8586",11.462890625,2003-07-04
"8587",8.6630859375,2003-07-05
"8588",7.3525390625,2003-07-06
"8589",10.4931640625,2003-07-07
"8590",10.8330078125,2003-07-08
"8591",9.873046875,2003-07-09
"8592",9.802734375,2003-07-10
"8593",8.2626953125,2003-07-11
"8594",10.9833984375,2003-07-12
"8595",11.47265625,2003-07-13
"8596",9.1025390625,2003-07-14
"8597",7.302734375,2003-07-15
"8598",10.72265625,2003-07-16
"8599",8.7431640625,2003-07-17
"8600",8.712890625,2003-07-18
"8601",8.2734375,2003-07-19
"8602",8.29296875,2003-07-20
"8603",7.892578125,2003-07-21
"8604",10.642578125,2003-07-22
"8605",9.2333984375,2003-07-23
"8606",9.2734375,2003-07-24
"8607",8.642578125,2003-07-25
"8608",9.033203125,2003-07-26
"8609",7.0029296875,2003-07-27
"8610",7.5927734375,2003-07-28
"8611",8.953125,2003-07-29
"8612",8.54296875,2003-07-30
"8613",8.8134765625,2003-07-31
"8614",7.7734375,2003-08-01
"8615",8.4326171875,2003-08-02
"8616",5.693359375,2003-08-03
"8617",5.533203125,2003-08-04
"8618",9.9033203125,2003-08-05
"8619",10.8828125,2003-08-06
"8620",10.642578125,2003-08-07
"8621",10.6728515625,2003-08-08
"8622",8.533203125,2003-08-09
"8623",5.79296875,2003-08-10
"8624",10.3134765625,2003-08-11
"8625",11.4228515625,2003-08-12
"8626",12.6826171875,2003-08-13
"8627",8.29296875,2003-08-14
"8628",7.4931640625,2003-08-15
"8629",6.97265625,2003-08-16
"8630",7.9033203125,2003-08-17
"8631",8.212890625,2003-08-18
"8632",7.5126953125,2003-08-19
"8633",6.0927734375,2003-08-20
"8634",10.97265625,2003-08-21
"8635",11.142578125,2003-08-22
"8636",10.642578125,2003-08-23
"8637",11.3134765625,2003-08-24
"8638",9.79296875,2003-08-25
"8639",9.533203125,2003-08-26
"8640",10.6630859375,2003-08-27
"8641",9.5126953125,2003-08-28
"8642",7.3330078125,2003-08-29
"8643",8.052734375,2003-08-30
"8644",9.5126953125,2003-08-31
"8645",8.763671875,2003-09-01
"8646",10.0341796875,2003-09-02
"8647",9.263671875,2003-09-03
"8648",8.84375,2003-09-04
"8649",10.9541015625,2003-09-05
"8650",10.75390625,2003-09-06
"8651",10.0537109375,2003-09-07
"8652",9.09375,2003-09-08
"8653",13.2744140625,2003-09-09
"8654",12.173828125,2003-09-10
"8655",10.564453125,2003-09-11
"8656",9.6142578125,2003-09-12
"8657",7.7744140625,2003-09-13
"8658",8.013671875,2003-09-14
"8659",9.423828125,2003-09-15
"8660",12.00390625,2003-09-16
"8661",12.173828125,2003-09-17
"8662",12.4638671875,2003-09-18
"8663",11.4736328125,2003-09-19
"8664",9.7841796875,2003-09-20
"8665",11.93359375,2003-09-21
"8666",9.9140625,2003-09-22
"8667",10.1435546875,2003-09-23
"8668",10.4736328125,2003-09-24
"8669",12.853515625,2003-09-25
"8670",10.1337890625,2003-09-26
"8671",6.923828125,2003-09-27
"8672",6.68359375,2003-09-28
"8673",6.994140625,2003-09-29
"8674",6.484375,2003-09-30
"8675",11.9326171875,2003-10-01
"8676",10.802734375,2003-10-02
"8677",10.47265625,2003-10-03
"8678",10.4931640625,2003-10-04
"8679",10.302734375,2003-10-05
"8680",10.1328125,2003-10-06
"8681",10.9228515625,2003-10-07
"8682",9.2734375,2003-10-08
"8683",6.953125,2003-10-09
"8684",9.04296875,2003-10-10
"8685",7.1533203125,2003-10-11
"8686",8.2734375,2003-10-12
"8687",7.9033203125,2003-10-13
"8688",7.1533203125,2003-10-14
"8689",11.8525390625,2003-10-15
"8690",11.533203125,2003-10-16
"8691",11.2529296875,2003-10-17
"8692",9.9130859375,2003-10-18
"8693",8.0126953125,2003-10-19
"8694",12.5126953125,2003-10-20
"8695",13.0234375,2003-10-21
"8696",9.1826171875,2003-10-22
"8697",10.6533203125,2003-10-23
"8698",8.5126953125,2003-10-24
"8699",10.54296875,2003-10-25
"8700",9.5634765625,2003-10-26
"8701",7.9228515625,2003-10-27
"8702",8.4130859375,2003-10-28
"8703",9.052734375,2003-10-29
"8704",8.97265625,2003-10-30
"8705",10.1533203125,2003-10-31
"8706",8.732421875,2003-11-01
"8707",10.7724609375,2003-11-02
"8708",8.732421875,2003-11-03
"8709",8.482421875,2003-11-04
"8710",10.412109375,2003-11-05
"8711",11.7216796875,2003-11-06
"8712",10.7119140625,2003-11-07
"8713",10.501953125,2003-11-08
"8714",11.3515625,2003-11-09
"8715",12.0615234375,2003-11-10
"8716",12.591796875,2003-11-11
"8717",11.4921875,2003-11-12
"8718",8.841796875,2003-11-13
"8719",8.4521484375,2003-11-14
"8720",8.912109375,2003-11-15
"8721",10.9921875,2003-11-16
"8722",7.01171875,2003-11-17
"8723",22.7021484375,2003-11-18
"8724",18.431640625,2003-11-19
"8725",17.931640625,2003-11-20
"8726",12.51171875,2003-11-21
"8727",9.4619140625,2003-11-22
"8728",11.7021484375,2003-11-23
"8729",10.0517578125,2003-11-24
"8730",11.431640625,2003-11-25
"8731",9.9521484375,2003-11-26
"8732",7.982421875,2003-11-27
"8733",6.841796875,2003-11-28
"8734",9.482421875,2003-11-29
"8735",15.482421875,2003-11-30
"8736",12.5419921875,2003-12-01
"8737",13.0419921875,2003-12-02
"8738",13.15234375,2003-12-03
"8739",16.7021484375,2003-12-04
"8740",10.091796875,2003-12-05
"8741",9.1015625,2003-12-06
"8742",12.0615234375,2003-12-07
"8743",12.8916015625,2003-12-08
"8744",11.7822265625,2003-12-09
"8745",12.841796875,2003-12-10
"8746",13.1123046875,2003-12-11
"8747",10.7919921875,2003-12-12
"8748",14.3115234375,2003-12-13
"8749",12.9921875,2003-12-14
"8750",9.9921875,2003-12-15
"8751",9.1220703125,2003-12-16
"8752",16.091796875,2003-12-17
"8753",18.15234375,2003-12-18
"8754",16.751953125,2003-12-19
"8755",19.4619140625,2003-12-20
"8756",23.841796875,2003-12-21
"8757",14.2021484375,2003-12-22
"8758",10.912109375,2003-12-23
"8759",11.431640625,2003-12-24
"8760",13.7021484375,2003-12-25
"8761",12.001953125,2003-12-26
"8762",9.7919921875,2003-12-27
"8763",9.2724609375,2003-12-28
"8764",6.501953125,2003-12-29
"8765",16.9619140625,2003-12-30
"8766",11.572265625,2003-12-31
"8767",14.4736328125,2004-01-01
"8768",15.57421875,2004-01-02
"8769",15.583984375,2004-01-03
"8770",21.654296875,2004-01-04
"8771",12.423828125,2004-01-05
"8772",12.484375,2004-01-06
"8773",14.7138671875,2004-01-07
"8774",9.6640625,2004-01-08
"8775",10.734375,2004-01-09
"8776",13.154296875,2004-01-10
"8777",11.7236328125,2004-01-11
"8778",10.59375,2004-01-12
"8779",12.564453125,2004-01-13
"8780",9.9541015625,2004-01-14
"8781",10.994140625,2004-01-15
"8782",12.814453125,2004-01-16
"8783",10.8935546875,2004-01-17
"8784",8.9140625,2004-01-18
"8785",6.2138671875,2004-01-19
"8786",16.513671875,2004-01-20
"8787",11.9736328125,2004-01-21
"8788",12.1337890625,2004-01-22
"8789",11.4736328125,2004-01-23
"8790",10.904296875,2004-01-24
"8791",12.1142578125,2004-01-25
"8792",12.5537109375,2004-01-26
"8793",12.154296875,2004-01-27
"8794",11.2236328125,2004-01-28
"8795",14.5537109375,2004-01-29
"8796",13.904296875,2004-01-30
"8797",13.7841796875,2004-01-31
"8798",12.66796875,2004-02-01
"8799",12.09765625,2004-02-02
"8800",10.517578125,2004-02-03
"8801",11.5078125,2004-02-04
"8802",9.2978515625,2004-02-05
"8803",11.1181640625,2004-02-06
"8804",13.91796875,2004-02-07
"8805",14.408203125,2004-02-08
"8806",14.8984375,2004-02-09
"8807",12.068359375,2004-02-10
"8808",16.1083984375,2004-02-11
"8809",17.828125,2004-02-12
"8810",17.677734375,2004-02-13
"8811",17.658203125,2004-02-14
"8812",21.2578125,2004-02-15
"8813",14.248046875,2004-02-16
"8814",12.248046875,2004-02-17
"8815",12.2275390625,2004-02-18
"8816",12.337890625,2004-02-19
"8817",13.2080078125,2004-02-20
"8818",15.068359375,2004-02-21
"8819",12.998046875,2004-02-22
"8820",11.998046875,2004-02-23
"8821",10.8076171875,2004-02-24
"8822",12.568359375,2004-02-25
"8823",12.837890625,2004-02-26
"8824",13.318359375,2004-02-27
"8825",12.568359375,2004-02-28
"8826",9.8681640625,2004-02-29
"8827",8.625,2004-03-01
"8828",6.205078125,2004-03-02
"8829",7.14453125,2004-03-03
"8830",9.875,2004-03-04
"8831",13.0751953125,2004-03-05
"8832",16.7451171875,2004-03-06
"8833",9.7451171875,2004-03-07
"8834",10.2353515625,2004-03-08
"8835",15.6953125,2004-03-09
"8836",12.6845703125,2004-03-10
"8837",10.14453125,2004-03-11
"8838",12.5146484375,2004-03-12
"8839",11.78515625,2004-03-13
"8840",12.275390625,2004-03-14
"8841",13.0751953125,2004-03-15
"8842",12.6845703125,2004-03-16
"8843",12.9345703125,2004-03-17
"8844",9.955078125,2004-03-18
"8845",12.6845703125,2004-03-19
"8846",14.4052734375,2004-03-20
"8847",10.53515625,2004-03-21
"8848",10.60546875,2004-03-22
"8849",12.4951171875,2004-03-23
"8850",9.6552734375,2004-03-24
"8851",7.9345703125,2004-03-25
"8852",13.134765625,2004-03-26
"8853",11.5146484375,2004-03-27
"8854",6.3046875,2004-03-28
"8855",11.3251953125,2004-03-29
"8856",9.8251953125,2004-03-30
"8857",11.134765625,2004-03-31
"8858",12.1962890625,2004-04-01
"8859",14.2861328125,2004-04-02
"8860",11.8857421875,2004-04-03
"8861",11.99609375,2004-04-04
"8862",10.92578125,2004-04-05
"8863",13.4462890625,2004-04-06
"8864",10.345703125,2004-04-07
"8865",11.67578125,2004-04-08
"8866",10.3359375,2004-04-09
"8867",6.9755859375,2004-04-10
"8868",16.095703125,2004-04-11
"8869",13.9560546875,2004-04-12
"8870",12.005859375,2004-04-13
"8871",10.166015625,2004-04-14
"8872",17.916015625,2004-04-15
"8873",14.345703125,2004-04-16
"8874",10.416015625,2004-04-17
"8875",10.435546875,2004-04-18
"8876",10.0458984375,2004-04-19
"8877",9.6357421875,2004-04-20
"8878",9.56640625,2004-04-21
"8879",9.0859375,2004-04-22
"8880",10.65625,2004-04-23
"8881",9.755859375,2004-04-24
"8882",9.8857421875,2004-04-25
"8883",9.505859375,2004-04-26
"8884",11.685546875,2004-04-27
"8885",10.0361328125,2004-04-28
"8886",11.146484375,2004-04-29
"8887",9.9560546875,2004-04-30
"8888",8.876953125,2004-05-01
"8889",10.70703125,2004-05-02
"8890",13.056640625,2004-05-03
"8891",14.7265625,2004-05-04
"8892",9.376953125,2004-05-05
"8893",8.77734375,2004-05-06
"8894",9.95703125,2004-05-07
"8895",8.02734375,2004-05-08
"8896",9.9267578125,2004-05-09
"8897",8.9169921875,2004-05-10
"8898",7.8466796875,2004-05-11
"8899",6.1865234375,2004-05-12
"8900",10.546875,2004-05-13
"8901",10.056640625,2004-05-14
"8902",12.1767578125,2004-05-15
"8903",13.88671875,2004-05-16
"8904",8.9970703125,2004-05-17
"8905",12.966796875,2004-05-18
"8906",10.0771484375,2004-05-19
"8907",11.697265625,2004-05-20
"8908",12.9169921875,2004-05-21
"8909",7.8974609375,2004-05-22
"8910",12.857421875,2004-05-23
"8911",10.9169921875,2004-05-24
"8912",11.8271484375,2004-05-25
"8913",11.0673828125,2004-05-26
"8914",10.6669921875,2004-05-27
"8915",12.02734375,2004-05-28
"8916",9.13671875,2004-05-29
"8917",11.716796875,2004-05-30
"8918",8.8369140625,2004-05-31
"8919",8.212890625,2004-06-01
"8920",12.6533203125,2004-06-02
"8921",11.6728515625,2004-06-03
"8922",8.8134765625,2004-06-04
"8923",8.11328125,2004-06-05
"8924",8.052734375,2004-06-06
"8925",10.0126953125,2004-06-07
"8926",12.193359375,2004-06-08
"8927",14.9228515625,2004-06-09
"8928",12.8828125,2004-06-10
"8929",10.5634765625,2004-06-11
"8930",12.142578125,2004-06-12
"8931",13.2734375,2004-06-13
"8932",11.5234375,2004-06-14
"8933",9.212890625,2004-06-15
"8934",9.642578125,2004-06-16
"8935",9.3232421875,2004-06-17
"8936",12.4326171875,2004-06-18
"8937",8.453125,2004-06-19
"8938",11.1728515625,2004-06-20
"8939",10.86328125,2004-06-21
"8940",10.3232421875,2004-06-22
"8941",9.6826171875,2004-06-23
"8942",10.7431640625,2004-06-24
"8943",10.4130859375,2004-06-25
"8944",9.7626953125,2004-06-26
"8945",9.5029296875,2004-06-27
"8946",7.9326171875,2004-06-28
"8947",11.9326171875,2004-06-29
"8948",11.552734375,2004-06-30
"8949",9.72265625,2004-07-01
"8950",11.8828125,2004-07-02
"8951",7.8427734375,2004-07-03
"8952",10.5634765625,2004-07-04
"8953",10.1630859375,2004-07-05
"8954",10.5234375,2004-07-06
"8955",10.453125,2004-07-07
"8956",8.61328125,2004-07-08
"8957",9.4130859375,2004-07-09
"8958",9.0927734375,2004-07-10
"8959",12.1025390625,2004-07-11
"8960",10.97265625,2004-07-12
"8961",11.1025390625,2004-07-13
"8962",9.642578125,2004-07-14
"8963",8.1826171875,2004-07-15
"8964",9.8134765625,2004-07-16
"8965",8.1025390625,2004-07-17
"8966",8.892578125,2004-07-18
"8967",9.2734375,2004-07-19
"8968",8.7626953125,2004-07-20
"8969",8.3134765625,2004-07-21
"8970",7.783203125,2004-07-22
"8971",9.79296875,2004-07-23
"8972",12.1728515625,2004-07-24
"8973",11.3330078125,2004-07-25
"8974",11.5732421875,2004-07-26
"8975",9.3427734375,2004-07-27
"8976",11.462890625,2004-07-28
"8977",11.962890625,2004-07-29
"8978",9.5029296875,2004-07-30
"8979",8.2734375,2004-07-31
"8980",12.22265625,2004-08-01
"8981",10.4130859375,2004-08-02
"8982",9.3828125,2004-08-03
"8983",9.9326171875,2004-08-04
"8984",10.962890625,2004-08-05
"8985",10.703125,2004-08-06
"8986",9.9228515625,2004-08-07
"8987",9.2333984375,2004-08-08
"8988",10.7333984375,2004-08-09
"8989",11.3330078125,2004-08-10
"8990",9.11328125,2004-08-11
"8991",8.4326171875,2004-08-12
"8992",11.4931640625,2004-08-13
"8993",8.1328125,2004-08-14
"8994",7.47265625,2004-08-15
"8995",6.392578125,2004-08-16
"8996",9.462890625,2004-08-17
"8997",10.443359375,2004-08-18
"8998",9.783203125,2004-08-19
"8999",8.9931640625,2004-08-20
"9000",8.61328125,2004-08-21
"9001",10.533203125,2004-08-22
"9002",11.3525390625,2004-08-23
"9003",9.3427734375,2004-08-24
"9004",11.052734375,2004-08-25
"9005",12.0830078125,2004-08-26
"9006",9.9833984375,2004-08-27
"9007",10.2529296875,2004-08-28
"9008",14.5126953125,2004-08-29
"9009",9.3828125,2004-08-30
"9010",7.36328125,2004-08-31
"9011",9.0439453125,2004-09-01
"9012",9.234375,2004-09-02
"9013",10.064453125,2004-09-03
"9014",9.494140625,2004-09-04
"9015",9.1943359375,2004-09-05
"9016",7.8642578125,2004-09-06
"9017",10.57421875,2004-09-07
"9018",9.853515625,2004-09-08
"9019",11.2236328125,2004-09-09
"9020",10.9638671875,2004-09-10
"9021",6.8740234375,2004-09-11
"9022",8.2236328125,2004-09-12
"9023",11.4541015625,2004-09-13
"9024",10.6435546875,2004-09-14
"9025",11.6142578125,2004-09-15
"9026",10.013671875,2004-09-16
"9027",10.7138671875,2004-09-17
"9028",10.3037109375,2004-09-18
"9029",9.3642578125,2004-09-19
"9030",10.314453125,2004-09-20
"9031",8.244140625,2004-09-21
"9032",8.0244140625,2004-09-22
"9033",9.7236328125,2004-09-23
"9034",10.9541015625,2004-09-24
"9035",11.4541015625,2004-09-25
"9036",9.9443359375,2004-09-26
"9037",12.744140625,2004-09-27
"9038",12.603515625,2004-09-28
"9039",12.0439453125,2004-09-29
"9040",11.6240234375,2004-09-30
"9041",11.302734375,2004-10-01
"9042",12.5029296875,2004-10-02
"9043",9.6630859375,2004-10-03
"9044",11.3828125,2004-10-04
"9045",11.9931640625,2004-10-05
"9046",10.8525390625,2004-10-06
"9047",11.61328125,2004-10-07
"9048",10.2626953125,2004-10-08
"9049",11.79296875,2004-10-09
"9050",10.9228515625,2004-10-10
"9051",11.2529296875,2004-10-11
"9052",8.462890625,2004-10-12
"9053",15.623046875,2004-10-13
"9054",10.79296875,2004-10-14
"9055",7.4833984375,2004-10-15
"9056",7.6630859375,2004-10-16
"9057",7.8525390625,2004-10-17
"9058",9.9326171875,2004-10-18
"9059",10.0126953125,2004-10-19
"9060",9.1728515625,2004-10-20
"9061",14.72265625,2004-10-21
"9062",13.4228515625,2004-10-22
"9063",13.123046875,2004-10-23
"9064",7.783203125,2004-10-24
"9065",8.1025390625,2004-10-25
"9066",10.0732421875,2004-10-26
"9067",8.6328125,2004-10-27
"9068",11.8828125,2004-10-28
"9069",9.22265625,2004-10-29
"9070",8.2529296875,2004-10-30
"9071",6.0029296875,2004-10-31
"9072",13.8818359375,2004-11-01
"9073",11.001953125,2004-11-02
"9074",7.8720703125,2004-11-03
"9075",11.341796875,2004-11-04
"9076",12.9921875,2004-11-05
"9077",10.2919921875,2004-11-06
"9078",10.921875,2004-11-07
"9079",9.1015625,2004-11-08
"9080",10.001953125,2004-11-09
"9081",10.8916015625,2004-11-10
"9082",14.2216796875,2004-11-11
"9083",11.412109375,2004-11-12
"9084",10.091796875,2004-11-13
"9085",13.2021484375,2004-11-14
"9086",10.322265625,2004-11-15
"9087",11.3916015625,2004-11-16
"9088",8.7919921875,2004-11-17
"9089",14.2724609375,2004-11-18
"9090",7.8623046875,2004-11-19
"9091",8.5615234375,2004-11-20
"9092",9.8623046875,2004-11-21
"9093",11.171875,2004-11-22
"9094",9.751953125,2004-11-23
"9095",13.0419921875,2004-11-24
"9096",8.9716796875,2004-11-25
"9097",8.822265625,2004-11-26
"9098",8.33203125,2004-11-27
"9099",14.01171875,2004-11-28
"9100",15.662109375,2004-11-29
"9101",17.482421875,2004-11-30
"9102",11.162109375,2004-12-01
"9103",8.90234375,2004-12-02
"9104",9.162109375,2004-12-03
"9105",9.6416015625,2004-12-04
"9106",12.931640625,2004-12-05
"9107",16.7021484375,2004-12-06
"9108",16.0615234375,2004-12-07
"9109",16.3515625,2004-12-08
"9110",17.232421875,2004-12-09
"9111",19.51171875,2004-12-10
"9112",18.5615234375,2004-12-11
"9113",17.9423828125,2004-12-12
"9114",16.322265625,2004-12-13
"9115",15.7021484375,2004-12-14
"9116",10.1123046875,2004-12-15
"9117",12.0224609375,2004-12-16
"9118",9.4521484375,2004-12-17
"9119",9.341796875,2004-12-18
"9120",11.9716796875,2004-12-19
"9121",10.9716796875,2004-12-20
"9122",10.841796875,2004-12-21
"9123",13.572265625,2004-12-22
"9124",12.501953125,2004-12-23
"9125",11.8017578125,2004-12-24
"9126",11.4619140625,2004-12-25
"9127",11.8017578125,2004-12-26
"9128",10.3818359375,2004-12-27
"9129",9.1015625,2004-12-28
"9130",12.6015625,2004-12-29
"9131",11.6923828125,2004-12-30
"9132",11.0419921875,2004-12-31
"9133",15.064453125,2005-01-01
"9134",10.1943359375,2005-01-02
"9135",10.064453125,2005-01-03
"9136",15.18359375,2005-01-04
"9137",13.7841796875,2005-01-05
"9138",10.3935546875,2005-01-06
"9139",9.234375,2005-01-07
"9140",10.1640625,2005-01-08
"9141",10.744140625,2005-01-09
"9142",10.564453125,2005-01-10
"9143",9.064453125,2005-01-11
"9144",13.2236328125,2005-01-12
"9145",14.654296875,2005-01-13
"9146",14.2138671875,2005-01-14
"9147",12.32421875,2005-01-15
"9148",9.173828125,2005-01-16
"9149",12.744140625,2005-01-17
"9150",14.6943359375,2005-01-18
"9151",11.07421875,2005-01-19
"9152",18.4736328125,2005-01-20
"9153",12.353515625,2005-01-21
"9154",13.5537109375,2005-01-22
"9155",14.064453125,2005-01-23
"9156",14.07421875,2005-01-24
"9157",14.994140625,2005-01-25
"9158",16.404296875,2005-01-26
"9159",17.8837890625,2005-01-27
"9160",20.173828125,2005-01-28
"9161",16.404296875,2005-01-29
"9162",12.7841796875,2005-01-30
"9163",13.814453125,2005-01-31
"9164",17.0478515625,2005-02-01
"9165",10.16796875,2005-02-02
"9166",10.5576171875,2005-02-03
"9167",12.48828125,2005-02-04
"9168",12.5283203125,2005-02-05
"9169",14.2978515625,2005-02-06
"9170",18.4775390625,2005-02-07
"9171",12.517578125,2005-02-08
"9172",16.658203125,2005-02-09
"9173",12.6181640625,2005-02-10
"9174",12.59765625,2005-02-11
"9175",12.017578125,2005-02-12
"9176",10.4677734375,2005-02-13
"9177",7.8076171875,2005-02-14
"9178",17.1982421875,2005-02-15
"9179",10.328125,2005-02-16
"9180",10.6376953125,2005-02-17
"9181",7.4677734375,2005-02-18
"9182",14.16796875,2005-02-19
"9183",13.3076171875,2005-02-20
"9184",14.7978515625,2005-02-21
"9185",13.5380859375,2005-02-22
"9186",8.8583984375,2005-02-23
"9187",14.7177734375,2005-02-24
"9188",12.0478515625,2005-02-25
"9189",12.2080078125,2005-02-26
"9190",12.6376953125,2005-02-27
"9191",10.568359375,2005-02-28
"9192",13.0546875,2005-03-01
"9193",11.294921875,2005-03-02
"9194",10.03515625,2005-03-03
"9195",12.224609375,2005-03-04
"9196",10.294921875,2005-03-05
"9197",10.365234375,2005-03-06
"9198",11.0751953125,2005-03-07
"9199",11.5546875,2005-03-08
"9200",13.0048828125,2005-03-09
"9201",11.205078125,2005-03-10
"9202",10.5751953125,2005-03-11
"9203",6.4951171875,2005-03-12
"9204",15.8251953125,2005-03-13
"9205",16.7353515625,2005-03-14
"9206",15.1953125,2005-03-15
"9207",10.9150390625,2005-03-16
"9208",8.9951171875,2005-03-17
"9209",11.3046875,2005-03-18
"9210",11.4853515625,2005-03-19
"9211",13.3447265625,2005-03-20
"9212",12.794921875,2005-03-21
"9213",13.21484375,2005-03-22
"9214",11.71484375,2005-03-23
"9215",12.46484375,2005-03-24
"9216",12.53515625,2005-03-25
"9217",9.5751953125,2005-03-26
"9218",8.224609375,2005-03-27
"9219",13.9345703125,2005-03-28
"9220",12.9853515625,2005-03-29
"9221",10.78515625,2005-03-30
"9222",10.4345703125,2005-03-31
"9223",13.0556640625,2005-04-01
"9224",14.986328125,2005-04-02
"9225",16.65625,2005-04-03
"9226",9.40625,2005-04-04
"9227",9.515625,2005-04-05
"9228",11.2060546875,2005-04-06
"9229",11.5458984375,2005-04-07
"9230",12.1162109375,2005-04-08
"9231",11.486328125,2005-04-09
"9232",15.8759765625,2005-04-10
"9233",11.685546875,2005-04-11
"9234",9.3056640625,2005-04-12
"9235",11.345703125,2005-04-13
"9236",11.2763671875,2005-04-14
"9237",7.8662109375,2005-04-15
"9238",11.81640625,2005-04-16
"9239",10.345703125,2005-04-17
"9240",9.896484375,2005-04-18
"9241",9.765625,2005-04-19
"9242",12.42578125,2005-04-20
"9243",10.2763671875,2005-04-21
"9244",8.845703125,2005-04-22
"9245",8.935546875,2005-04-23
"9246",8.40625,2005-04-24
"9247",15.15625,2005-04-25
"9248",10.755859375,2005-04-26
"9249",12.076171875,2005-04-27
"9250",7.8564453125,2005-04-28
"9251",9.765625,2005-04-29
"9252",11.24609375,2005-04-30
"9253",14.607421875,2005-05-01
"9254",11.77734375,2005-05-02
"9255",8.95703125,2005-05-03
"9256",8.296875,2005-05-04
"9257",14.6767578125,2005-05-05
"9258",8.5166015625,2005-05-06
"9259",9.216796875,2005-05-07
"9260",9.966796875,2005-05-08
"9261",10.9873046875,2005-05-09
"9262",11.2470703125,2005-05-10
"9263",11.1865234375,2005-05-11
"9264",12.056640625,2005-05-12
"9265",10.88671875,2005-05-13
"9266",9.3974609375,2005-05-14
"9267",14.2373046875,2005-05-15
"9268",10.2265625,2005-05-16
"9269",9.376953125,2005-05-17
"9270",10.4072265625,2005-05-18
"9271",9.7373046875,2005-05-19
"9272",8.1669921875,2005-05-20
"9273",13.037109375,2005-05-21
"9274",10.3173828125,2005-05-22
"9275",13.697265625,2005-05-23
"9276",7.6865234375,2005-05-24
"9277",11.45703125,2005-05-25
"9278",9.2373046875,2005-05-26
"9279",12.7666015625,2005-05-27
"9280",10.3369140625,2005-05-28
"9281",9.357421875,2005-05-29
"9282",8.2666015625,2005-05-30
"9283",12.126953125,2005-05-31
"9284",9.2626953125,2005-06-01
"9285",8.86328125,2005-06-02
"9286",8.533203125,2005-06-03
"9287",8.3427734375,2005-06-04
"9288",8.7431640625,2005-06-05
"9289",6.61328125,2005-06-06
"9290",7.953125,2005-06-07
"9291",8.783203125,2005-06-08
"9292",14.623046875,2005-06-09
"9293",15.9833984375,2005-06-10
"9294",13.693359375,2005-06-11
"9295",10.1025390625,2005-06-12
"9296",10.623046875,2005-06-13
"9297",9.79296875,2005-06-14
"9298",10.4228515625,2005-06-15
"9299",9.9228515625,2005-06-16
"9300",11.1728515625,2005-06-17
"9301",7.943359375,2005-06-18
"9302",10.7626953125,2005-06-19
"9303",12.29296875,2005-06-20
"9304",9.3427734375,2005-06-21
"9305",8.5927734375,2005-06-22
"9306",11.5029296875,2005-06-23
"9307",10.6533203125,2005-06-24
"9308",10.3232421875,2005-06-25
"9309",9.9833984375,2005-06-26
"9310",10.453125,2005-06-27
"9311",9.61328125,2005-06-28
"9312",9.8330078125,2005-06-29
"9313",9.8330078125,2005-06-30
"9314",10.2734375,2005-07-01
"9315",11.892578125,2005-07-02
"9316",12.283203125,2005-07-03
"9317",9.6630859375,2005-07-04
"9318",8.8525390625,2005-07-05
"9319",9.9833984375,2005-07-06
"9320",10.892578125,2005-07-07
"9321",9.11328125,2005-07-08
"9322",9.193359375,2005-07-09
"9323",9.6630859375,2005-07-10
"9324",9.193359375,2005-07-11
"9325",9.29296875,2005-07-12
"9326",10.5830078125,2005-07-13
"9327",10.6533203125,2005-07-14
"9328",9.97265625,2005-07-15
"9329",10.8134765625,2005-07-16
"9330",8.703125,2005-07-17
"9331",8.203125,2005-07-18
"9332",8.2431640625,2005-07-19
"9333",8.9931640625,2005-07-20
"9334",6.72265625,2005-07-21
"9335",8.873046875,2005-07-22
"9336",8.962890625,2005-07-23
"9337",12.373046875,2005-07-24
"9338",13.3427734375,2005-07-25
"9339",13.0634765625,2005-07-26
"9340",12.623046875,2005-07-27
"9341",12.193359375,2005-07-28
"9342",11.6728515625,2005-07-29
"9343",10.203125,2005-07-30
"9344",11.4326171875,2005-07-31
"9345",10.4228515625,2005-08-01
"9346",9.0634765625,2005-08-02
"9347",11.8427734375,2005-08-03
"9348",8.693359375,2005-08-04
"9349",9.2431640625,2005-08-05
"9350",7.9833984375,2005-08-06
"9351",9.552734375,2005-08-07
"9352",11.7431640625,2005-08-08
"9353",11.0234375,2005-08-09
"9354",7.693359375,2005-08-10
"9355",8.9326171875,2005-08-11
"9356",9.2529296875,2005-08-12
"9357",7.8134765625,2005-08-13
"9358",6.4033203125,2005-08-14
"9359",8.9130859375,2005-08-15
"9360",10.47265625,2005-08-16
"9361",7.1728515625,2005-08-17
"9362",8.8134765625,2005-08-18
"9363",12.0029296875,2005-08-19
"9364",11.1328125,2005-08-20
"9365",11.9130859375,2005-08-21
"9366",11.6826171875,2005-08-22
"9367",7.72265625,2005-08-23
"9368",8.623046875,2005-08-24
"9369",10.0732421875,2005-08-25
"9370",10.29296875,2005-08-26
"9371",8.2333984375,2005-08-27
"9372",7.86328125,2005-08-28
"9373",8.1025390625,2005-08-29
"9374",13.6826171875,2005-08-30
"9375",9.212890625,2005-08-31
"9376",8.404296875,2005-09-01
"9377",8.43359375,2005-09-02
"9378",11.8935546875,2005-09-03
"9379",10.5244140625,2005-09-04
"9380",10.583984375,2005-09-05
"9381",9.8837890625,2005-09-06
"9382",10.6435546875,2005-09-07
"9383",10.494140625,2005-09-08
"9384",13.07421875,2005-09-09
"9385",9.18359375,2005-09-10
"9386",9.333984375,2005-09-11
"9387",9.3037109375,2005-09-12
"9388",9.1142578125,2005-09-13
"9389",11.4443359375,2005-09-14
"9390",9.3740234375,2005-09-15
"9391",8.923828125,2005-09-16
"9392",10.814453125,2005-09-17
"9393",8.763671875,2005-09-18
"9394",11.603515625,2005-09-19
"9395",10.513671875,2005-09-20
"9396",10.734375,2005-09-21
"9397",14.93359375,2005-09-22
"9398",13.43359375,2005-09-23
"9399",11.494140625,2005-09-24
"9400",11.2841796875,2005-09-25
"9401",11.404296875,2005-09-26
"9402",10.1240234375,2005-09-27
"9403",14.064453125,2005-09-28
"9404",10.25390625,2005-09-29
"9405",9.1435546875,2005-09-30
"9406",12.47265625,2005-10-01
"9407",13.7626953125,2005-10-02
"9408",10.4833984375,2005-10-03
"9409",9.8232421875,2005-10-04
"9410",13.7431640625,2005-10-05
"9411",10.1728515625,2005-10-06
"9412",9.962890625,2005-10-07
"9413",11.11328125,2005-10-08
"9414",9.193359375,2005-10-09
"9415",9.1025390625,2005-10-10
"9416",9.0634765625,2005-10-11
"9417",9.0234375,2005-10-12
"9418",9.97265625,2005-10-13
"9419",7.693359375,2005-10-14
"9420",9.2431640625,2005-10-15
"9421",11.8134765625,2005-10-16
"9422",8.72265625,2005-10-17
"9423",10.873046875,2005-10-18
"9424",16.36328125,2005-10-19
"9425",14.8134765625,2005-10-20
"9426",14.79296875,2005-10-21
"9427",13.453125,2005-10-22
"9428",11.703125,2005-10-23
"9429",13.7626953125,2005-10-24
"9430",13.033203125,2005-10-25
"9431",11.4326171875,2005-10-26
"9432",11.4833984375,2005-10-27
"9433",11.2626953125,2005-10-28
"9434",16.3525390625,2005-10-29
"9435",12.453125,2005-10-30
"9436",13.3134765625,2005-10-31
"9437",17.4619140625,2005-11-01
"9438",17.912109375,2005-11-02
"9439",11.4619140625,2005-11-03
"9440",11.2919921875,2005-11-04
"9441",10.4619140625,2005-11-05
"9442",10.912109375,2005-11-06
"9443",14.662109375,2005-11-07
"9444",15.7119140625,2005-11-08
"9445",15.5517578125,2005-11-09
"9446",10.322265625,2005-11-10
"9447",10.7021484375,2005-11-11
"9448",10.8916015625,2005-11-12
"9449",11.091796875,2005-11-13
"9450",10.0322265625,2005-11-14
"9451",9.3818359375,2005-11-15
"9452",9.251953125,2005-11-16
"9453",9.0224609375,2005-11-17
"9454",11.76171875,2005-11-18
"9455",12.5419921875,2005-11-19
"9456",11.091796875,2005-11-20
"9457",13.412109375,2005-11-21
"9458",11.7919921875,2005-11-22
"9459",10.6318359375,2005-11-23
"9460",12.0615234375,2005-11-24
"9461",11.33203125,2005-11-25
"9462",8.2919921875,2005-11-26
"9463",10.162109375,2005-11-27
"9464",11.7021484375,2005-11-28
"9465",10.7021484375,2005-11-29
"9466",13.9521484375,2005-11-30
"9467",15.072265625,2005-12-01
"9468",11.76171875,2005-12-02
"9469",9.822265625,2005-12-03
"9470",14.921875,2005-12-04
"9471",13.1220703125,2005-12-05
"9472",16.3916015625,2005-12-06
"9473",11.9521484375,2005-12-07
"9474",12.4921875,2005-12-08
"9475",11.7021484375,2005-12-09
"9476",12.3720703125,2005-12-10
"9477",8.662109375,2005-12-11
"9478",20.091796875,2005-12-12
"9479",10.6923828125,2005-12-13
"9480",12.931640625,2005-12-14
"9481",7.4423828125,2005-12-15
"9482",10.7421875,2005-12-16
"9483",11.921875,2005-12-17
"9484",11.58203125,2005-12-18
"9485",13.6923828125,2005-12-19
"9486",11.1416015625,2005-12-20
"9487",18.01171875,2005-12-21
"9488",13.2724609375,2005-12-22
"9489",14.171875,2005-12-23
"9490",9.8623046875,2005-12-24
"9491",12.7216796875,2005-12-25
"9492",14.2119140625,2005-12-26
"9493",10.01171875,2005-12-27
"9494",12.7822265625,2005-12-28
"9495",12.251953125,2005-12-29
"9496",9.091796875,2005-12-30
"9497",15.662109375,2005-12-31
"9498",22.0341796875,2006-01-01
"9499",12.263671875,2006-01-02
"9500",13.7236328125,2006-01-03
"9501",11.1337890625,2006-01-04
"9502",11.5341796875,2006-01-05
"9503",12.3642578125,2006-01-06
"9504",10.7939453125,2006-01-07
"9505",12.6435546875,2006-01-08
"9506",15.7744140625,2006-01-09
"9507",18.564453125,2006-01-10
"9508",17.3740234375,2006-01-11
"9509",13.8642578125,2006-01-12
"9510",14.1943359375,2006-01-13
"9511",11.333984375,2006-01-14
"9512",13.6240234375,2006-01-15
"9513",17.9736328125,2006-01-16
"9514",15.673828125,2006-01-17
"9515",13.984375,2006-01-18
"9516",16.814453125,2006-01-19
"9517",17.744140625,2006-01-20
"9518",16.7236328125,2006-01-21
"9519",12.7138671875,2006-01-22
"9520",15.82421875,2006-01-23
"9521",12.34375,2006-01-24
"9522",9.8740234375,2006-01-25
"9523",12.984375,2006-01-26
"9524",16.8837890625,2006-01-27
"9525",18.1640625,2006-01-28
"9526",21.994140625,2006-01-29
"9527",14.4140625,2006-01-30
"9528",10.9140625,2006-01-31
"9529",13.98828125,2006-02-01
"9530",13.84765625,2006-02-02
"9531",13.0078125,2006-02-03
"9532",13.6083984375,2006-02-04
"9533",13.1884765625,2006-02-05
"9534",15.068359375,2006-02-06
"9535",8.927734375,2006-02-07
"9536",6.5478515625,2006-02-08
"9537",11.578125,2006-02-09
"9538",10.9482421875,2006-02-10
"9539",11.5283203125,2006-02-11
"9540",12.1279296875,2006-02-12
"9541",10.6484375,2006-02-13
"9542",12.1181640625,2006-02-14
"9543",16.2783203125,2006-02-15
"9544",14.6884765625,2006-02-16
"9545",15.3681640625,2006-02-17
"9546",14.16796875,2006-02-18
"9547",13.34765625,2006-02-19
"9548",10.748046875,2006-02-20
"9549",12.4677734375,2006-02-21
"9550",14.7080078125,2006-02-22
"9551",17.6279296875,2006-02-23
"9552",19.658203125,2006-02-24
"9553",20.6884765625,2006-02-25
"9554",12.8076171875,2006-02-26
"9555",13.3681640625,2006-02-27
"9556",13.09765625,2006-02-28
"9557",12.2451171875,2006-03-01
"9558",8.6845703125,2006-03-02
"9559",15.044921875,2006-03-03
"9560",15.6953125,2006-03-04
"9561",15.4951171875,2006-03-05
"9562",12.884765625,2006-03-06
"9563",11.28515625,2006-03-07
"9564",12.4052734375,2006-03-08
"9565",13.8447265625,2006-03-09
"9566",13.3046875,2006-03-10
"9567",13.28515625,2006-03-11
"9568",7.705078125,2006-03-12
"9569",15.3046875,2006-03-13
"9570",11.705078125,2006-03-14
"9571",12.9951171875,2006-03-15
"9572",12.6953125,2006-03-16
"9573",13.28515625,2006-03-17
"9574",13.724609375,2006-03-18
"9575",14.2646484375,2006-03-19
"9576",11.1552734375,2006-03-20
"9577",12.6552734375,2006-03-21
"9578",15.8251953125,2006-03-22
"9579",14.03515625,2006-03-23
"9580",12.025390625,2006-03-24
"9581",11.3154296875,2006-03-25
"9582",15.3154296875,2006-03-26
"9583",16.7646484375,2006-03-27
"9584",14.3349609375,2006-03-28
"9585",14.6552734375,2006-03-29
"9586",15.0146484375,2006-03-30
"9587",11.8447265625,2006-03-31
"9588",11.685546875,2006-04-01
"9589",8.15625,2006-04-02
"9590",9.896484375,2006-04-03
"9591",14.4755859375,2006-04-04
"9592",13.005859375,2006-04-05
"9593",10.2763671875,2006-04-06
"9594",14.65625,2006-04-07
"9595",12.326171875,2006-04-08
"9596",9.345703125,2006-04-09
"9597",7.4462890625,2006-04-10
"9598",14.5859375,2006-04-11
"9599",12.42578125,2006-04-12
"9600",11.92578125,2006-04-13
"9601",15.31640625,2006-04-14
"9602",9.56640625,2006-04-15
"9603",8.435546875,2006-04-16
"9604",5.9755859375,2006-04-17
"9605",11.765625,2006-04-18
"9606",12.65625,2006-04-19
"9607",11.916015625,2006-04-20
"9608",9.416015625,2006-04-21
"9609",8.916015625,2006-04-22
"9610",10.826171875,2006-04-23
"9611",10.8759765625,2006-04-24
"9612",9.2958984375,2006-04-25
"9613",8.986328125,2006-04-26
"9614",8.0556640625,2006-04-27
"9615",15.2158203125,2006-04-28
"9616",15.505859375,2006-04-29
"9617",14.015625,2006-04-30
"9618",13.8173828125,2006-05-01
"9619",13.4873046875,2006-05-02
"9620",13.2568359375,2006-05-03
"9621",11.6572265625,2006-05-04
"9622",14.466796875,2006-05-05
"9623",12.7470703125,2006-05-06
"9624",8.447265625,2006-05-07
"9625",11.2568359375,2006-05-08
"9626",13.3173828125,2006-05-09
"9627",10.376953125,2006-05-10
"9628",11.6865234375,2006-05-11
"9629",9.2470703125,2006-05-12
"9630",10.3974609375,2006-05-13
"9631",9.626953125,2006-05-14
"9632",12.13671875,2006-05-15
"9633",11.6767578125,2006-05-16
"9634",10.1669921875,2006-05-17
"9635",11.447265625,2006-05-18
"9636",10.3173828125,2006-05-19
"9637",9.9873046875,2006-05-20
"9638",9.4169921875,2006-05-21
"9639",10.8466796875,2006-05-22
"9640",7.1865234375,2006-05-23
"9641",7.546875,2006-05-24
"9642",7.77734375,2006-05-25
"9643",8.8173828125,2006-05-26
"9644",8.5068359375,2006-05-27
"9645",10.4765625,2006-05-28
"9646",11.7265625,2006-05-29
"9647",7.857421875,2006-05-30
"9648",8.3271484375,2006-05-31
"9649",11.0732421875,2006-06-01
"9650",10.6630859375,2006-06-02
"9651",11.5927734375,2006-06-03
"9652",10.36328125,2006-06-04
"9653",10.5830078125,2006-06-05
"9654",8.943359375,2006-06-06
"9655",8.4228515625,2006-06-07
"9656",7.86328125,2006-06-08
"9657",8.04296875,2006-06-09
"9658",9.212890625,2006-06-10
"9659",7.9033203125,2006-06-11
"9660",8.7431640625,2006-06-12
"9661",7.373046875,2006-06-13
"9662",7.2431640625,2006-06-14
"9663",7.642578125,2006-06-15
"9664",10.6728515625,2006-06-16
"9665",8.7734375,2006-06-17
"9666",8.052734375,2006-06-18
"9667",7.953125,2006-06-19
"9668",7.6533203125,2006-06-20
"9669",8.943359375,2006-06-21
"9670",8.0126953125,2006-06-22
"9671",10.7431640625,2006-06-23
"9672",10.283203125,2006-06-24
"9673",9.203125,2006-06-25
"9674",7.7734375,2006-06-26
"9675",8.283203125,2006-06-27
"9676",7.203125,2006-06-28
"9677",5.8232421875,2006-06-29
"9678",11.36328125,2006-06-30
"9679",10.892578125,2006-07-01
"9680",9.443359375,2006-07-02
"9681",9.712890625,2006-07-03
"9682",8.7333984375,2006-07-04
"9683",8.5234375,2006-07-05
"9684",11.4833984375,2006-07-06
"9685",9.11328125,2006-07-07
"9686",10.4326171875,2006-07-08
"9687",7.6826171875,2006-07-09
"9688",6.212890625,2006-07-10
"9689",11.3525390625,2006-07-11
"9690",7.873046875,2006-07-12
"9691",7.943359375,2006-07-13
"9692",7.712890625,2006-07-14
"9693",10.4130859375,2006-07-15
"9694",10.86328125,2006-07-16
"9695",11.7734375,2006-07-17
"9696",9.2626953125,2006-07-18
"9697",8.5126953125,2006-07-19
"9698",7.302734375,2006-07-20
"9699",7.2431640625,2006-07-21
"9700",8.2529296875,2006-07-22
"9701",10.6826171875,2006-07-23
"9702",10.1630859375,2006-07-24
"9703",8.86328125,2006-07-25
"9704",8.892578125,2006-07-26
"9705",8.373046875,2006-07-27
"9706",8.0234375,2006-07-28
"9707",10.36328125,2006-07-29
"9708",10.8134765625,2006-07-30
"9709",9.9033203125,2006-07-31
"9710",8.3330078125,2006-08-01
"9711",10.0234375,2006-08-02
"9712",10.4326171875,2006-08-03
"9713",11.9326171875,2006-08-04
"9714",10.6630859375,2006-08-05
"9715",9.9033203125,2006-08-06
"9716",9.97265625,2006-08-07
"9717",7.8330078125,2006-08-08
"9718",11.3427734375,2006-08-09
"9719",8.6328125,2006-08-10
"9720",8.6728515625,2006-08-11
"9721",8.1533203125,2006-08-12
"9722",7.703125,2006-08-13
"9723",12.61328125,2006-08-14
"9724",10.0927734375,2006-08-15
"9725",6.7431640625,2006-08-16
"9726",9.212890625,2006-08-17
"9727",10.7734375,2006-08-18
"9728",9.0126953125,2006-08-19
"9729",6.4228515625,2006-08-20
"9730",12.5126953125,2006-08-21
"9731",11.7626953125,2006-08-22
"9732",11.04296875,2006-08-23
"9733",14.052734375,2006-08-24
"9734",8.29296875,2006-08-25
"9735",8.033203125,2006-08-26
"9736",8.6630859375,2006-08-27
"9737",9.9228515625,2006-08-28
"9738",9.7626953125,2006-08-29
"9739",10.1826171875,2006-08-30
"9740",9.443359375,2006-08-31
"9741",8.0537109375,2006-09-01
"9742",9.404296875,2006-09-02
"9743",9.6640625,2006-09-03
"9744",8.1240234375,2006-09-04
"9745",8.853515625,2006-09-05
"9746",8.763671875,2006-09-06
"9747",10.583984375,2006-09-07
"9748",9.9638671875,2006-09-08
"9749",8.8037109375,2006-09-09
"9750",8.4140625,2006-09-10
"9751",8.083984375,2006-09-11
"9752",7.1240234375,2006-09-12
"9753",7.2744140625,2006-09-13
"9754",10.68359375,2006-09-14
"9755",10.734375,2006-09-15
"9756",10.1435546875,2006-09-16
"9757",7.4736328125,2006-09-17
"9758",6.7841796875,2006-09-18
"9759",7.75390625,2006-09-19
"9760",9.654296875,2006-09-20
"9761",11.833984375,2006-09-21
"9762",9.5244140625,2006-09-22
"9763",10.814453125,2006-09-23
"9764",8.814453125,2006-09-24
"9765",7.9140625,2006-09-25
"9766",6.484375,2006-09-26
"9767",10.5439453125,2006-09-27
"9768",8.484375,2006-09-28
"9769",11.3642578125,2006-09-29
"9770",8.744140625,2006-09-30
"9771",7.8525390625,2006-10-01
"9772",10.6533203125,2006-10-02
"9773",9.7734375,2006-10-03
"9774",7.11328125,2006-10-04
"9775",8.5830078125,2006-10-05
"9776",8.29296875,2006-10-06
"9777",4.8427734375,2006-10-07
"9778",7.1826171875,2006-10-08
"9779",6.7734375,2006-10-09
"9780",7.0029296875,2006-10-10
"9781",3.712890625,2006-10-11
"9782",3.892578125,2006-10-12
"9783",11.193359375,2006-10-13
"9784",11.533203125,2006-10-14
"9785",7.712890625,2006-10-15
"9786",7.533203125,2006-10-16
"9787",11.5927734375,2006-10-17
"9788",10.0732421875,2006-10-18
"9789",12.47265625,2006-10-19
"9790",10.72265625,2006-10-20
"9791",6.9833984375,2006-10-21
"9792",6.1328125,2006-10-22
"9793",6.2431640625,2006-10-23
"9794",5.3330078125,2006-10-24
"9795",8.4931640625,2006-10-25
"9796",7.283203125,2006-10-26
"9797",9.2529296875,2006-10-27
"9798",9.123046875,2006-10-28
"9799",6.9130859375,2006-10-29
"9800",8.11328125,2006-10-30
"9801",10.6533203125,2006-10-31
"9802",9.6923828125,2006-11-01
"9803",13.26171875,2006-11-02
"9804",11.3017578125,2006-11-03
"9805",12.01171875,2006-11-04
"9806",10.912109375,2006-11-05
"9807",9.681640625,2006-11-06
"9808",10.3623046875,2006-11-07
"9809",7.751953125,2006-11-08
"9810",9.0419921875,2006-11-09
"9811",8.591796875,2006-11-10
"9812",6.1015625,2006-11-11
"9813",17.3515625,2006-11-12
"9814",11.5224609375,2006-11-13
"9815",8.921875,2006-11-14
"9816",9.0517578125,2006-11-15
"9817",7.7919921875,2006-11-16
"9818",8.3623046875,2006-11-17
"9819",6.7021484375,2006-11-18
"9820",5.3115234375,2006-11-19
"9821",8.9521484375,2006-11-20
"9822",8.181640625,2006-11-21
"9823",13.7421875,2006-11-22
"9824",13.341796875,2006-11-23
"9825",10.9921875,2006-11-24
"9826",9.841796875,2006-11-25
"9827",12.15234375,2006-11-26
"9828",8.1220703125,2006-11-27
"9829",13.001953125,2006-11-28
"9830",10.51171875,2006-11-29
"9831",7.3818359375,2006-11-30
"9832",11.4716796875,2006-12-01
"9833",8.431640625,2006-12-02
"9834",9.662109375,2006-12-03
"9835",10.0615234375,2006-12-04
"9836",6.2421875,2006-12-05
"9837",9.8623046875,2006-12-06
"9838",8.3515625,2006-12-07
"9839",5.2021484375,2006-12-08
"9840",6.921875,2006-12-09
"9841",13.2421875,2006-12-10
"9842",9.322265625,2006-12-11
"9843",6.6015625,2006-12-12
"9844",6.1923828125,2006-12-13
"9845",12.6923828125,2006-12-14
"9846",9.1015625,2006-12-15
"9847",8.6123046875,2006-12-16
"9848",9.08203125,2006-12-17
"9849",8.1923828125,2006-12-18
"9850",8.5517578125,2006-12-19
"9851",6.6318359375,2006-12-20
"9852",11.4619140625,2006-12-21
"9853",19.931640625,2006-12-22
"9854",9.662109375,2006-12-23
"9855",8.8818359375,2006-12-24
"9856",8.6123046875,2006-12-25
"9857",10.482421875,2006-12-26
"9858",9.8515625,2006-12-27
"9859",9.9716796875,2006-12-28
"9860",12.4716796875,2006-12-29
"9861",11.982421875,2006-12-30
"9862",14.091796875,2006-12-31
"9863",15.654296875,2007-01-01
"9864",16.7841796875,2007-01-02
"9865",15.763671875,2007-01-03
"9866",17.0244140625,2007-01-04
"9867",16.0439453125,2007-01-05
"9868",21.34375,2007-01-06
"9869",16.2841796875,2007-01-07
"9870",10.6640625,2007-01-08
"9871",11.8740234375,2007-01-09
"9872",8.9736328125,2007-01-10
"9873",15.103515625,2007-01-11
"9874",13.853515625,2007-01-12
"9875",11.5439453125,2007-01-13
"9876",13.43359375,2007-01-14
"9877",13.82421875,2007-01-15
"9878",10.853515625,2007-01-16
"9879",15.9736328125,2007-01-17
"9880",15.34375,2007-01-18
"9881",22.9736328125,2007-01-19
"9882",24.9541015625,2007-01-20
"9883",14.93359375,2007-01-21
"9884",11.6435546875,2007-01-22
"9885",13.7841796875,2007-01-23
"9886",14.6337890625,2007-01-24
"9887",11.5439453125,2007-01-25
"9888",13.9541015625,2007-01-26
"9889",11.75390625,2007-01-27
"9890",12.59375,2007-01-28
"9891",15.2041015625,2007-01-29
"9892",15.6142578125,2007-01-30
"9893",14.0537109375,2007-01-31
"9894",10.427734375,2007-02-01
"9895",10.3681640625,2007-02-02
"9896",12.328125,2007-02-03
"9897",15.087890625,2007-02-04
"9898",14.3681640625,2007-02-05
"9899",11.2578125,2007-02-06
"9900",10.498046875,2007-02-07
"9901",11.8583984375,2007-02-08
"9902",12.8876953125,2007-02-09
"9903",12.658203125,2007-02-10
"9904",14.7783203125,2007-02-11
"9905",16.6982421875,2007-02-12
"9906",15.498046875,2007-02-13
"9907",15.4482421875,2007-02-14
"9908",15.9580078125,2007-02-15
"9909",13.7880859375,2007-02-16
"9910",13.427734375,2007-02-17
"9911",12.8076171875,2007-02-18
"9912",16.4677734375,2007-02-19
"9913",17.3876953125,2007-02-20
"9914",15.6982421875,2007-02-21
"9915",14.5478515625,2007-02-22
"9916",13.8681640625,2007-02-23
"9917",17.59765625,2007-02-24
"9918",13.3076171875,2007-02-25
"9919",12.927734375,2007-02-26
"9920",15.4482421875,2007-02-27
"9921",14.48828125,2007-02-28
"9922",16.5654296875,2007-03-01
"9923",14.775390625,2007-03-02
"9924",17.474609375,2007-03-03
"9925",12.865234375,2007-03-04
"9926",12.6845703125,2007-03-05
"9927",9.875,2007-03-06
"9928",13.365234375,2007-03-07
"9929",14.9150390625,2007-03-08
"9930",11.4150390625,2007-03-09
"9931",7.115234375,2007-03-10
"9932",15.3349609375,2007-03-11
"9933",9.955078125,2007-03-12
"9934",10.60546875,2007-03-13
"9935",10.39453125,2007-03-14
"9936",13.544921875,2007-03-15
"9937",20.115234375,2007-03-16
"9938",13.4248046875,2007-03-17
"9939",10.78515625,2007-03-18
"9940",12.955078125,2007-03-19
"9941",18.89453125,2007-03-20
"9942",16.115234375,2007-03-21
"9943",18.4248046875,2007-03-22
"9944",15.3349609375,2007-03-23
"9945",10.375,2007-03-24
"9946",8.60546875,2007-03-25
"9947",8.78515625,2007-03-26
"9948",12.4345703125,2007-03-27
"9949",13.0146484375,2007-03-28
"9950",11.615234375,2007-03-29
"9951",11.794921875,2007-03-30
"9952",14.3251953125,2007-03-31
"9953",14.2158203125,2007-04-01
"9954",14.185546875,2007-04-02
"9955",12.74609375,2007-04-03
"9956",11.2158203125,2007-04-04
"9957",12.24609375,2007-04-05
"9958",9.31640625,2007-04-06
"9959",10.166015625,2007-04-07
"9960",7.896484375,2007-04-08
"9961",8.3857421875,2007-04-09
"9962",8.15625,2007-04-10
"9963",9.685546875,2007-04-11
"9964",10.2158203125,2007-04-12
"9965",7.9560546875,2007-04-13
"9966",9.6064453125,2007-04-14
"9967",13.5859375,2007-04-15
"9968",12.0361328125,2007-04-16
"9969",12.2861328125,2007-04-17
"9970",13.1357421875,2007-04-18
"9971",11.56640625,2007-04-19
"9972",12.5859375,2007-04-20
"9973",13.7958984375,2007-04-21
"9974",12.326171875,2007-04-22
"9975",12.5263671875,2007-04-23
"9976",10.74609375,2007-04-24
"9977",11.8564453125,2007-04-25
"9978",17.396484375,2007-04-26
"9979",16.6962890625,2007-04-27
"9980",16.0361328125,2007-04-28
"9981",15.666015625,2007-04-29
"9982",14.5263671875,2007-04-30
"9983",9.9169921875,2007-05-01
"9984",15.306640625,2007-05-02
"9985",15.3974609375,2007-05-03
"9986",14.546875,2007-05-04
"9987",15.857421875,2007-05-05
"9988",16.4072265625,2007-05-06
"9989",12.2568359375,2007-05-07
"9990",10.537109375,2007-05-08
"9991",9.88671875,2007-05-09
"9992",9.9267578125,2007-05-10
"9993",11.0166015625,2007-05-11
"9994",11.8369140625,2007-05-12
"9995",13.6474609375,2007-05-13
"9996",14.8369140625,2007-05-14
"9997",15.6669921875,2007-05-15
"9998",12.197265625,2007-05-16
"9999",11.27734375,2007-05-17
"10000",12.77734375,2007-05-18
"10001",12.1572265625,2007-05-19
"10002",11.0673828125,2007-05-20
"10003",10.447265625,2007-05-21
"10004",11.8369140625,2007-05-22
"10005",13.02734375,2007-05-23
"10006",10.5869140625,2007-05-24
"10007",9.45703125,2007-05-25
"10008",8.9169921875,2007-05-26
"10009",7.046875,2007-05-27
"10010",12.947265625,2007-05-28
"10011",11.7373046875,2007-05-29
"10012",8.9970703125,2007-05-30
"10013",12.95703125,2007-05-31
"10014",13.86328125,2007-06-01
"10015",10.6630859375,2007-06-02
"10016",10.3134765625,2007-06-03
"10017",11.2431640625,2007-06-04
"10018",10.1826171875,2007-06-05
"10019",10.4326171875,2007-06-06
"10020",11.193359375,2007-06-07
"10021",8.9931640625,2007-06-08
"10022",10.86328125,2007-06-09
"10023",10.462890625,2007-06-10
"10024",10.142578125,2007-06-11
"10025",9.2529296875,2007-06-12
"10026",8.5830078125,2007-06-13
"10027",7.6328125,2007-06-14
"10028",6.9130859375,2007-06-15
"10029",8.4228515625,2007-06-16
"10030",9.203125,2007-06-17
"10031",7.7529296875,2007-06-18
"10032",8.2529296875,2007-06-19
"10033",9.5234375,2007-06-20
"10034",11.54296875,2007-06-21
"10035",7.3525390625,2007-06-22
"10036",6.8330078125,2007-06-23
"10037",6.5126953125,2007-06-24
"10038",7.392578125,2007-06-25
"10039",10.033203125,2007-06-26
"10040",10.4833984375,2007-06-27
"10041",11.4833984375,2007-06-28
"10042",10.9326171875,2007-06-29
"10043",10.9130859375,2007-06-30
"10044",12.052734375,2007-07-01
"10045",10.04296875,2007-07-02
"10046",12.5927734375,2007-07-03
"10047",10.943359375,2007-07-04
"10048",9.0029296875,2007-07-05
"10049",11.2626953125,2007-07-06
"10050",9.9033203125,2007-07-07
"10051",9.802734375,2007-07-08
"10052",10.443359375,2007-07-09
"10053",8.5927734375,2007-07-10
"10054",9.443359375,2007-07-11
"10055",10.8330078125,2007-07-12
"10056",9.283203125,2007-07-13
"10057",8.462890625,2007-07-14
"10058",8.712890625,2007-07-15
"10059",8.5927734375,2007-07-16
"10060",8.7626953125,2007-07-17
"10061",8.1728515625,2007-07-18
"10062",8.1728515625,2007-07-19
"10063",7.373046875,2007-07-20
"10064",7.1630859375,2007-07-21
"10065",6.22265625,2007-07-22
"10066",7.193359375,2007-07-23
"10067",6.7734375,2007-07-24
"10068",8.203125,2007-07-25
"10069",9.3330078125,2007-07-26
"10070",11.6025390625,2007-07-27
"10071",11.0634765625,2007-07-28
"10072",13.2333984375,2007-07-29
"10073",11.802734375,2007-07-30
"10074",9.1328125,2007-07-31
"10075",11.54296875,2007-08-01
"10076",11.212890625,2007-08-02
"10077",8.9130859375,2007-08-03
"10078",10.373046875,2007-08-04
"10079",10.9033203125,2007-08-05
"10080",11.3525390625,2007-08-06
"10081",9.203125,2007-08-07
"10082",11.36328125,2007-08-08
"10083",12.142578125,2007-08-09
"10084",10.392578125,2007-08-10
"10085",12.373046875,2007-08-11
"10086",10.0830078125,2007-08-12
"10087",8.7626953125,2007-08-13
"10088",6.6728515625,2007-08-14
"10089",5.8525390625,2007-08-15
"10090",11.3828125,2007-08-16
"10091",7.6533203125,2007-08-17
"10092",10.9326171875,2007-08-18
"10093",10.1328125,2007-08-19
"10094",9.212890625,2007-08-20
"10095",8.953125,2007-08-21
"10096",8.6826171875,2007-08-22
"10097",9.2333984375,2007-08-23
"10098",7.9326171875,2007-08-24
"10099",8.72265625,2007-08-25
"10100",6.8828125,2007-08-26
"10101",7.193359375,2007-08-27
"10102",12.0732421875,2007-08-28
"10103",11.193359375,2007-08-29
"10104",7.2734375,2007-08-30
"10105",8.72265625,2007-08-31
"10106",7.7744140625,2007-09-01
"10107",8.84375,2007-09-02
"10108",8.083984375,2007-09-03
"10109",7.4140625,2007-09-04
"10110",6.673828125,2007-09-05
"10111",9.583984375,2007-09-06
"10112",9.68359375,2007-09-07
"10113",6.93359375,2007-09-08
"10114",7.18359375,2007-09-09
"10115",12.5341796875,2007-09-10
"10116",11.353515625,2007-09-11
"10117",10.734375,2007-09-12
"10118",6.4140625,2007-09-13
"10119",9.3740234375,2007-09-14
"10120",8.814453125,2007-09-15
"10121",11.5537109375,2007-09-16
"10122",9.50390625,2007-09-17
"10123",8.244140625,2007-09-18
"10124",12.3837890625,2007-09-19
"10125",8.7841796875,2007-09-20
"10126",8.6435546875,2007-09-21
"10127",8.8642578125,2007-09-22
"10128",9.1435546875,2007-09-23
"10129",9.0341796875,2007-09-24
"10130",7.9736328125,2007-09-25
"10131",11.00390625,2007-09-26
"10132",12.103515625,2007-09-27
"10133",9.84375,2007-09-28
"10134",9.9638671875,2007-09-29
"10135",12.2236328125,2007-09-30
"10136",13.0029296875,2007-10-01
"10137",11.6025390625,2007-10-02
"10138",9.802734375,2007-10-03
"10139",10.2734375,2007-10-04
"10140",9.443359375,2007-10-05
"10141",8.623046875,2007-10-06
"10142",8.0126953125,2007-10-07
"10143",7.802734375,2007-10-08
"10144",8.0634765625,2007-10-09
"10145",5.9931640625,2007-10-10
"10146",13.443359375,2007-10-11
"10147",8.2431640625,2007-10-12
"10148",8.6533203125,2007-10-13
"10149",9.9228515625,2007-10-14
"10150",6.2529296875,2007-10-15
"10151",9.052734375,2007-10-16
"10152",7.0927734375,2007-10-17
"10153",5.0029296875,2007-10-18
"10154",9.6533203125,2007-10-19
"10155",8.9033203125,2007-10-20
"10156",7.392578125,2007-10-21
"10157",14.873046875,2007-10-22
"10158",13.5732421875,2007-10-23
"10159",9.2626953125,2007-10-24
"10160",10.7529296875,2007-10-25
"10161",11.7333984375,2007-10-26
"10162",7.5234375,2007-10-27
"10163",8.6826171875,2007-10-28
"10164",9.4130859375,2007-10-29
"10165",11.533203125,2007-10-30
"10166",13.4931640625,2007-10-31
"10167",13.2822265625,2007-11-01
"10168",13.4921875,2007-11-02
"10169",12.0322265625,2007-11-03
"10170",10.9423828125,2007-11-04
"10171",9.001953125,2007-11-05
"10172",10.5322265625,2007-11-06
"10173",11.671875,2007-11-07
"10174",11.01171875,2007-11-08
"10175",11.232421875,2007-11-09
"10176",12.0615234375,2007-11-10
"10177",10.2919921875,2007-11-11
"10178",11.431640625,2007-11-12
"10179",12.2919921875,2007-11-13
"10180",10.1318359375,2007-11-14
"10181",10.001953125,2007-11-15
"10182",9.0419921875,2007-11-16
"10183",15.3916015625,2007-11-17
"10184",14.732421875,2007-11-18
"10185",8.5615234375,2007-11-19
"10186",15.5322265625,2007-11-20
"10187",10.01171875,2007-11-21
"10188",11.33203125,2007-11-22
"10189",12.2919921875,2007-11-23
"10190",11.7021484375,2007-11-24
"10191",11.51171875,2007-11-25
"10192",11.072265625,2007-11-26
"10193",11.4921875,2007-11-27
"10194",11.4921875,2007-11-28
"10195",15.4921875,2007-11-29
"10196",14.341796875,2007-11-30
"10197",13.822265625,2007-12-01
"10198",11.8515625,2007-12-02
"10199",12.181640625,2007-12-03
"10200",11.2919921875,2007-12-04
"10201",11.0419921875,2007-12-05
"10202",9.2021484375,2007-12-06
"10203",12.7021484375,2007-12-07
"10204",11.341796875,2007-12-08
"10205",13.8115234375,2007-12-09
"10206",9.5322265625,2007-12-10
"10207",11.001953125,2007-12-11
"10208",11.9921875,2007-12-12
"10209",9.8720703125,2007-12-13
"10210",10.341796875,2007-12-14
"10211",14.7421875,2007-12-15
"10212",10.65234375,2007-12-16
"10213",10.5224609375,2007-12-17
"10214",12.5615234375,2007-12-18
"10215",18.2822265625,2007-12-19
"10216",19.412109375,2007-12-20
"10217",16.921875,2007-12-21
"10218",10.6416015625,2007-12-22
"10219",9.8818359375,2007-12-23
"10220",11.76171875,2007-12-24
"10221",9.322265625,2007-12-25
"10222",10.4423828125,2007-12-26
"10223",9.15234375,2007-12-27
"10224",7.171875,2007-12-28
"10225",8.4423828125,2007-12-29
"10226",14.7822265625,2007-12-30
"10227",9.681640625,2007-12-31
"10228",12.59375,2008-01-01
"10229",13.1337890625,2008-01-02
"10230",12.263671875,2008-01-03
"10231",16.6943359375,2008-01-04
"10232",11.7041015625,2008-01-05
"10233",14.103515625,2008-01-06
"10234",11.734375,2008-01-07
"10235",12.654296875,2008-01-08
"10236",13.484375,2008-01-09
"10237",9.814453125,2008-01-10
"10238",15.9541015625,2008-01-11
"10239",11.0439453125,2008-01-12
"10240",15.2939453125,2008-01-13
"10241",9.103515625,2008-01-14
"10242",10.2744140625,2008-01-15
"10243",12.3642578125,2008-01-16
"10244",10.93359375,2008-01-17
"10245",14.25390625,2008-01-18
"10246",18.3935546875,2008-01-19
"10247",15.1943359375,2008-01-20
"10248",9.4541015625,2008-01-21
"10249",12.50390625,2008-01-22
"10250",13.18359375,2008-01-23
"10251",17.2744140625,2008-01-24
"10252",14.673828125,2008-01-25
"10253",15.9541015625,2008-01-26
"10254",14.734375,2008-01-27
"10255",14.4541015625,2008-01-28
"10256",13.2041015625,2008-01-29
"10257",14.7939453125,2008-01-30
"10258",14.154296875,2008-01-31
"10259",11.0380859375,2008-02-01
"10260",10.0283203125,2008-02-02
"10261",14.318359375,2008-02-03
"10262",14.4775390625,2008-02-04
"10263",14.3984375,2008-02-05
"10264",13.7880859375,2008-02-06
"10265",12.3583984375,2008-02-07
"10266",9.2783203125,2008-02-08
"10267",8.658203125,2008-02-09
"10268",9.568359375,2008-02-10
"10269",11.337890625,2008-02-11
"10270",12.1884765625,2008-02-12
"10271",8.3681640625,2008-02-13
"10272",10.8583984375,2008-02-14
"10273",11.8876953125,2008-02-15
"10274",11.578125,2008-02-16
"10275",10.267578125,2008-02-17
"10276",9.158203125,2008-02-18
"10277",9.8779296875,2008-02-19
"10278",14.828125,2008-02-20
"10279",11.59765625,2008-02-21
"10280",13.2080078125,2008-02-22
"10281",11.3779296875,2008-02-23
"10282",13.0283203125,2008-02-24
"10283",12.98828125,2008-02-25
"10284",12.7978515625,2008-02-26
"10285",12.6376953125,2008-02-27
"10286",10.408203125,2008-02-28
"10287",8.5078125,2008-02-29
"10288",8.1953125,2008-03-01
"10289",7.4248046875,2008-03-02
"10290",6.625,2008-03-03
"10291",7.53515625,2008-03-04
"10292",11.625,2008-03-05
"10293",9.78515625,2008-03-06
"10294",12.6552734375,2008-03-07
"10295",9.78515625,2008-03-08
"10296",8.1953125,2008-03-09
"10297",9.3046875,2008-03-10
"10298",15.384765625,2008-03-11
"10299",14.544921875,2008-03-12
"10300",11.3251953125,2008-03-13
"10301",7.955078125,2008-03-14
"10302",14.224609375,2008-03-15
"10303",9.85546875,2008-03-16
"10304",10.0947265625,2008-03-17
"10305",13.8154296875,2008-03-18
"10306",10.6845703125,2008-03-19
"10307",11.5146484375,2008-03-20
"10308",9.0546875,2008-03-21
"10309",9.28515625,2008-03-22
"10310",9.71484375,2008-03-23
"10311",9.705078125,2008-03-24
"10312",13.7646484375,2008-03-25
"10313",10.3251953125,2008-03-26
"10314",10.4345703125,2008-03-27
"10315",9.875,2008-03-28
"10316",12.615234375,2008-03-29
"10317",11.5751953125,2008-03-30
"10318",12.28515625,2008-03-31
"10319",12.17578125,2008-04-01
"10320",17.06640625,2008-04-02
"10321",9.576171875,2008-04-03
"10322",12.595703125,2008-04-04
"10323",12.3056640625,2008-04-05
"10324",10.146484375,2008-04-06
"10325",9.755859375,2008-04-07
"10326",8.17578125,2008-04-08
"10327",13.166015625,2008-04-09
"10328",15.236328125,2008-04-10
"10329",14.146484375,2008-04-11
"10330",11.9462890625,2008-04-12
"10331",10.646484375,2008-04-13
"10332",11.0556640625,2008-04-14
"10333",12.2255859375,2008-04-15
"10334",10.7060546875,2008-04-16
"10335",10.935546875,2008-04-17
"10336",11.755859375,2008-04-18
"10337",9.9658203125,2008-04-19
"10338",9.06640625,2008-04-20
"10339",8.935546875,2008-04-21
"10340",8.92578125,2008-04-22
"10341",7.595703125,2008-04-23
"10342",6.99609375,2008-04-24
"10343",11.935546875,2008-04-25
"10344",12.5263671875,2008-04-26
"10345",8.65625,2008-04-27
"10346",10.6162109375,2008-04-28
"10347",10.5859375,2008-04-29
"10348",12.486328125,2008-04-30
"10349",13.8974609375,2008-05-01
"10350",12.4267578125,2008-05-02
"10351",11.8466796875,2008-05-03
"10352",10.20703125,2008-05-04
"10353",12.9267578125,2008-05-05
"10354",13.7568359375,2008-05-06
"10355",14.107421875,2008-05-07
"10356",13.3173828125,2008-05-08
"10357",12.0673828125,2008-05-09
"10358",12.1474609375,2008-05-10
"10359",12.806640625,2008-05-11
"10360",11.5966796875,2008-05-12
"10361",10.357421875,2008-05-13
"10362",9.056640625,2008-05-14
"10363",9.306640625,2008-05-15
"10364",12.27734375,2008-05-16
"10365",9.5771484375,2008-05-17
"10366",12.716796875,2008-05-18
"10367",13.8173828125,2008-05-19
"10368",14.537109375,2008-05-20
"10369",13.046875,2008-05-21
"10370",10.046875,2008-05-22
"10371",8.95703125,2008-05-23
"10372",9.126953125,2008-05-24
"10373",9.9072265625,2008-05-25
"10374",14.1767578125,2008-05-26
"10375",12.9365234375,2008-05-27
"10376",11.2265625,2008-05-28
"10377",9.7666015625,2008-05-29
"10378",9.0869140625,2008-05-30
"10379",11.966796875,2008-05-31
"10380",11.3525390625,2008-06-01
"10381",9.7626953125,2008-06-02
"10382",9.86328125,2008-06-03
"10383",10.7734375,2008-06-04
"10384",13.2431640625,2008-06-05
"10385",11.2529296875,2008-06-06
"10386",10.4033203125,2008-06-07
"10387",10.0634765625,2008-06-08
"10388",12.623046875,2008-06-09
"10389",11.5234375,2008-06-10
"10390",12.892578125,2008-06-11
"10391",10.802734375,2008-06-12
"10392",8.9228515625,2008-06-13
"10393",11.0126953125,2008-06-14
"10394",8.642578125,2008-06-15
"10395",8.6826171875,2008-06-16
"10396",8.123046875,2008-06-17
"10397",10.693359375,2008-06-18
"10398",10.4931640625,2008-06-19
"10399",10.783203125,2008-06-20
"10400",12.6025390625,2008-06-21
"10401",11.54296875,2008-06-22
"10402",11.0830078125,2008-06-23
"10403",9.61328125,2008-06-24
"10404",9.123046875,2008-06-25
"10405",8.7529296875,2008-06-26
"10406",10.11328125,2008-06-27
"10407",7.9033203125,2008-06-28
"10408",8.29296875,2008-06-29
"10409",9.6025390625,2008-06-30
"10410",12.443359375,2008-07-01
"10411",11.5126953125,2008-07-02
"10412",9.9833984375,2008-07-03
"10413",9.0830078125,2008-07-04
"10414",7.9326171875,2008-07-05
"10415",9.962890625,2008-07-06
"10416",9.22265625,2008-07-07
"10417",9.373046875,2008-07-08
"10418",10.8828125,2008-07-09
"10419",7.873046875,2008-07-10
"10420",8.9326171875,2008-07-11
"10421",7.86328125,2008-07-12
"10422",9.8330078125,2008-07-13
"10423",12.5634765625,2008-07-14
"10424",11.3232421875,2008-07-15
"10425",9.04296875,2008-07-16
"10426",8.5029296875,2008-07-17
"10427",9.7529296875,2008-07-18
"10428",8.2734375,2008-07-19
"10429",8.962890625,2008-07-20
"10430",9.8427734375,2008-07-21
"10431",8.9833984375,2008-07-22
"10432",7.703125,2008-07-23
"10433",6.962890625,2008-07-24
"10434",6.8330078125,2008-07-25
"10435",9.9833984375,2008-07-26
"10436",8.2734375,2008-07-27
"10437",8.11328125,2008-07-28
"10438",7.61328125,2008-07-29
"10439",11.04296875,2008-07-30
"10440",9.8330078125,2008-07-31
"10441",8.72265625,2008-08-01
"10442",10.7333984375,2008-08-02
"10443",8.392578125,2008-08-03
"10444",10.5732421875,2008-08-04
"10445",11.462890625,2008-08-05
"10446",10.5830078125,2008-08-06
"10447",8.2333984375,2008-08-07
"10448",10.203125,2008-08-08
"10449",9.22265625,2008-08-09
"10450",7.6328125,2008-08-10
"10451",8.962890625,2008-08-11
"10452",9.7529296875,2008-08-12
"10453",9.283203125,2008-08-13
"10454",8.712890625,2008-08-14
"10455",10.642578125,2008-08-15
"10456",10.9833984375,2008-08-16
"10457",10.1025390625,2008-08-17
"10458",10.3134765625,2008-08-18
"10459",9.54296875,2008-08-19
"10460",7.962890625,2008-08-20
"10461",8.6630859375,2008-08-21
"10462",8.443359375,2008-08-22
"10463",9.1328125,2008-08-23
"10464",9.0830078125,2008-08-24
"10465",8.0126953125,2008-08-25
"10466",8.3525390625,2008-08-26
"10467",7.5126953125,2008-08-27
"10468",8.5830078125,2008-08-28
"10469",8.3828125,2008-08-29
"10470",11.693359375,2008-08-30
"10471",9.4228515625,2008-08-31
"10472",9.6240234375,2008-09-01
"10473",10.50390625,2008-09-02
"10474",9.4736328125,2008-09-03
"10475",7.4443359375,2008-09-04
"10476",9.404296875,2008-09-05
"10477",9.814453125,2008-09-06
"10478",11.3935546875,2008-09-07
"10479",9.244140625,2008-09-08
"10480",8.59375,2008-09-09
"10481",7.8837890625,2008-09-10
"10482",10.1943359375,2008-09-11
"10483",12.5537109375,2008-09-12
"10484",9.923828125,2008-09-13
"10485",9.75390625,2008-09-14
"10486",9.09375,2008-09-15
"10487",8.2744140625,2008-09-16
"10488",7.7236328125,2008-09-17
"10489",5.93359375,2008-09-18
"10490",11.6240234375,2008-09-19
"10491",10.603515625,2008-09-20
"10492",9.84375,2008-09-21
"10493",11.50390625,2008-09-22
"10494",9.6943359375,2008-09-23
"10495",9.494140625,2008-09-24
"10496",7.2841796875,2008-09-25
"10497",5.5341796875,2008-09-26
"10498",7.173828125,2008-09-27
"10499",11.333984375,2008-09-28
"10500",8.50390625,2008-09-29
"10501",8.4140625,2008-09-30
"10502",5.552734375,2008-10-01
"10503",12.783203125,2008-10-02
"10504",13.3232421875,2008-10-03
"10505",8.1728515625,2008-10-04
"10506",8.693359375,2008-10-05
"10507",9.4326171875,2008-10-06
"10508",7.962890625,2008-10-07
"10509",11.0732421875,2008-10-08
"10510",10.533203125,2008-10-09
"10511",9.953125,2008-10-10
"10512",10.5126953125,2008-10-11
"10513",6.0234375,2008-10-12
"10514",9.3525390625,2008-10-13
"10515",7.693359375,2008-10-14
"10516",9.9033203125,2008-10-15
"10517",11.443359375,2008-10-16
"10518",9.943359375,2008-10-17
"10519",6.8427734375,2008-10-18
"10520",13.1728515625,2008-10-19
"10521",8.5029296875,2008-10-20
"10522",8.212890625,2008-10-21
"10523",7.22265625,2008-10-22
"10524",8.5927734375,2008-10-23
"10525",3.8828125,2008-10-24
"10526",4.2333984375,2008-10-25
"10527",14.1728515625,2008-10-26
"10528",13.2734375,2008-10-27
"10529",9.802734375,2008-10-28
"10530",10.193359375,2008-10-29
"10531",8.79296875,2008-10-30
"10532",12.4326171875,2008-10-31
"10533",10.181640625,2008-11-01
"10534",16.3515625,2008-11-02
"10535",9.431640625,2008-11-03
"10536",9.4521484375,2008-11-04
"10537",15.9921875,2008-11-05
"10538",11.421875,2008-11-06
"10539",16.2216796875,2008-11-07
"10540",10.8623046875,2008-11-08
"10541",12.181640625,2008-11-09
"10542",13.0322265625,2008-11-10
"10543",10.732421875,2008-11-11
"10544",7.751953125,2008-11-12
"10545",15.1318359375,2008-11-13
"10546",11.7421875,2008-11-14
"10547",9.3017578125,2008-11-15
"10548",10.1220703125,2008-11-16
"10549",7.8623046875,2008-11-17
"10550",13.6015625,2008-11-18
"10551",11.171875,2008-11-19
"10552",11.171875,2008-11-20
"10553",9.572265625,2008-11-21
"10554",7.83203125,2008-11-22
"10555",8.4521484375,2008-11-23
"10556",10.501953125,2008-11-24
"10557",8.7216796875,2008-11-25
"10558",13.671875,2008-11-26
"10559",13.76171875,2008-11-27
"10560",14.1220703125,2008-11-28
"10561",10.6923828125,2008-11-29
"10562",11.931640625,2008-11-30
"10563",9.33203125,2008-12-01
"10564",11.662109375,2008-12-02
"10565",12.091796875,2008-12-03
"10566",9.1220703125,2008-12-04
"10567",14.322265625,2008-12-05
"10568",14.90234375,2008-12-06
"10569",8.6015625,2008-12-07
"10570",9.162109375,2008-12-08
"10571",14.412109375,2008-12-09
"10572",12.1123046875,2008-12-10
"10573",9.5517578125,2008-12-11
"10574",18.501953125,2008-12-12
"10575",14.162109375,2008-12-13
"10576",11.40234375,2008-12-14
"10577",10.7216796875,2008-12-15
"10578",13.5615234375,2008-12-16
"10579",15.4423828125,2008-12-17
"10580",13.912109375,2008-12-18
"10581",9.171875,2008-12-19
"10582",9.322265625,2008-12-20
"10583",7.7919921875,2008-12-21
"10584",15.9716796875,2008-12-22
"10585",12.2919921875,2008-12-23
"10586",11.841796875,2008-12-24
"10587",13.7216796875,2008-12-25
"10588",13.8720703125,2008-12-26
"10589",16.1923828125,2008-12-27
"10590",14.5322265625,2008-12-28
"10591",9.90234375,2008-12-29
"10592",15.5322265625,2008-12-30
"10593",12.181640625,2008-12-31
"10594",11.8642578125,2009-01-01
"10595",8.0439453125,2009-01-02
"10596",8.1943359375,2009-01-03
"10597",10.5341796875,2009-01-04
"10598",10.7744140625,2009-01-05
"10599",9.2138671875,2009-01-06
"10600",15.513671875,2009-01-07
"10601",9.423828125,2009-01-08
"10602",8.2744140625,2009-01-09
"10603",11.8740234375,2009-01-10
"10604",12.3740234375,2009-01-11
"10605",12.6640625,2009-01-12
"10606",7.8740234375,2009-01-13
"10607",16.00390625,2009-01-14
"10608",12.5439453125,2009-01-15
"10609",11.8935546875,2009-01-16
"10610",8.8935546875,2009-01-17
"10611",10.103515625,2009-01-18
"10612",8.4443359375,2009-01-19
"10613",10.00390625,2009-01-20
"10614",13.9736328125,2009-01-21
"10615",12.603515625,2009-01-22
"10616",10.8740234375,2009-01-23
"10617",11.59375,2009-01-24
"10618",12.2041015625,2009-01-25
"10619",12.513671875,2009-01-26
"10620",12.3740234375,2009-01-27
"10621",9.984375,2009-01-28
"10622",12.154296875,2009-01-29
"10623",13.7041015625,2009-01-30
"10624",17.603515625,2009-01-31
"10625",17.828125,2009-02-01
"10626",16.267578125,2009-02-02
"10627",17.9384765625,2009-02-03
"10628",17.2880859375,2009-02-04
"10629",17.2880859375,2009-02-05
"10630",15.66796875,2009-02-06
"10631",10.7578125,2009-02-07
"10632",15.09765625,2009-02-08
"10633",9.408203125,2009-02-09
"10634",9.8681640625,2009-02-10
"10635",8.4580078125,2009-02-11
"10636",10.1376953125,2009-02-12
"10637",9.84765625,2009-02-13
"10638",11.998046875,2009-02-14
"10639",14.09765625,2009-02-15
"10640",14.908203125,2009-02-16
"10641",12.91796875,2009-02-17
"10642",11.16796875,2009-02-18
"10643",12.34765625,2009-02-19
"10644",12.9775390625,2009-02-20
"10645",12.408203125,2009-02-21
"10646",13.0478515625,2009-02-22
"10647",10.9677734375,2009-02-23
"10648",9.5576171875,2009-02-24
"10649",8.3583984375,2009-02-25
"10650",7.73828125,2009-02-26
"10651",9.748046875,2009-02-27
"10652",12.6982421875,2009-02-28
"10653",11.6650390625,2009-03-01
"10654",13.044921875,2009-03-02
"10655",20.6552734375,2009-03-03
"10656",10.7548828125,2009-03-04
"10657",14.46484375,2009-03-05
"10658",14.4248046875,2009-03-06
"10659",14.4052734375,2009-03-07
"10660",11.21484375,2009-03-08
"10661",11.85546875,2009-03-09
"10662",14.35546875,2009-03-10
"10663",16.2646484375,2009-03-11
"10664",15.6552734375,2009-03-12
"10665",13.884765625,2009-03-13
"10666",14.724609375,2009-03-14
"10667",11.4453125,2009-03-15
"10668",14.28515625,2009-03-16
"10669",11.6552734375,2009-03-17
"10670",11.46484375,2009-03-18
"10671",12.46484375,2009-03-19
"10672",13.294921875,2009-03-20
"10673",11.0654296875,2009-03-21
"10674",11.6748046875,2009-03-22
"10675",10.7353515625,2009-03-23
"10676",13.7353515625,2009-03-24
"10677",16.3251953125,2009-03-25
"10678",16.025390625,2009-03-26
"10679",10.9951171875,2009-03-27
"10680",10.375,2009-03-28
"10681",7.9150390625,2009-03-29
"10682",13.10546875,2009-03-30
"10683",11.365234375,2009-03-31
"10684",11.3564453125,2009-04-01
"10685",12.826171875,2009-04-02
"10686",11.3662109375,2009-04-03
"10687",10.40625,2009-04-04
"10688",14.56640625,2009-04-05
"10689",8.9755859375,2009-04-06
"10690",10.4462890625,2009-04-07
"10691",11.8662109375,2009-04-08
"10692",12.265625,2009-04-09
"10693",12.4462890625,2009-04-10
"10694",12.31640625,2009-04-11
"10695",11.076171875,2009-04-12
"10696",7.6064453125,2009-04-13
"10697",14.326171875,2009-04-14
"10698",9.005859375,2009-04-15
"10699",11.0556640625,2009-04-16
"10700",14.9755859375,2009-04-17
"10701",12.8759765625,2009-04-18
"10702",12.9462890625,2009-04-19
"10703",12.076171875,2009-04-20
"10704",9.935546875,2009-04-21
"10705",8.5859375,2009-04-22
"10706",8.99609375,2009-04-23
"10707",13.986328125,2009-04-24
"10708",15.1259765625,2009-04-25
"10709",8.56640625,2009-04-26
"10710",14.255859375,2009-04-27
"10711",11.3662109375,2009-04-28
"10712",10.49609375,2009-04-29
"10713",12.005859375,2009-04-30
"10714",13.216796875,2009-05-01
"10715",11.376953125,2009-05-02
"10716",11.0068359375,2009-05-03
"10717",12.287109375,2009-05-04
"10718",11.4873046875,2009-05-05
"10719",11.787109375,2009-05-06
"10720",12.4873046875,2009-05-07
"10721",12.45703125,2009-05-08
"10722",11.8369140625,2009-05-09
"10723",11.0771484375,2009-05-10
"10724",11.296875,2009-05-11
"10725",11.77734375,2009-05-12
"10726",12.88671875,2009-05-13
"10727",12.9873046875,2009-05-14
"10728",13.9970703125,2009-05-15
"10729",14.4873046875,2009-05-16
"10730",14.0673828125,2009-05-17
"10731",11.3974609375,2009-05-18
"10732",10.70703125,2009-05-19
"10733",12.2666015625,2009-05-20
"10734",12.95703125,2009-05-21
"10735",10.1572265625,2009-05-22
"10736",11.2265625,2009-05-23
"10737",14.1171875,2009-05-24
"10738",14.4765625,2009-05-25
"10739",11.6669921875,2009-05-26
"10740",11.4970703125,2009-05-27
"10741",9.857421875,2009-05-28
"10742",10.3466796875,2009-05-29
"10743",9.1474609375,2009-05-30
"10744",8.5869140625,2009-05-31
"10745",11.0927734375,2009-06-01
"10746",12.9228515625,2009-06-02
"10747",11.642578125,2009-06-03
"10748",11.8134765625,2009-06-04
"10749",10.6328125,2009-06-05
"10750",10.5927734375,2009-06-06
"10751",12.1630859375,2009-06-07
"10752",9.873046875,2009-06-08
"10753",10.72265625,2009-06-09
"10754",8.9130859375,2009-06-10
"10755",7.9130859375,2009-06-11
"10756",7.7529296875,2009-06-12
"10757",10.4130859375,2009-06-13
"10758",10.5126953125,2009-06-14
"10759",11.052734375,2009-06-15
"10760",11.4931640625,2009-06-16
"10761",11.052734375,2009-06-17
"10762",8.962890625,2009-06-18
"10763",9.54296875,2009-06-19
"10764",8.1533203125,2009-06-20
"10765",9.8232421875,2009-06-21
"10766",9.04296875,2009-06-22
"10767",7.873046875,2009-06-23
"10768",11.8427734375,2009-06-24
"10769",11.4833984375,2009-06-25
"10770",11.8134765625,2009-06-26
"10771",11.8525390625,2009-06-27
"10772",12.1728515625,2009-06-28
"10773",12.1826171875,2009-06-29
"10774",10.3427734375,2009-06-30
"10775",10.8427734375,2009-07-01
"10776",10.1728515625,2009-07-02
"10777",12.4833984375,2009-07-03
"10778",12.2626953125,2009-07-04
"10779",10.8525390625,2009-07-05
"10780",7.6728515625,2009-07-06
"10781",7.7431640625,2009-07-07
"10782",7.8525390625,2009-07-08
"10783",8.3828125,2009-07-09
"10784",11.1025390625,2009-07-10
"10785",11.873046875,2009-07-11
"10786",11.123046875,2009-07-12
"10787",10.0126953125,2009-07-13
"10788",10.0927734375,2009-07-14
"10789",10.212890625,2009-07-15
"10790",10.9033203125,2009-07-16
"10791",8.9228515625,2009-07-17
"10792",8.7529296875,2009-07-18
"10793",11.203125,2009-07-19
"10794",7.3427734375,2009-07-20
"10795",8.1533203125,2009-07-21
"10796",10.1728515625,2009-07-22
"10797",8.9931640625,2009-07-23
"10798",7.4931640625,2009-07-24
"10799",7.11328125,2009-07-25
"10800",9.443359375,2009-07-26
"10801",11.392578125,2009-07-27
"10802",12.052734375,2009-07-28
"10803",12.2529296875,2009-07-29
"10804",12.2734375,2009-07-30
"10805",12.0732421875,2009-07-31
"10806",11.6826171875,2009-08-01
"10807",9.6328125,2009-08-02
"10808",8.7529296875,2009-08-03
"10809",12.0234375,2009-08-04
"10810",11.8134765625,2009-08-05
"10811",8.0126953125,2009-08-06
"10812",8.453125,2009-08-07
"10813",7.6328125,2009-08-08
"10814",7.7626953125,2009-08-09
"10815",8.373046875,2009-08-10
"10816",11.5732421875,2009-08-11
"10817",11.9228515625,2009-08-12
"10818",11.203125,2009-08-13
"10819",11.11328125,2009-08-14
"10820",9.2431640625,2009-08-15
"10821",10.6826171875,2009-08-16
"10822",10.193359375,2009-08-17
"10823",11.892578125,2009-08-18
"10824",8.2734375,2009-08-19
"10825",12.5634765625,2009-08-20
"10826",10.8330078125,2009-08-21
"10827",11.123046875,2009-08-22
"10828",10.97265625,2009-08-23
"10829",10.373046875,2009-08-24
"10830",10.0830078125,2009-08-25
"10831",9.943359375,2009-08-26
"10832",10.9130859375,2009-08-27
"10833",10.72265625,2009-08-28
"10834",13.04296875,2009-08-29
"10835",9.142578125,2009-08-30
"10836",12.392578125,2009-08-31
"10837",12.103515625,2009-09-01
"10838",8.9443359375,2009-09-02
"10839",10.75390625,2009-09-03
"10840",9.9443359375,2009-09-04
"10841",9.25390625,2009-09-05
"10842",7.32421875,2009-09-06
"10843",11.82421875,2009-09-07
"10844",9.0439453125,2009-09-08
"10845",8.6640625,2009-09-09
"10846",8.734375,2009-09-10
"10847",5.353515625,2009-09-11
"10848",5.833984375,2009-09-12
"10849",9.7236328125,2009-09-13
"10850",8.494140625,2009-09-14
"10851",7.8935546875,2009-09-15
"10852",8.82421875,2009-09-16
"10853",13.673828125,2009-09-17
"10854",10.2041015625,2009-09-18
"10855",13.68359375,2009-09-19
"10856",10.9140625,2009-09-20
"10857",9.3935546875,2009-09-21
"10858",11.57421875,2009-09-22
"10859",11.353515625,2009-09-23
"10860",12.4736328125,2009-09-24
"10861",10.6943359375,2009-09-25
"10862",8.9541015625,2009-09-26
"10863",8.6435546875,2009-09-27
"10864",9.8935546875,2009-09-28
"10865",9.5439453125,2009-09-29
"10866",6.763671875,2009-09-30
"10867",10.61328125,2009-10-01
"10868",10.4228515625,2009-10-02
"10869",10.1630859375,2009-10-03
"10870",10.123046875,2009-10-04
"10871",11.0732421875,2009-10-05
"10872",9.6728515625,2009-10-06
"10873",7.8525390625,2009-10-07
"10874",8.3828125,2009-10-08
"10875",9.1025390625,2009-10-09
"10876",8.6826171875,2009-10-10
"10877",7.142578125,2009-10-11
"10878",9.9326171875,2009-10-12
"10879",10.5927734375,2009-10-13
"10880",11.4130859375,2009-10-14
"10881",9.72265625,2009-10-15
"10882",10.3828125,2009-10-16
"10883",9.7626953125,2009-10-17
"10884",9.2333984375,2009-10-18
"10885",10.0732421875,2009-10-19
"10886",7.1826171875,2009-10-20
"10887",10.552734375,2009-10-21
"10888",10.9130859375,2009-10-22
"10889",11.4833984375,2009-10-23
"10890",12.5634765625,2009-10-24
"10891",9.703125,2009-10-25
"10892",8.052734375,2009-10-26
"10893",10.552734375,2009-10-27
"10894",13.0234375,2009-10-28
"10895",14.9931640625,2009-10-29
"10896",14.7431640625,2009-10-30
"10897",15.712890625,2009-10-31
"10898",16.0322265625,2009-11-01
"10899",15.4921875,2009-11-02
"10900",11.8916015625,2009-11-03
"10901",9.931640625,2009-11-04
"10902",10.072265625,2009-11-05
"10903",9.8818359375,2009-11-06
"10904",9.6123046875,2009-11-07
"10905",10.431640625,2009-11-08
"10906",13.072265625,2009-11-09
"10907",12.072265625,2009-11-10
"10908",14.9423828125,2009-11-11
"10909",14.412109375,2009-11-12
"10910",14.2216796875,2009-11-13
"10911",11.2421875,2009-11-14
"10912",11.58203125,2009-11-15
"10913",15.8818359375,2009-11-16
"10914",12.6220703125,2009-11-17
"10915",12.322265625,2009-11-18
"10916",11.3017578125,2009-11-19
"10917",17.0517578125,2009-11-20
"10918",17.0517578125,2009-11-21
"10919",12.4716796875,2009-11-22
"10920",9.3720703125,2009-11-23
"10921",11.58203125,2009-11-24
"10922",14.15234375,2009-11-25
"10923",18.8818359375,2009-11-26
"10924",14.08203125,2009-11-27
"10925",12.591796875,2009-11-28
"10926",13.732421875,2009-11-29
"10927",12.6015625,2009-11-30
"10928",12.40234375,2009-12-01
"10929",8.7724609375,2009-12-02
"10930",13.5224609375,2009-12-03
"10931",9.6123046875,2009-12-04
"10932",11.5615234375,2009-12-05
"10933",12.4423828125,2009-12-06
"10934",13.8720703125,2009-12-07
"10935",13.0322265625,2009-12-08
"10936",10.8515625,2009-12-09
"10937",12.841796875,2009-12-10
"10938",9.4423828125,2009-12-11
"10939",11.6923828125,2009-12-12
"10940",11.982421875,2009-12-13
"10941",13.7919921875,2009-12-14
"10942",9.732421875,2009-12-15
"10943",8.40234375,2009-12-16
"10944",19.2421875,2009-12-17
"10945",10.15234375,2009-12-18
"10946",12.9619140625,2009-12-19
"10947",10.681640625,2009-12-20
"10948",11.751953125,2009-12-21
"10949",10.5517578125,2009-12-22
"10950",7.732421875,2009-12-23
"10951",19.162109375,2009-12-24
"10952",10.26171875,2009-12-25
"10953",11.171875,2009-12-26
"10954",13.83203125,2009-12-27
"10955",12.08203125,2009-12-28
"10956",13.982421875,2009-12-29
"10957",13.431640625,2009-12-30
"10958",16.6923828125,2009-12-31
"10959",14.6240234375,2010-01-01
"10960",10.1640625,2010-01-02
"10961",9.7041015625,2010-01-03
"10962",11.7041015625,2010-01-04
"10963",13.09375,2010-01-05
"10964",12.2041015625,2010-01-06
"10965",10.234375,2010-01-07
"10966",8.07421875,2010-01-08
"10967",9.2841796875,2010-01-09
"10968",12.3642578125,2010-01-10
"10969",13.6640625,2010-01-11
"10970",21.6142578125,2010-01-12
"10971",11.32421875,2010-01-13
"10972",10.84375,2010-01-14
"10973",12.2939453125,2010-01-15
"10974",14.7041015625,2010-01-16
"10975",12.994140625,2010-01-17
"10976",9.9443359375,2010-01-18
"10977",10.7138671875,2010-01-19
"10978",11.4638671875,2010-01-20
"10979",13.814453125,2010-01-21
"10980",6.984375,2010-01-22
"10981",13.314453125,2010-01-23
"10982",13.083984375,2010-01-24
"10983",12.2939453125,2010-01-25
"10984",13.07421875,2010-01-26
"10985",14.734375,2010-01-27
"10986",11.9140625,2010-01-28
"10987",11.603515625,2010-01-29
"10988",12.0244140625,2010-01-30
"10989",13.7041015625,2010-01-31
"10990",11.1083984375,2010-02-01
"10991",15.8076171875,2010-02-02
"10992",16.8876953125,2010-02-03
"10993",20.84765625,2010-02-04
"10994",10.6279296875,2010-02-05
"10995",11.1982421875,2010-02-06
"10996",11.328125,2010-02-07
"10997",16.568359375,2010-02-08
"10998",17.068359375,2010-02-09
"10999",17.1982421875,2010-02-10
"11000",19.4775390625,2010-02-11
"11001",16.3583984375,2010-02-12
"11002",16.0283203125,2010-02-13
"11003",14.1083984375,2010-02-14
"11004",15.908203125,2010-02-15
"11005",16.91796875,2010-02-16
"11006",14.087890625,2010-02-17
"11007",13.6884765625,2010-02-18
"11008",13.828125,2010-02-19
"11009",11.677734375,2010-02-20
"11010",17.578125,2010-02-21
"11011",14.7978515625,2010-02-22
"11012",9.23828125,2010-02-23
"11013",12.4580078125,2010-02-24
"11014",10.7783203125,2010-02-25
"11015",12.3984375,2010-02-26
"11016",14.908203125,2010-02-27
"11017",10.4775390625,2010-02-28
"11018",9.28515625,2010-03-01
"11019",10.4052734375,2010-03-02
"11020",11.89453125,2010-03-03
"11021",11.28515625,2010-03-04
"11022",16.634765625,2010-03-05
"11023",12.025390625,2010-03-06
"11024",12.705078125,2010-03-07
"11025",15.1650390625,2010-03-08
"11026",14.1748046875,2010-03-09
"11027",10.35546875,2010-03-10
"11028",10.7646484375,2010-03-11
"11029",11.9453125,2010-03-12
"11030",12.0751953125,2010-03-13
"11031",11.4052734375,2010-03-14
"11032",12.7548828125,2010-03-15
"11033",12.3447265625,2010-03-16
"11034",12.384765625,2010-03-17
"11035",13.865234375,2010-03-18
"11036",20.4052734375,2010-03-19
"11037",15.2646484375,2010-03-20
"11038",15.03515625,2010-03-21
"11039",11.9453125,2010-03-22
"11040",11.794921875,2010-03-23
"11041",13.4052734375,2010-03-24
"11042",10.4052734375,2010-03-25
"11043",9.46484375,2010-03-26
"11044",15.375,2010-03-27
"11045",17.0947265625,2010-03-28
"11046",17.14453125,2010-03-29
"11047",13.4345703125,2010-03-30
"11048",12.14453125,2010-03-31
"11049",12.3857421875,2010-04-01
"11050",12.3056640625,2010-04-02
"11051",10.3056640625,2010-04-03
"11052",10.8359375,2010-04-04
"11053",9.9462890625,2010-04-05
"11054",18.7861328125,2010-04-06
"11055",17.396484375,2010-04-07
"11056",15.9755859375,2010-04-08
"11057",17.90625,2010-04-09
"11058",16.15625,2010-04-10
"11059",11.2763671875,2010-04-11
"11060",9.6962890625,2010-04-12
"11061",9.8759765625,2010-04-13
"11062",11.015625,2010-04-14
"11063",12.0263671875,2010-04-15
"11064",11.255859375,2010-04-16
"11065",9.505859375,2010-04-17
"11066",14.6962890625,2010-04-18
"11067",16.736328125,2010-04-19
"11068",16.326171875,2010-04-20
"11069",17.06640625,2010-04-21
"11070",16.166015625,2010-04-22
"11071",16.015625,2010-04-23
"11072",14.56640625,2010-04-24
"11073",13.396484375,2010-04-25
"11074",11.1162109375,2010-04-26
"11075",13.6962890625,2010-04-27
"11076",11.5859375,2010-04-28
"11077",13.4462890625,2010-04-29
"11078",11.92578125,2010-04-30
"11079",12.787109375,2010-05-01
"11080",12.556640625,2010-05-02
"11081",11.107421875,2010-05-03
"11082",13.9169921875,2010-05-04
"11083",10.5771484375,2010-05-05
"11084",13.6474609375,2010-05-06
"11085",13.537109375,2010-05-07
"11086",15.63671875,2010-05-08
"11087",13.1474609375,2010-05-09
"11088",9.2568359375,2010-05-10
"11089",8.38671875,2010-05-11
"11090",8.8173828125,2010-05-12
"11091",8.626953125,2010-05-13
"11092",7.197265625,2010-05-14
"11093",6.8271484375,2010-05-15
"11094",6.9765625,2010-05-16
"11095",9.9970703125,2010-05-17
"11096",10.6572265625,2010-05-18
"11097",10.3173828125,2010-05-19
"11098",9.6171875,2010-05-20
"11099",10.796875,2010-05-21
"11100",9.9072265625,2010-05-22
"11101",7.8173828125,2010-05-23
"11102",13.13671875,2010-05-24
"11103",14.3671875,2010-05-25
"11104",14.0166015625,2010-05-26
"11105",12.546875,2010-05-27
"11106",10.466796875,2010-05-28
"11107",10.95703125,2010-05-29
"11108",14.1865234375,2010-05-30
"11109",12.447265625,2010-05-31
"11110",12.6728515625,2010-06-01
"11111",11.0029296875,2010-06-02
"11112",10.4228515625,2010-06-03
"11113",10.1826171875,2010-06-04
"11114",12.783203125,2010-06-05
"11115",9.72265625,2010-06-06
"11116",9.392578125,2010-06-07
"11117",9.5830078125,2010-06-08
"11118",10.623046875,2010-06-09
"11119",11.052734375,2010-06-10
"11120",11.302734375,2010-06-11
"11121",10.6826171875,2010-06-12
"11122",7.943359375,2010-06-13
"11123",7.0126953125,2010-06-14
"11124",6.953125,2010-06-15
"11125",8.2333984375,2010-06-16
"11126",10.642578125,2010-06-17
"11127",11.962890625,2010-06-18
"11128",13.9931640625,2010-06-19
"11129",13.7431640625,2010-06-20
"11130",11.1533203125,2010-06-21
"11131",11.3134765625,2010-06-22
"11132",8.8330078125,2010-06-23
"11133",10.29296875,2010-06-24
"11134",11.712890625,2010-06-25
"11135",9.052734375,2010-06-26
"11136",8.04296875,2010-06-27
"11137",8.22265625,2010-06-28
"11138",9.8232421875,2010-06-29
"11139",9.9931640625,2010-06-30
"11140",9.22265625,2010-07-01
"11141",8.5634765625,2010-07-02
"11142",9.5126953125,2010-07-03
"11143",8.453125,2010-07-04
"11144",7.7333984375,2010-07-05
"11145",9.22265625,2010-07-06
"11146",10.4130859375,2010-07-07
"11147",9.533203125,2010-07-08
"11148",7.962890625,2010-07-09
"11149",11.36328125,2010-07-10
"11150",11.1728515625,2010-07-11
"11151",9.3525390625,2010-07-12
"11152",10.4931640625,2010-07-13
"11153",11.2333984375,2010-07-14
"11154",11.193359375,2010-07-15
"11155",10.7626953125,2010-07-16
"11156",9.04296875,2010-07-17
"11157",10.2529296875,2010-07-18
"11158",10.1826171875,2010-07-19
"11159",10.783203125,2010-07-20
"11160",9.72265625,2010-07-21
"11161",10.3232421875,2010-07-22
"11162",10.1826171875,2010-07-23
"11163",9.6328125,2010-07-24
"11164",8.953125,2010-07-25
"11165",9.11328125,2010-07-26
"11166",8.2431640625,2010-07-27
"11167",8.6826171875,2010-07-28
"11168",12.283203125,2010-07-29
"11169",10.8134765625,2010-07-30
"11170",10.953125,2010-07-31
"11171",8.3232421875,2010-08-01
"11172",9.0634765625,2010-08-02
"11173",8.9931640625,2010-08-03
"11174",10.2529296875,2010-08-04
"11175",8.3427734375,2010-08-05
"11176",9.3427734375,2010-08-06
"11177",7.712890625,2010-08-07
"11178",7.6826171875,2010-08-08
"11179",9.86328125,2010-08-09
"11180",8.54296875,2010-08-10
"11181",9.9228515625,2010-08-11
"11182",10.36328125,2010-08-12
"11183",7.97265625,2010-08-13
"11184",10.943359375,2010-08-14
"11185",8.8232421875,2010-08-15
"11186",9.0126953125,2010-08-16
"11187",7.0732421875,2010-08-17
"11188",11.033203125,2010-08-18
"11189",8.943359375,2010-08-19
"11190",9.04296875,2010-08-20
"11191",10.3330078125,2010-08-21
"11192",7.6328125,2010-08-22
"11193",11.533203125,2010-08-23
"11194",10.04296875,2010-08-24
"11195",9.8134765625,2010-08-25
"11196",10.3427734375,2010-08-26
"11197",11.3232421875,2010-08-27
"11198",10.802734375,2010-08-28
"11199",9.703125,2010-08-29
"11200",9.22265625,2010-08-30
"11201",7.6630859375,2010-08-31
"11202",12.4736328125,2010-09-01
"11203",9.923828125,2010-09-02
"11204",8.6640625,2010-09-03
"11205",12.9140625,2010-09-04
"11206",10.673828125,2010-09-05
"11207",9.7939453125,2010-09-06
"11208",8.244140625,2010-09-07
"11209",9.93359375,2010-09-08
"11210",13.904296875,2010-09-09
"11211",11.1240234375,2010-09-10
"11212",9.853515625,2010-09-11
"11213",9.484375,2010-09-12
"11214",13.013671875,2010-09-13
"11215",10.673828125,2010-09-14
"11216",10.1435546875,2010-09-15
"11217",9.3935546875,2010-09-16
"11218",7.6240234375,2010-09-17
"11219",8.083984375,2010-09-18
"11220",11.0439453125,2010-09-19
"11221",9.7939453125,2010-09-20
"11222",11.5244140625,2010-09-21
"11223",10.103515625,2010-09-22
"11224",9.6142578125,2010-09-23
"11225",8.82421875,2010-09-24
"11226",12.1240234375,2010-09-25
"11227",9.9443359375,2010-09-26
"11228",12.4638671875,2010-09-27
"11229",8.1435546875,2010-09-28
"11230",7.5341796875,2010-09-29
"11231",7.4541015625,2010-09-30
"11232",7.7626953125,2010-10-01
"11233",7.8828125,2010-10-02
"11234",10.052734375,2010-10-03
"11235",13.6533203125,2010-10-04
"11236",12.302734375,2010-10-05
"11237",12.29296875,2010-10-06
"11238",7.0634765625,2010-10-07
"11239",10.533203125,2010-10-08
"11240",10.4228515625,2010-10-09
"11241",10.4326171875,2010-10-10
"11242",11.2734375,2010-10-11
"11243",13.86328125,2010-10-12
"11244",12.11328125,2010-10-13
"11245",11.86328125,2010-10-14
"11246",9.3427734375,2010-10-15
"11247",9.0029296875,2010-10-16
"11248",10.1630859375,2010-10-17
"11249",10.142578125,2010-10-18
"11250",10.8828125,2010-10-19
"11251",11.04296875,2010-10-20
"11252",10.6826171875,2010-10-21
"11253",9.873046875,2010-10-22
"11254",10.22265625,2010-10-23
"11255",9.5830078125,2010-10-24
"11256",8.8330078125,2010-10-25
"11257",11.5029296875,2010-10-26
"11258",11.552734375,2010-10-27
"11259",9.1328125,2010-10-28
"11260",10.8525390625,2010-10-29
"11261",12.693359375,2010-10-30
"11262",8.5927734375,2010-10-31
"11263",8.822265625,2010-11-01
"11264",12.1123046875,2010-11-02
"11265",9.4619140625,2010-11-03
"11266",7.90234375,2010-11-04
"11267",8.841796875,2010-11-05
"11268",8.8916015625,2010-11-06
"11269",14.5224609375,2010-11-07
"11270",12.4619140625,2010-11-08
"11271",11.232421875,2010-11-09
"11272",11.4716796875,2010-11-10
"11273",14.3017578125,2010-11-11
"11274",16.0224609375,2010-11-12
"11275",13.2822265625,2010-11-13
"11276",12.7021484375,2010-11-14
"11277",11.091796875,2010-11-15
"11278",10.1416015625,2010-11-16
"11279",9.2724609375,2010-11-17
"11280",13.751953125,2010-11-18
"11281",8.162109375,2010-11-19
"11282",11.2021484375,2010-11-20
"11283",13.431640625,2010-11-21
"11284",11.3720703125,2010-11-22
"11285",13.6923828125,2010-11-23
"11286",17.33203125,2010-11-24
"11287",17.40234375,2010-11-25
"11288",14.751953125,2010-11-26
"11289",14.7822265625,2010-11-27
"11290",10.1015625,2010-11-28
"11291",10.001953125,2010-11-29
"11292",12.7119140625,2010-11-30
"11293",16.822265625,2010-12-01
"11294",16.5419921875,2010-12-02
"11295",16.7119140625,2010-12-03
"11296",12.65234375,2010-12-04
"11297",16.841796875,2010-12-05
"11298",18.8818359375,2010-12-06
"11299",22.0517578125,2010-12-07
"11300",16.7822265625,2010-12-08
"11301",15.662109375,2010-12-09
"11302",9.671875,2010-12-10
"11303",13.4521484375,2010-12-11
"11304",10.6220703125,2010-12-12
"11305",11.232421875,2010-12-13
"11306",11.841796875,2010-12-14
"11307",11.1123046875,2010-12-15
"11308",9.40234375,2010-12-16
"11309",13.6416015625,2010-12-17
"11310",10.9423828125,2010-12-18
"11311",10.4921875,2010-12-19
"11312",11.9619140625,2010-12-20
"11313",9.9921875,2010-12-21
"11314",10.4521484375,2010-12-22
"11315",11.3818359375,2010-12-23
"11316",11.921875,2010-12-24
"11317",12.732421875,2010-12-25
"11318",13.2822265625,2010-12-26
"11319",9.1015625,2010-12-27
"11320",8.90234375,2010-12-28
"11321",11.162109375,2010-12-29
"11322",12.76171875,2010-12-30
"11323",9.9716796875,2010-12-31
"11324",15.3642578125,2011-01-01
"11325",11.904296875,2011-01-02
"11326",9.984375,2011-01-03
"11327",10.904296875,2011-01-04
"11328",12.6142578125,2011-01-05
"11329",11.404296875,2011-01-06
"11330",12.4140625,2011-01-07
"11331",20.2744140625,2011-01-08
"11332",13.814453125,2011-01-09
"11333",16.6337890625,2011-01-10
"11334",19.103515625,2011-01-11
"11335",19.2744140625,2011-01-12
"11336",19.8935546875,2011-01-13
"11337",17.994140625,2011-01-14
"11338",15.984375,2011-01-15
"11339",17.07421875,2011-01-16
"11340",12.1240234375,2011-01-17
"11341",11.3935546875,2011-01-18
"11342",11.994140625,2011-01-19
"11343",12.7939453125,2011-01-20
"11344",16.763671875,2011-01-21
"11345",12.8740234375,2011-01-22
"11346",13.994140625,2011-01-23
"11347",15.484375,2011-01-24
"11348",14.34375,2011-01-25
"11349",14.25390625,2011-01-26
"11350",14.75390625,2011-01-27
"11351",13.984375,2011-01-28
"11352",11.3037109375,2011-01-29
"11353",9.3740234375,2011-01-30
"11354",13.734375,2011-01-31
"11355",15.4677734375,2011-02-01
"11356",16.328125,2011-02-02
"11357",16.087890625,2011-02-03
"11358",21.748046875,2011-02-04
"11359",16.6884765625,2011-02-05
"11360",8.6083984375,2011-02-06
"11361",8.3984375,2011-02-07
"11362",12.4482421875,2011-02-08
"11363",12.1884765625,2011-02-09
"11364",15.578125,2011-02-10
"11365",22.318359375,2011-02-11
"11366",13.427734375,2011-02-12
"11367",11.0380859375,2011-02-13
"11368",13.3984375,2011-02-14
"11369",16.068359375,2011-02-15
"11370",18.1181640625,2011-02-16
"11371",18.6181640625,2011-02-17
"11372",20.568359375,2011-02-18
"11373",17.8076171875,2011-02-19
"11374",16.517578125,2011-02-20
"11375",10.2978515625,2011-02-21
"11376",11.1884765625,2011-02-22
"11377",13.6083984375,2011-02-23
"11378",15.248046875,2011-02-24
"11379",16.578125,2011-02-25
"11380",15.568359375,2011-02-26
"11381",18.16796875,2011-02-27
"11382",16.6982421875,2011-02-28
"11383",12.2548828125,2011-03-01
"11384",8.294921875,2011-03-02
"11385",11.4052734375,2011-03-03
"11386",10.884765625,2011-03-04
"11387",10.705078125,2011-03-05
"11388",9.375,2011-03-06
"11389",15.7353515625,2011-03-07
"11390",24.46484375,2011-03-08
"11391",15.8349609375,2011-03-09
"11392",12.365234375,2011-03-10
"11393",14.3046875,2011-03-11
"11394",18.3154296875,2011-03-12
"11395",17.9951171875,2011-03-13
"11396",12.8046875,2011-03-14
"11397",17.4951171875,2011-03-15
"11398",11.705078125,2011-03-16
"11399",11.6845703125,2011-03-17
"11400",11.6650390625,2011-03-18
"11401",11.4345703125,2011-03-19
"11402",14.705078125,2011-03-20
"11403",17.5546875,2011-03-21
"11404",16.125,2011-03-22
"11405",14.35546875,2011-03-23
"11406",13.705078125,2011-03-24
"11407",13.9853515625,2011-03-25
"11408",10.955078125,2011-03-26
"11409",12.4345703125,2011-03-27
"11410",14.0048828125,2011-03-28
"11411",15.3447265625,2011-03-29
"11412",12.89453125,2011-03-30
"11413",10.115234375,2011-03-31
"11414",11.99609375,2011-04-01
"11415",10.3359375,2011-04-02
"11416",10.2060546875,2011-04-03
"11417",11.3759765625,2011-04-04
"11418",11.81640625,2011-04-05
"11419",12.0458984375,2011-04-06
"11420",12.99609375,2011-04-07
"11421",11.24609375,2011-04-08
"11422",15.17578125,2011-04-09
"11423",10.6259765625,2011-04-10
"11424",12.0556640625,2011-04-11
"11425",12.826171875,2011-04-12
"11426",12.146484375,2011-04-13
"11427",12.0556640625,2011-04-14
"11428",13.0263671875,2011-04-15
"11429",12.7861328125,2011-04-16
"11430",12.255859375,2011-04-17
"11431",9.986328125,2011-04-18
"11432",13.6357421875,2011-04-19
"11433",15.486328125,2011-04-20
"11434",12.92578125,2011-04-21
"11435",13.345703125,2011-04-22
"11436",12.326171875,2011-04-23
"11437",11.416015625,2011-04-24
"11438",10.8564453125,2011-04-25
"11439",11.5361328125,2011-04-26
"11440",13.6962890625,2011-04-27
"11441",10.8759765625,2011-04-28
"11442",10.7158203125,2011-04-29
"11443",13.5361328125,2011-04-30
"11444",15.306640625,2011-05-01
"11445",12.6572265625,2011-05-02
"11446",12.6572265625,2011-05-03
"11447",11.966796875,2011-05-04
"11448",12.20703125,2011-05-05
"11449",9.3466796875,2011-05-06
"11450",10.056640625,2011-05-07
"11451",10.9365234375,2011-05-08
"11452",8.6572265625,2011-05-09
"11453",8.8271484375,2011-05-10
"11454",11.2373046875,2011-05-11
"11455",14.0869140625,2011-05-12
"11456",13.3671875,2011-05-13
"11457",9.0771484375,2011-05-14
"11458",9.20703125,2011-05-15
"11459",8.537109375,2011-05-16
"11460",7.787109375,2011-05-17
"11461",7.02734375,2011-05-18
"11462",7.1865234375,2011-05-19
"11463",7.4365234375,2011-05-20
"11464",9.9365234375,2011-05-21
"11465",12.3974609375,2011-05-22
"11466",11.3173828125,2011-05-23
"11467",9.6171875,2011-05-24
"11468",10.45703125,2011-05-25
"11469",10.4765625,2011-05-26
"11470",11.7373046875,2011-05-27
"11471",11.0771484375,2011-05-28
"11472",11.9365234375,2011-05-29
"11473",10.52734375,2011-05-30
"11474",9.3466796875,2011-05-31
"11475",9.0732421875,2011-06-01
"11476",10.22265625,2011-06-02
"11477",11.2431640625,2011-06-03
"11478",11.7626953125,2011-06-04
"11479",10.712890625,2011-06-05
"11480",9.892578125,2011-06-06
"11481",10.953125,2011-06-07
"11482",9.2626953125,2011-06-08
"11483",10.5732421875,2011-06-09
"11484",10.54296875,2011-06-10
"11485",8.0732421875,2011-06-11
"11486",10.5830078125,2011-06-12
"11487",8.6630859375,2011-06-13
"11488",8.86328125,2011-06-14
"11489",8.8828125,2011-06-15
"11490",7.54296875,2011-06-16
"11491",9.783203125,2011-06-17
"11492",12.54296875,2011-06-18
"11493",11.693359375,2011-06-19
"11494",12.052734375,2011-06-20
"11495",8.54296875,2011-06-21
"11496",11.703125,2011-06-22
"11497",13.712890625,2011-06-23
"11498",10.9228515625,2011-06-24
"11499",8.72265625,2011-06-25
"11500",8.5126953125,2011-06-26
"11501",10.1728515625,2011-06-27
"11502",9.0634765625,2011-06-28
"11503",8.4228515625,2011-06-29
"11504",11.033203125,2011-06-30
"11505",9.9326171875,2011-07-01
"11506",12.5234375,2011-07-02
"11507",11.29296875,2011-07-03
"11508",10.1826171875,2011-07-04
"11509",9.693359375,2011-07-05
"11510",10.8232421875,2011-07-06
"11511",9.283203125,2011-07-07
"11512",9.453125,2011-07-08
"11513",10.5732421875,2011-07-09
"11514",8.9033203125,2011-07-10
"11515",9.052734375,2011-07-11
"11516",8.392578125,2011-07-12
"11517",9.7626953125,2011-07-13
"11518",8.4931640625,2011-07-14
"11519",8.8232421875,2011-07-15
"11520",7.212890625,2011-07-16
"11521",10.1630859375,2011-07-17
"11522",9.8134765625,2011-07-18
"11523",9.953125,2011-07-19
"11524",8.9033203125,2011-07-20
"11525",8.5126953125,2011-07-21
"11526",6.97265625,2011-07-22
"11527",7.72265625,2011-07-23
"11528",12.4326171875,2011-07-24
"11529",11.552734375,2011-07-25
"11530",10.4228515625,2011-07-26
"11531",8.6328125,2011-07-27
"11532",8.802734375,2011-07-28
"11533",7.6630859375,2011-07-29
"11534",12.703125,2011-07-30
"11535",9.203125,2011-07-31
"11536",8.5126953125,2011-08-01
"11537",11.4931640625,2011-08-02
"11538",10.873046875,2011-08-03
"11539",12.3427734375,2011-08-04
"11540",10.703125,2011-08-05
"11541",9.962890625,2011-08-06
"11542",11.3134765625,2011-08-07
"11543",11.54296875,2011-08-08
"11544",11.2734375,2011-08-09
"11545",10.943359375,2011-08-10
"11546",11.61328125,2011-08-11
"11547",10.5234375,2011-08-12
"11548",10.5126953125,2011-08-13
"11549",11.1728515625,2011-08-14
"11550",10.79296875,2011-08-15
"11551",12.8828125,2011-08-16
"11552",10.04296875,2011-08-17
"11553",11.36328125,2011-08-18
"11554",11.5732421875,2011-08-19
"11555",12.6826171875,2011-08-20
"11556",12.4033203125,2011-08-21
"11557",8.7431640625,2011-08-22
"11558",8.9228515625,2011-08-23
"11559",8.7626953125,2011-08-24
"11560",12.36328125,2011-08-25
"11561",10.203125,2011-08-26
"11562",10.47265625,2011-08-27
"11563",9.7529296875,2011-08-28
"11564",10.1025390625,2011-08-29
"11565",9.3134765625,2011-08-30
"11566",8.943359375,2011-08-31
"11567",8.994140625,2011-09-01
"11568",8.43359375,2011-09-02
"11569",6.4140625,2011-09-03
"11570",11.0537109375,2011-09-04
"11571",10.1240234375,2011-09-05
"11572",7.6240234375,2011-09-06
"11573",9.6640625,2011-09-07
"11574",9.1142578125,2011-09-08
"11575",9.0537109375,2011-09-09
"11576",9.0537109375,2011-09-10
"11577",10.93359375,2011-09-11
"11578",8.564453125,2011-09-12
"11579",9.8037109375,2011-09-13
"11580",11.103515625,2011-09-14
"11581",9.994140625,2011-09-15
"11582",11.57421875,2011-09-16
"11583",4.8642578125,2011-09-17
"11584",12.6337890625,2011-09-18
"11585",5.9541015625,2011-09-19
"11586",9.4541015625,2011-09-20
"11587",12.583984375,2011-09-21
"11588",8.2744140625,2011-09-22
"11589",7.32421875,2011-09-23
"11590",7.923828125,2011-09-24
"11591",6.9736328125,2011-09-25
"11592",6.4638671875,2011-09-26
"11593",6.82421875,2011-09-27
"11594",13.083984375,2011-09-28
"11595",10.1640625,2011-09-29
"11596",10.8740234375,2011-09-30
"11597",8.9228515625,2011-10-01
"11598",8.54296875,2011-10-02
"11599",8.892578125,2011-10-03
"11600",8.2734375,2011-10-04
"11601",14.0029296875,2011-10-05
"11602",15.123046875,2011-10-06
"11603",13.642578125,2011-10-07
"11604",12.712890625,2011-10-08
"11605",13.29296875,2011-10-09
"11606",8.552734375,2011-10-10
"11607",11.3427734375,2011-10-11
"11608",9.462890625,2011-10-12
"11609",9.72265625,2011-10-13
"11610",10.72265625,2011-10-14
"11611",13.462890625,2011-10-15
"11612",9.712890625,2011-10-16
"11613",9.033203125,2011-10-17
"11614",6.3232421875,2011-10-18
"11615",10.7626953125,2011-10-19
"11616",14.1630859375,2011-10-20
"11617",14.2529296875,2011-10-21
"11618",16.3134765625,2011-10-22
"11619",16.873046875,2011-10-23
"11620",16.3330078125,2011-10-24
"11621",7.5830078125,2011-10-25
"11622",8.8427734375,2011-10-26
"11623",10.462890625,2011-10-27
"11624",15.373046875,2011-10-28
"11625",12.5234375,2011-10-29
"11626",8.283203125,2011-10-30
"11627",8.5126953125,2011-10-31
"11628",9.7216796875,2011-11-01
"11629",11.001953125,2011-11-02
"11630",13.1123046875,2011-11-03
"11631",12.08203125,2011-11-04
"11632",10.2724609375,2011-11-05
"11633",15.841796875,2011-11-06
"11634",14.1123046875,2011-11-07
"11635",19.5322265625,2011-11-08
"11636",15.421875,2011-11-09
"11637",11.1416015625,2011-11-10
"11638",11.0322265625,2011-11-11
"11639",9.001953125,2011-11-12
"11640",11.58203125,2011-11-13
"11641",14.0517578125,2011-11-14
"11642",13.162109375,2011-11-15
"11643",10.01171875,2011-11-16
"11644",13.33203125,2011-11-17
"11645",11.51171875,2011-11-18
"11646",16.2021484375,2011-11-19
"11647",11.0224609375,2011-11-20
"11648",10.6015625,2011-11-21
"11649",12.921875,2011-11-22
"11650",10.9619140625,2011-11-23
"11651",9.26171875,2011-11-24
"11652",15.591796875,2011-11-25
"11653",15.40234375,2011-11-26
"11654",12.9423828125,2011-11-27
"11655",13.6220703125,2011-11-28
"11656",14.7216796875,2011-11-29
"11657",8.322265625,2011-11-30
"11658",9.9619140625,2011-12-01
"11659",8.5322265625,2011-12-02
"11660",11.7822265625,2011-12-03
"11661",8.1220703125,2011-12-04
"11662",8.091796875,2011-12-05
"11663",7.8017578125,2011-12-06
"11664",10.3916015625,2011-12-07
"11665",12.4921875,2011-12-08
"11666",18.1015625,2011-12-09
"11667",18.8515625,2011-12-10
"11668",10.83203125,2011-12-11
"11669",10.3017578125,2011-12-12
"11670",10.33203125,2011-12-13
"11671",8.4619140625,2011-12-14
"11672",10.3515625,2011-12-15
"11673",12.501953125,2011-12-16
"11674",16.83203125,2011-12-17
"11675",17.2724609375,2011-12-18
"11676",14.5419921875,2011-12-19
"11677",13.232421875,2011-12-20
"11678",13.4423828125,2011-12-21
"11679",13.33203125,2011-12-22
"11680",11.76171875,2011-12-23
"11681",15.0517578125,2011-12-24
"11682",17.7119140625,2011-12-25
"11683",11.931640625,2011-12-26
"11684",13.3916015625,2011-12-27
"11685",12.912109375,2011-12-28
"11686",12.26171875,2011-12-29
"11687",13.2421875,2011-12-30
"11688",10.732421875,2011-12-31
"11689",12.2841796875,2012-01-01
"11690",9.34375,2012-01-02
"11691",16.6640625,2012-01-03
"11692",12.8740234375,2012-01-04
"11693",10.84375,2012-01-05
"11694",9.173828125,2012-01-06
"11695",9.8642578125,2012-01-07
"11696",15.734375,2012-01-08
"11697",10.404296875,2012-01-09
"11698",13.353515625,2012-01-10
"11699",10.7236328125,2012-01-11
"11700",10.2138671875,2012-01-12
"11701",13.2744140625,2012-01-13
"11702",11.18359375,2012-01-14
"11703",11.353515625,2012-01-15
"11704",11.3740234375,2012-01-16
"11705",11.6640625,2012-01-17
"11706",16.423828125,2012-01-18
"11707",9.923828125,2012-01-19
"11708",14.814453125,2012-01-20
"11709",13.18359375,2012-01-21
"11710",16.7236328125,2012-01-22
"11711",14.583984375,2012-01-23
"11712",14.7041015625,2012-01-24
"11713",17.0244140625,2012-01-25
"11714",12.6435546875,2012-01-26
"11715",13.9541015625,2012-01-27
"11716",19.6943359375,2012-01-28
"11717",21.93359375,2012-01-29
"11718",16.93359375,2012-01-30
"11719",9.7236328125,2012-01-31
"11720",9.7578125,2012-02-01
"11721",12.91796875,2012-02-02
"11722",14.0078125,2012-02-03
"11723",13.818359375,2012-02-04
"11724",14.7783203125,2012-02-05
"11725",10.677734375,2012-02-06
"11726",12.6884765625,2012-02-07
"11727",10.998046875,2012-02-08
"11728",10.6484375,2012-02-09
"11729",12.2880859375,2012-02-10
"11730",14.73828125,2012-02-11
"11731",12.5283203125,2012-02-12
"11732",13.7578125,2012-02-13
"11733",10.8681640625,2012-02-14
"11734",14.7080078125,2012-02-15
"11735",15.7177734375,2012-02-16
"11736",14.2578125,2012-02-17
"11737",15.2880859375,2012-02-18
"11738",14.91796875,2012-02-19
"11739",16.2578125,2012-02-20
"11740",14.6376953125,2012-02-21
"11741",14.8583984375,2012-02-22
"11742",14.0478515625,2012-02-23
"11743",9.9580078125,2012-02-24
"11744",13.1083984375,2012-02-25
"11745",13.0380859375,2012-02-26
"11746",19.0478515625,2012-02-27
"11747",14.087890625,2012-02-28
"11748",15.587890625,2012-02-29
"11749",16.5546875,2012-03-01
"11750",13.0048828125,2012-03-02
"11751",17.0849609375,2012-03-03
"11752",14.64453125,2012-03-04
"11753",14.8447265625,2012-03-05
"11754",11.5654296875,2012-03-06
"11755",12.14453125,2012-03-07
"11756",10.9248046875,2012-03-08
"11757",11.5048828125,2012-03-09
"11758",13.634765625,2012-03-10
"11759",11.625,2012-03-11
"11760",11.4150390625,2012-03-12
"11761",11.474609375,2012-03-13
"11762",10.2646484375,2012-03-14
"11763",15.1650390625,2012-03-15
"11764",15.375,2012-03-16
"11765",13.9052734375,2012-03-17
"11766",12.5546875,2012-03-18
"11767",14.634765625,2012-03-19
"11768",13.89453125,2012-03-20
"11769",9.865234375,2012-03-21
"11770",10.134765625,2012-03-22
"11771",11.4052734375,2012-03-23
"11772",14.7548828125,2012-03-24
"11773",14.46484375,2012-03-25
"11774",11.9150390625,2012-03-26
"11775",12.4248046875,2012-03-27
"11776",13.205078125,2012-03-28
"11777",13.6650390625,2012-03-29
"11778",15.4951171875,2012-03-30
"11779",14.2353515625,2012-03-31
"11780",12.8359375,2012-04-01
"11781",11.2861328125,2012-04-02
"11782",17.6259765625,2012-04-03
"11783",16.015625,2012-04-04
"11784",14.076171875,2012-04-05
"11785",14.9755859375,2012-04-06
"11786",8.486328125,2012-04-07
"11787",10.5556640625,2012-04-08
"11788",10.3857421875,2012-04-09
"11789",7.65625,2012-04-10
"11790",8.345703125,2012-04-11
"11791",8.7958984375,2012-04-12
"11792",7.765625,2012-04-13
"11793",8.3359375,2012-04-14
"11794",8.5458984375,2012-04-15
"11795",14.4462890625,2012-04-16
"11796",11.576171875,2012-04-17
"11797",9.8564453125,2012-04-18
"11798",9.3359375,2012-04-19
"11799",12.49609375,2012-04-20
"11800",12.0263671875,2012-04-21
"11801",12.765625,2012-04-22
"11802",11.24609375,2012-04-23
"11803",10.416015625,2012-04-24
"11804",12.845703125,2012-04-25
"11805",13.666015625,2012-04-26
"11806",13.6064453125,2012-04-27
"11807",12.5361328125,2012-04-28
"11808",13.765625,2012-04-29
"11809",10.685546875,2012-04-30
"11810",10.046875,2012-05-01
"11811",8.8369140625,2012-05-02
"11812",9.626953125,2012-05-03
"11813",11.9765625,2012-05-04
"11814",11.7666015625,2012-05-05
"11815",9.9970703125,2012-05-06
"11816",8.8466796875,2012-05-07
"11817",9.6865234375,2012-05-08
"11818",15.9072265625,2012-05-09
"11819",13.1572265625,2012-05-10
"11820",10.0166015625,2012-05-11
"11821",10.126953125,2012-05-12
"11822",11.037109375,2012-05-13
"11823",11.4970703125,2012-05-14
"11824",10.296875,2012-05-15
"11825",9.0673828125,2012-05-16
"11826",8.38671875,2012-05-17
"11827",10.70703125,2012-05-18
"11828",13.4267578125,2012-05-19
"11829",8.3173828125,2012-05-20
"11830",9.447265625,2012-05-21
"11831",11.607421875,2012-05-22
"11832",9.376953125,2012-05-23
"11833",9.3369140625,2012-05-24
"11834",8.7265625,2012-05-25
"11835",13.20703125,2012-05-26
"11836",10.63671875,2012-05-27
"11837",11.7568359375,2012-05-28
"11838",11.3369140625,2012-05-29
"11839",10.9169921875,2012-05-30
"11840",10.1474609375,2012-05-31
"11841",11.2626953125,2012-06-01
"11842",11.443359375,2012-06-02
"11843",9.6533203125,2012-06-03
"11844",10.302734375,2012-06-04
"11845",9.2626953125,2012-06-05
"11846",8.7734375,2012-06-06
"11847",7.97265625,2012-06-07
"11848",8.5927734375,2012-06-08
"11849",8.1025390625,2012-06-09
"11850",7.5234375,2012-06-10
"11851",7.302734375,2012-06-11
"11852",7.5234375,2012-06-12
"11853",9.1328125,2012-06-13
"11854",11.4833984375,2012-06-14
"11855",10.8232421875,2012-06-15
"11856",9.3232421875,2012-06-16
"11857",11.9833984375,2012-06-17
"11858",13.5927734375,2012-06-18
"11859",12.4130859375,2012-06-19
"11860",8.7333984375,2012-06-20
"11861",11.3828125,2012-06-21
"11862",8.892578125,2012-06-22
"11863",9.302734375,2012-06-23
"11864",11.5732421875,2012-06-24
"11865",12.1728515625,2012-06-25
"11866",11.1328125,2012-06-26
"11867",8.0732421875,2012-06-27
"11868",8.3134765625,2012-06-28
"11869",10.0927734375,2012-06-29
"11870",9.0830078125,2012-06-30
"11871",9.3525390625,2012-07-01
"11872",9.61328125,2012-07-02
"11873",8.6533203125,2012-07-03
"11874",10.9033203125,2012-07-04
"11875",8.97265625,2012-07-05
"11876",7.4228515625,2012-07-06
"11877",6.8427734375,2012-07-07
"11878",7.392578125,2012-07-08
"11879",10.4130859375,2012-07-09
"11880",11.86328125,2012-07-10
"11881",10.3427734375,2012-07-11
"11882",10.6025390625,2012-07-12
"11883",12.0830078125,2012-07-13
"11884",9.4931640625,2012-07-14
"11885",10.703125,2012-07-15
"11886",10.97265625,2012-07-16
"11887",8.2431640625,2012-07-17
"11888",8.892578125,2012-07-18
"11889",9.5234375,2012-07-19
"11890",12.0927734375,2012-07-20
"11891",11.6728515625,2012-07-21
"11892",11.1826171875,2012-07-22
"11893",10.2333984375,2012-07-23
"11894",8.193359375,2012-07-24
"11895",9.712890625,2012-07-25
"11896",9.443359375,2012-07-26
"11897",10.86328125,2012-07-27
"11898",11.8134765625,2012-07-28
"11899",10.2626953125,2012-07-29
"11900",10.052734375,2012-07-30
"11901",8.86328125,2012-07-31
"11902",8.0830078125,2012-08-01
"11903",7.22265625,2012-08-02
"11904",11.29296875,2012-08-03
"11905",11.3134765625,2012-08-04
"11906",11.953125,2012-08-05
"11907",9.5732421875,2012-08-06
"11908",8.7333984375,2012-08-07
"11909",9.4833984375,2012-08-08
"11910",9.1025390625,2012-08-09
"11911",9.1328125,2012-08-10
"11912",9.4033203125,2012-08-11
"11913",9.693359375,2012-08-12
"11914",8.1826171875,2012-08-13
"11915",11.4130859375,2012-08-14
"11916",10.47265625,2012-08-15
"11917",11.033203125,2012-08-16
"11918",8.29296875,2012-08-17
"11919",9.693359375,2012-08-18
"11920",11.142578125,2012-08-19
"11921",9.783203125,2012-08-20
"11922",10.4033203125,2012-08-21
"11923",9.1533203125,2012-08-22
"11924",9.61328125,2012-08-23
"11925",8.9326171875,2012-08-24
"11926",10.962890625,2012-08-25
"11927",8.123046875,2012-08-26
"11928",8.5029296875,2012-08-27
"11929",7.72265625,2012-08-28
"11930",11.7431640625,2012-08-29
"11931",8.373046875,2012-08-30
"11932",9.9130859375,2012-08-31
"11933",9.68359375,2012-09-01
"11934",7.314453125,2012-09-02
"11935",7.34375,2012-09-03
"11936",6.4140625,2012-09-04
"11937",10.9443359375,2012-09-05
"11938",11.32421875,2012-09-06
"11939",8.6142578125,2012-09-07
"11940",10.583984375,2012-09-08
"11941",8.7841796875,2012-09-09
"11942",9.5244140625,2012-09-10
"11943",9.994140625,2012-09-11
"11944",6.904296875,2012-09-12
"11945",8.5244140625,2012-09-13
"11946",9.8935546875,2012-09-14
"11947",9.93359375,2012-09-15
"11948",11.6337890625,2012-09-16
"11949",9.8837890625,2012-09-17
"11950",10.4443359375,2012-09-18
"11951",9.7236328125,2012-09-19
"11952",12.333984375,2012-09-20
"11953",12.2138671875,2012-09-21
"11954",9.314453125,2012-09-22
"11955",8.84375,2012-09-23
"11956",7.8642578125,2012-09-24
"11957",7.6435546875,2012-09-25
"11958",6.103515625,2012-09-26
"11959",11.013671875,2012-09-27
"11960",12.1240234375,2012-09-28
"11961",6.734375,2012-09-29
"11962",9.8837890625,2012-09-30
"11963",10.11328125,2012-10-01
"11964",10.4833984375,2012-10-02
"11965",8.953125,2012-10-03
"11966",6.4931640625,2012-10-04
"11967",11.6826171875,2012-10-05
"11968",12.1728515625,2012-10-06
"11969",8.54296875,2012-10-07
"11970",8.8232421875,2012-10-08
"11971",9.1826171875,2012-10-09
"11972",8.712890625,2012-10-10
"11973",8.04296875,2012-10-11
"11974",8.8330078125,2012-10-12
"11975",9.892578125,2012-10-13
"11976",8.892578125,2012-10-14
"11977",11.7734375,2012-10-15
"11978",13.97265625,2012-10-16
"11979",9.3525390625,2012-10-17
"11980",9.142578125,2012-10-18
"11981",12.3525390625,2012-10-19
"11982",12.0234375,2012-10-20
"11983",9.123046875,2012-10-21
"11984",9.033203125,2012-10-22
"11985",4.9833984375,2012-10-23
"11986",7.11328125,2012-10-24
"11987",11.79296875,2012-10-25
"11988",9.6728515625,2012-10-26
"11989",8.373046875,2012-10-27
"11990",9.4326171875,2012-10-28
"11991",10.4833984375,2012-10-29
"11992",7.142578125,2012-10-30
"11993",7.54296875,2012-10-31
"11994",10.7421875,2012-11-01
"11995",9.2919921875,2012-11-02
"11996",8.931640625,2012-11-03
"11997",7.58203125,2012-11-04
"11998",15.732421875,2012-11-05
"11999",13.5224609375,2012-11-06
"12000",12.1318359375,2012-11-07
"12001",10.7919921875,2012-11-08
"12002",8.4921875,2012-11-09
"12003",8.7119140625,2012-11-10
"12004",5.6015625,2012-11-11
"12005",11.7724609375,2012-11-12
"12006",8.8515625,2012-11-13
"12007",9.7119140625,2012-11-14
"12008",9.7021484375,2012-11-15
"12009",9.412109375,2012-11-16
"12010",9.5517578125,2012-11-17
"12011",10.322265625,2012-11-18
"12012",9.3515625,2012-11-19
"12013",5.5419921875,2012-11-20
"12014",10.431640625,2012-11-21
"12015",9.841796875,2012-11-22
"12016",11.7216796875,2012-11-23
"12017",9.6923828125,2012-11-24
"12018",11.8720703125,2012-11-25
"12019",15.0419921875,2012-11-26
"12020",15.8115234375,2012-11-27
"12021",16.671875,2012-11-28
"12022",13.58203125,2012-11-29
"12023",17.4423828125,2012-11-30
"12024",12.9921875,2012-12-01
"12025",10.5517578125,2012-12-02
"12026",10.1123046875,2012-12-03
"12027",8.591796875,2012-12-04
"12028",10.6416015625,2012-12-05
"12029",11.3115234375,2012-12-06
"12030",9.15234375,2012-12-07
"12031",14.8017578125,2012-12-08
"12032",9.251953125,2012-12-09
"12033",8.9521484375,2012-12-10
"12034",11.2119140625,2012-12-11
"12035",13.1123046875,2012-12-12
"12036",16.1015625,2012-12-13
"12037",18.83203125,2012-12-14
"12038",15.5615234375,2012-12-15
"12039",12.4921875,2012-12-16
"12040",11.0419921875,2012-12-17
"12041",12.4619140625,2012-12-18
"12042",13.4921875,2012-12-19
"12043",11.6318359375,2012-12-20
"12044",11.5419921875,2012-12-21
"12045",11.2822265625,2012-12-22
"12046",7.33203125,2012-12-23
"12047",14.7119140625,2012-12-24
"12048",11.482421875,2012-12-25
"12049",9.7119140625,2012-12-26
"12050",12.072265625,2012-12-27
"12051",11.421875,2012-12-28
"12052",12.931640625,2012-12-29
"12053",13.421875,2012-12-30
"12054",10.26171875,2012-12-31
"12055",11.0341796875,2013-01-01
"12056",14.3642578125,2013-01-02
"12057",8.2939453125,2013-01-03
"12058",8.57421875,2013-01-04
"12059",12.314453125,2013-01-05
"12060",11.3037109375,2013-01-06
"12061",11.814453125,2013-01-07
"12062",14.244140625,2013-01-08
"12063",9.423828125,2013-01-09
"12064",9.6240234375,2013-01-10
"12065",10.3037109375,2013-01-11
"12066",13.744140625,2013-01-12
"12067",14.2138671875,2013-01-13
"12068",10.333984375,2013-01-14
"12069",12.2041015625,2013-01-15
"12070",12.494140625,2013-01-16
"12071",10.673828125,2013-01-17
"12072",16.7041015625,2013-01-18
"12073",11.314453125,2013-01-19
"12074",11.4638671875,2013-01-20
"12075",13.6142578125,2013-01-21
"12076",13.423828125,2013-01-22
"12077",11.904296875,2013-01-23
"12078",11.9443359375,2013-01-24
"12079",11.484375,2013-01-25
"12080",11.18359375,2013-01-26
"12081",13.2236328125,2013-01-27
"12082",14.013671875,2013-01-28
"12083",10.314453125,2013-01-29
"12084",11.3642578125,2013-01-30
"12085",15.263671875,2013-01-31
"12086",10.248046875,2013-02-01
"12087",13.34765625,2013-02-02
"12088",16.3076171875,2013-02-03
"12089",13.0283203125,2013-02-04
"12090",13.3876953125,2013-02-05
"12091",9.998046875,2013-02-06
"12092",16.3681640625,2013-02-07
"12093",14.748046875,2013-02-08
"12094",15.7880859375,2013-02-09
"12095",13.408203125,2013-02-10
"12096",10.8984375,2013-02-11
"12097",13.837890625,2013-02-12
"12098",15.337890625,2013-02-13
"12099",14.1484375,2013-02-14
"12100",16.998046875,2013-02-15
"12101",14.8779296875,2013-02-16
"12102",13.8876953125,2013-02-17
"12103",10.6982421875,2013-02-18
"12104",13.7783203125,2013-02-19
"12105",10.427734375,2013-02-20
"12106",15.578125,2013-02-21
"12107",16.677734375,2013-02-22
"12108",16.0576171875,2013-02-23
"12109",11.568359375,2013-02-24
"12110",18.068359375,2013-02-25
"12111",17.9580078125,2013-02-26
"12112",17.158203125,2013-02-27
"12113",10.34765625,2013-02-28
"12114",9.8349609375,2013-03-01
"12115",11.14453125,2013-03-02
"12116",11.8154296875,2013-03-03
"12117",15.634765625,2013-03-04
"12118",16.2646484375,2013-03-05
"12119",18.3447265625,2013-03-06
"12120",18.4150390625,2013-03-07
"12121",18.125,2013-03-08
"12122",19.4345703125,2013-03-09
"12123",19.974609375,2013-03-10
"12124",20.0146484375,2013-03-11
"12125",13.28515625,2013-03-12
"12126",12.6748046875,2013-03-13
"12127",10.9453125,2013-03-14
"12128",14.0048828125,2013-03-15
"12129",14.35546875,2013-03-16
"12130",9.2451171875,2013-03-17
"12131",9.1748046875,2013-03-18
"12132",11.1552734375,2013-03-19
"12133",7.78515625,2013-03-20
"12134",11.615234375,2013-03-21
"12135",11.0654296875,2013-03-22
"12136",15.205078125,2013-03-23
"12137",15.9248046875,2013-03-24
"12138",15.365234375,2013-03-25
"12139",13.865234375,2013-03-26
"12140",16.6650390625,2013-03-27
"12141",12.775390625,2013-03-28
"12142",11.2548828125,2013-03-29
"12143",13.9150390625,2013-03-30
"12144",14.384765625,2013-03-31
"12145",12.8857421875,2013-04-01
"12146",14.685546875,2013-04-02
"12147",10.5263671875,2013-04-03
"12148",9.345703125,2013-04-04
"12149",11.236328125,2013-04-05
"12150",10.1064453125,2013-04-06
"12151",10.74609375,2013-04-07
"12152",12.9755859375,2013-04-08
"12153",14.67578125,2013-04-09
"12154",12.1259765625,2013-04-10
"12155",11.7861328125,2013-04-11
"12156",12.2861328125,2013-04-12
"12157",11.81640625,2013-04-13
"12158",15.755859375,2013-04-14
"12159",13.845703125,2013-04-15
"12160",10.2255859375,2013-04-16
"12161",9.65625,2013-04-17
"12162",13.06640625,2013-04-18
"12163",7.916015625,2013-04-19
"12164",6.8857421875,2013-04-20
"12165",12.166015625,2013-04-21
"12166",14.1064453125,2013-04-22
"12167",11.8662109375,2013-04-23
"12168",13.5859375,2013-04-24
"12169",16.17578125,2013-04-25
"12170",16.005859375,2013-04-26
"12171",8.736328125,2013-04-27
"12172",15.6962890625,2013-04-28
"12173",14.2060546875,2013-04-29
"12174",13.935546875,2013-04-30
"12175",11.037109375,2013-05-01
"12176",8.0166015625,2013-05-02
"12177",7.0771484375,2013-05-03
"12178",11.0869140625,2013-05-04
"12179",7.2265625,2013-05-05
"12180",9.056640625,2013-05-06
"12181",10.7373046875,2013-05-07
"12182",7.7265625,2013-05-08
"12183",12.2265625,2013-05-09
"12184",10.0869140625,2013-05-10
"12185",9.287109375,2013-05-11
"12186",15.5966796875,2013-05-12
"12187",10.4873046875,2013-05-13
"12188",12.5673828125,2013-05-14
"12189",13.5166015625,2013-05-15
"12190",12.20703125,2013-05-16
"12191",11.8466796875,2013-05-17
"12192",11.2666015625,2013-05-18
"12193",11.1669921875,2013-05-19
"12194",10.4873046875,2013-05-20
"12195",11.537109375,2013-05-21
"12196",11.966796875,2013-05-22
"12197",12.02734375,2013-05-23
"12198",11.38671875,2013-05-24
"12199",11.9267578125,2013-05-25
"12200",13.5869140625,2013-05-26
"12201",10.216796875,2013-05-27
"12202",9.9365234375,2013-05-28
"12203",10.056640625,2013-05-29
"12204",12.607421875,2013-05-30
"12205",15.3671875,2013-05-31
"12206",15.453125,2013-06-01
"12207",11.4130859375,2013-06-02
"12208",12.873046875,2013-06-03
"12209",11.943359375,2013-06-04
"12210",10.123046875,2013-06-05
"12211",12.533203125,2013-06-06
"12212",11.4228515625,2013-06-07
"12213",10.552734375,2013-06-08
"12214",10.1826171875,2013-06-09
"12215",11.453125,2013-06-10
"12216",11.9931640625,2013-06-11
"12217",12.552734375,2013-06-12
"12218",12.193359375,2013-06-13
"12219",10.802734375,2013-06-14
"12220",10.9130859375,2013-06-15
"12221",9.9033203125,2013-06-16
"12222",9.703125,2013-06-17
"12223",10.1728515625,2013-06-18
"12224",9.4033203125,2013-06-19
"12225",8.61328125,2013-06-20
"12226",10.703125,2013-06-21
"12227",10.453125,2013-06-22
"12228",9.61328125,2013-06-23
"12229",8.8330078125,2013-06-24
"12230",9.142578125,2013-06-25
"12231",8.3427734375,2013-06-26
"12232",9.1826171875,2013-06-27
"12233",11.9228515625,2013-06-28
"12234",10.0029296875,2013-06-29
"12235",13.212890625,2013-06-30
"12236",13.8828125,2013-07-01
"12237",11.802734375,2013-07-02
"12238",8.712890625,2013-07-03
"12239",9.203125,2013-07-04
"12240",8.7734375,2013-07-05
"12241",10.8232421875,2013-07-06
"12242",10.8232421875,2013-07-07
"12243",9.9931640625,2013-07-08
"12244",8.6025390625,2013-07-09
"12245",7.9130859375,2013-07-10
"12246",7.7626953125,2013-07-11
"12247",10.9130859375,2013-07-12
"12248",14.1025390625,2013-07-13
"12249",14.0234375,2013-07-14
"12250",13.6630859375,2013-07-15
"12251",12.4931640625,2013-07-16
"12252",10.693359375,2013-07-17
"12253",10.4326171875,2013-07-18
"12254",11.802734375,2013-07-19
"12255",7.2734375,2013-07-20
"12256",8.86328125,2013-07-21
"12257",10.4326171875,2013-07-22
"12258",10.5634765625,2013-07-23
"12259",9.033203125,2013-07-24
"12260",9.3427734375,2013-07-25
"12261",9.623046875,2013-07-26
"12262",6.8525390625,2013-07-27
"12263",11.2734375,2013-07-28
"12264",13.123046875,2013-07-29
"12265",9.5234375,2013-07-30
"12266",8.97265625,2013-07-31
"12267",8.712890625,2013-08-01
"12268",11.052734375,2013-08-02
"12269",11.3232421875,2013-08-03
"12270",11.0732421875,2013-08-04
"12271",12.2333984375,2013-08-05
"12272",12.86328125,2013-08-06
"12273",10.703125,2013-08-07
"12274",8.54296875,2013-08-08
"12275",8.453125,2013-08-09
"12276",12.4326171875,2013-08-10
"12277",10.8330078125,2013-08-11
"12278",7.9326171875,2013-08-12
"12279",12.3134765625,2013-08-13
"12280",11.4833984375,2013-08-14
"12281",9.36328125,2013-08-15
"12282",6.5732421875,2013-08-16
"12283",9.703125,2013-08-17
"12284",12.1826171875,2013-08-18
"12285",7.5234375,2013-08-19
"12286",8.79296875,2013-08-20
"12287",10.4033203125,2013-08-21
"12288",10.802734375,2013-08-22
"12289",12.3828125,2013-08-23
"12290",12.1728515625,2013-08-24
"12291",10.703125,2013-08-25
"12292",11.0830078125,2013-08-26
"12293",10.3134765625,2013-08-27
"12294",13.0126953125,2013-08-28
"12295",12.623046875,2013-08-29
"12296",13.1025390625,2013-08-30
"12297",10.703125,2013-08-31
"12298",12.0244140625,2013-09-01
"12299",13.7744140625,2013-09-02
"12300",12.7939453125,2013-09-03
"12301",9.994140625,2013-09-04
"12302",14.0537109375,2013-09-05
"12303",12.923828125,2013-09-06
"12304",11.4140625,2013-09-07
"12305",10.994140625,2013-09-08
"12306",8.3642578125,2013-09-09
"12307",10.0537109375,2013-09-10
"12308",10.84375,2013-09-11
"12309",10.3740234375,2013-09-12
"12310",13.833984375,2013-09-13
"12311",13.4140625,2013-09-14
"12312",11.8642578125,2013-09-15
"12313",13.484375,2013-09-16
"12314",11.814453125,2013-09-17
"12315",10.564453125,2013-09-18
"12316",10.013671875,2013-09-19
"12317",10.2939453125,2013-09-20
"12318",12.103515625,2013-09-21
"12319",12.904296875,2013-09-22
"12320",8.6142578125,2013-09-23
"12321",12.314453125,2013-09-24
"12322",14.083984375,2013-09-25
"12323",7.923828125,2013-09-26
"12324",8.3037109375,2013-09-27
"12325",12.3740234375,2013-09-28
"12326",10.853515625,2013-09-29
"12327",9.0439453125,2013-09-30
"12328",8.8134765625,2013-10-01
"12329",12.3525390625,2013-10-02
"12330",9.2734375,2013-10-03
"12331",9.9130859375,2013-10-04
"12332",7.033203125,2013-10-05
"12333",10.79296875,2013-10-06
"12334",11.6630859375,2013-10-07
"12335",11.3427734375,2013-10-08
"12336",8.0029296875,2013-10-09
"12337",12.9833984375,2013-10-10
"12338",10.5927734375,2013-10-11
"12339",9.5830078125,2013-10-12
"12340",10.5732421875,2013-10-13
"12341",9.953125,2013-10-14
"12342",8.962890625,2013-10-15
"12343",6.4228515625,2013-10-16
"12344",7.9033203125,2013-10-17
"12345",7.7431640625,2013-10-18
"12346",5.0634765625,2013-10-19
"12347",6.873046875,2013-10-20
"12348",13.623046875,2013-10-21
"12349",16.4931640625,2013-10-22
"12350",10.5126953125,2013-10-23
"12351",7.4033203125,2013-10-24
"12352",8.623046875,2013-10-25
"12353",9.4931640625,2013-10-26
"12354",9.9228515625,2013-10-27
"12355",13.1728515625,2013-10-28
"12356",9.8525390625,2013-10-29
"12357",9.4326171875,2013-10-30
"12358",9.2734375,2013-10-31
"12359",9.9716796875,2013-11-01
"12360",9.1015625,2013-11-02
"12361",9.4521484375,2013-11-03
"12362",7.681640625,2013-11-04
"12363",8.921875,2013-11-05
"12364",6.6923828125,2013-11-06
"12365",15.072265625,2013-11-07
"12366",12.65234375,2013-11-08
"12367",8.322265625,2013-11-09
"12368",8.912109375,2013-11-10
"12369",9.322265625,2013-11-11
"12370",11.072265625,2013-11-12
"12371",11.431640625,2013-11-13
"12372",9.4521484375,2013-11-14
"12373",9.7216796875,2013-11-15
"12374",10.2822265625,2013-11-16
"12375",10.3623046875,2013-11-17
"12376",11.83203125,2013-11-18
"12377",10.9521484375,2013-11-19
"12378",11.5322265625,2013-11-20
"12379",8.2919921875,2013-11-21
"12380",10.7724609375,2013-11-22
"12381",11.8623046875,2013-11-23
"12382",9.5322265625,2013-11-24
"12383",10.591796875,2013-11-25
"12384",8.7021484375,2013-11-26
"12385",7.3720703125,2013-11-27
"12386",14.3017578125,2013-11-28
"12387",10.83203125,2013-11-29
"12388",9.001953125,2013-11-30
"12389",8.072265625,2013-12-01
"12390",13.662109375,2013-12-02
"12391",13.162109375,2013-12-03
"12392",10.9521484375,2013-12-04
"12393",8.732421875,2013-12-05
"12394",12.6318359375,2013-12-06
"12395",12.4716796875,2013-12-07
"12396",9.091796875,2013-12-08
"12397",15.7216796875,2013-12-09
"12398",11.412109375,2013-12-10
"12399",12.3818359375,2013-12-11
"12400",12.58203125,2013-12-12
"12401",14.1318359375,2013-12-13
"12402",10.591796875,2013-12-14
"12403",11.341796875,2013-12-15
"12404",11.83203125,2013-12-16
"12405",13.2822265625,2013-12-17
"12406",9.8720703125,2013-12-18
"12407",10.931640625,2013-12-19
"12408",13.6220703125,2013-12-20
"12409",14.01171875,2013-12-21
"12410",16.7421875,2013-12-22
"12411",12.76171875,2013-12-23
"12412",10.8115234375,2013-12-24
"12413",9.2421875,2013-12-25
"12414",13.6220703125,2013-12-26
"12415",10.431640625,2013-12-27
"12416",12.76171875,2013-12-28
"12417",9.7919921875,2013-12-29
"12418",9.6015625,2013-12-30
"12419",7.3916015625,2013-12-31
"12420",11.9541015625,2014-01-01
"12421",16.603515625,2014-01-02
"12422",14.154296875,2014-01-03
"12423",11.25390625,2014-01-04
"12424",11.34375,2014-01-05
"12425",9.0439453125,2014-01-06
"12426",9.5244140625,2014-01-07
"12427",11.5537109375,2014-01-08
"12428",13.9736328125,2014-01-09
"12429",15.4541015625,2014-01-10
"12430",13.09375,2014-01-11
"12431",13.484375,2014-01-12
"12432",12.513671875,2014-01-13
"12433",10.93359375,2014-01-14
"12434",14.75390625,2014-01-15
"12435",11.8740234375,2014-01-16
"12436",10.103515625,2014-01-17
"12437",19.2138671875,2014-01-18
"12438",12.064453125,2014-01-19
"12439",12.3642578125,2014-01-20
"12440",11.2744140625,2014-01-21
"12441",11.9443359375,2014-01-22
"12442",11.7939453125,2014-01-23
"12443",17.57421875,2014-01-24
"12444",10.8740234375,2014-01-25
"12445",9.5244140625,2014-01-26
"12446",9.1142578125,2014-01-27
"12447",9.9638671875,2014-01-28
"12448",14.263671875,2014-01-29
"12449",13.32421875,2014-01-30
"12450",15.18359375,2014-01-31
"12451",12.998046875,2014-02-01
"12452",12.1279296875,2014-02-02
"12453",17.5576171875,2014-02-03
"12454",9.3876953125,2014-02-04
"12455",11.3984375,2014-02-05
"12456",10.23828125,2014-02-06
"12457",11.7783203125,2014-02-07
"12458",10.48828125,2014-02-08
"12459",14.9677734375,2014-02-09
"12460",10.7978515625,2014-02-10
"12461",9.3681640625,2014-02-11
"12462",6.767578125,2014-02-12
"12463",18.158203125,2014-02-13
"12464",23.2080078125,2014-02-14
"12465",22.6083984375,2014-02-15
"12466",13.927734375,2014-02-16
"12467",13.587890625,2014-02-17
"12468",15.4677734375,2014-02-18
"12469",13.4775390625,2014-02-19
"12470",10.578125,2014-02-20
"12471",9.927734375,2014-02-21
"12472",11.9580078125,2014-02-22
"12473",12.908203125,2014-02-23
"12474",14.248046875,2014-02-24
"12475",15.6884765625,2014-02-25
"12476",15.498046875,2014-02-26
"12477",10.8876953125,2014-02-27
"12478",11.1484375,2014-02-28
"12479",13.03515625,2014-03-01
"12480",14.865234375,2014-03-02
"12481",14.2353515625,2014-03-03
"12482",13.1748046875,2014-03-04
"12483",15.875,2014-03-05
"12484",9.875,2014-03-06
"12485",10.28515625,2014-03-07
"12486",15.205078125,2014-03-08
"12487",13.5048828125,2014-03-09
"12488",13.6552734375,2014-03-10
"12489",19.0751953125,2014-03-11
"12490",14.0146484375,2014-03-12
"12491",12.1552734375,2014-03-13
"12492",12.35546875,2014-03-14
"12493",17.544921875,2014-03-15
"12494",12.39453125,2014-03-16
"12495",17.53515625,2014-03-17
"12496",17.775390625,2014-03-18
"12497",13.6748046875,2014-03-19
"12498",12.4951171875,2014-03-20
"12499",14.9853515625,2014-03-21
"12500",9.28515625,2014-03-22
"12501",10.4453125,2014-03-23
"12502",13.9951171875,2014-03-24
"12503",11.89453125,2014-03-25
"12504",15.634765625,2014-03-26
"12505",16.60546875,2014-03-27
"12506",16.5546875,2014-03-28
"12507",16.3349609375,2014-03-29
"12508",15.0146484375,2014-03-30
"12509",13.60546875,2014-03-31
"12510",11.3564453125,2014-04-01
"12511",14.576171875,2014-04-02
"12512",11.4560546875,2014-04-03
"12513",11.845703125,2014-04-04
"12514",10.2861328125,2014-04-05
"12515",12.095703125,2014-04-06
"12516",9.935546875,2014-04-07
"12517",19.236328125,2014-04-08
"12518",18.7861328125,2014-04-09
"12519",19.56640625,2014-04-10
"12520",13.9755859375,2014-04-11
"12521",10.646484375,2014-04-12
"12522",13.0859375,2014-04-13
"12523",11.5859375,2014-04-14
"12524",12.5263671875,2014-04-15
"12525",12.4755859375,2014-04-16
"12526",14.845703125,2014-04-17
"12527",15.1162109375,2014-04-18
"12528",10.666015625,2014-04-19
"12529",10.42578125,2014-04-20
"12530",10.4658203125,2014-04-21
"12531",13.67578125,2014-04-22
"12532",11.2060546875,2014-04-23
"12533",14.576171875,2014-04-24
"12534",9.7158203125,2014-04-25
"12535",15.2158203125,2014-04-26
"12536",8.236328125,2014-04-27
"12537",12.595703125,2014-04-28
"12538",14.0859375,2014-04-29
"12539",10.416015625,2014-04-30
"12540",10.7568359375,2014-05-01
"12541",10.1669921875,2014-05-02
"12542",8.88671875,2014-05-03
"12543",9.0166015625,2014-05-04
"12544",13.45703125,2014-05-05
"12545",11.45703125,2014-05-06
"12546",9.5166015625,2014-05-07
"12547",8.796875,2014-05-08
"12548",11.6474609375,2014-05-09
"12549",15.0771484375,2014-05-10
"12550",14.7568359375,2014-05-11
"12551",13.3173828125,2014-05-12
"12552",10.4970703125,2014-05-13
"12553",9.9365234375,2014-05-14
"12554",11.1767578125,2014-05-15
"12555",10.3466796875,2014-05-16
"12556",11.046875,2014-05-17
"12557",13.056640625,2014-05-18
"12558",13.6171875,2014-05-19
"12559",14.4873046875,2014-05-20
"12560",14.966796875,2014-05-21
"12561",12.4365234375,2014-05-22
"12562",16.537109375,2014-05-23
"12563",14.9365234375,2014-05-24
"12564",15.4970703125,2014-05-25
"12565",16.056640625,2014-05-26
"12566",12.9970703125,2014-05-27
"12567",13.52734375,2014-05-28
"12568",12.02734375,2014-05-29
"12569",10.3974609375,2014-05-30
"12570",12.787109375,2014-05-31
"12571",11.6630859375,2014-06-01
"12572",13.8232421875,2014-06-02
"12573",14.783203125,2014-06-03
"12574",13.29296875,2014-06-04
"12575",12.462890625,2014-06-05
"12576",10.7529296875,2014-06-06
"12577",13.22265625,2014-06-07
"12578",11.892578125,2014-06-08
"12579",8.5126953125,2014-06-09
"12580",8.3525390625,2014-06-10
"12581",9.97265625,2014-06-11
"12582",10.97265625,2014-06-12
"12583",10.453125,2014-06-13
"12584",11.5126953125,2014-06-14
"12585",12.0732421875,2014-06-15
"12586",13.54296875,2014-06-16
"12587",11.6025390625,2014-06-17
"12588",10.1630859375,2014-06-18
"12589",9.9130859375,2014-06-19
"12590",12.9130859375,2014-06-20
"12591",13.1826171875,2014-06-21
"12592",11.1728515625,2014-06-22
"12593",9.5234375,2014-06-23
"12594",12.623046875,2014-06-24
"12595",12.4326171875,2014-06-25
"12596",13.2626953125,2014-06-26
"12597",9.0927734375,2014-06-27
"12598",8.533203125,2014-06-28
"12599",9.7626953125,2014-06-29
"12600",10.212890625,2014-06-30
"12601",11.2333984375,2014-07-01
"12602",10.7333984375,2014-07-02
"12603",8.712890625,2014-07-03
"12604",11.443359375,2014-07-04
"12605",9.5029296875,2014-07-05
"12606",11.9033203125,2014-07-06
"12607",9.7626953125,2014-07-07
"12608",6.953125,2014-07-08
"12609",9.6025390625,2014-07-09
"12610",9.9130859375,2014-07-10
"12611",11.0927734375,2014-07-11
"12612",8.783203125,2014-07-12
"12613",7.802734375,2014-07-13
"12614",7.4833984375,2014-07-14
"12615",8.9130859375,2014-07-15
"12616",11.212890625,2014-07-16
"12617",9.283203125,2014-07-17
"12618",8.0830078125,2014-07-18
"12619",8.953125,2014-07-19
"12620",8.4130859375,2014-07-20
"12621",8.392578125,2014-07-21
"12622",8.54296875,2014-07-22
"12623",7.392578125,2014-07-23
"12624",11.9033203125,2014-07-24
"12625",12.392578125,2014-07-25
"12626",11.7529296875,2014-07-26
"12627",9.552734375,2014-07-27
"12628",11.22265625,2014-07-28
"12629",12.4833984375,2014-07-29
"12630",13.283203125,2014-07-30
"12631",11.1630859375,2014-07-31
"12632",7.623046875,2014-08-01
"12633",7.962890625,2014-08-02
"12634",7.0732421875,2014-08-03
"12635",6.79296875,2014-08-04
"12636",8.142578125,2014-08-05
"12637",9.3330078125,2014-08-06
"12638",9.6533203125,2014-08-07
"12639",9.193359375,2014-08-08
"12640",8.2734375,2014-08-09
"12641",10.4833984375,2014-08-10
"12642",8.1630859375,2014-08-11
"12643",8.22265625,2014-08-12
"12644",7.142578125,2014-08-13
"12645",9.4228515625,2014-08-14
"12646",8.2626953125,2014-08-15
"12647",9.7333984375,2014-08-16
"12648",9.3134765625,2014-08-17
"12649",10.7431640625,2014-08-18
"12650",8.962890625,2014-08-19
"12651",8.203125,2014-08-20
"12652",8.443359375,2014-08-21
"12653",8.1630859375,2014-08-22
"12654",8.7626953125,2014-08-23
"12655",10.1826171875,2014-08-24
"12656",9.873046875,2014-08-25
"12657",10.8232421875,2014-08-26
"12658",10.4228515625,2014-08-27
"12659",11.033203125,2014-08-28
"12660",10.7431640625,2014-08-29
"12661",10.533203125,2014-08-30
"12662",7.1630859375,2014-08-31
"12663",11.2236328125,2014-09-01
"12664",9.3740234375,2014-09-02
"12665",9.083984375,2014-09-03
"12666",9.923828125,2014-09-04
"12667",9.234375,2014-09-05
"12668",8.6240234375,2014-09-06
"12669",7.9541015625,2014-09-07
"12670",6.82421875,2014-09-08
"12671",11.9541015625,2014-09-09
"12672",12.244140625,2014-09-10
"12673",11.5244140625,2014-09-11
"12674",9.6240234375,2014-09-12
"12675",9.263671875,2014-09-13
"12676",10.7236328125,2014-09-14
"12677",13.0341796875,2014-09-15
"12678",11.6337890625,2014-09-16
"12679",10.423828125,2014-09-17
"12680",9.154296875,2014-09-18
"12681",8.814453125,2014-09-19
"12682",7.1943359375,2014-09-20
"12683",7.994140625,2014-09-21
"12684",6.734375,2014-09-22
"12685",10.7744140625,2014-09-23
"12686",13.814453125,2014-09-24
"12687",11.2939453125,2014-09-25
"12688",12.8837890625,2014-09-26
"12689",9.7939453125,2014-09-27
"12690",7.9736328125,2014-09-28
"12691",13.1240234375,2014-09-29
"12692",11.7236328125,2014-09-30
"12693",8.6728515625,2014-10-01
"12694",9.4931640625,2014-10-02
"12695",10.9833984375,2014-10-03
"12696",8.6328125,2014-10-04
"12697",11.8525390625,2014-10-05
"12698",8.123046875,2014-10-06
"12699",9.29296875,2014-10-07
"12700",10.8134765625,2014-10-08
"12701",10.0234375,2014-10-09
"12702",7.373046875,2014-10-10
"12703",10.8828125,2014-10-11
"12704",12.193359375,2014-10-12
"12705",7.5927734375,2014-10-13
"12706",8.5830078125,2014-10-14
"12707",7.7529296875,2014-10-15
"12708",8.7734375,2014-10-16
"12709",8.4228515625,2014-10-17
"12710",6.693359375,2014-10-18
"12711",6.7626953125,2014-10-19
"12712",11.6728515625,2014-10-20
"12713",8.5634765625,2014-10-21
"12714",11.86328125,2014-10-22
"12715",13.4326171875,2014-10-23
"12716",13.1328125,2014-10-24
"12717",14.0634765625,2014-10-25
"12718",14.4326171875,2014-10-26
"12719",10.1328125,2014-10-27
"12720",12.1328125,2014-10-28
"12721",12.2734375,2014-10-29
"12722",12.3232421875,2014-10-30
"12723",8.2529296875,2014-10-31
"12724",8.90234375,2014-11-01
"12725",7.7216796875,2014-11-02
"12726",7.8818359375,2014-11-03
"12727",14.4423828125,2014-11-04
"12728",9.1416015625,2014-11-05
"12729",8.921875,2014-11-06
"12730",7.162109375,2014-11-07
"12731",15.001953125,2014-11-08
"12732",10.4619140625,2014-11-09
"12733",11.2119140625,2014-11-10
"12734",9.9521484375,2014-11-11
"12735",8.2119140625,2014-11-12
"12736",7.15234375,2014-11-13
"12737",13.0224609375,2014-11-14
"12738",10.8515625,2014-11-15
"12739",9.6015625,2014-11-16
"12740",11.6015625,2014-11-17
"12741",10.162109375,2014-11-18
"12742",10.40234375,2014-11-19
"12743",17.982421875,2014-11-20
"12744",12.1416015625,2014-11-21
"12745",17.2421875,2014-11-22
"12746",14.0419921875,2014-11-23
"12747",12.9619140625,2014-11-24
"12748",10.3515625,2014-11-25
"12749",10.4423828125,2014-11-26
"12750",12.33203125,2014-11-27
"12751",11.572265625,2014-11-28
"12752",10.2421875,2014-11-29
"12753",7.7421875,2014-11-30
"12754",14.7724609375,2014-12-01
"12755",14.0517578125,2014-12-02
"12756",15.6318359375,2014-12-03
"12757",16.2822265625,2014-12-04
"12758",13.931640625,2014-12-05
"12759",14.341796875,2014-12-06
"12760",15.681640625,2014-12-07
"12761",15.76171875,2014-12-08
"12762",13.8916015625,2014-12-09
"12763",14.51171875,2014-12-10
"12764",13.162109375,2014-12-11
"12765",12.162109375,2014-12-12
"12766",10.322265625,2014-12-13
"12767",15.6123046875,2014-12-14
"12768",12.33203125,2014-12-15
"12769",15.2421875,2014-12-16
"12770",9.6123046875,2014-12-17
"12771",12.412109375,2014-12-18
"12772",10.3720703125,2014-12-19
"12773",11.8720703125,2014-12-20
"12774",10.6015625,2014-12-21
"12775",15.8017578125,2014-12-22
"12776",15.90234375,2014-12-23
"12777",11.181640625,2014-12-24
"12778",10.7119140625,2014-12-25
"12779",9.0322265625,2014-12-26
"12780",10.4521484375,2014-12-27
"12781",11.7216796875,2014-12-28
"12782",16.181640625,2014-12-29
"12783",14.2021484375,2014-12-30
"12784",12.2216796875,2014-12-31
"12785",12.4736328125,2015-01-01
"12786",8.333984375,2015-01-02
"12787",13.4443359375,2015-01-03
"12788",13.32421875,2015-01-04
"12789",12.9140625,2015-01-05
"12790",12.904296875,2015-01-06
"12791",15.7236328125,2015-01-07
"12792",22.57421875,2015-01-08
"12793",16.904296875,2015-01-09
"12794",13.0439453125,2015-01-10
"12795",15.2236328125,2015-01-11
"12796",20.43359375,2015-01-12
"12797",18.853515625,2015-01-13
"12798",13.32421875,2015-01-14
"12799",13.263671875,2015-01-15
"12800",14.6240234375,2015-01-16
"12801",13.2138671875,2015-01-17
"12802",10.9140625,2015-01-18
"12803",10.5439453125,2015-01-19
"12804",10.314453125,2015-01-20
"12805",17.423828125,2015-01-21
"12806",15.7744140625,2015-01-22
"12807",16.494140625,2015-01-23
"12808",13.8037109375,2015-01-24
"12809",9.7841796875,2015-01-25
"12810",11.244140625,2015-01-26
"12811",9.7236328125,2015-01-27
"12812",10.1943359375,2015-01-28
"12813",10.5537109375,2015-01-29
"12814",10.75390625,2015-01-30
"12815",11.2236328125,2015-01-31
"12816",13.6376953125,2015-02-01
"12817",11.427734375,2015-02-02
"12818",11.8779296875,2015-02-03
"12819",11.66796875,2015-02-04
"12820",10.3876953125,2015-02-05
"12821",11.767578125,2015-02-06
"12822",12.7880859375,2015-02-07
"12823",14.6484375,2015-02-08
"12824",13.427734375,2015-02-09
"12825",10.6181640625,2015-02-10
"12826",8.568359375,2015-02-11
"12827",15.4384765625,2015-02-12
"12828",15.658203125,2015-02-13
"12829",15.328125,2015-02-14
"12830",11.5576171875,2015-02-15
"12831",13.6279296875,2015-02-16
"12832",13.908203125,2015-02-17
"12833",13.8076171875,2015-02-18
"12834",15.0576171875,2015-02-19
"12835",14.7080078125,2015-02-20
"12836",14.568359375,2015-02-21
"12837",18.2275390625,2015-02-22
"12838",16.0283203125,2015-02-23
"12839",9.3681640625,2015-02-24
"12840",10.7978515625,2015-02-25
"12841",10.248046875,2015-02-26
"12842",12.568359375,2015-02-27
"12843",15.6376953125,2015-02-28
"12844",11.8251953125,2015-03-01
"12845",11.6552734375,2015-03-02
"12846",13.365234375,2015-03-03
"12847",12.2353515625,2015-03-04
"12848",9.71484375,2015-03-05
"12849",12.5947265625,2015-03-06
"12850",13.7548828125,2015-03-07
"12851",15.03515625,2015-03-08
"12852",17.0048828125,2015-03-09
"12853",12.0146484375,2015-03-10
"12854",13.705078125,2015-03-11
"12855",15.025390625,2015-03-12
"12856",10.0849609375,2015-03-13
"12857",10.044921875,2015-03-14
"12858",12.9853515625,2015-03-15
"12859",9.4052734375,2015-03-16
"12860",18.8154296875,2015-03-17
"12861",17.5947265625,2015-03-18
"12862",15.9853515625,2015-03-19
"12863",12.0947265625,2015-03-20
"12864",9.275390625,2015-03-21
"12865",8.64453125,2015-03-22
"12866",16.865234375,2015-03-23
"12867",11.115234375,2015-03-24
"12868",8.865234375,2015-03-25
"12869",8.9052734375,2015-03-26
"12870",10.625,2015-03-27
"12871",11.89453125,2015-03-28
"12872",11.2451171875,2015-03-29
"12873",13.9853515625,2015-03-30
"12874",13.14453125,2015-03-31
"12875",7.935546875,2015-04-01
"12876",9.666015625,2015-04-02
"12877",7.8857421875,2015-04-03
"12878",9.6064453125,2015-04-04
"12879",11.505859375,2015-04-05
"12880",11.595703125,2015-04-06
"12881",10.595703125,2015-04-07
"12882",11.9658203125,2015-04-08
"12883",12.005859375,2015-04-09
"12884",12.3564453125,2015-04-10
"12885",12.06640625,2015-04-11
"12886",13.5859375,2015-04-12
"12887",12.31640625,2015-04-13
"12888",9.6162109375,2015-04-14
"12889",16.99609375,2015-04-15
"12890",15.015625,2015-04-16
"12891",13.0859375,2015-04-17
"12892",13.17578125,2015-04-18
"12893",9.6064453125,2015-04-19
"12894",7.326171875,2015-04-20
"12895",10.015625,2015-04-21
"12896",11.1259765625,2015-04-22
"12897",12.92578125,2015-04-23
"12898",13.7958984375,2015-04-24
"12899",11.1962890625,2015-04-25
"12900",11.9462890625,2015-04-26
"12901",10.7060546875,2015-04-27
"12902",11.7255859375,2015-04-28
"12903",10.1357421875,2015-04-29
"12904",10.326171875,2015-04-30
"12905",11.7470703125,2015-05-01
"12906",10.9765625,2015-05-02
"12907",13.037109375,2015-05-03
"12908",9.02734375,2015-05-04
"12909",9.876953125,2015-05-05
"12910",12.4765625,2015-05-06
"12911",10.2568359375,2015-05-07
"12912",12.20703125,2015-05-08
"12913",12.966796875,2015-05-09
"12914",14.5673828125,2015-05-10
"12915",13.8271484375,2015-05-11
"12916",13.0166015625,2015-05-12
"12917",8.7470703125,2015-05-13
"12918",10.4169921875,2015-05-14
"12919",11.6171875,2015-05-15
"12920",10.056640625,2015-05-16
"12921",10.626953125,2015-05-17
"12922",10.9765625,2015-05-18
"12923",13.296875,2015-05-19
"12924",11.1767578125,2015-05-20
"12925",9.8671875,2015-05-21
"12926",10.5068359375,2015-05-22
"12927",9.2666015625,2015-05-23
"12928",9.806640625,2015-05-24
"12929",10.8466796875,2015-05-25
"12930",11.546875,2015-05-26
"12931",12.6572265625,2015-05-27
"12932",12.8974609375,2015-05-28
"12933",11.556640625,2015-05-29
"12934",11.1474609375,2015-05-30
"12935",12.1171875,2015-05-31
"12936",9.1630859375,2015-06-01
"12937",7.6025390625,2015-06-02
"12938",6.8525390625,2015-06-03
"12939",10.4033203125,2015-06-04
"12940",11.5830078125,2015-06-05
"12941",11.193359375,2015-06-06
"12942",10.203125,2015-06-07
"12943",12.04296875,2015-06-08
"12944",10.1025390625,2015-06-09
"12945",9.0126953125,2015-06-10
"12946",8.3828125,2015-06-11
"12947",9.4130859375,2015-06-12
"12948",11.443359375,2015-06-13
"12949",11.47265625,2015-06-14
"12950",12.86328125,2015-06-15
"12951",12.953125,2015-06-16
"12952",12.462890625,2015-06-17
"12953",11.533203125,2015-06-18
"12954",10.6630859375,2015-06-19
"12955",8.462890625,2015-06-20
"12956",7.22265625,2015-06-21
"12957",9.2333984375,2015-06-22
"12958",9.7734375,2015-06-23
"12959",11.4228515625,2015-06-24
"12960",10.123046875,2015-06-25
"12961",10.2529296875,2015-06-26
"12962",9.123046875,2015-06-27
"12963",9.61328125,2015-06-28
"12964",9.11328125,2015-06-29
"12965",8.203125,2015-06-30
"12966",9.123046875,2015-07-01
"12967",11.212890625,2015-07-02
"12968",7.943359375,2015-07-03
"12969",9.6630859375,2015-07-04
"12970",9.22265625,2015-07-05
"12971",11.2333984375,2015-07-06
"12972",12.0927734375,2015-07-07
"12973",10.623046875,2015-07-08
"12974",8.2626953125,2015-07-09
"12975",10.4130859375,2015-07-10
"12976",7.873046875,2015-07-11
"12977",8.962890625,2015-07-12
"12978",11.22265625,2015-07-13
"12979",11.302734375,2015-07-14
"12980",9.3828125,2015-07-15
"12981",9.1728515625,2015-07-16
"12982",8.6826171875,2015-07-17
"12983",9.1025390625,2015-07-18
"12984",6.6630859375,2015-07-19
"12985",6.283203125,2015-07-20
"12986",6.8232421875,2015-07-21
"12987",10.6630859375,2015-07-22
"12988",9.0634765625,2015-07-23
"12989",11.052734375,2015-07-24
"12990",10.47265625,2015-07-25
"12991",7.5126953125,2015-07-26
"12992",8.79296875,2015-07-27
"12993",9.7626953125,2015-07-28
"12994",7.4326171875,2015-07-29
"12995",6.693359375,2015-07-30
"12996",8.5927734375,2015-07-31
"12997",10.9833984375,2015-08-01
"12998",9.5830078125,2015-08-02
"12999",10.1630859375,2015-08-03
"13000",9.5029296875,2015-08-04
"13001",10.462890625,2015-08-05
"13002",10.4033203125,2015-08-06
"13003",10.4228515625,2015-08-07
"13004",8.9931640625,2015-08-08
"13005",7.712890625,2015-08-09
"13006",10.8828125,2015-08-10
"13007",8.9228515625,2015-08-11
"13008",9.7734375,2015-08-12
"13009",12.0126953125,2015-08-13
"13010",12.2431640625,2015-08-14
"13011",12.443359375,2015-08-15
"13012",10.9326171875,2015-08-16
"13013",12.1728515625,2015-08-17
"13014",8.97265625,2015-08-18
"13015",8.212890625,2015-08-19
"13016",8.283203125,2015-08-20
"13017",12.302734375,2015-08-21
"13018",12.533203125,2015-08-22
"13019",11.4033203125,2015-08-23
"13020",8.0927734375,2015-08-24
"13021",8.0634765625,2015-08-25
"13022",9.3134765625,2015-08-26
"13023",9.892578125,2015-08-27
"13024",10.1826171875,2015-08-28
"13025",9.0634765625,2015-08-29
"13026",7.392578125,2015-08-30
"13027",7.9033203125,2015-08-31
"13028",8.82421875,2015-09-01
"13029",10.3837890625,2015-09-02
"13030",11.9443359375,2015-09-03
"13031",9.4736328125,2015-09-04
"13032",8.7236328125,2015-09-05
"13033",10.2744140625,2015-09-06
"13034",7.8740234375,2015-09-07
"13035",12.853515625,2015-09-08
"13036",11.853515625,2015-09-09
"13037",9.8837890625,2015-09-10
"13038",10.93359375,2015-09-11
"13039",9.423828125,2015-09-12
"13040",8.5244140625,2015-09-13
"13041",11.43359375,2015-09-14
"13042",9.1640625,2015-09-15
"13043",9.173828125,2015-09-16
"13044",10.7744140625,2015-09-17
"13045",9.234375,2015-09-18
"13046",10.494140625,2015-09-19
"13047",8.4736328125,2015-09-20
"13048",7.763671875,2015-09-21
"13049",7.3642578125,2015-09-22
"13050",6.57421875,2015-09-23
"13051",7.2138671875,2015-09-24
"13052",8.103515625,2015-09-25
"13053",7.7744140625,2015-09-26
"13054",7.7236328125,2015-09-27
"13055",10.353515625,2015-09-28
"13056",6.8037109375,2015-09-29
"13057",10.1142578125,2015-09-30
"13058",9.783203125,2015-10-01
"13059",10.283203125,2015-10-02
"13060",6.623046875,2015-10-03
"13061",9.142578125,2015-10-04
"13062",6.693359375,2015-10-05
"13063",13.0830078125,2015-10-06
"13064",8.11328125,2015-10-07
"13065",8.86328125,2015-10-08
"13066",10.552734375,2015-10-09
"13067",14.0029296875,2015-10-10
"13068",13.97265625,2015-10-11
"13069",9.9130859375,2015-10-12
"13070",9.8525390625,2015-10-13
"13071",9.5029296875,2015-10-14
"13072",6.462890625,2015-10-15
"13073",13.7626953125,2015-10-16
"13074",11.9033203125,2015-10-17
"13075",10.943359375,2015-10-18
"13076",9.203125,2015-10-19
"13077",15.3427734375,2015-10-20
"13078",14.892578125,2015-10-21
"13079",8.8525390625,2015-10-22
"13080",8.29296875,2015-10-23
"13081",9.5234375,2015-10-24
"13082",13.5029296875,2015-10-25
"13083",12.0634765625,2015-10-26
"13084",8.693359375,2015-10-27
"13085",11.283203125,2015-10-28
"13086",12.97265625,2015-10-29
"13087",15.5732421875,2015-10-30
"13088",14.6630859375,2015-10-31
"13089",13.251953125,2015-11-01
"13090",14.9716796875,2015-11-02
"13091",11.5517578125,2015-11-03
"13092",19.591796875,2015-11-04
"13093",15.6220703125,2015-11-05
"13094",14.4423828125,2015-11-06
"13095",12.412109375,2015-11-07
"13096",12.1015625,2015-11-08
"13097",10.0517578125,2015-11-09
"13098",14.2919921875,2015-11-10
"13099",11.1220703125,2015-11-11
"13100",13.7421875,2015-11-12
"13101",10.091796875,2015-11-13
"13102",10.421875,2015-11-14
"13103",9.912109375,2015-11-15
"13104",11.2919921875,2015-11-16
"13105",8.26171875,2015-11-17
"13106",9.5615234375,2015-11-18
"13107",16.9423828125,2015-11-19
"13108",13.9521484375,2015-11-20
"13109",9.3720703125,2015-11-21
"13110",9.58203125,2015-11-22
"13111",10.501953125,2015-11-23
"13112",11.982421875,2015-11-24
"13113",6.7119140625,2015-11-25
"13114",7.341796875,2015-11-26
"13115",8.6416015625,2015-11-27
"13116",10.412109375,2015-11-28
"13117",11.15234375,2015-11-29
"13118",10.931640625,2015-11-30
"13119",12.26171875,2015-12-01
"13120",8.232421875,2015-12-02
"13121",9.181640625,2015-12-03
"13122",10.482421875,2015-12-04
"13123",9.6318359375,2015-12-05
"13124",10.3818359375,2015-12-06
"13125",11.591796875,2015-12-07
"13126",16.7724609375,2015-12-08
"13127",15.4521484375,2015-12-09
"13128",12.8623046875,2015-12-10
"13129",12.162109375,2015-12-11
"13130",8.572265625,2015-12-12
"13131",9.0517578125,2015-12-13
"13132",11.091796875,2015-12-14
"13133",13.8720703125,2015-12-15
"13134",12.6923828125,2015-12-16
"13135",10.8623046875,2015-12-17
"13136",16.681640625,2015-12-18
"13137",12.3515625,2015-12-19
"13138",19.2021484375,2015-12-20
"13139",12.1015625,2015-12-21
"13140",10.732421875,2015-12-22
"13141",12.2919921875,2015-12-23
"13142",10.4521484375,2015-12-24
"13143",11.1318359375,2015-12-25
"13144",10.2021484375,2015-12-26
"13145",9.091796875,2015-12-27
"13146",10.171875,2015-12-28
"13147",11.4716796875,2015-12-29
"13148",10.322265625,2015-12-30
"13149",8.2919921875,2015-12-31
"13150",16.18359375,2016-01-01
"13151",12.654296875,2016-01-02
"13152",15.4638671875,2016-01-03
"13153",15.43359375,2016-01-04
"13154",14.34375,2016-01-05
"13155",14.1435546875,2016-01-06
"13156",14.5439453125,2016-01-07
"13157",12.6337890625,2016-01-08
"13158",13.103515625,2016-01-09
"13159",10.68359375,2016-01-10
"13160",11.7744140625,2016-01-11
"13161",17.3837890625,2016-01-12
"13162",13.9736328125,2016-01-13
"13163",11.6337890625,2016-01-14
"13164",8.4736328125,2016-01-15
"13165",9.984375,2016-01-16
"13166",10.3935546875,2016-01-17
"13167",10.8740234375,2016-01-18
"13168",9.4638671875,2016-01-19
"13169",21.5244140625,2016-01-20
"13170",16.9443359375,2016-01-21
"13171",23.1240234375,2016-01-22
"13172",16.2041015625,2016-01-23
"13173",13.82421875,2016-01-24
"13174",15.2041015625,2016-01-25
"13175",12.59375,2016-01-26
"13176",11.32421875,2016-01-27
"13177",14.173828125,2016-01-28
"13178",12.7041015625,2016-01-29
"13179",14.1142578125,2016-01-30
"13180",15.0439453125,2016-01-31
"13181",16.16796875,2016-02-01
"13182",18.8779296875,2016-02-02
"13183",15.0078125,2016-02-03
"13184",12.0478515625,2016-02-04
"13185",12.828125,2016-02-05
"13186",16.498046875,2016-02-06
"13187",16.7783203125,2016-02-07
"13188",14.84765625,2016-02-08
"13189",15.0078125,2016-02-09
"13190",12.8076171875,2016-02-10
"13191",14.8076171875,2016-02-11
"13192",15.4580078125,2016-02-12
"13193",15.408203125,2016-02-13
"13194",14.2275390625,2016-02-14
"13195",12.6279296875,2016-02-15
"13196",14.0576171875,2016-02-16
"13197",11.3984375,2016-02-17
"13198",15.2177734375,2016-02-18
"13199",15.34765625,2016-02-19
"13200",9.6376953125,2016-02-20
"13201",11.087890625,2016-02-21
"13202",12.7880859375,2016-02-22
"13203",14.4580078125,2016-02-23
"13204",19.7880859375,2016-02-24
"13205",18.0478515625,2016-02-25
"13206",13.998046875,2016-02-26
"13207",14.837890625,2016-02-27
"13208",13.2978515625,2016-02-28
"13209",14.3876953125,2016-02-29
"13210",12.4345703125,2016-03-01
"13211",12.8349609375,2016-03-02
"13212",15.28515625,2016-03-03
"13213",15.775390625,2016-03-04
"13214",15.35546875,2016-03-05
"13215",19.5849609375,2016-03-06
"13216",19.60546875,2016-03-07
"13217",18.6552734375,2016-03-08
"13218",20.4150390625,2016-03-09
"13219",22.5751953125,2016-03-10
"13220",21.9052734375,2016-03-11
"13221",18.705078125,2016-03-12
"13222",18.6748046875,2016-03-13
"13223",15.0947265625,2016-03-14
"13224",12.8349609375,2016-03-15
"13225",14.2548828125,2016-03-16
"13226",17.365234375,2016-03-17
"13227",10.7646484375,2016-03-18
"13228",12.365234375,2016-03-19
"13229",11.3154296875,2016-03-20
"13230",11.96484375,2016-03-21
"13231",11.4150390625,2016-03-22
"13232",13.9248046875,2016-03-23
"13233",15.724609375,2016-03-24
"13234",12.544921875,2016-03-25
"13235",11.14453125,2016-03-26
"13236",13.2548828125,2016-03-27
"13237",9.474609375,2016-03-28
"13238",10.7451171875,2016-03-29
"13239",10.35546875,2016-03-30
"13240",12.794921875,2016-03-31
"13241",10.3359375,2016-04-01
"13242",14.9462890625,2016-04-02
"13243",9.3056640625,2016-04-03
"13244",10.3662109375,2016-04-04
"13245",10.326171875,2016-04-05
"13246",13.56640625,2016-04-06
"13247",11.515625,2016-04-07
"13248",10.8759765625,2016-04-08
"13249",14.0556640625,2016-04-09
"13250",15.265625,2016-04-10
"13251",15.81640625,2016-04-11
"13252",13.5361328125,2016-04-12
"13253",12.9658203125,2016-04-13
"13254",12.3662109375,2016-04-14
"13255",10.7861328125,2016-04-15
"13256",15.435546875,2016-04-16
"13257",9.2158203125,2016-04-17
"13258",9.396484375,2016-04-18
"13259",10.7861328125,2016-04-19
"13260",9.7255859375,2016-04-20
"13261",16.6962890625,2016-04-21
"13262",12.416015625,2016-04-22
"13263",8.755859375,2016-04-23
"13264",11.6259765625,2016-04-24
"13265",9.3564453125,2016-04-25
"13266",9.2861328125,2016-04-26
"13267",8.935546875,2016-04-27
"13268",16.076171875,2016-04-28
"13269",16.2763671875,2016-04-29
"13270",13.0263671875,2016-04-30
"13271",10.2373046875,2016-05-01
"13272",11.0166015625,2016-05-02
"13273",15.126953125,2016-05-03
"13274",12.8173828125,2016-05-04
"13275",12.556640625,2016-05-05
"13276",13.5673828125,2016-05-06
"13277",13.0068359375,2016-05-07
"13278",16.0771484375,2016-05-08
"13279",12.9169921875,2016-05-09
"13280",11.3369140625,2016-05-10
"13281",12.52734375,2016-05-11
"13282",15.697265625,2016-05-12
"13283",13.6767578125,2016-05-13
"13284",11.2470703125,2016-05-14
"13285",15.6572265625,2016-05-15
"13286",13.1572265625,2016-05-16
"13287",11.197265625,2016-05-17
"13288",11.8173828125,2016-05-18
"13289",13.2666015625,2016-05-19
"13290",14.9169921875,2016-05-20
"13291",10.966796875,2016-05-21
"13292",9.7568359375,2016-05-22
"13293",11.197265625,2016-05-23
"13294",12.787109375,2016-05-24
"13295",11.13671875,2016-05-25
"13296",12.2666015625,2016-05-26
"13297",12.376953125,2016-05-27
"13298",10.4970703125,2016-05-28
"13299",8.7265625,2016-05-29
"13300",10.857421875,2016-05-30
"13301",10.9267578125,2016-05-31
"13302",12.3427734375,2016-06-01
"13303",11.0830078125,2016-06-02
"13304",11.212890625,2016-06-03
"13305",11.1826171875,2016-06-04
"13306",11.36328125,2016-06-05
"13307",12.0634765625,2016-06-06
"13308",11.86328125,2016-06-07
"13309",12.703125,2016-06-08
"13310",13.47265625,2016-06-09
"13311",11.7626953125,2016-06-10
"13312",10.6826171875,2016-06-11
"13313",9.2431640625,2016-06-12
"13314",7.123046875,2016-06-13
"13315",10.11328125,2016-06-14
"13316",9.4130859375,2016-06-15
"13317",12.783203125,2016-06-16
"13318",14.4833984375,2016-06-17
"13319",9.4833984375,2016-06-18
"13320",10.6630859375,2016-06-19
"13321",11.29296875,2016-06-20
"13322",11.5732421875,2016-06-21
"13323",10.373046875,2016-06-22
"13324",10.5234375,2016-06-23
"13325",7.962890625,2016-06-24
"13326",9.123046875,2016-06-25
"13327",8.623046875,2016-06-26
"13328",10.9931640625,2016-06-27
"13329",10.462890625,2016-06-28
"13330",8.7626953125,2016-06-29
"13331",11.5732421875,2016-06-30
"13332",10.5029296875,2016-07-01
"13333",12.3232421875,2016-07-02
"13334",10.212890625,2016-07-03
"13335",10.29296875,2016-07-04
"13336",10.8525390625,2016-07-05
"13337",11.392578125,2016-07-06
"13338",9.703125,2016-07-07
"13339",9.033203125,2016-07-08
"13340",8.7333984375,2016-07-09
"13341",10.5732421875,2016-07-10
"13342",9.6728515625,2016-07-11
"13343",7.703125,2016-07-12
"13344",8.2626953125,2016-07-13
"13345",9.5927734375,2016-07-14
"13346",7.9130859375,2016-07-15
"13347",7.97265625,2016-07-16
"13348",8.1533203125,2016-07-17
"13349",10.462890625,2016-07-18
"13350",11.5126953125,2016-07-19
"13351",12.953125,2016-07-20
"13352",14.123046875,2016-07-21
"13353",12.5732421875,2016-07-22
"13354",9.0634765625,2016-07-23
"13355",9.203125,2016-07-24
"13356",10.302734375,2016-07-25
"13357",9.212890625,2016-07-26
"13358",8.943359375,2016-07-27
"13359",10.962890625,2016-07-28
"13360",10.29296875,2016-07-29
"13361",9.0126953125,2016-07-30
"13362",12.7734375,2016-07-31
"13363",12.4228515625,2016-08-01
"13364",9.0830078125,2016-08-02
"13365",10.6630859375,2016-08-03
"13366",9.443359375,2016-08-04
"13367",8.1025390625,2016-08-05
"13368",8.7529296875,2016-08-06
"13369",8.0830078125,2016-08-07
"13370",8.052734375,2016-08-08
"13371",11.2333984375,2016-08-09
"13372",10.4228515625,2016-08-10
"13373",10.623046875,2016-08-11
"13374",9.8828125,2016-08-12
"13375",11.0634765625,2016-08-13
"13376",10.79296875,2016-08-14
"13377",9.4130859375,2016-08-15
"13378",8.033203125,2016-08-16
"13379",12.0927734375,2016-08-17
"13380",8.4931640625,2016-08-18
"13381",9.443359375,2016-08-19
"13382",10.1630859375,2016-08-20
"13383",10.392578125,2016-08-21
"13384",8.97265625,2016-08-22
"13385",10.4228515625,2016-08-23
"13386",9.5830078125,2016-08-24
"13387",8.453125,2016-08-25
"13388",8.783203125,2016-08-26
"13389",8.212890625,2016-08-27
"13390",7.6728515625,2016-08-28
"13391",9.373046875,2016-08-29
"13392",14.3134765625,2016-08-30
"13393",12.802734375,2016-08-31
"13394",11.9736328125,2016-09-01
"13395",11.5537109375,2016-09-02
"13396",11.8037109375,2016-09-03
"13397",10.833984375,2016-09-04
"13398",10.8740234375,2016-09-05
"13399",10.673828125,2016-09-06
"13400",10.2939453125,2016-09-07
"13401",12.9140625,2016-09-08
"13402",11.6142578125,2016-09-09
"13403",8.84375,2016-09-10
"13404",10.2744140625,2016-09-11
"13405",11.5439453125,2016-09-12
"13406",10.103515625,2016-09-13
"13407",9.064453125,2016-09-14
"13408",10.833984375,2016-09-15
"13409",10.3837890625,2016-09-16
"13410",9.32421875,2016-09-17
"13411",9.2744140625,2016-09-18
"13412",9.513671875,2016-09-19
"13413",10.3642578125,2016-09-20
"13414",8.9443359375,2016-09-21
"13415",8.6640625,2016-09-22
"13416",9.1240234375,2016-09-23
"13417",12.9140625,2016-09-24
"13418",9.2939453125,2016-09-25
"13419",8.82421875,2016-09-26
"13420",10.0537109375,2016-09-27
"13421",9.1142578125,2016-09-28
"13422",10.50390625,2016-09-29
"13423",12.09375,2016-09-30
"13424",9.6533203125,2016-10-01
"13425",9.5634765625,2016-10-02
"13426",10.443359375,2016-10-03
"13427",12.4033203125,2016-10-04
"13428",11.0634765625,2016-10-05
"13429",11.1826171875,2016-10-06
"13430",10.8427734375,2016-10-07
"13431",10.47265625,2016-10-08
"13432",11.5732421875,2016-10-09
"13433",9.712890625,2016-10-10
"13434",9.642578125,2016-10-11
"13435",11.302734375,2016-10-12
"13436",9.7626953125,2016-10-13
"13437",9.1826171875,2016-10-14
"13438",6.9931640625,2016-10-15
"13439",11.802734375,2016-10-16
"13440",9.9326171875,2016-10-17
"13441",10.203125,2016-10-18
"13442",8.72265625,2016-10-19
"13443",10.142578125,2016-10-20
"13444",10.8828125,2016-10-21
"13445",8.3828125,2016-10-22
"13446",7.873046875,2016-10-23
"13447",9.0830078125,2016-10-24
"13448",6.873046875,2016-10-25
"13449",13.4326171875,2016-10-26
"13450",9.7333984375,2016-10-27
"13451",10.8232421875,2016-10-28
"13452",10.1728515625,2016-10-29
"13453",12.61328125,2016-10-30
"13454",8.123046875,2016-10-31
"13455",10.931640625,2016-11-01
"13456",9.681640625,2016-11-02
"13457",11.341796875,2016-11-03
"13458",10.5517578125,2016-11-04
"13459",9.671875,2016-11-05
"13460",12.3115234375,2016-11-06
"13461",11.421875,2016-11-07
"13462",8.732421875,2016-11-08
"13463",10.751953125,2016-11-09
"13464",11.4619140625,2016-11-10
"13465",11.4423828125,2016-11-11
"13466",13.08203125,2016-11-12
"13467",10.9619140625,2016-11-13
"13468",10.9521484375,2016-11-14
"13469",10.732421875,2016-11-15
"13470",11.8515625,2016-11-16
"13471",9.921875,2016-11-17
"13472",13.0517578125,2016-11-18
"13473",10.9423828125,2016-11-19
"13474",14.33203125,2016-11-20
"13475",13.4921875,2016-11-21
"13476",11.572265625,2016-11-22
"13477",8.001953125,2016-11-23
"13478",9.2021484375,2016-11-24
"13479",11.2421875,2016-11-25
"13480",10.2119140625,2016-11-26
"13481",10.8115234375,2016-11-27
"13482",10.6123046875,2016-11-28
"13483",10.58203125,2016-11-29
"13484",11.9716796875,2016-11-30
"13485",12.0615234375,2016-12-01
"13486",12.921875,2016-12-02
"13487",9.7216796875,2016-12-03
"13488",16.15234375,2016-12-04
"13489",11.3818359375,2016-12-05
"13490",11.3115234375,2016-12-06
"13491",11.9619140625,2016-12-07
"13492",11.251953125,2016-12-08
"13493",8.76171875,2016-12-09
"13494",10.5517578125,2016-12-10
"13495",12.1015625,2016-12-11
"13496",9.8017578125,2016-12-12
"13497",9.9716796875,2016-12-13
"13498",13.822265625,2016-12-14
"13499",8.6220703125,2016-12-15
"13500",11.6015625,2016-12-16
"13501",13.7119140625,2016-12-17
"13502",9.08203125,2016-12-18
"13503",7.2822265625,2016-12-19
"13504",11.001953125,2016-12-20
"13505",11.4423828125,2016-12-21
"13506",12.732421875,2016-12-22
"13507",11.841796875,2016-12-23
"13508",14.5224609375,2016-12-24
"13509",13.232421875,2016-12-25
"13510",19.90234375,2016-12-26
"13511",22.322265625,2016-12-27
"13512",25.751953125,2016-12-28
"13513",14.2216796875,2016-12-29
"13514",16.40234375,2016-12-30
"13515",15.0419921875,2016-12-31
"13516",15.5439453125,2017-01-01
"13517",13.154296875,2017-01-02
"13518",12.3740234375,2017-01-03
"13519",14.6240234375,2017-01-04
"13520",16.82421875,2017-01-05
"13521",17.494140625,2017-01-06
"13522",15.083984375,2017-01-07
"13523",17.103515625,2017-01-08
"13524",16.7939453125,2017-01-09
"13525",16.7041015625,2017-01-10
"13526",14.1943359375,2017-01-11
"13527",13.82421875,2017-01-12
"13528",23.8935546875,2017-01-13
"13529",12.013671875,2017-01-14
"13530",12.9140625,2017-01-15
"13531",13.904296875,2017-01-16
"13532",11.7744140625,2017-01-17
"13533",13.9638671875,2017-01-18
"13534",11.603515625,2017-01-19
"13535",15.6240234375,2017-01-20
"13536",12.833984375,2017-01-21
"13537",14.1142578125,2017-01-22
"13538",15.2841796875,2017-01-23
"13539",14.50390625,2017-01-24
"13540",12.564453125,2017-01-25
"13541",13.7236328125,2017-01-26
"13542",15.0439453125,2017-01-27
"13543",15.744140625,2017-01-28
"13544",14.0244140625,2017-01-29
"13545",19.353515625,2017-01-30
"13546",13.734375,2017-01-31
"13547",12.337890625,2017-02-01
"13548",14.3076171875,2017-02-02
"13549",14.0380859375,2017-02-03
"13550",14.48828125,2017-02-04
"13551",22.3583984375,2017-02-05
"13552",16.48828125,2017-02-06
"13553",13.0283203125,2017-02-07
"13554",20.2978515625,2017-02-08
"13555",21.427734375,2017-02-09
"13556",22.677734375,2017-02-10
"13557",21.837890625,2017-02-11
"13558",11.8984375,2017-02-12
"13559",12.587890625,2017-02-13
"13560",14.3076171875,2017-02-14
"13561",11.2880859375,2017-02-15
"13562",17.578125,2017-02-16
"13563",12.5478515625,2017-02-17
"13564",10.7177734375,2017-02-18
"13565",12.41796875,2017-02-19
"13566",11.427734375,2017-02-20
"13567",10.34765625,2017-02-21
"13568",7.84765625,2017-02-22
"13569",14.5283203125,2017-02-23
"13570",11.818359375,2017-02-24
"13571",11.8681640625,2017-02-25
"13572",11.59765625,2017-02-26
"13573",14.8984375,2017-02-27
"13574",12.2177734375,2017-02-28
"13575",12.224609375,2017-03-01
"13576",16.85546875,2017-03-02
"13577",16.39453125,2017-03-03
"13578",16.78515625,2017-03-04
"13579",14.2353515625,2017-03-05
"13580",15.0146484375,2017-03-06
"13581",16.525390625,2017-03-07
"13582",15.21484375,2017-03-08
"13583",14.7353515625,2017-03-09
"13584",13.4052734375,2017-03-10
"13585",12.3349609375,2017-03-11
"13586",16.6748046875,2017-03-12
"13587",15.9345703125,2017-03-13
"13588",17.9951171875,2017-03-14
"13589",14.6845703125,2017-03-15
"13590",12.4453125,2017-03-16
"13591",11.0146484375,2017-03-17
"13592",11.4951171875,2017-03-18
"13593",13.375,2017-03-19
"13594",15.634765625,2017-03-20
"13595",19.955078125,2017-03-21
"13596",17.1845703125,2017-03-22
"13597",15.9052734375,2017-03-23
"13598",17.4052734375,2017-03-24
"13599",19.615234375,2017-03-25
"13600",18.705078125,2017-03-26
"13601",16.5546875,2017-03-27
"13602",13.875,2017-03-28
"13603",15.1845703125,2017-03-29
"13604",11.025390625,2017-03-30
"13605",10.2548828125,2017-03-31
"13606",13.7958984375,2017-04-01
"13607",10.3056640625,2017-04-02
"13608",9.6259765625,2017-04-03
"13609",11.4658203125,2017-04-04
"13610",10.5556640625,2017-04-05
"13611",10.986328125,2017-04-06
"13612",9.826171875,2017-04-07
"13613",11.1962890625,2017-04-08
"13614",8.8857421875,2017-04-09
"13615",10.42578125,2017-04-10
"13616",12.9755859375,2017-04-11
"13617",13.076171875,2017-04-12
"13618",12.6259765625,2017-04-13
"13619",12.916015625,2017-04-14
"13620",12.3759765625,2017-04-15
"13621",11.8759765625,2017-04-16
"13622",11.8662109375,2017-04-17
"13623",10.685546875,2017-04-18
"13624",11.146484375,2017-04-19
"13625",19.56640625,2017-04-20
"13626",17.9462890625,2017-04-21
"13627",15.5263671875,2017-04-22
"13628",15.576171875,2017-04-23
"13629",17.005859375,2017-04-24
"13630",15.3056640625,2017-04-25
"13631",8.765625,2017-04-26
"13632",10.9755859375,2017-04-27
"13633",14.345703125,2017-04-28
"13634",12.916015625,2017-04-29
"13635",12.24609375,2017-04-30
"13636",14.357421875,2017-05-01
"13637",10.3974609375,2017-05-02
"13638",11.5166015625,2017-05-03
"13639",8.52734375,2017-05-04
"13640",8.77734375,2017-05-05
"13641",11.4169921875,2017-05-06
"13642",8.9873046875,2017-05-07
"13643",9.3671875,2017-05-08
"13644",10.546875,2017-05-09
"13645",10.2373046875,2017-05-10
"13646",10.1865234375,2017-05-11
"13647",10.5166015625,2017-05-12
"13648",10.4365234375,2017-05-13
"13649",9.9169921875,2017-05-14
"13650",9.607421875,2017-05-15
"13651",7.787109375,2017-05-16
"13652",12.966796875,2017-05-17
"13653",11.607421875,2017-05-18
"13654",13.357421875,2017-05-19
"13655",13.1474609375,2017-05-20
"13656",12.056640625,2017-05-21
"13657",10.52734375,2017-05-22
"13658",13.9072265625,2017-05-23
"13659",13.7568359375,2017-05-24
"13660",13.376953125,2017-05-25
"13661",13.4267578125,2017-05-26
"13662",11.2470703125,2017-05-27
"13663",10.88671875,2017-05-28
"13664",11.9970703125,2017-05-29
"13665",9.9267578125,2017-05-30
"13666",8.4267578125,2017-05-31
"13667",7.9326171875,2017-06-01
"13668",8.123046875,2017-06-02
"13669",8.212890625,2017-06-03
"13670",8.443359375,2017-06-04
"13671",10.5732421875,2017-06-05
"13672",10.97265625,2017-06-06
"13673",8.712890625,2017-06-07
"13674",9.9326171875,2017-06-08
"13675",10.0234375,2017-06-09
"13676",10.373046875,2017-06-10
"13677",9.4130859375,2017-06-11
"13678",11.6728515625,2017-06-12
"13679",11.203125,2017-06-13
"13680",10.4228515625,2017-06-14
"13681",9.5830078125,2017-06-15
"13682",10.623046875,2017-06-16
"13683",11.4833984375,2017-06-17
"13684",11.5634765625,2017-06-18
"13685",10.642578125,2017-06-19
"13686",9.623046875,2017-06-20
"13687",10.1826171875,2017-06-21
"13688",8.9033203125,2017-06-22
"13689",8.5927734375,2017-06-23
"13690",10.703125,2017-06-24
"13691",11.033203125,2017-06-25
"13692",11.4228515625,2017-06-26
"13693",10.302734375,2017-06-27
"13694",10.2529296875,2017-06-28
"13695",10.193359375,2017-06-29
"13696",9.693359375,2017-06-30
"13697",8.2431640625,2017-07-01
"13698",7.5732421875,2017-07-02
"13699",7.9130859375,2017-07-03
"13700",13.04296875,2017-07-04
"13701",11.193359375,2017-07-05
"13702",10.2734375,2017-07-06
"13703",11.0234375,2017-07-07
"13704",10.5234375,2017-07-08
"13705",10.8134765625,2017-07-09
"13706",10.142578125,2017-07-10
"13707",9.8330078125,2017-07-11
"13708",7.7431640625,2017-07-12
"13709",8.4033203125,2017-07-13
"13710",10.6533203125,2017-07-14
"13711",9.373046875,2017-07-15
"13712",7.943359375,2017-07-16
"13713",11.4326171875,2017-07-17
"13714",10.5234375,2017-07-18
"13715",9.7529296875,2017-07-19
"13716",8.533203125,2017-07-20
"13717",7.6826171875,2017-07-21
"13718",7.5732421875,2017-07-22
"13719",12.5029296875,2017-07-23
"13720",11.1533203125,2017-07-24
"13721",10.9326171875,2017-07-25
"13722",11.712890625,2017-07-26
"13723",9.1025390625,2017-07-27
"13724",10.7333984375,2017-07-28
"13725",6.47265625,2017-07-29
"13726",11.193359375,2017-07-30
"13727",10.22265625,2017-07-31
"13728",10.193359375,2017-08-01
"13729",7.72265625,2017-08-02
"13730",9.6630859375,2017-08-03
"13731",10.47265625,2017-08-04
"13732",10.1533203125,2017-08-05
"13733",9.1328125,2017-08-06
"13734",10.22265625,2017-08-07
"13735",11.0126953125,2017-08-08
"13736",8.4033203125,2017-08-09
"13737",7.54296875,2017-08-10
"13738",10.552734375,2017-08-11
"13739",10.3232421875,2017-08-12
"13740",7.5830078125,2017-08-13
"13741",11.2734375,2017-08-14
"13742",15.283203125,2017-08-15
"13743",11.2333984375,2017-08-16
"13744",10.703125,2017-08-17
"13745",8.54296875,2017-08-18
"13746",9.1025390625,2017-08-19
"13747",7.1025390625,2017-08-20
"13748",10.0126953125,2017-08-21
"13749",10.5126953125,2017-08-22
"13750",11.86328125,2017-08-23
"13751",10.123046875,2017-08-24
"13752",8.72265625,2017-08-25
"13753",9.0732421875,2017-08-26
"13754",9.2734375,2017-08-27
"13755",8.0830078125,2017-08-28
"13756",9.36328125,2017-08-29
"13757",9.5126953125,2017-08-30
"13758",8.2529296875,2017-08-31
"13759",6.654296875,2017-09-01
"13760",13.6337890625,2017-09-02
"13761",9.43359375,2017-09-03
"13762",9.154296875,2017-09-04
"13763",9.0439453125,2017-09-05
"13764",10.494140625,2017-09-06
"13765",10.82421875,2017-09-07
"13766",10.9638671875,2017-09-08
"13767",8.583984375,2017-09-09
"13768",8.984375,2017-09-10
"13769",8.34375,2017-09-11
"13770",13.50390625,2017-09-12
"13771",9.013671875,2017-09-13
"13772",9.8642578125,2017-09-14
"13773",11.82421875,2017-09-15
"13774",8.1240234375,2017-09-16
"13775",7.314453125,2017-09-17
"13776",13.1240234375,2017-09-18
"13777",9.7041015625,2017-09-19
"13778",9.513671875,2017-09-20
"13779",11.4443359375,2017-09-21
"13780",12.1337890625,2017-09-22
"13781",13.2841796875,2017-09-23
"13782",10.673828125,2017-09-24
"13783",11.2939453125,2017-09-25
"13784",8.59375,2017-09-26
"13785",11.1337890625,2017-09-27
"13786",11.314453125,2017-09-28
"13787",10.9443359375,2017-09-29
"13788",9.93359375,2017-09-30
"13789",10.203125,2017-10-01
"13790",10.4931640625,2017-10-02
"13791",10.802734375,2017-10-03
"13792",8.2734375,2017-10-04
"13793",12.3232421875,2017-10-05
"13794",8.4228515625,2017-10-06
"13795",9.8134765625,2017-10-07
"13796",13.4130859375,2017-10-08
"13797",11.1630859375,2017-10-09
"13798",10.1826171875,2017-10-10
"13799",15.3828125,2017-10-11
"13800",10.4228515625,2017-10-12
"13801",12.6533203125,2017-10-13
"13802",11.6025390625,2017-10-14
"13803",12.193359375,2017-10-15
"13804",13.693359375,2017-10-16
"13805",11.0732421875,2017-10-17
"13806",13.2333984375,2017-10-18
"13807",15.4931640625,2017-10-19
"13808",8.5830078125,2017-10-20
"13809",9.36328125,2017-10-21
"13810",11.3232421875,2017-10-22
"13811",11.953125,2017-10-23
"13812",12.552734375,2017-10-24
"13813",14.6533203125,2017-10-25
"13814",13.392578125,2017-10-26
"13815",12.8134765625,2017-10-27
"13816",10.623046875,2017-10-28
"13817",8.3828125,2017-10-29
"13818",8.4326171875,2017-10-30
"13819",9.3427734375,2017-10-31
"13820",11.5517578125,2017-11-01
"13821",11.732421875,2017-11-02
"13822",8.3818359375,2017-11-03
"13823",6.412109375,2017-11-04
"13824",7.26171875,2017-11-05
"13825",9.001953125,2017-11-06
"13826",9.6220703125,2017-11-07
"13827",8.8720703125,2017-11-08
"13828",9.912109375,2017-11-09
"13829",9.1123046875,2017-11-10
"13830",8.7119140625,2017-11-11
"13831",10.6923828125,2017-11-12
"13832",10.482421875,2017-11-13
"13833",9.7919921875,2017-11-14
"13834",19.162109375,2017-11-15
"13835",12.7421875,2017-11-16
"13836",14.572265625,2017-11-17
"13837",15.0322265625,2017-11-18
"13838",16.3515625,2017-11-19
"13839",15.4716796875,2017-11-20
"13840",13.65234375,2017-11-21
"13841",9.9521484375,2017-11-22
"13842",18.1318359375,2017-11-23
"13843",16.8515625,2017-11-24
"13844",17.5322265625,2017-11-25
"13845",16.08203125,2017-11-26
"13846",12.091796875,2017-11-27
"13847",17.1923828125,2017-11-28
"13848",13.841796875,2017-11-29
"13849",17.072265625,2017-11-30
"13850",16.6318359375,2017-12-01
"13851",11.83203125,2017-12-02
"13852",10.341796875,2017-12-03
"13853",11.8623046875,2017-12-04
"13854",10.732421875,2017-12-05
"13855",11.2822265625,2017-12-06
"13856",12.8720703125,2017-12-07
"13857",10.572265625,2017-12-08
"13858",13.1015625,2017-12-09
"13859",13.65234375,2017-12-10
"13860",13.322265625,2017-12-11
"13861",12.982421875,2017-12-12
"13862",8.322265625,2017-12-13
"13863",17.51171875,2017-12-14
"13864",12.732421875,2017-12-15
"13865",13.6015625,2017-12-16
"13866",14.1220703125,2017-12-17
"13867",12.0419921875,2017-12-18
"13868",18.1923828125,2017-12-19
"13869",15.0322265625,2017-12-20
"13870",12.1923828125,2017-12-21
"13871",14.3515625,2017-12-22
"13872",9.0224609375,2017-12-23
"13873",11.171875,2017-12-24
"13874",10.58203125,2017-12-25
"13875",10.3818359375,2017-12-26
"13876",8.65234375,2017-12-27
"13877",20.7119140625,2017-12-28
"13878",16.83203125,2017-12-29
"13879",15.7822265625,2017-12-30
"13880",12.662109375,2017-12-31
"13881",13.82421875,2018-01-01
"13882",13.5341796875,2018-01-02
"13883",11.9541015625,2018-01-03
"13884",13.314453125,2018-01-04
"13885",13.4140625,2018-01-05
"13886",8.7939453125,2018-01-06
"13887",14.7138671875,2018-01-07
"13888",13.3935546875,2018-01-08
"13889",13.353515625,2018-01-09
"13890",10.2939453125,2018-01-10
"13891",10.984375,2018-01-11
"13892",21.3740234375,2018-01-12
"13893",14.2041015625,2018-01-13
"13894",11.5244140625,2018-01-14
"13895",13.8740234375,2018-01-15
"13896",14.6337890625,2018-01-16
"13897",10.3740234375,2018-01-17
"13898",5.82421875,2018-01-18
"13899",7.6943359375,2018-01-19
"13900",17.93359375,2018-01-20
"13901",17.6943359375,2018-01-21
"13902",17.173828125,2018-01-22
"13903",13.1640625,2018-01-23
"13904",14.2939453125,2018-01-24
"13905",15.1142578125,2018-01-25
"13906",14.244140625,2018-01-26
"13907",13.583984375,2018-01-27
"13908",14.9736328125,2018-01-28
"13909",21.923828125,2018-01-29
"13910",11.6337890625,2018-01-30
"13911",10.154296875,2018-01-31
"13912",8.998046875,2018-02-01
"13913",11.59765625,2018-02-02
"13914",13.017578125,2018-02-03
"13915",14.318359375,2018-02-04
"13916",14.3779296875,2018-02-05
"13917",12.087890625,2018-02-06
"13918",12.8076171875,2018-02-07
"13919",11.6982421875,2018-02-08
"13920",14.267578125,2018-02-09
"13921",16.0380859375,2018-02-10
"13922",13.4677734375,2018-02-11
"13923",11.34765625,2018-02-12
"13924",13.9580078125,2018-02-13
"13925",13.1083984375,2018-02-14
"13926",12.318359375,2018-02-15
"13927",14.658203125,2018-02-16
"13928",13.7783203125,2018-02-17
"13929",14.908203125,2018-02-18
"13930",16.517578125,2018-02-19
"13931",16.1376953125,2018-02-20
"13932",18.318359375,2018-02-21
"13933",20.5478515625,2018-02-22
"13934",16.248046875,2018-02-23
"13935",19.7978515625,2018-02-24
"13936",13.5478515625,2018-02-25
"13937",10.4482421875,2018-02-26
"13938",11.9775390625,2018-02-27
"13939",13.6181640625,2018-02-28
"13940",12.794921875,2018-03-01
"13941",13.14453125,2018-03-02
"13942",15.384765625,2018-03-03
"13943",15.2548828125,2018-03-04
"13944",11.0751953125,2018-03-05
"13945",12.0146484375,2018-03-06
"13946",13.5849609375,2018-03-07
"13947",10.275390625,2018-03-08
"13948",10.384765625,2018-03-09
"13949",10.96484375,2018-03-10
"13950",16.205078125,2018-03-11
"13951",12.044921875,2018-03-12
"13952",11.9248046875,2018-03-13
"13953",12.6650390625,2018-03-14
"13954",12.5849609375,2018-03-15
"13955",12.9052734375,2018-03-16
"13956",10.974609375,2018-03-17
"13957",10.884765625,2018-03-18
"13958",14.1748046875,2018-03-19
"13959",12.6552734375,2018-03-20
"13960",9.5048828125,2018-03-21
"13961",12.525390625,2018-03-22
"13962",15.60546875,2018-03-23
"13963",15.3251953125,2018-03-24
"13964",13.9951171875,2018-03-25
"13965",9.35546875,2018-03-26
"13966",9.375,2018-03-27
"13967",16.634765625,2018-03-28
"13968",12.794921875,2018-03-29
"13969",15.4248046875,2018-03-30
"13970",12.5048828125,2018-03-31
"13971",12.005859375,2018-04-01
"13972",12.1064453125,2018-04-02
"13973",12.4560546875,2018-04-03
"13974",12.826171875,2018-04-04
"13975",12.646484375,2018-04-05
"13976",13.345703125,2018-04-06
"13977",12.5556640625,2018-04-07
"13978",7.935546875,2018-04-08
"13979",11.2958984375,2018-04-09
"13980",8.67578125,2018-04-10
"13981",11.435546875,2018-04-11
"13982",14.646484375,2018-04-12
"13983",14.076171875,2018-04-13
"13984",15.3759765625,2018-04-14
"13985",16.4462890625,2018-04-15
"13986",16.765625,2018-04-16
"13987",11.146484375,2018-04-17
"13988",9.56640625,2018-04-18
"13989",12.42578125,2018-04-19
"13990",11.31640625,2018-04-20
"13991",15.0263671875,2018-04-21
"13992",14.8759765625,2018-04-22
"13993",10.3759765625,2018-04-23
"13994",18.765625,2018-04-24
"13995",14.7060546875,2018-04-25
"13996",13.595703125,2018-04-26
"13997",11.06640625,2018-04-27
"13998",10.646484375,2018-04-28
"13999",11.236328125,2018-04-29
"14000",11.9560546875,2018-04-30
"14001",8.3974609375,2018-05-01
"14002",7.7568359375,2018-05-02
"14003",16.1171875,2018-05-03
"14004",9.4765625,2018-05-04
"14005",12.626953125,2018-05-05
"14006",12.88671875,2018-05-06
"14007",8.4765625,2018-05-07
"14008",12.6767578125,2018-05-08
"14009",11.7666015625,2018-05-09
"14010",9.8369140625,2018-05-10
"14011",9.7470703125,2018-05-11
"14012",9.63671875,2018-05-12
"14013",11.556640625,2018-05-13
"14014",10.45703125,2018-05-14
"14015",12.52734375,2018-05-15
"14016",8.4267578125,2018-05-16
"14017",8.9765625,2018-05-17
"14018",14.5869140625,2018-05-18
"14019",13.716796875,2018-05-19
"14020",11.126953125,2018-05-20
"14021",12.0673828125,2018-05-21
"14022",11.2470703125,2018-05-22
"14023",12.0166015625,2018-05-23
"14024",11.1865234375,2018-05-24
"14025",9.056640625,2018-05-25
"14026",9.0869140625,2018-05-26
"14027",12.2265625,2018-05-27
"14028",14.2265625,2018-05-28
"14029",10.6572265625,2018-05-29
"14030",9.0966796875,2018-05-30
"14031",12.5771484375,2018-05-31
"14032",7.8427734375,2018-06-01
"14033",7.953125,2018-06-02
"14034",9.29296875,2018-06-03
"14035",12.302734375,2018-06-04
"14036",10.3330078125,2018-06-05
"14037",9.0234375,2018-06-06
"14038",6.8232421875,2018-06-07
"14039",12.892578125,2018-06-08
"14040",13.1025390625,2018-06-09
"14041",12.47265625,2018-06-10
"14042",12.3330078125,2018-06-11
"14043",12.203125,2018-06-12
"14044",11.712890625,2018-06-13
"14045",11.8232421875,2018-06-14
"14046",10.1328125,2018-06-15
"14047",8.6826171875,2018-06-16
"14048",9.8134765625,2018-06-17
"14049",9.962890625,2018-06-18
"14050",8.0732421875,2018-06-19
"14051",7.7333984375,2018-06-20
"14052",8.9833984375,2018-06-21
"14053",7.9833984375,2018-06-22
"14054",8.4033203125,2018-06-23
"14055",10.873046875,2018-06-24
"14056",7.6025390625,2018-06-25
"14057",7.033203125,2018-06-26
"14058",8.1328125,2018-06-27
"14059",7.6826171875,2018-06-28
"14060",6.7431640625,2018-06-29
"14061",8.9326171875,2018-06-30
"14062",8.283203125,2018-07-01
"14063",7.22265625,2018-07-02
"14064",6.6826171875,2018-07-03
"14065",6.4326171875,2018-07-04
"14066",7.4326171875,2018-07-05
"14067",8.943359375,2018-07-06
"14068",9.0029296875,2018-07-07
"14069",11.1025390625,2018-07-08
"14070",9.9931640625,2018-07-09
"14071",8.6533203125,2018-07-10
"14072",9.9033203125,2018-07-11
"14073",11.0126953125,2018-07-12
"14074",8.5927734375,2018-07-13
"14075",6.9931640625,2018-07-14
"14076",6.4833984375,2018-07-15
"14077",10.7734375,2018-07-16
"14078",10.283203125,2018-07-17
"14079",9.7333984375,2018-07-18
"14080",10.0732421875,2018-07-19
"14081",8.4033203125,2018-07-20
"14082",9.9833984375,2018-07-21
"14083",6.8232421875,2018-07-22
"14084",6.1728515625,2018-07-23
"14085",11.7431640625,2018-07-24
"14086",12.5927734375,2018-07-25
"14087",11.962890625,2018-07-26
"14088",10.552734375,2018-07-27
"14089",10.1826171875,2018-07-28
"14090",8.7529296875,2018-07-29
"14091",10.0634765625,2018-07-30
"14092",11.623046875,2018-07-31
"14093",11.802734375,2018-08-01
"14094",7.3427734375,2018-08-02
"14095",10.3134765625,2018-08-03
"14096",9.3232421875,2018-08-04
"14097",6.7431640625,2018-08-05
"14098",8.79296875,2018-08-06
"14099",9.703125,2018-08-07
"14100",11.97265625,2018-08-08
"14101",9.9326171875,2018-08-09
"14102",7.3330078125,2018-08-10
"14103",8.5634765625,2018-08-11
"14104",10.04296875,2018-08-12
"14105",10.97265625,2018-08-13
"14106",9.0830078125,2018-08-14
"14107",11.1826171875,2018-08-15
"14108",9.7734375,2018-08-16
"14109",10.302734375,2018-08-17
"14110",8.7734375,2018-08-18
"14111",7.86328125,2018-08-19
"14112",7.9326171875,2018-08-20
"14113",9.462890625,2018-08-21
"14114",7.3828125,2018-08-22
"14115",5.4033203125,2018-08-23
"14116",6.962890625,2018-08-24
"14117",9.2333984375,2018-08-25
"14118",9.0732421875,2018-08-26
"14119",8.193359375,2018-08-27
"14120",6.443359375,2018-08-28
"14121",6.8427734375,2018-08-29
"14122",6.4228515625,2018-08-30
"14123",11.703125,2018-08-31
"14124",11.5341796875,2018-09-01
"14125",8.9541015625,2018-09-02
"14126",8.4541015625,2018-09-03
"14127",7.34375,2018-09-04
"14128",5.32421875,2018-09-05
"14129",10.484375,2018-09-06
"14130",9.4140625,2018-09-07
"14131",8.43359375,2018-09-08
"14132",9.6435546875,2018-09-09
"14133",12.2138671875,2018-09-10
"14134",5.484375,2018-09-11
"14135",9.4638671875,2018-09-12
"14136",10.1337890625,2018-09-13
"14137",6.93359375,2018-09-14
"14138",7.75390625,2018-09-15
"14139",8.6337890625,2018-09-16
"14140",7.1337890625,2018-09-17
"14141",8.8837890625,2018-09-18
"14142",8.5537109375,2018-09-19
"14143",11.3037109375,2018-09-20
"14144",10.904296875,2018-09-21
"14145",10.994140625,2018-09-22
"14146",11.2744140625,2018-09-23
"14147",6.8837890625,2018-09-24
"14148",7.673828125,2018-09-25
"14149",7.57421875,2018-09-26
"14150",10.8837890625,2018-09-27
"14151",9.2939453125,2018-09-28
"14152",7.43359375,2018-09-29
"14153",7.7939453125,2018-09-30
"14154",5.6328125,2018-10-01
"14155",6.1728515625,2018-10-02
"14156",12.9228515625,2018-10-03
"14157",9.2626953125,2018-10-04
"14158",8.4033203125,2018-10-05
"14159",10.47265625,2018-10-06
"14160",10.5126953125,2018-10-07
"14161",9.0732421875,2018-10-08
"14162",13.61328125,2018-10-09
"14163",7.443359375,2018-10-10
"14164",8.8828125,2018-10-11
"14165",9.8525390625,2018-10-12
"14166",11.123046875,2018-10-13
"14167",11.61328125,2018-10-14
"14168",14.4833984375,2018-10-15
"14169",13.5234375,2018-10-16
"14170",13.0126953125,2018-10-17
"14171",12.1328125,2018-10-18
"14172",8.4033203125,2018-10-19
"14173",9.54296875,2018-10-20
"14174",10.4033203125,2018-10-21
"14175",7.0234375,2018-10-22
"14176",9.7626953125,2018-10-23
"14177",7.6025390625,2018-10-24
"14178",7.86328125,2018-10-25
"14179",10.3330078125,2018-10-26
"14180",11.2431640625,2018-10-27
"14181",11.3134765625,2018-10-28
"14182",9.642578125,2018-10-29
"14183",8.8427734375,2018-10-30
"14184",10.6630859375,2018-10-31
"14185",13.08203125,2018-11-01
"14186",19.3115234375,2018-11-02
"14187",11.1923828125,2018-11-03
"14188",11.8720703125,2018-11-04
"14189",18.322265625,2018-11-05
"14190",14.90234375,2018-11-06
"14191",8.322265625,2018-11-07
"14192",8.9921875,2018-11-08
"14193",8.921875,2018-11-09
"14194",10.9619140625,2018-11-10
"14195",10.7021484375,2018-11-11
"14196",7.162109375,2018-11-12
"14197",16.0224609375,2018-11-13
"14198",12.912109375,2018-11-14
"14199",9.7216796875,2018-11-15
"14200",10.51171875,2018-11-16
"14201",9.08203125,2018-11-17
"14202",8.2919921875,2018-11-18
"14203",6.5419921875,2018-11-19
"14204",14.1416015625,2018-11-20
"14205",10.6015625,2018-11-21
"14206",9.8818359375,2018-11-22
"14207",8.4716796875,2018-11-23
"14208",10.232421875,2018-11-24
"14209",12.662109375,2018-11-25
"14210",10.751953125,2018-11-26
"14211",13.1923828125,2018-11-27
"14212",11.2021484375,2018-11-28
"14213",10.931640625,2018-11-29
"14214",10.7216796875,2018-11-30
"14215",8.7421875,2018-12-01
"14216",9.662109375,2018-12-02
"14217",13.6123046875,2018-12-03
"14218",14.3115234375,2018-12-04
"14219",11.6220703125,2018-12-05
"14220",9.7421875,2018-12-06
"14221",11.4921875,2018-12-07
"14222",18.7421875,2018-12-08
"14223",15.8916015625,2018-12-09
"14224",11.6416015625,2018-12-10
"14225",12.58203125,2018-12-11
"14226",13.83203125,2018-12-12
"14227",9.7724609375,2018-12-13
"14228",16.7919921875,2018-12-14
"14229",16.4619140625,2018-12-15
"14230",17.8623046875,2018-12-16
"14231",16.5517578125,2018-12-17
"14232",17.3115234375,2018-12-18
"14233",16.671875,2018-12-19
"14234",15.2119140625,2018-12-20
"14235",11.8115234375,2018-12-21
"14236",12.2421875,2018-12-22
"14237",11.33203125,2018-12-23
"14238",10.162109375,2018-12-24
"14239",12.412109375,2018-12-25
"14240",12.8916015625,2018-12-26
"14241",10.3818359375,2018-12-27
"14242",15.90234375,2018-12-28
"14243",17.001953125,2018-12-29
"14244",14.3515625,2018-12-30
"14245",13.0419921875,2018-12-31
"14246",11.4541015625,2019-01-01
"14247",15.4736328125,2019-01-02
"14248",14.484375,2019-01-03
"14249",18.9140625,2019-01-04
"14250",11.7841796875,2019-01-05
"14251",13.173828125,2019-01-06
"14252",13.93359375,2019-01-07
"14253",13.994140625,2019-01-08
"14254",11.2041015625,2019-01-09
"14255",9.4541015625,2019-01-10
"14256",10.263671875,2019-01-11
"14257",13.4638671875,2019-01-12
"14258",11.833984375,2019-01-13
"14259",13.7841796875,2019-01-14
"14260",11.6142578125,2019-01-15
"14261",13.4638671875,2019-01-16
"14262",17.43359375,2019-01-17
"14263",21.154296875,2019-01-18
"14264",13.6337890625,2019-01-19
"14265",11.6142578125,2019-01-20
"14266",17.09375,2019-01-21
"14267",16.50390625,2019-01-22
"14268",13.9638671875,2019-01-23
"14269",11.064453125,2019-01-24
"14270",16.853515625,2019-01-25
"14271",16.4443359375,2019-01-26
"14272",13.3037109375,2019-01-27
"14273",14.734375,2019-01-28
"14274",14.333984375,2019-01-29
"14275",9.84375,2019-01-30
"14276",12.353515625,2019-01-31
"14277",8.177734375,2019-02-01
"14278",10.1279296875,2019-02-02
"14279",9.7275390625,2019-02-03
"14280",15.4775390625,2019-02-04
"14281",12.578125,2019-02-05
"14282",17.568359375,2019-02-06
"14283",17.587890625,2019-02-07
"14284",12.9580078125,2019-02-08
"14285",15.5380859375,2019-02-09
"14286",10.9775390625,2019-02-10
"14287",14.748046875,2019-02-11
"14288",14.6982421875,2019-02-12
"14289",10.6982421875,2019-02-13
"14290",10.7783203125,2019-02-14
"14291",13.578125,2019-02-15
"14292",13.0576171875,2019-02-16
"14293",9.9775390625,2019-02-17
"14294",15.2177734375,2019-02-18
"14295",10.658203125,2019-02-19
"14296",12.5478515625,2019-02-20
"14297",13.23828125,2019-02-21
"14298",12.5478515625,2019-02-22
"14299",13.568359375,2019-02-23
"14300",11.66796875,2019-02-24
"14301",10.0380859375,2019-02-25
"14302",14.2978515625,2019-02-26
"14303",15.408203125,2019-02-27
"14304",13.568359375,2019-02-28
"14305",11.8154296875,2019-03-01
"14306",10.5146484375,2019-03-02
"14307",17.6953125,2019-03-03
"14308",14.794921875,2019-03-04
"14309",14.5751953125,2019-03-05
"14310",9.294921875,2019-03-06
"14311",8.125,2019-03-07
"14312",8.6845703125,2019-03-08
"14313",16.9248046875,2019-03-09
"14314",18.1552734375,2019-03-10
"14315",15.7451171875,2019-03-11
"14316",14.865234375,2019-03-12
"14317",9.9345703125,2019-03-13
"14318",9.884765625,2019-03-14
"14319",13.7548828125,2019-03-15
"14320",14.044921875,2019-03-16
"14321",14.0751953125,2019-03-17
"14322",13.4853515625,2019-03-18
"14323",13.7353515625,2019-03-19
"14324",16.544921875,2019-03-20
"14325",15.9951171875,2019-03-21
"14326",17.0947265625,2019-03-22
"14327",18.9248046875,2019-03-23
"14328",18.4853515625,2019-03-24
"14329",10.625,2019-03-25
"14330",10.9150390625,2019-03-26
"14331",12.5947265625,2019-03-27
"14332",10.9453125,2019-03-28
"14333",16.7548828125,2019-03-29
"14334",9.3447265625,2019-03-30
"14335",13.4453125,2019-03-31
"14336",11.095703125,2019-04-01
"14337",12.005859375,2019-04-02
"14338",9.49609375,2019-04-03
"14339",10.49609375,2019-04-04
"14340",10.146484375,2019-04-05
"14341",11.81640625,2019-04-06
"14342",12.765625,2019-04-07
"14343",14.9658203125,2019-04-08
"14344",8.8359375,2019-04-09
"14345",8.8564453125,2019-04-10
"14346",8.666015625,2019-04-11
"14347",6.8759765625,2019-04-12
"14348",9.185546875,2019-04-13
"14349",15.755859375,2019-04-14
"14350",7.265625,2019-04-15
"14351",9.92578125,2019-04-16
"14352",12.845703125,2019-04-17
"14353",9.65625,2019-04-18
"14354",7.74609375,2019-04-19
"14355",8.646484375,2019-04-20
"14356",13.765625,2019-04-21
"14357",10.2861328125,2019-04-22
"14358",10.0263671875,2019-04-23
"14359",11.90625,2019-04-24
"14360",12.595703125,2019-04-25
"14361",12.416015625,2019-04-26
"14362",8.6962890625,2019-04-27
"14363",10.755859375,2019-04-28
"14364",11.4658203125,2019-04-29
"14365",8.2958984375,2019-04-30
"14366",12.6767578125,2019-05-01
"14367",11.6865234375,2019-05-02
"14368",12.7470703125,2019-05-03
"14369",11.556640625,2019-05-04
"14370",9.77734375,2019-05-05
"14371",10.27734375,2019-05-06
"14372",9.546875,2019-05-07
"14373",10.38671875,2019-05-08
"14374",11.697265625,2019-05-09
"14375",8.5771484375,2019-05-10
"14376",12.857421875,2019-05-11
"14377",12.796875,2019-05-12
"14378",10.296875,2019-05-13
"14379",11.70703125,2019-05-14
"14380",11.88671875,2019-05-15
"14381",11.8466796875,2019-05-16
"14382",9.0673828125,2019-05-17
"14383",9.796875,2019-05-18
"14384",11.7666015625,2019-05-19
"14385",11.7265625,2019-05-20
"14386",11.5166015625,2019-05-21
"14387",10.126953125,2019-05-22
"14388",12.626953125,2019-05-23
"14389",12.787109375,2019-05-24
"14390",14.02734375,2019-05-25
"14391",11.1767578125,2019-05-26
"14392",8.7373046875,2019-05-27
"14393",12.3173828125,2019-05-28
"14394",9.1767578125,2019-05-29
"14395",9.1171875,2019-05-30
"14396",12.376953125,2019-05-31
"14397",10.392578125,2019-06-01
"14398",12.0126953125,2019-06-02
"14399",9.4130859375,2019-06-03
"14400",9.8330078125,2019-06-04
"14401",8.443359375,2019-06-05
"14402",8.8427734375,2019-06-06
"14403",9.462890625,2019-06-07
"14404",9.47265625,2019-06-08
"14405",7.453125,2019-06-09
"14406",12.2734375,2019-06-10
"14407",8.703125,2019-06-11
"14408",14.802734375,2019-06-12
"14409",12.302734375,2019-06-13
"14410",12.9833984375,2019-06-14
"14411",12.302734375,2019-06-15
"14412",9.7333984375,2019-06-16
"14413",10.0126953125,2019-06-17
"14414",8.953125,2019-06-18
"14415",8.4033203125,2019-06-19
"14416",8.0732421875,2019-06-20
"14417",8.0234375,2019-06-21
"14418",7.6328125,2019-06-22
"14419",6.9033203125,2019-06-23
"14420",6.7734375,2019-06-24
"14421",7.0634765625,2019-06-25
"14422",8.9033203125,2019-06-26
"14423",9.693359375,2019-06-27
"14424",10.283203125,2019-06-28
"14425",10.642578125,2019-06-29
"14426",10.2529296875,2019-06-30
"14427",8.3525390625,2019-07-01
"14428",10.052734375,2019-07-02
"14429",11.4130859375,2019-07-03
"14430",9.0732421875,2019-07-04
"14431",11.2431640625,2019-07-05
"14432",11.123046875,2019-07-06
"14433",13.3330078125,2019-07-07
"14434",11.453125,2019-07-08
"14435",10.3427734375,2019-07-09
"14436",9.22265625,2019-07-10
"14437",12.1025390625,2019-07-11
"14438",11.953125,2019-07-12
"14439",8.802734375,2019-07-13
"14440",11.3134765625,2019-07-14
"14441",12.0029296875,2019-07-15
"14442",12.552734375,2019-07-16
"14443",11.4033203125,2019-07-17
"14444",11.693359375,2019-07-18
"14445",10.5830078125,2019-07-19
"14446",7.193359375,2019-07-20
"14447",10.4326171875,2019-07-21
"14448",9.1025390625,2019-07-22
"14449",11.4033203125,2019-07-23
"14450",12.2333984375,2019-07-24
"14451",11.3427734375,2019-07-25
"14452",12.552734375,2019-07-26
"14453",9.962890625,2019-07-27
"14454",10.0126953125,2019-07-28
"14455",11.9130859375,2019-07-29
"14456",10.3828125,2019-07-30
"14457",7.6328125,2019-07-31
"14458",9.5029296875,2019-08-01
"14459",11.0634765625,2019-08-02
"14460",10.4130859375,2019-08-03
"14461",9.1630859375,2019-08-04
"14462",7.2734375,2019-08-05
"14463",6.693359375,2019-08-06
"14464",11.3828125,2019-08-07
"14465",9.212890625,2019-08-08
"14466",7.61328125,2019-08-09
"14467",8.8134765625,2019-08-10
"14468",9.533203125,2019-08-11
"14469",8.9833984375,2019-08-12
"14470",8.9228515625,2019-08-13
"14471",7.7333984375,2019-08-14
"14472",6.3427734375,2019-08-15
"14473",12.783203125,2019-08-16
"14474",9.142578125,2019-08-17
"14475",9.1025390625,2019-08-18
"14476",8.4228515625,2019-08-19
"14477",11.693359375,2019-08-20
"14478",12.9033203125,2019-08-21
"14479",11.2529296875,2019-08-22
"14480",9.6728515625,2019-08-23
"14481",8.8828125,2019-08-24
"14482",8.6728515625,2019-08-25
"14483",9.22265625,2019-08-26
"14484",9.9326171875,2019-08-27
"14485",10.3427734375,2019-08-28
"14486",7.462890625,2019-08-29
"14487",7.693359375,2019-08-30
"14488",6.9130859375,2019-08-31
"14489",12.5341796875,2019-09-01
"14490",8.904296875,2019-09-02
"14491",12.3740234375,2019-09-03
"14492",11.4736328125,2019-09-04
"14493",13.0244140625,2019-09-05
"14494",10.09375,2019-09-06
"14495",9.173828125,2019-09-07
"14496",11.3837890625,2019-09-08
"14497",8.353515625,2019-09-09
"14498",8.3837890625,2019-09-10
"14499",8.00390625,2019-09-11
"14500",10.4443359375,2019-09-12
"14501",12.2744140625,2019-09-13
"14502",12.59375,2019-09-14
"14503",10.2138671875,2019-09-15
"14504",10.103515625,2019-09-16
"14505",6.2138671875,2019-09-17
"14506",6.103515625,2019-09-18
"14507",5.34375,2019-09-19
"14508",12.50390625,2019-09-20
"14509",10.0244140625,2019-09-21
"14510",9.923828125,2019-09-22
"14511",9.1943359375,2019-09-23
"14512",10.0439453125,2019-09-24
"14513",10.2236328125,2019-09-25
"14514",9.3037109375,2019-09-26
"14515",11.32421875,2019-09-27
"14516",7.50390625,2019-09-28
"14517",8.84375,2019-09-29
"14518",9.7841796875,2019-09-30
"14519",8.302734375,2019-10-01
"14520",7.72265625,2019-10-02
"14521",12.9033203125,2019-10-03
"14522",10.72265625,2019-10-04
"14523",10.6328125,2019-10-05
"14524",13.6533203125,2019-10-06
"14525",11.4931640625,2019-10-07
"14526",8.0732421875,2019-10-08
"14527",7.892578125,2019-10-09
"14528",10.1630859375,2019-10-10
"14529",9.7734375,2019-10-11
"14530",9.7626953125,2019-10-12
"14531",7.0029296875,2019-10-13
"14532",12.4833984375,2019-10-14
"14533",10.97265625,2019-10-15
"14534",13.3330078125,2019-10-16
"14535",8.3134765625,2019-10-17
"14536",10.0029296875,2019-10-18
"14537",8.453125,2019-10-19
"14538",9.953125,2019-10-20
"14539",10.1533203125,2019-10-21
"14540",10.0732421875,2019-10-22
"14541",9.892578125,2019-10-23
"14542",7.5732421875,2019-10-24
"14543",9.97265625,2019-10-25
"14544",8.943359375,2019-10-26
"14545",10.0126953125,2019-10-27
"14546",10.97265625,2019-10-28
"14547",8.4130859375,2019-10-29
"14548",8.7626953125,2019-10-30
"14549",8.8427734375,2019-10-31
"14550",13.181640625,2019-11-01
"14551",15.171875,2019-11-02
"14552",12.15234375,2019-11-03
"14553",11.251953125,2019-11-04
"14554",9.912109375,2019-11-05
"14555",13.15234375,2019-11-06
"14556",11.232421875,2019-11-07
"14557",9.822265625,2019-11-08
"14558",8.3515625,2019-11-09
"14559",10.0615234375,2019-11-10
"14560",7.0224609375,2019-11-11
"14561",8.3115234375,2019-11-12
"14562",10.232421875,2019-11-13
"14563",11.6923828125,2019-11-14
"14564",10.15234375,2019-11-15
"14565",8.4521484375,2019-11-16
"14566",8.9619140625,2019-11-17
"14567",9.2021484375,2019-11-18
"14568",13.732421875,2019-11-19
"14569",9.2421875,2019-11-20
"14570",15.1123046875,2019-11-21
"14571",10.0322265625,2019-11-22
"14572",12.341796875,2019-11-23
"14573",11.0517578125,2019-11-24
"14574",8.3818359375,2019-11-25
"14575",8.5419921875,2019-11-26
"14576",8.76171875,2019-11-27
"14577",10.921875,2019-11-28
"14578",12.412109375,2019-11-29
"14579",11.5517578125,2019-11-30
"14580",13.6416015625,2019-12-01
"14581",12.091796875,2019-12-02
"14582",12.662109375,2019-12-03
"14583",11.76171875,2019-12-04
"14584",13.9619140625,2019-12-05
"14585",11.1015625,2019-12-06
"14586",10.65234375,2019-12-07
"14587",8.6220703125,2019-12-08
"14588",16.1123046875,2019-12-09
"14589",12.8720703125,2019-12-10
"14590",11.1123046875,2019-12-11
"14591",11.501953125,2019-12-12
"14592",10.4921875,2019-12-13
"14593",13.0615234375,2019-12-14
"14594",13.431640625,2019-12-15
"14595",7.841796875,2019-12-16
"14596",11.2021484375,2019-12-17
"14597",9.421875,2019-12-18
"14598",13.6416015625,2019-12-19
"14599",10.9921875,2019-12-20
"14600",13.181640625,2019-12-21
"14601",9.412109375,2019-12-22
"14602",11.0224609375,2019-12-23
"14603",14.4921875,2019-12-24
"14604",11.091796875,2019-12-25
"14605",12.3720703125,2019-12-26
"14606",11.431640625,2019-12-27
"14607",16.3017578125,2019-12-28
"14608",16.4716796875,2019-12-29
"14609",13.751953125,2019-12-30
"14610",10.3623046875,2019-12-31
"14611",11.234375,2020-01-01
"14612",13.2841796875,2020-01-02
"14613",9.4736328125,2020-01-03
"14614",15.8837890625,2020-01-04
"14615",12.2939453125,2020-01-05
"14616",10.7236328125,2020-01-06
"14617",13.1337890625,2020-01-07
"14618",11.3037109375,2020-01-08
"14619",10.1943359375,2020-01-09
"14620",21.07421875,2020-01-10
"14621",10.484375,2020-01-11
"14622",11.6142578125,2020-01-12
"14623",12.6337890625,2020-01-13
"14624",14.484375,2020-01-14
"14625",14.7236328125,2020-01-15
"14626",11.1337890625,2020-01-16
"14627",9.00390625,2020-01-17
"14628",13.5341796875,2020-01-18
"14629",14.4541015625,2020-01-19
"14630",15.4443359375,2020-01-20
"14631",12.673828125,2020-01-21
"14632",11.5244140625,2020-01-22
"14633",12.84375,2020-01-23
"14634",12.2939453125,2020-01-24
"14635",16.1337890625,2020-01-25
"14636",17.244140625,2020-01-26
"14637",15.6435546875,2020-01-27
"14638",13.09375,2020-01-28
"14639",11.904296875,2020-01-29
"14640",7.1435546875,2020-01-30
"14641",25.5439453125,2020-01-31
"14642",21.2578125,2020-02-01
"14643",13.84765625,2020-02-02
"14644",13.6083984375,2020-02-03
"14645",8.828125,2020-02-04
"14646",11.5478515625,2020-02-05
"14647",14.068359375,2020-02-06
"14648",16.767578125,2020-02-07
"14649",18.34765625,2020-02-08
"14650",17.068359375,2020-02-09
"14651",18.2880859375,2020-02-10
"14652",16.3076171875,2020-02-11
"14653",17.1884765625,2020-02-12
"14654",19.658203125,2020-02-13
"14655",19.2080078125,2020-02-14
"14656",16.748046875,2020-02-15
"14657",13.9677734375,2020-02-16
"14658",14.408203125,2020-02-17
"14659",16.177734375,2020-02-18
"14660",11.267578125,2020-02-19
"14661",11.068359375,2020-02-20
"14662",10.6083984375,2020-02-21
"14663",10.73828125,2020-02-22
"14664",11.7080078125,2020-02-23
"14665",12.9677734375,2020-02-24
"14666",15.927734375,2020-02-25
"14667",13.7880859375,2020-02-26
"14668",9.98828125,2020-02-27
"14669",14.59765625,2020-02-28
"14670",13.7783203125,2020-02-29
"14671",13.1552734375,2020-03-01
"14672",10.9951171875,2020-03-02
"14673",10.044921875,2020-03-03
"14674",14.615234375,2020-03-04
"14675",14.455078125,2020-03-05
"14676",14.7451171875,2020-03-06
"14677",11.7353515625,2020-03-07
"14678",11.64453125,2020-03-08
"14679",10.71484375,2020-03-09
"14680",11.85546875,2020-03-10
"14681",13.9248046875,2020-03-11
"14682",12.7548828125,2020-03-12
"14683",18.224609375,2020-03-13
"14684",8.6650390625,2020-03-14
"14685",9.7353515625,2020-03-15
"14686",10.775390625,2020-03-16
"14687",9.4345703125,2020-03-17
"14688",9.5947265625,2020-03-18
"14689",10.0849609375,2020-03-19
"14690",16.134765625,2020-03-20
"14691",12.2451171875,2020-03-21
"14692",13.544921875,2020-03-22
"14693",8.775390625,2020-03-23
"14694",9.9052734375,2020-03-24
"14695",9.60546875,2020-03-25
"14696",10.0048828125,2020-03-26
"14697",11.2548828125,2020-03-27
"14698",8.0947265625,2020-03-28
"14699",12.794921875,2020-03-29
"14700",12.46484375,2020-03-30
"14701",14.2353515625,2020-03-31
"14702",12.166015625,2020-04-01
"14703",13.7060546875,2020-04-02
"14704",14.24609375,2020-04-03
"14705",10.7060546875,2020-04-04
"14706",13.42578125,2020-04-05
"14707",14.0556640625,2020-04-06
"14708",13.576171875,2020-04-07
"14709",10.3857421875,2020-04-08
"14710",12.435546875,2020-04-09
"14711",14.576171875,2020-04-10
"14712",12.666015625,2020-04-11
"14713",8.99609375,2020-04-12
"14714",9.1064453125,2020-04-13
"14715",8.1962890625,2020-04-14
"14716",7.146484375,2020-04-15
"14717",14.6064453125,2020-04-16
"14718",11.0859375,2020-04-17
"14719",13.3056640625,2020-04-18
"14720",13.6259765625,2020-04-19
"14721",12.6962890625,2020-04-20
"14722",12.005859375,2020-04-21
"14723",14.9755859375,2020-04-22
"14724",10.8857421875,2020-04-23
"14725",15.3564453125,2020-04-24
"14726",14.3662109375,2020-04-25
"14727",15.6962890625,2020-04-26
"14728",11.146484375,2020-04-27
"14729",12.4658203125,2020-04-28
"14730",12.3759765625,2020-04-29
"14731",9.8759765625,2020-04-30
"14732",11.8466796875,2020-05-01
"14733",13.52734375,2020-05-02
"14734",9.8671875,2020-05-03
"14735",10.4873046875,2020-05-04
"14736",9.796875,2020-05-05
"14737",8.27734375,2020-05-06
"14738",11.8369140625,2020-05-07
"14739",13.9169921875,2020-05-08
"14740",9.296875,2020-05-09
"14741",10.9765625,2020-05-10
"14742",11.3173828125,2020-05-11
"14743",9.4970703125,2020-05-12
"14744",10.3671875,2020-05-13
"14745",8.466796875,2020-05-14
"14746",8.296875,2020-05-15
"14747",8.02734375,2020-05-16
"14748",9.70703125,2020-05-17
"14749",10.4365234375,2020-05-18
"14750",9.1669921875,2020-05-19
"14751",10.046875,2020-05-20
"14752",9.27734375,2020-05-21
"14753",12.046875,2020-05-22
"14754",12.7568359375,2020-05-23
"14755",10.3671875,2020-05-24
"14756",8.537109375,2020-05-25
"14757",8.716796875,2020-05-26
"14758",10.4267578125,2020-05-27
"14759",12.4765625,2020-05-28
"14760",9.8466796875,2020-05-29
"14761",7.6669921875,2020-05-30
"14762",11.546875,2020-05-31
"14763",9.5634765625,2020-06-01
"14764",13.0927734375,2020-06-02
"14765",10.5126953125,2020-06-03
"14766",9.3232421875,2020-06-04
"14767",8.47265625,2020-06-05
"14768",9.3134765625,2020-06-06
"14769",9.97265625,2020-06-07
"14770",7.61328125,2020-06-08
"14771",7.3134765625,2020-06-09
"14772",7.623046875,2020-06-10
"14773",7.3330078125,2020-06-11
"14774",7.8525390625,2020-06-12
"14775",9.97265625,2020-06-13
"14776",11.033203125,2020-06-14
"14777",13.3828125,2020-06-15
"14778",13.623046875,2020-06-16
"14779",12.5029296875,2020-06-17
"14780",9.6328125,2020-06-18
"14781",8.052734375,2020-06-19
"14782",11.6533203125,2020-06-20
"14783",11.1826171875,2020-06-21
"14784",10.783203125,2020-06-22
"14785",12.462890625,2020-06-23
"14786",11.6826171875,2020-06-24
"14787",10.203125,2020-06-25
"14788",11.2626953125,2020-06-26
"14789",8.802734375,2020-06-27
"14790",8.283203125,2020-06-28
"14791",7.783203125,2020-06-29
"14792",7.1826171875,2020-06-30
"14793",7.0830078125,2020-07-01
"14794",9.8828125,2020-07-02
"14795",12.1025390625,2020-07-03
"14796",11.4228515625,2020-07-04
"14797",11.72265625,2020-07-05
"14798",9.703125,2020-07-06
"14799",8.61328125,2020-07-07
"14800",8.9228515625,2020-07-08
"14801",7.873046875,2020-07-09
"14802",8.36328125,2020-07-10
"14803",9.9130859375,2020-07-11
"14804",11.212890625,2020-07-12
"14805",10.7529296875,2020-07-13
"14806",9.962890625,2020-07-14
"14807",9.0732421875,2020-07-15
"14808",9.6328125,2020-07-16
"14809",9.4931640625,2020-07-17
"14810",7.6826171875,2020-07-18
"14811",11.7626953125,2020-07-19
"14812",10.2529296875,2020-07-20
"14813",9.6728515625,2020-07-21
"14814",9.212890625,2020-07-22
"14815",8.5126953125,2020-07-23
"14816",8.0126953125,2020-07-24
"14817",8.703125,2020-07-25
"14818",9.61328125,2020-07-26
"14819",12.29296875,2020-07-27
"14820",8.6533203125,2020-07-28
"14821",8.9833984375,2020-07-29
"14822",11.3525390625,2020-07-30
"14823",10.1328125,2020-07-31
"14824",8.5927734375,2020-08-01
"14825",9.453125,2020-08-02
"14826",10.9033203125,2020-08-03
"14827",7.462890625,2020-08-04
"14828",7.1728515625,2020-08-05
"14829",7.193359375,2020-08-06
"14830",8.3330078125,2020-08-07
"14831",10.2734375,2020-08-08
"14832",9.642578125,2020-08-09
"14833",9.783203125,2020-08-10
"14834",9.953125,2020-08-11
"14835",12.3330078125,2020-08-12
"14836",12.802734375,2020-08-13
"14837",12.1630859375,2020-08-14
"14838",11.962890625,2020-08-15
"14839",11.5234375,2020-08-16
"14840",9.123046875,2020-08-17
"14841",10.703125,2020-08-18
"14842",10.462890625,2020-08-19
"14843",10.5234375,2020-08-20
"14844",9.0927734375,2020-08-21
"14845",8.552734375,2020-08-22
"14846",9.4228515625,2020-08-23
"14847",9.2333984375,2020-08-24
"14848",8.61328125,2020-08-25
"14849",8.5126953125,2020-08-26
"14850",9.4931640625,2020-08-27
"14851",11.533203125,2020-08-28
"14852",9.8828125,2020-08-29
"14853",12.443359375,2020-08-30
"14854",8.4130859375,2020-08-31
"14855",7.9541015625,2020-09-01
"14856",12.7841796875,2020-09-02
"14857",10.8740234375,2020-09-03
"14858",11.353515625,2020-09-04
"14859",12.333984375,2020-09-05
"14860",11.064453125,2020-09-06
"14861",7.1240234375,2020-09-07
"14862",12.5341796875,2020-09-08
"14863",9.6240234375,2020-09-09
"14864",7.9541015625,2020-09-10
"14865",10.2041015625,2020-09-11
"14866",14.25390625,2020-09-12
"14867",10.09375,2020-09-13
"14868",12.5537109375,2020-09-14
"14869",10.57421875,2020-09-15
"14870",9.513671875,2020-09-16
"14871",11.82421875,2020-09-17
"14872",12.3740234375,2020-09-18
"14873",15.3837890625,2020-09-19
"14874",14.234375,2020-09-20
"14875",7.82421875,2020-09-21
"14876",11.07421875,2020-09-22
"14877",10.7939453125,2020-09-23
"14878",10.2138671875,2020-09-24
"14879",8.333984375,2020-09-25
"14880",9.083984375,2020-09-26
"14881",9.2138671875,2020-09-27
"14882",9.32421875,2020-09-28
"14883",8.50390625,2020-09-29
"14884",11.9541015625,2020-09-30
"14885",11.3427734375,2020-10-01
"14886",12.0634765625,2020-10-02
"14887",9.6025390625,2020-10-03
"14888",15.1630859375,2020-10-04
"14889",10.1728515625,2020-10-05
"14890",8.6630859375,2020-10-06
"14891",9.3828125,2020-10-07
"14892",10.7734375,2020-10-08
"14893",10.47265625,2020-10-09
"14894",11.36328125,2020-10-10
"14895",11.203125,2020-10-11
"14896",11.8134765625,2020-10-12
"14897",13.6728515625,2020-10-13
"14898",14.873046875,2020-10-14
"14899",10.2333984375,2020-10-15
"14900",13.0029296875,2020-10-16
"14901",10.783203125,2020-10-17
"14902",8.22265625,2020-10-18
"14903",10.1826171875,2020-10-19
"14904",10.8330078125,2020-10-20
"14905",12.4130859375,2020-10-21
"14906",12.4833984375,2020-10-22
"14907",14.8828125,2020-10-23
"14908",10.9326171875,2020-10-24
"14909",8.6328125,2020-10-25
"14910",8.5126953125,2020-10-26
"14911",12.443359375,2020-10-27
"14912",11.72265625,2020-10-28
"14913",11.142578125,2020-10-29
"14914",12.623046875,2020-10-30
"14915",11.392578125,2020-10-31
"14916",11.421875,2020-11-01
"14917",11.732421875,2020-11-02
"14918",10.5615234375,2020-11-03
"14919",13.751953125,2020-11-04
"14920",8.76171875,2020-11-05
"14921",8.76171875,2020-11-06
"14922",10.912109375,2020-11-07
"14923",9.3115234375,2020-11-08
"14924",9.3515625,2020-11-09
"14925",12.1923828125,2020-11-10
"14926",13.572265625,2020-11-11
"14927",13.7724609375,2020-11-12
"14928",11.08203125,2020-11-13
"14929",11.232421875,2020-11-14
"14930",9.341796875,2020-11-15
"14931",11.0615234375,2020-11-16
"14932",9.322265625,2020-11-17
"14933",8.2119140625,2020-11-18
"14934",5.8115234375,2020-11-19
"14935",13.51171875,2020-11-20
"14936",14.1318359375,2020-11-21
"14937",16.6123046875,2020-11-22
"14938",13.7216796875,2020-11-23
"14939",11.9521484375,2020-11-24
"14940",11.072265625,2020-11-25
"14941",14.251953125,2020-11-26
"14942",11.6220703125,2020-11-27
"14943",15.7021484375,2020-11-28
"14944",11.6123046875,2020-11-29
"14945",11.1123046875,2020-11-30
"14946",14.6416015625,2020-12-01
"14947",8.7421875,2020-12-02
"14948",9.3017578125,2020-12-03
"14949",10.751953125,2020-12-04
"14950",18.08203125,2020-12-05
"14951",11.2119140625,2020-12-06
"14952",10.1923828125,2020-12-07
"14953",9.072265625,2020-12-08
"14954",10.9716796875,2020-12-09
"14955",11.4423828125,2020-12-10
"14956",8.5419921875,2020-12-11
"14957",9.001953125,2020-12-12
"14958",10.9423828125,2020-12-13
"14959",13.7021484375,2020-12-14
"14960",16.662109375,2020-12-15
"14961",14.982421875,2020-12-16
"14962",13.3115234375,2020-12-17
"14963",9.171875,2020-12-18
"14964",11.3720703125,2020-12-19
"14965",10.26171875,2020-12-20
"14966",14.7119140625,2020-12-21
"14967",12.8515625,2020-12-22
"14968",12.572265625,2020-12-23
"14969",12.912109375,2020-12-24
"14970",10.0322265625,2020-12-25
"14971",10.8720703125,2020-12-26
"14972",14.251953125,2020-12-27
"14973",8.7724609375,2020-12-28
"14974",11.0224609375,2020-12-29
"14975",14.1318359375,2020-12-30
"14976",13.0322265625,2020-12-31
"14977",14.8037109375,2021-01-01
"14978",15.34375,2021-01-02
"14979",12.8642578125,2021-01-03
"14980",13.1943359375,2021-01-04
"14981",10.75390625,2021-01-05
"14982",11.3037109375,2021-01-06
"14983",11.353515625,2021-01-07
"14984",15.333984375,2021-01-08
"14985",14.333984375,2021-01-09
"14986",11.18359375,2021-01-10
"14987",9.7841796875,2021-01-11
"14988",11.7041015625,2021-01-12
"14989",12.0537109375,2021-01-13
"14990",12.25390625,2021-01-14
"14991",10.734375,2021-01-15
"14992",9.00390625,2021-01-16
"14993",14.0537109375,2021-01-17
"14994",12.4541015625,2021-01-18
"14995",13.2236328125,2021-01-19
"14996",9.7841796875,2021-01-20
"14997",8.1240234375,2021-01-21
"14998",9.82421875,2021-01-22
"14999",8.404296875,2021-01-23
"15000",8.3037109375,2021-01-24
"15001",16.7744140625,2021-01-25
"15002",16.1240234375,2021-01-26
"15003",11.7041015625,2021-01-27
"15004",11.6943359375,2021-01-28
"15005",14.673828125,2021-01-29
"15006",13.2041015625,2021-01-30
"15007",12.603515625,2021-01-31
"15008",13.8076171875,2021-02-01
"15009",12.5380859375,2021-02-02
"15010",11.1279296875,2021-02-03
"15011",11.5283203125,2021-02-04
"15012",10.91796875,2021-02-05
"15013",16.1083984375,2021-02-06
"15014",13.8876953125,2021-02-07
"15015",10.9384765625,2021-02-08
"15016",12.41796875,2021-02-09
"15017",12.087890625,2021-02-10
"15018",12.587890625,2021-02-11
"15019",13.177734375,2021-02-12
"15020",14.6982421875,2021-02-13
"15021",12.408203125,2021-02-14
"15022",14.267578125,2021-02-15
"15023",15.2080078125,2021-02-16
"15024",12.6376953125,2021-02-17
"15025",12.1181640625,2021-02-18
"15026",11.078125,2021-02-19
"15027",15.517578125,2021-02-20
"15028",12.5576171875,2021-02-21
"15029",12.4580078125,2021-02-22
"15030",10.087890625,2021-02-23
"15031",8.9384765625,2021-02-24
"15032",11.498046875,2021-02-25
"15033",13.0078125,2021-02-26
"15034",11.5078125,2021-02-27
"15035",13.7978515625,2021-02-28
"15036",13.365234375,2021-03-01
"15037",8.9345703125,2021-03-02
"15038",9.1953125,2021-03-03
"15039",10.5546875,2021-03-04
"15040",14.955078125,2021-03-05
"15041",10.1845703125,2021-03-06
"15042",11.884765625,2021-03-07
"15043",14.525390625,2021-03-08
"15044",13.125,2021-03-09
"15045",12.224609375,2021-03-10
"15046",15.865234375,2021-03-11
"15047",13.7548828125,2021-03-12
"15048",17.7451171875,2021-03-13
"15049",10.224609375,2021-03-14
"15050",12.5947265625,2021-03-15
"15051",15.955078125,2021-03-16
"15052",14.865234375,2021-03-17
"15053",15.794921875,2021-03-18
"15054",15.0751953125,2021-03-19
"15055",14.9453125,2021-03-20
"15056",13.9248046875,2021-03-21
"15057",15.4345703125,2021-03-22
"15058",14.134765625,2021-03-23
"15059",15.6650390625,2021-03-24
"15060",14.044921875,2021-03-25
"15061",12.9248046875,2021-03-26
"15062",13.9150390625,2021-03-27
"15063",13.224609375,2021-03-28
"15064",14.2353515625,2021-03-29
"15065",13.9853515625,2021-03-30
"15066",12.9150390625,2021-03-31
"15067",10.6064453125,2021-04-01
"15068",9.8564453125,2021-04-02
"15069",9.5556640625,2021-04-03
"15070",12.67578125,2021-04-04
"15071",13.1162109375,2021-04-05
"15072",11.9755859375,2021-04-06
"15073",13.1357421875,2021-04-07
"15074",8.765625,2021-04-08
"15075",11.2861328125,2021-04-09
"15076",12.8857421875,2021-04-10
"15077",9.435546875,2021-04-11
"15078",9.2861328125,2021-04-12
"15079",7.416015625,2021-04-13
"15080",14.24609375,2021-04-14
"15081",13.0859375,2021-04-15
"15082",13.396484375,2021-04-16
"15083",10.3056640625,2021-04-17
"15084",13.3359375,2021-04-18
"15085",13.146484375,2021-04-19
"15086",13.7158203125,2021-04-20
"15087",8.8564453125,2021-04-21
"15088",13.255859375,2021-04-22
"15089",13.845703125,2021-04-23
"15090",13.56640625,2021-04-24
"15091",12.646484375,2021-04-25
"15092",13.185546875,2021-04-26
"15093",11.8564453125,2021-04-27
"15094",12.42578125,2021-04-28
"15095",11.6064453125,2021-04-29
"15096",9.845703125,2021-04-30
"15097",9.966796875,2021-05-01
"15098",14.2666015625,2021-05-02
"15099",13.6572265625,2021-05-03
"15100",9.4873046875,2021-05-04
"15101",8.6865234375,2021-05-05
"15102",10.0771484375,2021-05-06
"15103",8.95703125,2021-05-07
"15104",14.716796875,2021-05-08
"15105",14.056640625,2021-05-09
"15106",12.38671875,2021-05-10
"15107",11.3173828125,2021-05-11
"15108",9.947265625,2021-05-12
"15109",11.9765625,2021-05-13
"15110",11.287109375,2021-05-14
"15111",9.6171875,2021-05-15
"15112",9.5771484375,2021-05-16
"15113",9.966796875,2021-05-17
"15114",9.9765625,2021-05-18
"15115",7.8671875,2021-05-19
"15116",8.876953125,2021-05-20
"15117",9.537109375,2021-05-21
"15118",7.7666015625,2021-05-22
"15119",7.7470703125,2021-05-23
"15120",9.2373046875,2021-05-24
"15121",13.3671875,2021-05-25
"15122",9.38671875,2021-05-26
"15123",12.716796875,2021-05-27
"15124",12.4765625,2021-05-28
"15125",8.4169921875,2021-05-29
"15126",7.5673828125,2021-05-30
"15127",5.796875,2021-05-31
"15128",6.7431640625,2021-06-01
"15129",11.4130859375,2021-06-02
"15130",13.0927734375,2021-06-03
"15131",12.0029296875,2021-06-04
"15132",10.5126953125,2021-06-05
"15133",13.29296875,2021-06-06
"15134",10.892578125,2021-06-07
"15135",9.2626953125,2021-06-08
"15136",9.033203125,2021-06-09
"15137",9.6826171875,2021-06-10
"15138",13.11328125,2021-06-11
"15139",12.0234375,2021-06-12
"15140",10.453125,2021-06-13
"15141",10.86328125,2021-06-14
"15142",10.7529296875,2021-06-15
"15143",10.4228515625,2021-06-16
"15144",13.1728515625,2021-06-17
"15145",11.86328125,2021-06-18
"15146",11.7626953125,2021-06-19
"15147",11.462890625,2021-06-20
"15148",9.22265625,2021-06-21
"15149",8.9326171875,2021-06-22
"15150",11.6025390625,2021-06-23
"15151",12.1630859375,2021-06-24
"15152",11.4130859375,2021-06-25
"15153",9.623046875,2021-06-26
"15154",13.2529296875,2021-06-27
"15155",12.302734375,2021-06-28
"15156",9.6328125,2021-06-29
"15157",8.0029296875,2021-06-30
"15158",10.9326171875,2021-07-01
"15159",9.8828125,2021-07-02
"15160",9.29296875,2021-07-03
"15161",10.0634765625,2021-07-04
"15162",9.3828125,2021-07-05
"15163",9.0732421875,2021-07-06
"15164",7.9033203125,2021-07-07
"15165",7.8232421875,2021-07-08
"15166",9.033203125,2021-07-09
"15167",10.5234375,2021-07-10
"15168",8.3330078125,2021-07-11
"15169",11.7626953125,2021-07-12
"15170",10.8525390625,2021-07-13
"15171",13.052734375,2021-07-14
"15172",12.5634765625,2021-07-15
"15173",11.5029296875,2021-07-16
"15174",9.29296875,2021-07-17
"15175",10.3427734375,2021-07-18
"15176",10.5732421875,2021-07-19
"15177",11.0029296875,2021-07-20
"15178",8.6533203125,2021-07-21
"15179",8.0830078125,2021-07-22
"15180",10.3232421875,2021-07-23
"15181",10.4228515625,2021-07-24
"15182",10.6630859375,2021-07-25
"15183",10.943359375,2021-07-26
"15184",8.4931640625,2021-07-27
"15185",11.1630859375,2021-07-28
"15186",9.22265625,2021-07-29
"15187",8.9931640625,2021-07-30
"15188",11.533203125,2021-07-31
"15189",10.892578125,2021-08-01
"15190",8.0830078125,2021-08-02
"15191",9.712890625,2021-08-03
"15192",11.86328125,2021-08-04
"15193",12.3134765625,2021-08-05
"15194",12.4833984375,2021-08-06
"15195",11.623046875,2021-08-07
"15196",10.373046875,2021-08-08
"15197",9.193359375,2021-08-09
"15198",7.9130859375,2021-08-10
"15199",12.86328125,2021-08-11
"15200",12.193359375,2021-08-12
"15201",12.2333984375,2021-08-13
"15202",10.8525390625,2021-08-14
"15203",9.283203125,2021-08-15
"15204",11.7333984375,2021-08-16
"15205",11.443359375,2021-08-17
"15206",10.0234375,2021-08-18
"15207",9.0830078125,2021-08-19
"15208",11.4228515625,2021-08-20
"15209",12.1728515625,2021-08-21
"15210",10.623046875,2021-08-22
"15211",9.3525390625,2021-08-23
"15212",9.2333984375,2021-08-24
"15213",10.1728515625,2021-08-25
"15214",8.36328125,2021-08-26
"15215",8.3134765625,2021-08-27
"15216",9.5830078125,2021-08-28
"15217",10.873046875,2021-08-29
"15218",11.212890625,2021-08-30
"15219",10.3828125,2021-08-31
"15220",12.4140625,2021-09-01
"15221",6.984375,2021-09-02
"15222",12.0537109375,2021-09-03
"15223",10.314453125,2021-09-04
"15224",10.1943359375,2021-09-05
"15225",12.18359375,2021-09-06
"15226",10.9736328125,2021-09-07
"15227",11.154296875,2021-09-08
"15228",6.833984375,2021-09-09
"15229",7.583984375,2021-09-10
"15230",13.013671875,2021-09-11
"15231",8.8642578125,2021-09-12
"15232",10.244140625,2021-09-13
"15233",8.7138671875,2021-09-14
"15234",8.1240234375,2021-09-15
"15235",8.68359375,2021-09-16
"15236",8.734375,2021-09-17
"15237",9.654296875,2021-09-18
"15238",10.3935546875,2021-09-19
"15239",9.07421875,2021-09-20
"15240",8.68359375,2021-09-21
"15241",11.75390625,2021-09-22
"15242",11.314453125,2021-09-23
"15243",12.154296875,2021-09-24
"15244",9.9541015625,2021-09-25
"15245",7.9736328125,2021-09-26
"15246",6.6142578125,2021-09-27
"15247",7.103515625,2021-09-28
"15248",13.0439453125,2021-09-29
"15249",13.744140625,2021-09-30
"15250",14.0234375,2021-10-01
"15251",11.142578125,2021-10-02
"15252",14.373046875,2021-10-03
"15253",9.5029296875,2021-10-04
"15254",9.8330078125,2021-10-05
"15255",9.0732421875,2021-10-06
"15256",8.6328125,2021-10-07
"15257",9.6025390625,2021-10-08
"15258",9.3330078125,2021-10-09
"15259",8.7529296875,2021-10-10
"15260",8.3427734375,2021-10-11
"15261",7.453125,2021-10-12
"15262",10.9130859375,2021-10-13
"15263",10.6025390625,2021-10-14
"15264",11.0234375,2021-10-15
"15265",9.4228515625,2021-10-16
"15266",10.4931640625,2021-10-17
"15267",12.462890625,2021-10-18
"15268",10.283203125,2021-10-19
"15269",8.123046875,2021-10-20
"15270",14.5732421875,2021-10-21
"15271",12.693359375,2021-10-22
"15272",10.79296875,2021-10-23
"15273",10.9228515625,2021-10-24
"15274",8.4931640625,2021-10-25
"15275",7.0732421875,2021-10-26
"15276",5.3232421875,2021-10-27
"15277",15.4130859375,2021-10-28
"15278",11.0732421875,2021-10-29
"15279",8.6025390625,2021-10-30
"15280",9.6728515625,2021-10-31
"15281",8.982421875,2021-11-01
"15282",8.0322265625,2021-11-02
"15283",18.822265625,2021-11-03
"15284",11.7822265625,2021-11-04
"15285",13.072265625,2021-11-05
"15286",17.58203125,2021-11-06
"15287",11.08203125,2021-11-07
"15288",9.2216796875,2021-11-08
"15289",10.7822265625,2021-11-09
"15290",9.431640625,2021-11-10
"15291",8.091796875,2021-11-11
"15292",11.1123046875,2021-11-12
"15293",8.8115234375,2021-11-13
"15294",9.751953125,2021-11-14
"15295",10.501953125,2021-11-15
"15296",8.8623046875,2021-11-16
"15297",9.0517578125,2021-11-17
"15298",8.912109375,2021-11-18
"15299",11.8515625,2021-11-19
"15300",10.1923828125,2021-11-20
"15301",9.2822265625,2021-11-21
"15302",11.1318359375,2021-11-22
"15303",15.51171875,2021-11-23
"15304",19.7021484375,2021-11-24
"15305",14.421875,2021-11-25
"15306",9.751953125,2021-11-26
"15307",11.7421875,2021-11-27
"15308",12.572265625,2021-11-28
"15309",8.8916015625,2021-11-29
"15310",9.4521484375,2021-11-30
"15311",14.26171875,2021-12-01
"15312",15.6923828125,2021-12-02
"15313",11.751953125,2021-12-03
"15314",10.5517578125,2021-12-04
"15315",11.5517578125,2021-12-05
"15316",12.15234375,2021-12-06
"15317",10.9521484375,2021-12-07
"15318",8.9921875,2021-12-08
"15319",9.1123046875,2021-12-09
"15320",9.3017578125,2021-12-10
"15321",11.0419921875,2021-12-11
"15322",10.0517578125,2021-12-12
"15323",15.7216796875,2021-12-13
"15324",12.51171875,2021-12-14
"15325",13.3916015625,2021-12-15
"15326",12.181640625,2021-12-16
"15327",10.26171875,2021-12-17
"15328",14.8017578125,2021-12-18
"15329",14.83203125,2021-12-19
"15330",11.7724609375,2021-12-20
"15331",14.431640625,2021-12-21
"15332",13.7216796875,2021-12-22
"15333",12.7724609375,2021-12-23
"15334",13.9619140625,2021-12-24
"15335",14.181640625,2021-12-25
"15336",11.1318359375,2021-12-26
"15337",9.8623046875,2021-12-27
"15338",11.6220703125,2021-12-28
"15339",13.572265625,2021-12-29
"15340",12.501953125,2021-12-30
"15341",10.7216796875,2021-12-31
"15342",12.904296875,2022-01-01
"15343",17.1142578125,2022-01-02
"15344",11.93359375,2022-01-03
"15345",10.7939453125,2022-01-04
"15346",14.2744140625,2022-01-05
"15347",17.3037109375,2022-01-06
"15348",17.173828125,2022-01-07
"15349",16.3837890625,2022-01-08
"15350",16.0439453125,2022-01-09
"15351",11.84375,2022-01-10
"15352",14.3037109375,2022-01-11
"15353",19.0341796875,2022-01-12
"15354",14.7041015625,2022-01-13
"15355",16.68359375,2022-01-14
"15356",15.4541015625,2022-01-15
"15357",15.9541015625,2022-01-16
"15358",15.4140625,2022-01-17
"15359",11.2841796875,2022-01-18
"15360",11.68359375,2022-01-19
"15361",17.34375,2022-01-20
"15362",14.353515625,2022-01-21
"15363",16.7041015625,2022-01-22
"15364",20.833984375,2022-01-23
"15365",20.82421875,2022-01-24
"15366",21.9140625,2022-01-25
"15367",22.6435546875,2022-01-26
"15368",23.744140625,2022-01-27
"15369",19.9736328125,2022-01-28
"15370",16.734375,2022-01-29
"15371",16.7939453125,2022-01-30
"15372",16.3935546875,2022-01-31
"15373",14.078125,2022-02-01
"15374",8.9482421875,2022-02-02
"15375",14.087890625,2022-02-03
"15376",10.4384765625,2022-02-04
"15377",12.73828125,2022-02-05
"15378",12.1376953125,2022-02-06
"15379",11.767578125,2022-02-07
"15380",10.41796875,2022-02-08
"15381",16.578125,2022-02-09
"15382",12.8779296875,2022-02-10
"15383",12.9384765625,2022-02-11
"15384",11.3583984375,2022-02-12
"15385",9.517578125,2022-02-13
"15386",14.4775390625,2022-02-14
"15387",16.2880859375,2022-02-15
"15388",15.8876953125,2022-02-16
"15389",13.59765625,2022-02-17
"15390",14.09765625,2022-02-18
"15391",11.068359375,2022-02-19
"15392",12.998046875,2022-02-20
"15393",11.927734375,2022-02-21
"15394",9.8984375,2022-02-22
"15395",11.5380859375,2022-02-23
"15396",13.0078125,2022-02-24
"15397",14.59765625,2022-02-25
"15398",14.23828125,2022-02-26
"15399",14.7978515625,2022-02-27
"15400",19.6484375,2022-02-28
"15401",18.134765625,2022-03-01
"15402",17.544921875,2022-03-02
"15403",19.5048828125,2022-03-03
"15404",20.1748046875,2022-03-04
"15405",16.0947265625,2022-03-05
"15406",12.955078125,2022-03-06
"15407",15.8154296875,2022-03-07
"15408",12.6845703125,2022-03-08
"15409",12.375,2022-03-09
"15410",11.3349609375,2022-03-10
"15411",12.294921875,2022-03-11
"15412",11.7451171875,2022-03-12
"15413",9.6748046875,2022-03-13
"15414",11.115234375,2022-03-14
"15415",16.4052734375,2022-03-15
"15416",17.775390625,2022-03-16
"15417",19.8349609375,2022-03-17
"15418",16.6845703125,2022-03-18
"15419",15.46484375,2022-03-19
"15420",17.10546875,2022-03-20
"15421",16.4853515625,2022-03-21
"15422",16.85546875,2022-03-22
"15423",14.4150390625,2022-03-23
"15424",11.3447265625,2022-03-24
"15425",11.8447265625,2022-03-25
"15426",13.5546875,2022-03-26
"15427",12.3349609375,2022-03-27
"15428",14.125,2022-03-28
"15429",15.0947265625,2022-03-29
"15430",12.3251953125,2022-03-30
"15431",9.5654296875,2022-03-31
"15432",10.5556640625,2022-04-01
"15433",10.755859375,2022-04-02
"15434",13.06640625,2022-04-03
"15435",12.74609375,2022-04-04
"15436",12.076171875,2022-04-05
"15437",14.666015625,2022-04-06
"15438",13.9560546875,2022-04-07
"15439",14.5361328125,2022-04-08
"15440",14.5263671875,2022-04-09
"15441",11.236328125,2022-04-10
"15442",14.146484375,2022-04-11
"15443",10.095703125,2022-04-12
"15444",9.3056640625,2022-04-13
"15445",7.986328125,2022-04-14
"15446",15.095703125,2022-04-15
"15447",16.265625,2022-04-16
"15448",12.505859375,2022-04-17
"15449",13.9755859375,2022-04-18
"15450",12.0361328125,2022-04-19
"15451",15.7255859375,2022-04-20
"15452",12.435546875,2022-04-21
"15453",10.486328125,2022-04-22
"15454",10.6962890625,2022-04-23
"15455",14.2861328125,2022-04-24
"15456",11.8759765625,2022-04-25
"15457",14.576171875,2022-04-26
"15458",16.2255859375,2022-04-27
"15459",15.7861328125,2022-04-28
"15460",17.3759765625,2022-04-29
"15461",11.90625,2022-04-30
"15462",13.0673828125,2022-05-01
"15463",14.947265625,2022-05-02
"15464",11.70703125,2022-05-03
"15465",11.1669921875,2022-05-04
"15466",9.716796875,2022-05-05
"15467",10.6171875,2022-05-06
"15468",10.1669921875,2022-05-07
"15469",12.1669921875,2022-05-08
"15470",8.9970703125,2022-05-09
"15471",9.5166015625,2022-05-10
"15472",11.947265625,2022-05-11
"15473",14.966796875,2022-05-12
"15474",15.046875,2022-05-13
"15475",14.52734375,2022-05-14
"15476",14.5771484375,2022-05-15
"15477",12.6474609375,2022-05-16
"15478",12.357421875,2022-05-17
"15479",12.1171875,2022-05-18
"15480",11.3974609375,2022-05-19
"15481",9.037109375,2022-05-20
"15482",8.7666015625,2022-05-21
"15483",12.3466796875,2022-05-22
"15484",12.3173828125,2022-05-23
"15485",12.4267578125,2022-05-24
"15486",14.45703125,2022-05-25
"15487",14.7373046875,2022-05-26
"15488",12.8369140625,2022-05-27
"15489",12.5068359375,2022-05-28
"15490",11.0771484375,2022-05-29
"15491",12.5869140625,2022-05-30
"15492",8.88671875,2022-05-31
"15493",9.11328125,2022-06-01
"15494",9.212890625,2022-06-02
"15495",11.1728515625,2022-06-03
"15496",12.212890625,2022-06-04
"15497",10.873046875,2022-06-05
"15498",9.2734375,2022-06-06
"15499",10.552734375,2022-06-07
"15500",10.4326171875,2022-06-08
"15501",10.3232421875,2022-06-09
"15502",12.302734375,2022-06-10
"15503",11.1728515625,2022-06-11
"15504",10.1630859375,2022-06-12
"15505",9.5234375,2022-06-13
"15506",9.1533203125,2022-06-14
"15507",14.2431640625,2022-06-15
"15508",12.79296875,2022-06-16
"15509",12.11328125,2022-06-17
"15510",9.1826171875,2022-06-18
"15511",9.2626953125,2022-06-19
"15512",11.4033203125,2022-06-20
"15513",11.7529296875,2022-06-21
"15514",14.3525390625,2022-06-22
"15515",11.5927734375,2022-06-23
"15516",13.1630859375,2022-06-24
"15517",12.0927734375,2022-06-25
"15518",12.3525390625,2022-06-26
"15519",9.283203125,2022-06-27
"15520",7.8134765625,2022-06-28
"15521",8.2626953125,2022-06-29
"15522",11.4931640625,2022-06-30
"15523",10.1630859375,2022-07-01
"15524",9.1328125,2022-07-02
"15525",8.97265625,2022-07-03
"15526",9.9228515625,2022-07-04
"15527",10.3828125,2022-07-05
"15528",9.04296875,2022-07-06
"15529",10.8330078125,2022-07-07
"15530",10.29296875,2022-07-08
"15531",9.2529296875,2022-07-09
"15532",8.3427734375,2022-07-10
"15533",7.8330078125,2022-07-11
"15534",10.3232421875,2022-07-12
"15535",9.9931640625,2022-07-13
"15536",9.4326171875,2022-07-14
"15537",8.5234375,2022-07-15
"15538",6.302734375,2022-07-16
"15539",12.123046875,2022-07-17
"15540",9.712890625,2022-07-18
"15541",8.2431640625,2022-07-19
"15542",7.5634765625,2022-07-20
"15543",8.703125,2022-07-21
"15544",10.4833984375,2022-07-22
"15545",11.7333984375,2022-07-23
"15546",10.462890625,2022-07-24
"15547",12.9033203125,2022-07-25
"15548",8.9130859375,2022-07-26
"15549",10.3427734375,2022-07-27
"15550",10.552734375,2022-07-28
"15551",9.1630859375,2022-07-29
"15552",7.6630859375,2022-07-30
"15553",10.2431640625,2022-07-31
"15554",10.72265625,2022-08-01
"15555",7.6630859375,2022-08-02
"15556",11.1728515625,2022-08-03
"15557",10.193359375,2022-08-04
"15558",11.3232421875,2022-08-05
"15559",11.3525390625,2022-08-06
"15560",11.5029296875,2022-08-07
"15561",10.052734375,2022-08-08
"15562",8.7734375,2022-08-09
"15563",8.86328125,2022-08-10
"15564",9.4833984375,2022-08-11
"15565",11.9326171875,2022-08-12
"15566",11.7431640625,2022-08-13
"15567",12.2529296875,2022-08-14
"15568",11.5732421875,2022-08-15
"15569",11.443359375,2022-08-16
"15570",10.4228515625,2022-08-17
"15571",13.0634765625,2022-08-18
"15572",10.5126953125,2022-08-19
"15573",12.4228515625,2022-08-20
"15574",11.193359375,2022-08-21
"15575",11.9326171875,2022-08-22
"15576",8.623046875,2022-08-23
"15577",10.5634765625,2022-08-24
"15578",12.2529296875,2022-08-25
"15579",11.4326171875,2022-08-26
"15580",10.1025390625,2022-08-27
"15581",9.703125,2022-08-28
"15582",12.783203125,2022-08-29
"15583",9.1630859375,2022-08-30
"15584",9.8232421875,2022-08-31
"15585",10.1435546875,2022-09-01
"15586",8.75390625,2022-09-02
"15587",9.8740234375,2022-09-03
"15588",9.314453125,2022-09-04
"15589",9.234375,2022-09-05
"15590",8.853515625,2022-09-06
"15591",8.9140625,2022-09-07
"15592",12.2138671875,2022-09-08
"15593",13.34375,2022-09-09
"15594",10.3935546875,2022-09-10
"15595",9.4736328125,2022-09-11
"15596",10.8837890625,2022-09-12
"15597",9.923828125,2022-09-13
"15598",10.57421875,2022-09-14
"15599",10.5244140625,2022-09-15
"15600",11.7841796875,2022-09-16
"15601",11.4443359375,2022-09-17
"15602",11.263671875,2022-09-18
"15603",8.7841796875,2022-09-19
"15604",9.7041015625,2022-09-20
"15605",14.1640625,2022-09-21
"15606",12.654296875,2022-09-22
"15607",12.814453125,2022-09-23
"15608",9.4541015625,2022-09-24
"15609",11.43359375,2022-09-25
"15610",13.8837890625,2022-09-26
"15611",11.263671875,2022-09-27
"15612",11.7236328125,2022-09-28
"15613",9.9541015625,2022-09-29
"15614",11.50390625,2022-09-30
"15615",13.97265625,2022-10-01
"15616",11.953125,2022-10-02
"15617",10.29296875,2022-10-03
"15618",13.3427734375,2022-10-04
"15619",15.033203125,2022-10-05
"15620",14.9326171875,2022-10-06
"15621",11.22265625,2022-10-07
"15622",9.2626953125,2022-10-08
"15623",9.72265625,2022-10-09
"15624",9.5126953125,2022-10-10
"15625",8.54296875,2022-10-11
"15626",13.9931640625,2022-10-12
"15627",12.373046875,2022-10-13
"15628",11.8134765625,2022-10-14
"15629",11.6826171875,2022-10-15
"15630",12.1533203125,2022-10-16
"15631",11.72265625,2022-10-17
"15632",12.79296875,2022-10-18
"15633",10.8330078125,2022-10-19
"15634",12.8525390625,2022-10-20
"15635",17.142578125,2022-10-21
"15636",15.962890625,2022-10-22
"15637",14.79296875,2022-10-23
"15638",15.2333984375,2022-10-24
"15639",15.0927734375,2022-10-25
"15640",14.1025390625,2022-10-26
"15641",10.4833984375,2022-10-27
"15642",11.693359375,2022-10-28
"15643",9.6025390625,2022-10-29
"15644",11.0126953125,2022-10-30
"15645",12.6025390625,2022-10-31
"15646",9.421875,2022-11-01
"15647",9.4716796875,2022-11-02
"15648",11.232421875,2022-11-03
"15649",10.732421875,2022-11-04
"15650",10.8115234375,2022-11-05
"15651",11.40234375,2022-11-06
"15652",12.6123046875,2022-11-07
"15653",13.1416015625,2022-11-08
"15654",13.3017578125,2022-11-09
"15655",17.3017578125,2022-11-10
"15656",14.15234375,2022-11-11
"15657",15.982421875,2022-11-12
"15658",15.181640625,2022-11-13
"15659",12.7216796875,2022-11-14
"15660",9.8818359375,2022-11-15
"15661",9.8115234375,2022-11-16
"15662",9.671875,2022-11-17
"15663",9.732421875,2022-11-18
"15664",16.7216796875,2022-11-19
"15665",11.2216796875,2022-11-20
"15666",8.7119140625,2022-11-21
"15667",10.251953125,2022-11-22
"15668",12.0419921875,2022-11-23
"15669",12.2021484375,2022-11-24
"15670",12.1416015625,2022-11-25
"15671",9.7421875,2022-11-26
"15672",11.572265625,2022-11-27
"15673",10.681640625,2022-11-28
"15674",10.7216796875,2022-11-29
"15675",11.3115234375,2022-11-30
"15676",12.6318359375,2022-12-01
"15677",14.0615234375,2022-12-02
"15678",13.171875,2022-12-03
"15679",10.40234375,2022-12-04
"15680",12.412109375,2022-12-05
"15681",9.912109375,2022-12-06
"15682",11.4716796875,2022-12-07
"15683",9.091796875,2022-12-08
"15684",8.9921875,2022-12-09
"15685",10.662109375,2022-12-10
"15686",16.5419921875,2022-12-11
"15687",10.2021484375,2022-12-12
"15688",10.7919921875,2022-12-13
"15689",9.8017578125,2022-12-14
"15690",9.662109375,2022-12-15
"15691",10.0322265625,2022-12-16
"15692",11.8017578125,2022-12-17
"15693",12.15234375,2022-12-18
"15694",10.921875,2022-12-19
"15695",9.1416015625,2022-12-20
"15696",17.671875,2022-12-21
"15697",16.8818359375,2022-12-22
"15698",13.671875,2022-12-23
"15699",13.6220703125,2022-12-24
"15700",13.4921875,2022-12-25
"15701",12.732421875,2022-12-26
"15702",14.072265625,2022-12-27
"15703",13.9423828125,2022-12-28
"15704",10.501953125,2022-12-29
"15705",12.08203125,2022-12-30
"15706",14.7724609375,2022-12-31
