"","vapourpres_h09","time"
"1",11.125,1987-01-01
"2",9.474609375,1987-01-02
"3",7.9150390625,1987-01-03
"4",10.64453125,1987-01-04
"5",12.4150390625,1987-01-05
"6",9.7451171875,1987-01-06
"7",11.7451171875,1987-01-07
"8",10.544921875,1987-01-08
"9",9.375,1987-01-09
"10",5.8447265625,1987-01-10
"11",15.4453125,1987-01-11
"12",11.21484375,1987-01-12
"13",11.7548828125,1987-01-13
"14",13.7451171875,1987-01-14
"15",12.4853515625,1987-01-15
"16",9.8447265625,1987-01-16
"17",12.78515625,1987-01-17
"18",12.044921875,1987-01-18
"19",11.3251953125,1987-01-19
"20",12.78515625,1987-01-20
"21",19.5546875,1987-01-21
"22",14.5654296875,1987-01-22
"23",11.3447265625,1987-01-23
"24",10.1953125,1987-01-24
"25",21.5654296875,1987-01-25
"26",20.115234375,1987-01-26
"27",11.4951171875,1987-01-27
"28",10.125,1987-01-28
"29",12.0947265625,1987-01-29
"30",11.1552734375,1987-01-30
"31",8.705078125,1987-01-31
"32",15.046875,1987-02-01
"33",14.966796875,1987-02-02
"34",12.4267578125,1987-02-03
"35",10.2265625,1987-02-04
"36",9.056640625,1987-02-05
"37",8.796875,1987-02-06
"38",18.3671875,1987-02-07
"39",22.357421875,1987-02-08
"40",20.3671875,1987-02-09
"41",16.0869140625,1987-02-10
"42",8.876953125,1987-02-11
"43",11.8271484375,1987-02-12
"44",9.0966796875,1987-02-13
"45",15.5166015625,1987-02-14
"46",19.107421875,1987-02-15
"47",14.70703125,1987-02-16
"48",15.2470703125,1987-02-17
"49",19.0673828125,1987-02-18
"50",22.2470703125,1987-02-19
"51",17.046875,1987-02-20
"52",10.27734375,1987-02-21
"53",11.8173828125,1987-02-22
"54",12.197265625,1987-02-23
"55",10.306640625,1987-02-24
"56",8.9267578125,1987-02-25
"57",6.357421875,1987-02-26
"58",8.697265625,1987-02-27
"59",16.70703125,1987-02-28
"60",11.1416015625,1987-03-01
"61",12.0517578125,1987-03-02
"62",12.8017578125,1987-03-03
"63",14.7216796875,1987-03-04
"64",14.171875,1987-03-05
"65",13.1923828125,1987-03-06
"66",8.8916015625,1987-03-07
"67",10.8515625,1987-03-08
"68",9.15234375,1987-03-09
"69",8.3818359375,1987-03-10
"70",8.681640625,1987-03-11
"71",11.4716796875,1987-03-12
"72",14.421875,1987-03-13
"73",11.4521484375,1987-03-14
"74",10.3916015625,1987-03-15
"75",8.091796875,1987-03-16
"76",9.0224609375,1987-03-17
"77",9.921875,1987-03-18
"78",11.482421875,1987-03-19
"79",11.01171875,1987-03-20
"80",11.1123046875,1987-03-21
"81",12.0517578125,1987-03-22
"82",12.90234375,1987-03-23
"83",9.431640625,1987-03-24
"84",8.6416015625,1987-03-25
"85",8.181640625,1987-03-26
"86",7.26171875,1987-03-27
"87",13.482421875,1987-03-28
"88",10.232421875,1987-03-29
"89",9.181640625,1987-03-30
"90",10.751953125,1987-03-31
"91",11.8408203125,1987-04-01
"92",11.791015625,1987-04-02
"93",10.611328125,1987-04-03
"94",8.611328125,1987-04-04
"95",11.4111328125,1987-04-05
"96",9.9013671875,1987-04-06
"97",13.890625,1987-04-07
"98",12.521484375,1987-04-08
"99",11.80078125,1987-04-09
"100",8.6611328125,1987-04-10
"101",6.3212890625,1987-04-11
"102",7.201171875,1987-04-12
"103",13.220703125,1987-04-13
"104",11.521484375,1987-04-14
"105",12.1513671875,1987-04-15
"106",10.1513671875,1987-04-16
"107",8.970703125,1987-04-17
"108",6.9912109375,1987-04-18
"109",9.720703125,1987-04-19
"110",7.8212890625,1987-04-20
"111",7.951171875,1987-04-21
"112",6.2314453125,1987-04-22
"113",5.8212890625,1987-04-23
"114",7.041015625,1987-04-24
"115",8.630859375,1987-04-25
"116",9.55078125,1987-04-26
"117",16.810546875,1987-04-27
"118",12.19140625,1987-04-28
"119",13.791015625,1987-04-29
"120",12.041015625,1987-04-30
"121",10.0546875,1987-05-01
"122",17.39453125,1987-05-02
"123",11.3349609375,1987-05-03
"124",9.5546875,1987-05-04
"125",10.4453125,1987-05-05
"126",10.5146484375,1987-05-06
"127",9.884765625,1987-05-07
"128",11.53515625,1987-05-08
"129",13.724609375,1987-05-09
"130",13.955078125,1987-05-10
"131",13.865234375,1987-05-11
"132",10.3251953125,1987-05-12
"133",8.8349609375,1987-05-13
"134",12.0546875,1987-05-14
"135",12.1552734375,1987-05-15
"136",11.7353515625,1987-05-16
"137",11.0546875,1987-05-17
"138",10.375,1987-05-18
"139",10.0546875,1987-05-19
"140",9.0751953125,1987-05-20
"141",8.125,1987-05-21
"142",9.634765625,1987-05-22
"143",12.0654296875,1987-05-23
"144",9.4345703125,1987-05-24
"145",12.3046875,1987-05-25
"146",10.9150390625,1987-05-26
"147",8.2451171875,1987-05-27
"148",8.1845703125,1987-05-28
"149",7.1953125,1987-05-29
"150",6.625,1987-05-30
"151",10.78515625,1987-05-31
"152",7.720703125,1987-06-01
"153",7.5009765625,1987-06-02
"154",7.12109375,1987-06-03
"155",8.791015625,1987-06-04
"156",7.2314453125,1987-06-05
"157",8.380859375,1987-06-06
"158",8.890625,1987-06-07
"159",10.9013671875,1987-06-08
"160",13.701171875,1987-06-09
"161",16.021484375,1987-06-10
"162",12.4208984375,1987-06-11
"163",8.3408203125,1987-06-12
"164",7.9208984375,1987-06-13
"165",6.9111328125,1987-06-14
"166",7.05078125,1987-06-15
"167",8.4208984375,1987-06-16
"168",10.1513671875,1987-06-17
"169",13.05078125,1987-06-18
"170",13.9013671875,1987-06-19
"171",14.1708984375,1987-06-20
"172",10.4208984375,1987-06-21
"173",9.4208984375,1987-06-22
"174",9.951171875,1987-06-23
"175",8.05078125,1987-06-24
"176",7.140625,1987-06-25
"177",8.640625,1987-06-26
"178",8.630859375,1987-06-27
"179",9.791015625,1987-06-28
"180",9.630859375,1987-06-29
"181",5.7607421875,1987-06-30
"182",8.802734375,1987-07-01
"183",7.47265625,1987-07-02
"184",5.703125,1987-07-03
"185",5.97265625,1987-07-04
"186",6.7529296875,1987-07-05
"187",6.802734375,1987-07-06
"188",7.79296875,1987-07-07
"189",7.9033203125,1987-07-08
"190",8.86328125,1987-07-09
"191",7.712890625,1987-07-10
"192",9.802734375,1987-07-11
"193",6.9931640625,1987-07-12
"194",6.962890625,1987-07-13
"195",10.1025390625,1987-07-14
"196",8.6533203125,1987-07-15
"197",7.0927734375,1987-07-16
"198",10.1728515625,1987-07-17
"199",6.6826171875,1987-07-18
"200",7.4326171875,1987-07-19
"201",9.0029296875,1987-07-20
"202",8.7734375,1987-07-21
"203",7.7431640625,1987-07-22
"204",6.9130859375,1987-07-23
"205",5.9931640625,1987-07-24
"206",4.6328125,1987-07-25
"207",9.4228515625,1987-07-26
"208",9.5830078125,1987-07-27
"209",9.6025390625,1987-07-28
"210",8.443359375,1987-07-29
"211",5.7529296875,1987-07-30
"212",9.4130859375,1987-07-31
"213",7.6337890625,1987-08-01
"214",9.2939453125,1987-08-02
"215",8.4140625,1987-08-03
"216",8.1640625,1987-08-04
"217",10.013671875,1987-08-05
"218",8.4638671875,1987-08-06
"219",9.013671875,1987-08-07
"220",9.3740234375,1987-08-08
"221",10.064453125,1987-08-09
"222",6.8837890625,1987-08-10
"223",7.2236328125,1987-08-11
"224",8.9736328125,1987-08-12
"225",9.0341796875,1987-08-13
"226",7.734375,1987-08-14
"227",7.103515625,1987-08-15
"228",9.6142578125,1987-08-16
"229",6.1640625,1987-08-17
"230",6.1435546875,1987-08-18
"231",7.5537109375,1987-08-19
"232",6.994140625,1987-08-20
"233",5.083984375,1987-08-21
"234",6.314453125,1987-08-22
"235",7.32421875,1987-08-23
"236",8.43359375,1987-08-24
"237",5.84375,1987-08-25
"238",5.333984375,1987-08-26
"239",13.083984375,1987-08-27
"240",8.0537109375,1987-08-28
"241",9.2744140625,1987-08-29
"242",8.673828125,1987-08-30
"243",8.833984375,1987-08-31
"244",6.9072265625,1987-09-01
"245",6.3974609375,1987-09-02
"246",9.7265625,1987-09-03
"247",9.947265625,1987-09-04
"248",12.3271484375,1987-09-05
"249",10.3671875,1987-09-06
"250",10.0673828125,1987-09-07
"251",9.6669921875,1987-09-08
"252",11.7568359375,1987-09-09
"253",8.0068359375,1987-09-10
"254",6.1767578125,1987-09-11
"255",6.056640625,1987-09-12
"256",10.306640625,1987-09-13
"257",8.6171875,1987-09-14
"258",9.966796875,1987-09-15
"259",8.376953125,1987-09-16
"260",9.02734375,1987-09-17
"261",4.8974609375,1987-09-18
"262",3.9072265625,1987-09-19
"263",9.3671875,1987-09-20
"264",8.20703125,1987-09-21
"265",5.9873046875,1987-09-22
"266",6.0966796875,1987-09-23
"267",4.8173828125,1987-09-24
"268",8.3173828125,1987-09-25
"269",5.876953125,1987-09-26
"270",5.6669921875,1987-09-27
"271",9.4267578125,1987-09-28
"272",9.6572265625,1987-09-29
"273",8.0869140625,1987-09-30
"274",10.1376953125,1987-10-01
"275",7.568359375,1987-10-02
"276",6.267578125,1987-10-03
"277",10.267578125,1987-10-04
"278",8.0576171875,1987-10-05
"279",5.658203125,1987-10-06
"280",9.9384765625,1987-10-07
"281",8.98828125,1987-10-08
"282",8.9775390625,1987-10-09
"283",9.748046875,1987-10-10
"284",9.6982421875,1987-10-11
"285",9.1279296875,1987-10-12
"286",4.7783203125,1987-10-13
"287",8.23828125,1987-10-14
"288",10.6083984375,1987-10-15
"289",8.748046875,1987-10-16
"290",9.568359375,1987-10-17
"291",10.2783203125,1987-10-18
"292",5.6376953125,1987-10-19
"293",6.7275390625,1987-10-20
"294",6.91796875,1987-10-21
"295",8.517578125,1987-10-22
"296",10.408203125,1987-10-23
"297",9.59765625,1987-10-24
"298",10.0380859375,1987-10-25
"299",8.0078125,1987-10-26
"300",8.5380859375,1987-10-27
"301",10.7578125,1987-10-28
"302",10.408203125,1987-10-29
"303",6.9580078125,1987-10-30
"304",5.337890625,1987-10-31
"305",9.2568359375,1987-11-01
"306",12.9970703125,1987-11-02
"307",9.716796875,1987-11-03
"308",7.1767578125,1987-11-04
"309",8.9970703125,1987-11-05
"310",7.88671875,1987-11-06
"311",7.38671875,1987-11-07
"312",6.806640625,1987-11-08
"313",9.2265625,1987-11-09
"314",11.046875,1987-11-10
"315",9.5771484375,1987-11-11
"316",9.38671875,1987-11-12
"317",6.95703125,1987-11-13
"318",7.4970703125,1987-11-14
"319",4.9765625,1987-11-15
"320",8.6865234375,1987-11-16
"321",15.1171875,1987-11-17
"322",15.7373046875,1987-11-18
"323",13.45703125,1987-11-19
"324",8.876953125,1987-11-20
"325",6.70703125,1987-11-21
"326",6.20703125,1987-11-22
"327",11.63671875,1987-11-23
"328",9.3271484375,1987-11-24
"329",8.8466796875,1987-11-25
"330",11.6767578125,1987-11-26
"331",10.8271484375,1987-11-27
"332",6.466796875,1987-11-28
"333",13.2265625,1987-11-29
"334",10.546875,1987-11-30
"335",10.44140625,1987-12-01
"336",10.7314453125,1987-12-02
"337",9.5712890625,1987-12-03
"338",8.0107421875,1987-12-04
"339",9.7607421875,1987-12-05
"340",8.9306640625,1987-12-06
"341",4.880859375,1987-12-07
"342",5.3310546875,1987-12-08
"343",14.6611328125,1987-12-09
"344",14.8310546875,1987-12-10
"345",13.771484375,1987-12-11
"346",11.2607421875,1987-12-12
"347",7.220703125,1987-12-13
"348",6.1806640625,1987-12-14
"349",16.4814453125,1987-12-15
"350",14.271484375,1987-12-16
"351",12.7412109375,1987-12-17
"352",12.791015625,1987-12-18
"353",12.7412109375,1987-12-19
"354",15.6806640625,1987-12-20
"355",11.970703125,1987-12-21
"356",8.861328125,1987-12-22
"357",19.1708984375,1987-12-23
"358",10.060546875,1987-12-24
"359",10.28125,1987-12-25
"360",6.970703125,1987-12-26
"361",17.8212890625,1987-12-27
"362",12.880859375,1987-12-28
"363",10.771484375,1987-12-29
"364",9.1005859375,1987-12-30
"365",19.951171875,1987-12-31
"366",11.96484375,1988-01-01
"367",11.5947265625,1988-01-02
"368",11.9853515625,1988-01-03
"369",10.4052734375,1988-01-04
"370",9.275390625,1988-01-05
"371",6.1845703125,1988-01-06
"372",10.125,1988-01-07
"373",13.025390625,1988-01-08
"374",14.1748046875,1988-01-09
"375",12.044921875,1988-01-10
"376",14.7451171875,1988-01-11
"377",12.78515625,1988-01-12
"378",18.884765625,1988-01-13
"379",21.125,1988-01-14
"380",11.5849609375,1988-01-15
"381",10.4853515625,1988-01-16
"382",13.28515625,1988-01-17
"383",14.0947265625,1988-01-18
"384",6.64453125,1988-01-19
"385",15.2646484375,1988-01-20
"386",11.4853515625,1988-01-21
"387",12.0654296875,1988-01-22
"388",12.5654296875,1988-01-23
"389",7.884765625,1988-01-24
"390",9.14453125,1988-01-25
"391",8.134765625,1988-01-26
"392",7.1845703125,1988-01-27
"393",6.705078125,1988-01-28
"394",9.615234375,1988-01-29
"395",11.9951171875,1988-01-30
"396",13.134765625,1988-01-31
"397",10.5673828125,1988-02-01
"398",10.1767578125,1988-02-02
"399",10.9072265625,1988-02-03
"400",7.6669921875,1988-02-04
"401",14.70703125,1988-02-05
"402",8.287109375,1988-02-06
"403",11.45703125,1988-02-07
"404",11.8173828125,1988-02-08
"405",11.4072265625,1988-02-09
"406",9.52734375,1988-02-10
"407",11.5771484375,1988-02-11
"408",14.0166015625,1988-02-12
"409",11.5166015625,1988-02-13
"410",13.7666015625,1988-02-14
"411",13.537109375,1988-02-15
"412",11.13671875,1988-02-16
"413",10.6669921875,1988-02-17
"414",12.7470703125,1988-02-18
"415",10.876953125,1988-02-19
"416",13.0673828125,1988-02-20
"417",13.556640625,1988-02-21
"418",12.5068359375,1988-02-22
"419",12.4765625,1988-02-23
"420",10.0673828125,1988-02-24
"421",11.1865234375,1988-02-25
"422",13.77734375,1988-02-26
"423",11.9365234375,1988-02-27
"424",11.6474609375,1988-02-28
"425",14.4873046875,1988-02-29
"426",15.162109375,1988-03-01
"427",10.8818359375,1988-03-02
"428",13.732421875,1988-03-03
"429",8.7021484375,1988-03-04
"430",9.8515625,1988-03-05
"431",13.662109375,1988-03-06
"432",13.591796875,1988-03-07
"433",10.0224609375,1988-03-08
"434",14.2216796875,1988-03-09
"435",12.6416015625,1988-03-10
"436",11.6416015625,1988-03-11
"437",7.15234375,1988-03-12
"438",12.162109375,1988-03-13
"439",10.912109375,1988-03-14
"440",10.8818359375,1988-03-15
"441",10.4921875,1988-03-16
"442",9.90234375,1988-03-17
"443",9.0615234375,1988-03-18
"444",8.2724609375,1988-03-19
"445",6.681640625,1988-03-20
"446",6.072265625,1988-03-21
"447",5.662109375,1988-03-22
"448",12.4423828125,1988-03-23
"449",10.232421875,1988-03-24
"450",9.6015625,1988-03-25
"451",12.4716796875,1988-03-26
"452",11.4619140625,1988-03-27
"453",14.091796875,1988-03-28
"454",20.322265625,1988-03-29
"455",19.90234375,1988-03-30
"456",18.931640625,1988-03-31
"457",19.5107421875,1988-04-01
"458",16.55078125,1988-04-02
"459",13.80078125,1988-04-03
"460",13.470703125,1988-04-04
"461",13.1611328125,1988-04-05
"462",13.521484375,1988-04-06
"463",14.060546875,1988-04-07
"464",12.2314453125,1988-04-08
"465",11.7509765625,1988-04-09
"466",9.8212890625,1988-04-10
"467",8.7412109375,1988-04-11
"468",9.201171875,1988-04-12
"469",14.111328125,1988-04-13
"470",14.1513671875,1988-04-14
"471",13.9609375,1988-04-15
"472",10.4111328125,1988-04-16
"473",7.4814453125,1988-04-17
"474",8.44140625,1988-04-18
"475",9.720703125,1988-04-19
"476",12.451171875,1988-04-20
"477",13.1806640625,1988-04-21
"478",13.640625,1988-04-22
"479",9.8505859375,1988-04-23
"480",8.1806640625,1988-04-24
"481",10.05078125,1988-04-25
"482",16.03125,1988-04-26
"483",10.4814453125,1988-04-27
"484",8.87109375,1988-04-28
"485",12.1513671875,1988-04-29
"486",11.30078125,1988-04-30
"487",10.78515625,1988-05-01
"488",12.96484375,1988-05-02
"489",12.21484375,1988-05-03
"490",17.6748046875,1988-05-04
"491",18.7548828125,1988-05-05
"492",10.6748046875,1988-05-06
"493",14.1748046875,1988-05-07
"494",13.60546875,1988-05-08
"495",13.365234375,1988-05-09
"496",12.7548828125,1988-05-10
"497",8.9248046875,1988-05-11
"498",8.8154296875,1988-05-12
"499",8.8046875,1988-05-13
"500",11.3447265625,1988-05-14
"501",16.5947265625,1988-05-15
"502",13.6845703125,1988-05-16
"503",13.64453125,1988-05-17
"504",9.884765625,1988-05-18
"505",13.634765625,1988-05-19
"506",11.2353515625,1988-05-20
"507",11.7451171875,1988-05-21
"508",11.5654296875,1988-05-22
"509",9.35546875,1988-05-23
"510",11.8154296875,1988-05-24
"511",12.3251953125,1988-05-25
"512",13.0146484375,1988-05-26
"513",8.6650390625,1988-05-27
"514",13.14453125,1988-05-28
"515",11.6845703125,1988-05-29
"516",9.8154296875,1988-05-30
"517",9.8349609375,1988-05-31
"518",9.1005859375,1988-06-01
"519",9.810546875,1988-06-02
"520",11.8212890625,1988-06-03
"521",10.6005859375,1988-06-04
"522",9.4111328125,1988-06-05
"523",9.03125,1988-06-06
"524",7.2314453125,1988-06-07
"525",11.2314453125,1988-06-08
"526",11.37109375,1988-06-09
"527",9.9912109375,1988-06-10
"528",9.791015625,1988-06-11
"529",9.9814453125,1988-06-12
"530",9.791015625,1988-06-13
"531",12.55078125,1988-06-14
"532",10.6005859375,1988-06-15
"533",9.451171875,1988-06-16
"534",9.12109375,1988-06-17
"535",9.0107421875,1988-06-18
"536",10.9609375,1988-06-19
"537",11.4609375,1988-06-20
"538",9.1005859375,1988-06-21
"539",8.630859375,1988-06-22
"540",8.111328125,1988-06-23
"541",7.970703125,1988-06-24
"542",7.291015625,1988-06-25
"543",7.8408203125,1988-06-26
"544",7.55078125,1988-06-27
"545",10.69140625,1988-06-28
"546",6.9111328125,1988-06-29
"547",7.810546875,1988-06-30
"548",7.953125,1988-07-01
"549",7.783203125,1988-07-02
"550",8.443359375,1988-07-03
"551",11.033203125,1988-07-04
"552",12.0126953125,1988-07-05
"553",10.962890625,1988-07-06
"554",9.2529296875,1988-07-07
"555",8.6728515625,1988-07-08
"556",10.1826171875,1988-07-09
"557",9.61328125,1988-07-10
"558",9.9931640625,1988-07-11
"559",9.2626953125,1988-07-12
"560",9.4033203125,1988-07-13
"561",9.1630859375,1988-07-14
"562",10.142578125,1988-07-15
"563",11.5234375,1988-07-16
"564",8.802734375,1988-07-17
"565",7.703125,1988-07-18
"566",9.9326171875,1988-07-19
"567",7.462890625,1988-07-20
"568",7.7333984375,1988-07-21
"569",10.3330078125,1988-07-22
"570",9.6025390625,1988-07-23
"571",6.123046875,1988-07-24
"572",5.8427734375,1988-07-25
"573",9.6826171875,1988-07-26
"574",7.7734375,1988-07-27
"575",7.36328125,1988-07-28
"576",6.8232421875,1988-07-29
"577",9.1826171875,1988-07-30
"578",7.943359375,1988-07-31
"579",6.82421875,1988-08-01
"580",6.333984375,1988-08-02
"581",9.4638671875,1988-08-03
"582",9.2236328125,1988-08-04
"583",9.25390625,1988-08-05
"584",7.4638671875,1988-08-06
"585",7.744140625,1988-08-07
"586",8.673828125,1988-08-08
"587",6.564453125,1988-08-09
"588",6.7841796875,1988-08-10
"589",5.8935546875,1988-08-11
"590",5.68359375,1988-08-12
"591",5.7939453125,1988-08-13
"592",7.064453125,1988-08-14
"593",9.0244140625,1988-08-15
"594",6.2744140625,1988-08-16
"595",7.1142578125,1988-08-17
"596",10.3740234375,1988-08-18
"597",10.673828125,1988-08-19
"598",6.6943359375,1988-08-20
"599",10.32421875,1988-08-21
"600",8.50390625,1988-08-22
"601",8.2841796875,1988-08-23
"602",6.7744140625,1988-08-24
"603",5.5244140625,1988-08-25
"604",5.9443359375,1988-08-26
"605",10.234375,1988-08-27
"606",8.7744140625,1988-08-28
"607",7.3642578125,1988-08-29
"608",6.50390625,1988-08-30
"609",5.43359375,1988-08-31
"610",6.9873046875,1988-09-01
"611",11.8671875,1988-09-02
"612",10.0869140625,1988-09-03
"613",8.287109375,1988-09-04
"614",7.2265625,1988-09-05
"615",7.3466796875,1988-09-06
"616",5.9365234375,1988-09-07
"617",6.6669921875,1988-09-08
"618",10.806640625,1988-09-09
"619",14.8271484375,1988-09-10
"620",9.6474609375,1988-09-11
"621",8.466796875,1988-09-12
"622",8.5068359375,1988-09-13
"623",4.857421875,1988-09-14
"624",3.95703125,1988-09-15
"625",11.607421875,1988-09-16
"626",8.357421875,1988-09-17
"627",9.2666015625,1988-09-18
"628",7.626953125,1988-09-19
"629",4.8369140625,1988-09-20
"630",3.306640625,1988-09-21
"631",2.947265625,1988-09-22
"632",10.4072265625,1988-09-23
"633",7.0673828125,1988-09-24
"634",7.6474609375,1988-09-25
"635",5.4765625,1988-09-26
"636",10.0869140625,1988-09-27
"637",4.6669921875,1988-09-28
"638",7.38671875,1988-09-29
"639",7.5673828125,1988-09-30
"640",10.568359375,1988-10-01
"641",7.59765625,1988-10-02
"642",5.328125,1988-10-03
"643",10.1884765625,1988-10-04
"644",7.9384765625,1988-10-05
"645",9.8779296875,1988-10-06
"646",4.6181640625,1988-10-07
"647",9.9580078125,1988-10-08
"648",9.1376953125,1988-10-09
"649",9.7783203125,1988-10-10
"650",4.8681640625,1988-10-11
"651",11.4775390625,1988-10-12
"652",7.6279296875,1988-10-13
"653",11.767578125,1988-10-14
"654",8.177734375,1988-10-15
"655",4.1884765625,1988-10-16
"656",9.677734375,1988-10-17
"657",3.677734375,1988-10-18
"658",3.59765625,1988-10-19
"659",4.7783203125,1988-10-20
"660",16.5283203125,1988-10-21
"661",9.1484375,1988-10-22
"662",11.09765625,1988-10-23
"663",10.34765625,1988-10-24
"664",6.1982421875,1988-10-25
"665",3.677734375,1988-10-26
"666",9.6279296875,1988-10-27
"667",9.0576171875,1988-10-28
"668",10.767578125,1988-10-29
"669",10.8876953125,1988-10-30
"670",9.0576171875,1988-10-31
"671",5.876953125,1988-11-01
"672",6.376953125,1988-11-02
"673",11.4873046875,1988-11-03
"674",15.1669921875,1988-11-04
"675",9.2373046875,1988-11-05
"676",7.4169921875,1988-11-06
"677",4.306640625,1988-11-07
"678",11.3173828125,1988-11-08
"679",10.2666015625,1988-11-09
"680",9.607421875,1988-11-10
"681",9.966796875,1988-11-11
"682",5.2373046875,1988-11-12
"683",14.2373046875,1988-11-13
"684",11.20703125,1988-11-14
"685",8.046875,1988-11-15
"686",7.626953125,1988-11-16
"687",9.6669921875,1988-11-17
"688",7.376953125,1988-11-18
"689",9.796875,1988-11-19
"690",9.7470703125,1988-11-20
"691",11.4267578125,1988-11-21
"692",11.5771484375,1988-11-22
"693",9.7470703125,1988-11-23
"694",10.857421875,1988-11-24
"695",11.8466796875,1988-11-25
"696",9.796875,1988-11-26
"697",9.0673828125,1988-11-27
"698",9.216796875,1988-11-28
"699",9.3671875,1988-11-29
"700",9.9072265625,1988-11-30
"701",9.0712890625,1988-12-01
"702",11.130859375,1988-12-02
"703",16.201171875,1988-12-03
"704",23.19140625,1988-12-04
"705",21.6005859375,1988-12-05
"706",12.12109375,1988-12-06
"707",11.87109375,1988-12-07
"708",17.560546875,1988-12-08
"709",23.2509765625,1988-12-09
"710",18.541015625,1988-12-10
"711",9.2607421875,1988-12-11
"712",9.810546875,1988-12-12
"713",10.021484375,1988-12-13
"714",10.3212890625,1988-12-14
"715",9.1708984375,1988-12-15
"716",12.9912109375,1988-12-16
"717",16.19140625,1988-12-17
"718",16.470703125,1988-12-18
"719",10.6611328125,1988-12-19
"720",12.7109375,1988-12-20
"721",16.2607421875,1988-12-21
"722",15.6708984375,1988-12-22
"723",15.1005859375,1988-12-23
"724",16.9208984375,1988-12-24
"725",19.6005859375,1988-12-25
"726",12.7109375,1988-12-26
"727",9.6806640625,1988-12-27
"728",12.3212890625,1988-12-28
"729",13.1005859375,1988-12-29
"730",11.9306640625,1988-12-30
"731",14.0009765625,1988-12-31
"732",13.625,1989-01-01
"733",13.1953125,1989-01-02
"734",14.64453125,1989-01-03
"735",10.955078125,1989-01-04
"736",8.125,1989-01-05
"737",9.39453125,1989-01-06
"738",6.1845703125,1989-01-07
"739",12.1650390625,1989-01-08
"740",12.46484375,1989-01-09
"741",12.0947265625,1989-01-10
"742",9.205078125,1989-01-11
"743",12.3154296875,1989-01-12
"744",13.1845703125,1989-01-13
"745",8.4951171875,1989-01-14
"746",6.0146484375,1989-01-15
"747",10.4345703125,1989-01-16
"748",16.2353515625,1989-01-17
"749",11.544921875,1989-01-18
"750",12.2353515625,1989-01-19
"751",13.14453125,1989-01-20
"752",11.6953125,1989-01-21
"753",12.294921875,1989-01-22
"754",10.884765625,1989-01-23
"755",10.6650390625,1989-01-24
"756",9.5654296875,1989-01-25
"757",10.3447265625,1989-01-26
"758",7.21484375,1989-01-27
"759",8.365234375,1989-01-28
"760",15.6845703125,1989-01-29
"761",16.275390625,1989-01-30
"762",13.10546875,1989-01-31
"763",12.8671875,1989-02-01
"764",13.0166015625,1989-02-02
"765",11.13671875,1989-02-03
"766",11.546875,1989-02-04
"767",12.38671875,1989-02-05
"768",8.376953125,1989-02-06
"769",6.546875,1989-02-07
"770",14.3671875,1989-02-08
"771",12.716796875,1989-02-09
"772",12.9267578125,1989-02-10
"773",13.357421875,1989-02-11
"774",12.5068359375,1989-02-12
"775",14.6669921875,1989-02-13
"776",15.38671875,1989-02-14
"777",14.0673828125,1989-02-15
"778",13.5771484375,1989-02-16
"779",8.8671875,1989-02-17
"780",11.9072265625,1989-02-18
"781",10.0771484375,1989-02-19
"782",11.1865234375,1989-02-20
"783",10.306640625,1989-02-21
"784",11.3271484375,1989-02-22
"785",8.7470703125,1989-02-23
"786",5.537109375,1989-02-24
"787",15.2568359375,1989-02-25
"788",11.5869140625,1989-02-26
"789",9.216796875,1989-02-27
"790",7.9365234375,1989-02-28
"791",7.1123046875,1989-03-01
"792",8.681640625,1989-03-02
"793",11.2021484375,1989-03-03
"794",10.6123046875,1989-03-04
"795",9.671875,1989-03-05
"796",9.6123046875,1989-03-06
"797",9.8916015625,1989-03-07
"798",17.65234375,1989-03-08
"799",21.6220703125,1989-03-09
"800",23.8623046875,1989-03-10
"801",22.0322265625,1989-03-11
"802",19.3916015625,1989-03-12
"803",17.001953125,1989-03-13
"804",14.412109375,1989-03-14
"805",12.3017578125,1989-03-15
"806",12.8720703125,1989-03-16
"807",12.1123046875,1989-03-17
"808",14.6416015625,1989-03-18
"809",19.3017578125,1989-03-19
"810",20.841796875,1989-03-20
"811",16.51171875,1989-03-21
"812",17.591796875,1989-03-22
"813",15.322265625,1989-03-23
"814",14.7216796875,1989-03-24
"815",11.091796875,1989-03-25
"816",9.7216796875,1989-03-26
"817",10.6123046875,1989-03-27
"818",10.7216796875,1989-03-28
"819",11.4716796875,1989-03-29
"820",11.6015625,1989-03-30
"821",10.501953125,1989-03-31
"822",12.0712890625,1989-04-01
"823",11.720703125,1989-04-02
"824",11.7412109375,1989-04-03
"825",14.7109375,1989-04-04
"826",11.28125,1989-04-05
"827",10.791015625,1989-04-06
"828",12.0009765625,1989-04-07
"829",14.5908203125,1989-04-08
"830",14.5107421875,1989-04-09
"831",14.140625,1989-04-10
"832",12.720703125,1989-04-11
"833",13.111328125,1989-04-12
"834",13.271484375,1989-04-13
"835",13.701171875,1989-04-14
"836",13.1806640625,1989-04-15
"837",15.4111328125,1989-04-16
"838",15.2412109375,1989-04-17
"839",13.060546875,1989-04-18
"840",13.791015625,1989-04-19
"841",13.3505859375,1989-04-20
"842",12.5009765625,1989-04-21
"843",13.560546875,1989-04-22
"844",11.541015625,1989-04-23
"845",12.87109375,1989-04-24
"846",16.7509765625,1989-04-25
"847",17.6005859375,1989-04-26
"848",13.611328125,1989-04-27
"849",13.130859375,1989-04-28
"850",14.1806640625,1989-04-29
"851",15.771484375,1989-04-30
"852",13.125,1989-05-01
"853",13.044921875,1989-05-02
"854",15.6748046875,1989-05-03
"855",14.0654296875,1989-05-04
"856",12.294921875,1989-05-05
"857",9.4052734375,1989-05-06
"858",11.9345703125,1989-05-07
"859",12.134765625,1989-05-08
"860",12.3046875,1989-05-09
"861",13.4853515625,1989-05-10
"862",13.884765625,1989-05-11
"863",12.1845703125,1989-05-12
"864",10.8447265625,1989-05-13
"865",11.4150390625,1989-05-14
"866",11.474609375,1989-05-15
"867",11.615234375,1989-05-16
"868",10.6650390625,1989-05-17
"869",14.025390625,1989-05-18
"870",14.455078125,1989-05-19
"871",12.9248046875,1989-05-20
"872",13.0751953125,1989-05-21
"873",11.0849609375,1989-05-22
"874",10.5751953125,1989-05-23
"875",8.5849609375,1989-05-24
"876",12.115234375,1989-05-25
"877",14.365234375,1989-05-26
"878",12.875,1989-05-27
"879",14.375,1989-05-28
"880",14.5849609375,1989-05-29
"881",12.1552734375,1989-05-30
"882",12.205078125,1989-05-31
"883",11.5908203125,1989-06-01
"884",12.05078125,1989-06-02
"885",11.2509765625,1989-06-03
"886",8.1005859375,1989-06-04
"887",9.6005859375,1989-06-05
"888",9.541015625,1989-06-06
"889",9.560546875,1989-06-07
"890",10.310546875,1989-06-08
"891",9.140625,1989-06-09
"892",10.3505859375,1989-06-10
"893",10.1005859375,1989-06-11
"894",8.53125,1989-06-12
"895",8.220703125,1989-06-13
"896",9.6005859375,1989-06-14
"897",11.4306640625,1989-06-15
"898",12.4912109375,1989-06-16
"899",9.541015625,1989-06-17
"900",12.6513671875,1989-06-18
"901",9.5009765625,1989-06-19
"902",10.3505859375,1989-06-20
"903",8.05078125,1989-06-21
"904",7.3212890625,1989-06-22
"905",8.8212890625,1989-06-23
"906",7.62109375,1989-06-24
"907",6.5009765625,1989-06-25
"908",7.220703125,1989-06-26
"909",7.44140625,1989-06-27
"910",7.37109375,1989-06-28
"911",8.4013671875,1989-06-29
"912",9.380859375,1989-06-30
"913",8.8525390625,1989-07-01
"914",8.1728515625,1989-07-02
"915",8.1328125,1989-07-03
"916",9.6630859375,1989-07-04
"917",8.5830078125,1989-07-05
"918",11.1728515625,1989-07-06
"919",9.552734375,1989-07-07
"920",8.97265625,1989-07-08
"921",7.943359375,1989-07-09
"922",7.873046875,1989-07-10
"923",7.392578125,1989-07-11
"924",8.2626953125,1989-07-12
"925",7.22265625,1989-07-13
"926",6.7626953125,1989-07-14
"927",8.5927734375,1989-07-15
"928",9.86328125,1989-07-16
"929",10.142578125,1989-07-17
"930",9.4931640625,1989-07-18
"931",9.6533203125,1989-07-19
"932",8.453125,1989-07-20
"933",7.1533203125,1989-07-21
"934",10.5029296875,1989-07-22
"935",10.1533203125,1989-07-23
"936",9.9130859375,1989-07-24
"937",9.97265625,1989-07-25
"938",9.193359375,1989-07-26
"939",9.6025390625,1989-07-27
"940",9.0927734375,1989-07-28
"941",11.5732421875,1989-07-29
"942",11.0029296875,1989-07-30
"943",9.1025390625,1989-07-31
"944",8.57421875,1989-08-01
"945",8.333984375,1989-08-02
"946",7.263671875,1989-08-03
"947",7.50390625,1989-08-04
"948",7.8740234375,1989-08-05
"949",8.75390625,1989-08-06
"950",9.1943359375,1989-08-07
"951",8.7841796875,1989-08-08
"952",9.7041015625,1989-08-09
"953",8.673828125,1989-08-10
"954",10.1142578125,1989-08-11
"955",8.0244140625,1989-08-12
"956",7.2744140625,1989-08-13
"957",6.5537109375,1989-08-14
"958",9.7236328125,1989-08-15
"959",9.4140625,1989-08-16
"960",9.244140625,1989-08-17
"961",8.2841796875,1989-08-18
"962",7.8740234375,1989-08-19
"963",9.333984375,1989-08-20
"964",7.8642578125,1989-08-21
"965",8.744140625,1989-08-22
"966",8.244140625,1989-08-23
"967",7.744140625,1989-08-24
"968",7.654296875,1989-08-25
"969",8.654296875,1989-08-26
"970",6.9638671875,1989-08-27
"971",7.34375,1989-08-28
"972",9.84375,1989-08-29
"973",8.103515625,1989-08-30
"974",9.6435546875,1989-08-31
"975",9.4365234375,1989-09-01
"976",9.8271484375,1989-09-02
"977",9.876953125,1989-09-03
"978",10.287109375,1989-09-04
"979",9.376953125,1989-09-05
"980",8.306640625,1989-09-06
"981",6.7265625,1989-09-07
"982",4.9169921875,1989-09-08
"983",10.546875,1989-09-09
"984",8.8173828125,1989-09-10
"985",8.20703125,1989-09-11
"986",8.4072265625,1989-09-12
"987",8.13671875,1989-09-13
"988",7.0966796875,1989-09-14
"989",5.9970703125,1989-09-15
"990",7.306640625,1989-09-16
"991",9.4072265625,1989-09-17
"992",8.287109375,1989-09-18
"993",10.20703125,1989-09-19
"994",9.9970703125,1989-09-20
"995",7.7568359375,1989-09-21
"996",9.1865234375,1989-09-22
"997",12.056640625,1989-09-23
"998",8.2373046875,1989-09-24
"999",7.447265625,1989-09-25
"1000",7.2265625,1989-09-26
"1001",5.5771484375,1989-09-27
"1002",4.6171875,1989-09-28
"1003",5.056640625,1989-09-29
"1004",9.876953125,1989-09-30
"1005",9.8876953125,1989-10-01
"1006",6.3876953125,1989-10-02
"1007",4.9580078125,1989-10-03
"1008",11.2880859375,1989-10-04
"1009",10.7578125,1989-10-05
"1010",10.767578125,1989-10-06
"1011",10.6083984375,1989-10-07
"1012",7.5283203125,1989-10-08
"1013",7.9482421875,1989-10-09
"1014",9.7578125,1989-10-10
"1015",6.3583984375,1989-10-11
"1016",9.087890625,1989-10-12
"1017",8.6376953125,1989-10-13
"1018",11.068359375,1989-10-14
"1019",7.568359375,1989-10-15
"1020",6.818359375,1989-10-16
"1021",3.767578125,1989-10-17
"1022",9.818359375,1989-10-18
"1023",9.6181640625,1989-10-19
"1024",8.578125,1989-10-20
"1025",7.427734375,1989-10-21
"1026",9.498046875,1989-10-22
"1027",11.087890625,1989-10-23
"1028",14.748046875,1989-10-24
"1029",11.0380859375,1989-10-25
"1030",7.7783203125,1989-10-26
"1031",7.09765625,1989-10-27
"1032",8.2880859375,1989-10-28
"1033",5.0576171875,1989-10-29
"1034",8.48828125,1989-10-30
"1035",8.998046875,1989-10-31
"1036",9.376953125,1989-11-01
"1037",9.947265625,1989-11-02
"1038",8.6171875,1989-11-03
"1039",7.3173828125,1989-11-04
"1040",15.296875,1989-11-05
"1041",9.5771484375,1989-11-06
"1042",12.4765625,1989-11-07
"1043",11.63671875,1989-11-08
"1044",8.9873046875,1989-11-09
"1045",9.056640625,1989-11-10
"1046",8.63671875,1989-11-11
"1047",6.6669921875,1989-11-12
"1048",5.716796875,1989-11-13
"1049",5.2373046875,1989-11-14
"1050",12.7666015625,1989-11-15
"1051",14.966796875,1989-11-16
"1052",14.4873046875,1989-11-17
"1053",9.947265625,1989-11-18
"1054",10.7568359375,1989-11-19
"1055",11.1572265625,1989-11-20
"1056",8.9365234375,1989-11-21
"1057",8.2568359375,1989-11-22
"1058",12.45703125,1989-11-23
"1059",14.1865234375,1989-11-24
"1060",13.2470703125,1989-11-25
"1061",13.537109375,1989-11-26
"1062",15.0166015625,1989-11-27
"1063",16.607421875,1989-11-28
"1064",16.6767578125,1989-11-29
"1065",18.787109375,1989-11-30
"1066",22.4111328125,1989-12-01
"1067",10.640625,1989-12-02
"1068",9.6513671875,1989-12-03
"1069",10.5908203125,1989-12-04
"1070",9.5712890625,1989-12-05
"1071",7.4814453125,1989-12-06
"1072",7.890625,1989-12-07
"1073",7.2109375,1989-12-08
"1074",7.2412109375,1989-12-09
"1075",14.28125,1989-12-10
"1076",12.6708984375,1989-12-11
"1077",12.4306640625,1989-12-12
"1078",13.7412109375,1989-12-13
"1079",8.80078125,1989-12-14
"1080",8.5908203125,1989-12-15
"1081",10.2314453125,1989-12-16
"1082",7.861328125,1989-12-17
"1083",8.130859375,1989-12-18
"1084",12.6513671875,1989-12-19
"1085",11.8408203125,1989-12-20
"1086",8.890625,1989-12-21
"1087",6.55078125,1989-12-22
"1088",9.390625,1989-12-23
"1089",7.6513671875,1989-12-24
"1090",20.4814453125,1989-12-25
"1091",11.8505859375,1989-12-26
"1092",10.701171875,1989-12-27
"1093",11.7109375,1989-12-28
"1094",6.970703125,1989-12-29
"1095",13.2509765625,1989-12-30
"1096",6.8310546875,1989-12-31
"1097",13.1845703125,1990-01-01
"1098",8.0947265625,1990-01-02
"1099",11.46484375,1990-01-03
"1100",11.634765625,1990-01-04
"1101",12.1748046875,1990-01-05
"1102",12.9853515625,1990-01-06
"1103",18.294921875,1990-01-07
"1104",17.14453125,1990-01-08
"1105",14.724609375,1990-01-09
"1106",24.1748046875,1990-01-10
"1107",26.3447265625,1990-01-11
"1108",14.46484375,1990-01-12
"1109",13.8447265625,1990-01-13
"1110",15.634765625,1990-01-14
"1111",13.46484375,1990-01-15
"1112",11.625,1990-01-16
"1113",8.365234375,1990-01-17
"1114",12.9951171875,1990-01-18
"1115",13.705078125,1990-01-19
"1116",13.2646484375,1990-01-20
"1117",12.9951171875,1990-01-21
"1118",9.375,1990-01-22
"1119",6.955078125,1990-01-23
"1120",16.4951171875,1990-01-24
"1121",12.205078125,1990-01-25
"1122",13.78515625,1990-01-26
"1123",13.294921875,1990-01-27
"1124",15.21484375,1990-01-28
"1125",11.6845703125,1990-01-29
"1126",7.474609375,1990-01-30
"1127",10.21484375,1990-01-31
"1128",9.6669921875,1990-02-01
"1129",12.2666015625,1990-02-02
"1130",9.1865234375,1990-02-03
"1131",10.607421875,1990-02-04
"1132",12.0771484375,1990-02-05
"1133",11.6865234375,1990-02-06
"1134",11.5166015625,1990-02-07
"1135",12.556640625,1990-02-08
"1136",13.4970703125,1990-02-09
"1137",13.546875,1990-02-10
"1138",10.6572265625,1990-02-11
"1139",11.52734375,1990-02-12
"1140",8.947265625,1990-02-13
"1141",8.3466796875,1990-02-14
"1142",7.27734375,1990-02-15
"1143",20.626953125,1990-02-16
"1144",12.5966796875,1990-02-17
"1145",10.8271484375,1990-02-18
"1146",10.287109375,1990-02-19
"1147",9.45703125,1990-02-20
"1148",9.2666015625,1990-02-21
"1149",13.2470703125,1990-02-22
"1150",16.357421875,1990-02-23
"1151",14.27734375,1990-02-24
"1152",12.046875,1990-02-25
"1153",9.3671875,1990-02-26
"1154",14.8671875,1990-02-27
"1155",19.287109375,1990-02-28
"1156",16.162109375,1990-03-01
"1157",17.9716796875,1990-03-02
"1158",17.01171875,1990-03-03
"1159",14.2919921875,1990-03-04
"1160",14.4619140625,1990-03-05
"1161",11.7119140625,1990-03-06
"1162",11.482421875,1990-03-07
"1163",5.482421875,1990-03-08
"1164",8.4423828125,1990-03-09
"1165",9.251953125,1990-03-10
"1166",13.8017578125,1990-03-11
"1167",11.2021484375,1990-03-12
"1168",8.51171875,1990-03-13
"1169",9.8916015625,1990-03-14
"1170",12.8818359375,1990-03-15
"1171",11.0322265625,1990-03-16
"1172",8.2919921875,1990-03-17
"1173",10.8623046875,1990-03-18
"1174",10.421875,1990-03-19
"1175",11.6318359375,1990-03-20
"1176",9.921875,1990-03-21
"1177",11.431640625,1990-03-22
"1178",14.0615234375,1990-03-23
"1179",16.4619140625,1990-03-24
"1180",16.3720703125,1990-03-25
"1181",16.3115234375,1990-03-26
"1182",14.9619140625,1990-03-27
"1183",11.341796875,1990-03-28
"1184",11.341796875,1990-03-29
"1185",11.1318359375,1990-03-30
"1186",11.822265625,1990-03-31
"1187",12.6708984375,1990-04-01
"1188",12.541015625,1990-04-02
"1189",10.9306640625,1990-04-03
"1190",7.28125,1990-04-04
"1191",11.9013671875,1990-04-05
"1192",15.890625,1990-04-06
"1193",12.5810546875,1990-04-07
"1194",10.78125,1990-04-08
"1195",10.720703125,1990-04-09
"1196",11.9609375,1990-04-10
"1197",11.7412109375,1990-04-11
"1198",8.4306640625,1990-04-12
"1199",17.220703125,1990-04-13
"1200",11.5107421875,1990-04-14
"1201",12.4912109375,1990-04-15
"1202",8.560546875,1990-04-16
"1203",9.1513671875,1990-04-17
"1204",9.4306640625,1990-04-18
"1205",13.37109375,1990-04-19
"1206",16.1806640625,1990-04-20
"1207",12.2109375,1990-04-21
"1208",11.9814453125,1990-04-22
"1209",9.1513671875,1990-04-23
"1210",15.220703125,1990-04-24
"1211",10.7509765625,1990-04-25
"1212",10.951171875,1990-04-26
"1213",8.8505859375,1990-04-27
"1214",6.521484375,1990-04-28
"1215",14.451171875,1990-04-29
"1216",11.810546875,1990-04-30
"1217",8.89453125,1990-05-01
"1218",9.14453125,1990-05-02
"1219",8.5654296875,1990-05-03
"1220",8.125,1990-05-04
"1221",9.4248046875,1990-05-05
"1222",13.205078125,1990-05-06
"1223",10.125,1990-05-07
"1224",11.1552734375,1990-05-08
"1225",10.0751953125,1990-05-09
"1226",15.705078125,1990-05-10
"1227",13.3447265625,1990-05-11
"1228",10.21484375,1990-05-12
"1229",11.4453125,1990-05-13
"1230",10.6748046875,1990-05-14
"1231",11.8349609375,1990-05-15
"1232",14.8251953125,1990-05-16
"1233",16.35546875,1990-05-17
"1234",12.8046875,1990-05-18
"1235",8.7451171875,1990-05-19
"1236",9.21484375,1990-05-20
"1237",10.3447265625,1990-05-21
"1238",10.4853515625,1990-05-22
"1239",9.3251953125,1990-05-23
"1240",12.615234375,1990-05-24
"1241",12.375,1990-05-25
"1242",12.1650390625,1990-05-26
"1243",10.28515625,1990-05-27
"1244",9.6748046875,1990-05-28
"1245",10.3046875,1990-05-29
"1246",11.8154296875,1990-05-30
"1247",11.60546875,1990-05-31
"1248",11.5107421875,1990-06-01
"1249",10.021484375,1990-06-02
"1250",10.9609375,1990-06-03
"1251",11.041015625,1990-06-04
"1252",9.111328125,1990-06-05
"1253",8.69140625,1990-06-06
"1254",12.701171875,1990-06-07
"1255",13.3310546875,1990-06-08
"1256",12.021484375,1990-06-09
"1257",11.771484375,1990-06-10
"1258",12.2412109375,1990-06-11
"1259",13.630859375,1990-06-12
"1260",11.2109375,1990-06-13
"1261",10.4814453125,1990-06-14
"1262",11.05078125,1990-06-15
"1263",11.5908203125,1990-06-16
"1264",9.1513671875,1990-06-17
"1265",8.4814453125,1990-06-18
"1266",9.041015625,1990-06-19
"1267",8.1806640625,1990-06-20
"1268",7.3310546875,1990-06-21
"1269",7.611328125,1990-06-22
"1270",6.8505859375,1990-06-23
"1271",7.451171875,1990-06-24
"1272",9.03125,1990-06-25
"1273",9.0712890625,1990-06-26
"1274",8.6611328125,1990-06-27
"1275",9.021484375,1990-06-28
"1276",8.62109375,1990-06-29
"1277",6.5810546875,1990-06-30
"1278",7.302734375,1990-07-01
"1279",8.1728515625,1990-07-02
"1280",10.302734375,1990-07-03
"1281",10.4931640625,1990-07-04
"1282",9.5927734375,1990-07-05
"1283",8.3525390625,1990-07-06
"1284",8.443359375,1990-07-07
"1285",8.4033203125,1990-07-08
"1286",7.8330078125,1990-07-09
"1287",7.443359375,1990-07-10
"1288",8.61328125,1990-07-11
"1289",12.6728515625,1990-07-12
"1290",8.962890625,1990-07-13
"1291",12.193359375,1990-07-14
"1292",10.4833984375,1990-07-15
"1293",12.193359375,1990-07-16
"1294",11.1826171875,1990-07-17
"1295",8.54296875,1990-07-18
"1296",7.1728515625,1990-07-19
"1297",6.1630859375,1990-07-20
"1298",7.6328125,1990-07-21
"1299",6.623046875,1990-07-22
"1300",6.9228515625,1990-07-23
"1301",8.8330078125,1990-07-24
"1302",4.533203125,1990-07-25
"1303",7.9931640625,1990-07-26
"1304",8.1630859375,1990-07-27
"1305",8.943359375,1990-07-28
"1306",7.4228515625,1990-07-29
"1307",6.8232421875,1990-07-30
"1308",5.97265625,1990-07-31
"1309",6.763671875,1990-08-01
"1310",8.7841796875,1990-08-02
"1311",6.234375,1990-08-03
"1312",12.7939453125,1990-08-04
"1313",7.583984375,1990-08-05
"1314",9.8740234375,1990-08-06
"1315",7.9140625,1990-08-07
"1316",12.103515625,1990-08-08
"1317",8.423828125,1990-08-09
"1318",9.3740234375,1990-08-10
"1319",10.75390625,1990-08-11
"1320",10.3837890625,1990-08-12
"1321",8.3642578125,1990-08-13
"1322",6.1943359375,1990-08-14
"1323",8.263671875,1990-08-15
"1324",10.513671875,1990-08-16
"1325",8.103515625,1990-08-17
"1326",7.0537109375,1990-08-18
"1327",6.82421875,1990-08-19
"1328",10.8740234375,1990-08-20
"1329",8.244140625,1990-08-21
"1330",7.93359375,1990-08-22
"1331",10.43359375,1990-08-23
"1332",10.083984375,1990-08-24
"1333",9.7138671875,1990-08-25
"1334",8.564453125,1990-08-26
"1335",5.68359375,1990-08-27
"1336",10.234375,1990-08-28
"1337",12.404296875,1990-08-29
"1338",10.3740234375,1990-08-30
"1339",10.50390625,1990-08-31
"1340",10.037109375,1990-09-01
"1341",8.3974609375,1990-09-02
"1342",10.2568359375,1990-09-03
"1343",10.0771484375,1990-09-04
"1344",9.3466796875,1990-09-05
"1345",8.38671875,1990-09-06
"1346",7.13671875,1990-09-07
"1347",4.876953125,1990-09-08
"1348",4.5673828125,1990-09-09
"1349",4.95703125,1990-09-10
"1350",8.5869140625,1990-09-11
"1351",8.0771484375,1990-09-12
"1352",9.3974609375,1990-09-13
"1353",7.1171875,1990-09-14
"1354",8.0771484375,1990-09-15
"1355",9.2666015625,1990-09-16
"1356",7.296875,1990-09-17
"1357",4.8974609375,1990-09-18
"1358",8.607421875,1990-09-19
"1359",10.1669921875,1990-09-20
"1360",7.6474609375,1990-09-21
"1361",6.9267578125,1990-09-22
"1362",6.88671875,1990-09-23
"1363",11.537109375,1990-09-24
"1364",13.6767578125,1990-09-25
"1365",11.107421875,1990-09-26
"1366",8.88671875,1990-09-27
"1367",7.876953125,1990-09-28
"1368",8.4765625,1990-09-29
"1369",5.9072265625,1990-09-30
"1370",5.4677734375,1990-10-01
"1371",6.0576171875,1990-10-02
"1372",6.4580078125,1990-10-03
"1373",6.677734375,1990-10-04
"1374",12.8876953125,1990-10-05
"1375",10.3681640625,1990-10-06
"1376",5.6884765625,1990-10-07
"1377",12.23828125,1990-10-08
"1378",10.1279296875,1990-10-09
"1379",9.177734375,1990-10-10
"1380",10.8681640625,1990-10-11
"1381",9.498046875,1990-10-12
"1382",6.328125,1990-10-13
"1383",9.267578125,1990-10-14
"1384",9.267578125,1990-10-15
"1385",9.4580078125,1990-10-16
"1386",8.6083984375,1990-10-17
"1387",10.578125,1990-10-18
"1388",8.1884765625,1990-10-19
"1389",9.34765625,1990-10-20
"1390",11.517578125,1990-10-21
"1391",8.5478515625,1990-10-22
"1392",10.1083984375,1990-10-23
"1393",8.2578125,1990-10-24
"1394",6.8076171875,1990-10-25
"1395",4.6279296875,1990-10-26
"1396",5.2080078125,1990-10-27
"1397",8.2783203125,1990-10-28
"1398",10.1279296875,1990-10-29
"1399",8.0283203125,1990-10-30
"1400",9.158203125,1990-10-31
"1401",10.876953125,1990-11-01
"1402",10.27734375,1990-11-02
"1403",8.4765625,1990-11-03
"1404",6.88671875,1990-11-04
"1405",7.2470703125,1990-11-05
"1406",6.126953125,1990-11-06
"1407",13.0771484375,1990-11-07
"1408",12.77734375,1990-11-08
"1409",9.287109375,1990-11-09
"1410",11.216796875,1990-11-10
"1411",7.697265625,1990-11-11
"1412",4.876953125,1990-11-12
"1413",4.4873046875,1990-11-13
"1414",10.77734375,1990-11-14
"1415",12.1865234375,1990-11-15
"1416",9.5166015625,1990-11-16
"1417",9.626953125,1990-11-17
"1418",11.5869140625,1990-11-18
"1419",10.4970703125,1990-11-19
"1420",6.0166015625,1990-11-20
"1421",11.556640625,1990-11-21
"1422",10.0966796875,1990-11-22
"1423",9.38671875,1990-11-23
"1424",9.3369140625,1990-11-24
"1425",10.306640625,1990-11-25
"1426",8.8974609375,1990-11-26
"1427",4.8671875,1990-11-27
"1428",7.02734375,1990-11-28
"1429",10.4365234375,1990-11-29
"1430",11.6669921875,1990-11-30
"1431",14.6611328125,1990-12-01
"1432",13.7109375,1990-12-02
"1433",12.7109375,1990-12-03
"1434",10.4208984375,1990-12-04
"1435",18.2314453125,1990-12-05
"1436",22.4814453125,1990-12-06
"1437",11.7412109375,1990-12-07
"1438",12.9111328125,1990-12-08
"1439",10.6806640625,1990-12-09
"1440",11.0810546875,1990-12-10
"1441",11.1611328125,1990-12-11
"1442",9.7109375,1990-12-12
"1443",10.7412109375,1990-12-13
"1444",10.8408203125,1990-12-14
"1445",9.4306640625,1990-12-15
"1446",5.30078125,1990-12-16
"1447",8.9814453125,1990-12-17
"1448",12.2314453125,1990-12-18
"1449",14.810546875,1990-12-19
"1450",14.5107421875,1990-12-20
"1451",13.4912109375,1990-12-21
"1452",18.611328125,1990-12-22
"1453",13.5107421875,1990-12-23
"1454",10.0107421875,1990-12-24
"1455",7.791015625,1990-12-25
"1456",5.951171875,1990-12-26
"1457",9.9013671875,1990-12-27
"1458",12.630859375,1990-12-28
"1459",13.271484375,1990-12-29
"1460",10.380859375,1990-12-30
"1461",6.861328125,1990-12-31
"1462",13.1748046875,1991-01-01
"1463",12.125,1991-01-02
"1464",18.64453125,1991-01-03
"1465",14.724609375,1991-01-04
"1466",10.46484375,1991-01-05
"1467",9.85546875,1991-01-06
"1468",12.724609375,1991-01-07
"1469",13.294921875,1991-01-08
"1470",8.1552734375,1991-01-09
"1471",9.6748046875,1991-01-10
"1472",15.294921875,1991-01-11
"1473",15.884765625,1991-01-12
"1474",12.46484375,1991-01-13
"1475",12.7548828125,1991-01-14
"1476",13.9248046875,1991-01-15
"1477",13.375,1991-01-16
"1478",8.8251953125,1991-01-17
"1479",15.4951171875,1991-01-18
"1480",11.125,1991-01-19
"1481",9.134765625,1991-01-20
"1482",15.7353515625,1991-01-21
"1483",17.7646484375,1991-01-22
"1484",15.9150390625,1991-01-23
"1485",16.10546875,1991-01-24
"1486",15.0947265625,1991-01-25
"1487",13.865234375,1991-01-26
"1488",12.85546875,1991-01-27
"1489",12.8447265625,1991-01-28
"1490",11.4150390625,1991-01-29
"1491",12.10546875,1991-01-30
"1492",14.205078125,1991-01-31
"1493",13.6767578125,1991-02-01
"1494",6.546875,1991-02-02
"1495",3.95703125,1991-02-03
"1496",6.9365234375,1991-02-04
"1497",18.607421875,1991-02-05
"1498",16.0771484375,1991-02-06
"1499",13.857421875,1991-02-07
"1500",14.5771484375,1991-02-08
"1501",11.77734375,1991-02-09
"1502",13.447265625,1991-02-10
"1503",12.716796875,1991-02-11
"1504",14.037109375,1991-02-12
"1505",10.7265625,1991-02-13
"1506",14.8369140625,1991-02-14
"1507",11.9072265625,1991-02-15
"1508",9.2265625,1991-02-16
"1509",5.8974609375,1991-02-17
"1510",4.806640625,1991-02-18
"1511",14.4169921875,1991-02-19
"1512",10.5673828125,1991-02-20
"1513",7.357421875,1991-02-21
"1514",12.5166015625,1991-02-22
"1515",13.287109375,1991-02-23
"1516",7.9267578125,1991-02-24
"1517",5.546875,1991-02-25
"1518",14.037109375,1991-02-26
"1519",14.6669921875,1991-02-27
"1520",12.5673828125,1991-02-28
"1521",12.9716796875,1991-03-01
"1522",9.5615234375,1991-03-02
"1523",5.9716796875,1991-03-03
"1524",9.5322265625,1991-03-04
"1525",12.6220703125,1991-03-05
"1526",9.08203125,1991-03-06
"1527",11.5615234375,1991-03-07
"1528",13.7119140625,1991-03-08
"1529",14.681640625,1991-03-09
"1530",9.3720703125,1991-03-10
"1531",10.931640625,1991-03-11
"1532",11.181640625,1991-03-12
"1533",10.1923828125,1991-03-13
"1534",10.1318359375,1991-03-14
"1535",12.6923828125,1991-03-15
"1536",7.4921875,1991-03-16
"1537",6.0224609375,1991-03-17
"1538",10.421875,1991-03-18
"1539",15.6123046875,1991-03-19
"1540",11.322265625,1991-03-20
"1541",10.9423828125,1991-03-21
"1542",10.1123046875,1991-03-22
"1543",9.4619140625,1991-03-23
"1544",4.001953125,1991-03-24
"1545",3.2216796875,1991-03-25
"1546",15.2119140625,1991-03-26
"1547",11.6416015625,1991-03-27
"1548",8.5322265625,1991-03-28
"1549",19.3515625,1991-03-29
"1550",16.6318359375,1991-03-30
"1551",13.0224609375,1991-03-31
"1552",16.28125,1991-04-01
"1553",11.611328125,1991-04-02
"1554",8.361328125,1991-04-03
"1555",10.9306640625,1991-04-04
"1556",10.05078125,1991-04-05
"1557",9.470703125,1991-04-06
"1558",10.130859375,1991-04-07
"1559",7.94140625,1991-04-08
"1560",7.201171875,1991-04-09
"1561",11.55078125,1991-04-10
"1562",8.53125,1991-04-11
"1563",13.78125,1991-04-12
"1564",14.3310546875,1991-04-13
"1565",13.9013671875,1991-04-14
"1566",12.720703125,1991-04-15
"1567",12.560546875,1991-04-16
"1568",12.201171875,1991-04-17
"1569",11.630859375,1991-04-18
"1570",10.560546875,1991-04-19
"1571",8.12109375,1991-04-20
"1572",7.890625,1991-04-21
"1573",8.2412109375,1991-04-22
"1574",7.0908203125,1991-04-23
"1575",15.630859375,1991-04-24
"1576",13.94140625,1991-04-25
"1577",13.55078125,1991-04-26
"1578",11.361328125,1991-04-27
"1579",9.3212890625,1991-04-28
"1580",8.611328125,1991-04-29
"1581",11.4013671875,1991-04-30
"1582",16.1650390625,1991-05-01
"1583",14.115234375,1991-05-02
"1584",11.125,1991-05-03
"1585",8.1748046875,1991-05-04
"1586",8.294921875,1991-05-05
"1587",12.275390625,1991-05-06
"1588",13.6748046875,1991-05-07
"1589",9.865234375,1991-05-08
"1590",9.89453125,1991-05-09
"1591",8.2646484375,1991-05-10
"1592",8.2646484375,1991-05-11
"1593",8.6650390625,1991-05-12
"1594",9.5849609375,1991-05-13
"1595",8.5947265625,1991-05-14
"1596",7.9853515625,1991-05-15
"1597",7.5849609375,1991-05-16
"1598",5.8251953125,1991-05-17
"1599",7.0546875,1991-05-18
"1600",8.1552734375,1991-05-19
"1601",7.4248046875,1991-05-20
"1602",8.474609375,1991-05-21
"1603",9.21484375,1991-05-22
"1604",10.384765625,1991-05-23
"1605",8.6650390625,1991-05-24
"1606",13.53515625,1991-05-25
"1607",10.2548828125,1991-05-26
"1608",10.0654296875,1991-05-27
"1609",9.9248046875,1991-05-28
"1610",9.525390625,1991-05-29
"1611",8.78515625,1991-05-30
"1612",10.39453125,1991-05-31
"1613",15.060546875,1991-06-01
"1614",13.310546875,1991-06-02
"1615",12.390625,1991-06-03
"1616",12.1513671875,1991-06-04
"1617",10.390625,1991-06-05
"1618",13.12109375,1991-06-06
"1619",10.44140625,1991-06-07
"1620",12.2314453125,1991-06-08
"1621",11.6611328125,1991-06-09
"1622",12.9208984375,1991-06-10
"1623",11.791015625,1991-06-11
"1624",11.78125,1991-06-12
"1625",10.791015625,1991-06-13
"1626",10.12109375,1991-06-14
"1627",12.0107421875,1991-06-15
"1628",10.9609375,1991-06-16
"1629",10.1005859375,1991-06-17
"1630",14.53125,1991-06-18
"1631",12.771484375,1991-06-19
"1632",12.05078125,1991-06-20
"1633",11.4208984375,1991-06-21
"1634",12.6708984375,1991-06-22
"1635",12.640625,1991-06-23
"1636",10.7509765625,1991-06-24
"1637",10.0712890625,1991-06-25
"1638",12.771484375,1991-06-26
"1639",11.021484375,1991-06-27
"1640",15.8310546875,1991-06-28
"1641",8.8310546875,1991-06-29
"1642",11.37109375,1991-06-30
"1643",11.1826171875,1991-07-01
"1644",10.0634765625,1991-07-02
"1645",8.5732421875,1991-07-03
"1646",12.9326171875,1991-07-04
"1647",8.962890625,1991-07-05
"1648",8.302734375,1991-07-06
"1649",9.7734375,1991-07-07
"1650",8.6328125,1991-07-08
"1651",11.2626953125,1991-07-09
"1652",11.5830078125,1991-07-10
"1653",10.5732421875,1991-07-11
"1654",10.7333984375,1991-07-12
"1655",9.1630859375,1991-07-13
"1656",9.0634765625,1991-07-14
"1657",9.392578125,1991-07-15
"1658",8.5927734375,1991-07-16
"1659",7.033203125,1991-07-17
"1660",9.8330078125,1991-07-18
"1661",8.193359375,1991-07-19
"1662",7.0830078125,1991-07-20
"1663",6.193359375,1991-07-21
"1664",11.1025390625,1991-07-22
"1665",10.9033203125,1991-07-23
"1666",9.5126953125,1991-07-24
"1667",10.033203125,1991-07-25
"1668",10.1630859375,1991-07-26
"1669",7.8134765625,1991-07-27
"1670",10.533203125,1991-07-28
"1671",10.453125,1991-07-29
"1672",9.2333984375,1991-07-30
"1673",12.2734375,1991-07-31
"1674",11.494140625,1991-08-01
"1675",8.8642578125,1991-08-02
"1676",11.00390625,1991-08-03
"1677",8.6640625,1991-08-04
"1678",10.93359375,1991-08-05
"1679",10.1943359375,1991-08-06
"1680",9.9140625,1991-08-07
"1681",10.0341796875,1991-08-08
"1682",9.333984375,1991-08-09
"1683",10.1943359375,1991-08-10
"1684",8.3935546875,1991-08-11
"1685",7.6943359375,1991-08-12
"1686",9.1640625,1991-08-13
"1687",12.2236328125,1991-08-14
"1688",10.2744140625,1991-08-15
"1689",11.6435546875,1991-08-16
"1690",9.6142578125,1991-08-17
"1691",5.6142578125,1991-08-18
"1692",4.1435546875,1991-08-19
"1693",10.00390625,1991-08-20
"1694",10.923828125,1991-08-21
"1695",9.494140625,1991-08-22
"1696",11.2138671875,1991-08-23
"1697",9.0341796875,1991-08-24
"1698",8.4541015625,1991-08-25
"1699",5.5439453125,1991-08-26
"1700",5.93359375,1991-08-27
"1701",11.673828125,1991-08-28
"1702",7.6142578125,1991-08-29
"1703",9.7744140625,1991-08-30
"1704",11.0439453125,1991-08-31
"1705",7.806640625,1991-09-01
"1706",7.13671875,1991-09-02
"1707",11.9072265625,1991-09-03
"1708",6.27734375,1991-09-04
"1709",4.9169921875,1991-09-05
"1710",4.1171875,1991-09-06
"1711",9.4267578125,1991-09-07
"1712",12.0166015625,1991-09-08
"1713",5.0068359375,1991-09-09
"1714",9.2265625,1991-09-10
"1715",10.6171875,1991-09-11
"1716",9.0869140625,1991-09-12
"1717",8.9169921875,1991-09-13
"1718",6.1171875,1991-09-14
"1719",11.20703125,1991-09-15
"1720",7.447265625,1991-09-16
"1721",10.1865234375,1991-09-17
"1722",12.2265625,1991-09-18
"1723",7.9970703125,1991-09-19
"1724",6.6474609375,1991-09-20
"1725",10.4267578125,1991-09-21
"1726",10.046875,1991-09-22
"1727",8.5166015625,1991-09-23
"1728",10.9365234375,1991-09-24
"1729",9.9873046875,1991-09-25
"1730",12.2568359375,1991-09-26
"1731",9.357421875,1991-09-27
"1732",12.6669921875,1991-09-28
"1733",11.2265625,1991-09-29
"1734",9.2373046875,1991-09-30
"1735",4.818359375,1991-10-01
"1736",12.408203125,1991-10-02
"1737",10.34765625,1991-10-03
"1738",12.3984375,1991-10-04
"1739",12.4580078125,1991-10-05
"1740",12.267578125,1991-10-06
"1741",10.4580078125,1991-10-07
"1742",11.16796875,1991-10-08
"1743",9.7080078125,1991-10-09
"1744",10.2275390625,1991-10-10
"1745",8.3779296875,1991-10-11
"1746",8.0576171875,1991-10-12
"1747",9.078125,1991-10-13
"1748",5.7978515625,1991-10-14
"1749",6.6884765625,1991-10-15
"1750",6.6181640625,1991-10-16
"1751",7.517578125,1991-10-17
"1752",3.767578125,1991-10-18
"1753",2.8076171875,1991-10-19
"1754",7.59765625,1991-10-20
"1755",11.3984375,1991-10-21
"1756",12.9482421875,1991-10-22
"1757",10.837890625,1991-10-23
"1758",10.828125,1991-10-24
"1759",11.0380859375,1991-10-25
"1760",9.2978515625,1991-10-26
"1761",7.34765625,1991-10-27
"1762",4.677734375,1991-10-28
"1763",11.5078125,1991-10-29
"1764",13.8984375,1991-10-30
"1765",8.16796875,1991-10-31
"1766",5.0869140625,1991-11-01
"1767",16.4873046875,1991-11-02
"1768",18.8173828125,1991-11-03
"1769",12.607421875,1991-11-04
"1770",11.4970703125,1991-11-05
"1771",14.056640625,1991-11-06
"1772",10.0771484375,1991-11-07
"1773",8.966796875,1991-11-08
"1774",8.306640625,1991-11-09
"1775",8.4873046875,1991-11-10
"1776",14.8369140625,1991-11-11
"1777",16.8369140625,1991-11-12
"1778",14.8466796875,1991-11-13
"1779",11.27734375,1991-11-14
"1780",11.9365234375,1991-11-15
"1781",10.8974609375,1991-11-16
"1782",7.046875,1991-11-17
"1783",6.3974609375,1991-11-18
"1784",11.626953125,1991-11-19
"1785",11.7373046875,1991-11-20
"1786",9.2265625,1991-11-21
"1787",5.8271484375,1991-11-22
"1788",7.466796875,1991-11-23
"1789",11.046875,1991-11-24
"1790",15.5166015625,1991-11-25
"1791",12.556640625,1991-11-26
"1792",9.9970703125,1991-11-27
"1793",10.3466796875,1991-11-28
"1794",12.306640625,1991-11-29
"1795",8.0673828125,1991-11-30
"1796",8.8408203125,1991-12-01
"1797",4.861328125,1991-12-02
"1798",10.271484375,1991-12-03
"1799",10.2109375,1991-12-04
"1800",11.380859375,1991-12-05
"1801",7.5712890625,1991-12-06
"1802",10.2607421875,1991-12-07
"1803",9.630859375,1991-12-08
"1804",10.9306640625,1991-12-09
"1805",14.310546875,1991-12-10
"1806",7.7109375,1991-12-11
"1807",10.44140625,1991-12-12
"1808",10.861328125,1991-12-13
"1809",13.6005859375,1991-12-14
"1810",11.5107421875,1991-12-15
"1811",9.3310546875,1991-12-16
"1812",10.2412109375,1991-12-17
"1813",9.021484375,1991-12-18
"1814",10.291015625,1991-12-19
"1815",12.390625,1991-12-20
"1816",12.9306640625,1991-12-21
"1817",12.7314453125,1991-12-22
"1818",10.6708984375,1991-12-23
"1819",6.720703125,1991-12-24
"1820",7.021484375,1991-12-25
"1821",12.62109375,1991-12-26
"1822",19.1005859375,1991-12-27
"1823",16.2109375,1991-12-28
"1824",12.5810546875,1991-12-29
"1825",12.880859375,1991-12-30
"1826",14.0009765625,1991-12-31
"1827",12.2548828125,1992-01-01
"1828",10.85546875,1992-01-02
"1829",11.1953125,1992-01-03
"1830",13.14453125,1992-01-04
"1831",8.39453125,1992-01-05
"1832",9.4853515625,1992-01-06
"1833",10.875,1992-01-07
"1834",11.3154296875,1992-01-08
"1835",9.0849609375,1992-01-09
"1836",11.5146484375,1992-01-10
"1837",13.03515625,1992-01-11
"1838",12.115234375,1992-01-12
"1839",14.21484375,1992-01-13
"1840",13.6845703125,1992-01-14
"1841",12.0048828125,1992-01-15
"1842",14.2451171875,1992-01-16
"1843",9.525390625,1992-01-17
"1844",6.4853515625,1992-01-18
"1845",2.64453125,1992-01-19
"1846",9.884765625,1992-01-20
"1847",18.3154296875,1992-01-21
"1848",17.21484375,1992-01-22
"1849",16.4345703125,1992-01-23
"1850",12.89453125,1992-01-24
"1851",10.28515625,1992-01-25
"1852",12.1953125,1992-01-26
"1853",13.6650390625,1992-01-27
"1854",13.60546875,1992-01-28
"1855",10.375,1992-01-29
"1856",7.9453125,1992-01-30
"1857",9.724609375,1992-01-31
"1858",10.27734375,1992-02-01
"1859",13.9169921875,1992-02-02
"1860",12.7568359375,1992-02-03
"1861",15.0166015625,1992-02-04
"1862",17.38671875,1992-02-05
"1863",19.8466796875,1992-02-06
"1864",16.046875,1992-02-07
"1865",17.9765625,1992-02-08
"1866",14.8974609375,1992-02-09
"1867",16.7265625,1992-02-10
"1868",20.2265625,1992-02-11
"1869",17.6572265625,1992-02-12
"1870",17.0869140625,1992-02-13
"1871",12.2568359375,1992-02-14
"1872",8.8974609375,1992-02-15
"1873",9.716796875,1992-02-16
"1874",11.1572265625,1992-02-17
"1875",17.447265625,1992-02-18
"1876",14.8271484375,1992-02-19
"1877",10.857421875,1992-02-20
"1878",10.7265625,1992-02-21
"1879",14.9970703125,1992-02-22
"1880",12.5869140625,1992-02-23
"1881",10.056640625,1992-02-24
"1882",9.1171875,1992-02-25
"1883",9.0771484375,1992-02-26
"1884",9.1572265625,1992-02-27
"1885",14.6865234375,1992-02-28
"1886",19.77734375,1992-02-29
"1887",19.232421875,1992-03-01
"1888",17.1123046875,1992-03-02
"1889",16.8017578125,1992-03-03
"1890",17.3115234375,1992-03-04
"1891",14.591796875,1992-03-05
"1892",17.5615234375,1992-03-06
"1893",19.01171875,1992-03-07
"1894",15.90234375,1992-03-08
"1895",15.40234375,1992-03-09
"1896",14.9423828125,1992-03-10
"1897",15.9921875,1992-03-11
"1898",17.1220703125,1992-03-12
"1899",17.90234375,1992-03-13
"1900",17.251953125,1992-03-14
"1901",17.01171875,1992-03-15
"1902",14.1923828125,1992-03-16
"1903",12.0322265625,1992-03-17
"1904",11.8720703125,1992-03-18
"1905",11.1318359375,1992-03-19
"1906",9.2919921875,1992-03-20
"1907",11.8818359375,1992-03-21
"1908",16.65234375,1992-03-22
"1909",16.4521484375,1992-03-23
"1910",14.9521484375,1992-03-24
"1911",16.4521484375,1992-03-25
"1912",11.01171875,1992-03-26
"1913",17.3515625,1992-03-27
"1914",11.181640625,1992-03-28
"1915",11.822265625,1992-03-29
"1916",13.40234375,1992-03-30
"1917",11.501953125,1992-03-31
"1918",12.1513671875,1992-04-01
"1919",12.7314453125,1992-04-02
"1920",11.9912109375,1992-04-03
"1921",14.470703125,1992-04-04
"1922",19.3310546875,1992-04-05
"1923",22.2607421875,1992-04-06
"1924",15.62109375,1992-04-07
"1925",9.220703125,1992-04-08
"1926",7.9013671875,1992-04-09
"1927",9.041015625,1992-04-10
"1928",9.9013671875,1992-04-11
"1929",14.55078125,1992-04-12
"1930",17.8505859375,1992-04-13
"1931",12.19140625,1992-04-14
"1932",16.640625,1992-04-15
"1933",15.5009765625,1992-04-16
"1934",12.140625,1992-04-17
"1935",8.521484375,1992-04-18
"1936",12.62109375,1992-04-19
"1937",15.2607421875,1992-04-20
"1938",12.0810546875,1992-04-21
"1939",10.3212890625,1992-04-22
"1940",7.94140625,1992-04-23
"1941",8.2109375,1992-04-24
"1942",9.28125,1992-04-25
"1943",11.390625,1992-04-26
"1944",11.9814453125,1992-04-27
"1945",11.3505859375,1992-04-28
"1946",9.8505859375,1992-04-29
"1947",8.3212890625,1992-04-30
"1948",11.9248046875,1992-05-01
"1949",14.375,1992-05-02
"1950",12.9853515625,1992-05-03
"1951",10.1650390625,1992-05-04
"1952",10.5751953125,1992-05-05
"1953",8.89453125,1992-05-06
"1954",16.8251953125,1992-05-07
"1955",16.2451171875,1992-05-08
"1956",12.89453125,1992-05-09
"1957",13.2548828125,1992-05-10
"1958",13.1845703125,1992-05-11
"1959",12.9951171875,1992-05-12
"1960",12.2646484375,1992-05-13
"1961",11.974609375,1992-05-14
"1962",11.4150390625,1992-05-15
"1963",10.28515625,1992-05-16
"1964",11.615234375,1992-05-17
"1965",10.8154296875,1992-05-18
"1966",9.78515625,1992-05-19
"1967",9.625,1992-05-20
"1968",9.0751953125,1992-05-21
"1969",9.5146484375,1992-05-22
"1970",9.1845703125,1992-05-23
"1971",7.955078125,1992-05-24
"1972",8.474609375,1992-05-25
"1973",12.96484375,1992-05-26
"1974",11.1748046875,1992-05-27
"1975",10.134765625,1992-05-28
"1976",9.89453125,1992-05-29
"1977",9.5947265625,1992-05-30
"1978",9.3349609375,1992-05-31
"1979",10.1611328125,1992-06-01
"1980",12.19140625,1992-06-02
"1981",9.12109375,1992-06-03
"1982",8.7109375,1992-06-04
"1983",9.7412109375,1992-06-05
"1984",10.521484375,1992-06-06
"1985",9.111328125,1992-06-07
"1986",9.7509765625,1992-06-08
"1987",9.4609375,1992-06-09
"1988",12.3505859375,1992-06-10
"1989",9.3212890625,1992-06-11
"1990",8.05078125,1992-06-12
"1991",9.2607421875,1992-06-13
"1992",9.4814453125,1992-06-14
"1993",8.0908203125,1992-06-15
"1994",8.4208984375,1992-06-16
"1995",12.560546875,1992-06-17
"1996",11.5009765625,1992-06-18
"1997",11.5712890625,1992-06-19
"1998",10.3212890625,1992-06-20
"1999",9.3408203125,1992-06-21
"2000",12.060546875,1992-06-22
"2001",11.560546875,1992-06-23
"2002",8.451171875,1992-06-24
"2003",7.9814453125,1992-06-25
"2004",7.970703125,1992-06-26
"2005",7.470703125,1992-06-27
"2006",7.201171875,1992-06-28
"2007",6.451171875,1992-06-29
"2008",10.1611328125,1992-06-30
"2009",7.203125,1992-07-01
"2010",8.0634765625,1992-07-02
"2011",9.453125,1992-07-03
"2012",10.7626953125,1992-07-04
"2013",8.1630859375,1992-07-05
"2014",10.552734375,1992-07-06
"2015",9.6826171875,1992-07-07
"2016",8.1533203125,1992-07-08
"2017",8.61328125,1992-07-09
"2018",7.703125,1992-07-10
"2019",7.802734375,1992-07-11
"2020",10.1533203125,1992-07-12
"2021",9.8330078125,1992-07-13
"2022",7.6533203125,1992-07-14
"2023",8.86328125,1992-07-15
"2024",7.283203125,1992-07-16
"2025",6.142578125,1992-07-17
"2026",8.693359375,1992-07-18
"2027",10.283203125,1992-07-19
"2028",8.4033203125,1992-07-20
"2029",6.9326171875,1992-07-21
"2030",7.283203125,1992-07-22
"2031",9.54296875,1992-07-23
"2032",8.36328125,1992-07-24
"2033",7.1533203125,1992-07-25
"2034",7.892578125,1992-07-26
"2035",7.54296875,1992-07-27
"2036",6.0029296875,1992-07-28
"2037",5.5029296875,1992-07-29
"2038",11.3828125,1992-07-30
"2039",10.4033203125,1992-07-31
"2040",7.4140625,1992-08-01
"2041",5.5341796875,1992-08-02
"2042",5.583984375,1992-08-03
"2043",5.904296875,1992-08-04
"2044",11.84375,1992-08-05
"2045",10.6337890625,1992-08-06
"2046",10.4541015625,1992-08-07
"2047",9.1640625,1992-08-08
"2048",8.1337890625,1992-08-09
"2049",6.0439453125,1992-08-10
"2050",10.2236328125,1992-08-11
"2051",9.353515625,1992-08-12
"2052",10.9541015625,1992-08-13
"2053",9.7138671875,1992-08-14
"2054",8.9140625,1992-08-15
"2055",7.5439453125,1992-08-16
"2056",9.59375,1992-08-17
"2057",8.68359375,1992-08-18
"2058",8.013671875,1992-08-19
"2059",10.064453125,1992-08-20
"2060",7.6640625,1992-08-21
"2061",5.7041015625,1992-08-22
"2062",7.8642578125,1992-08-23
"2063",6.853515625,1992-08-24
"2064",5.09375,1992-08-25
"2065",8.0341796875,1992-08-26
"2066",11.513671875,1992-08-27
"2067",9.5341796875,1992-08-28
"2068",13.484375,1992-08-29
"2069",9.513671875,1992-08-30
"2070",10.3740234375,1992-08-31
"2071",8.6474609375,1992-09-01
"2072",9.5673828125,1992-09-02
"2073",9.2666015625,1992-09-03
"2074",7.8173828125,1992-09-04
"2075",9.9072265625,1992-09-05
"2076",8.6474609375,1992-09-06
"2077",10.4765625,1992-09-07
"2078",12.2265625,1992-09-08
"2079",9.6474609375,1992-09-09
"2080",7.787109375,1992-09-10
"2081",12.2568359375,1992-09-11
"2082",8.20703125,1992-09-12
"2083",7.2265625,1992-09-13
"2084",12.037109375,1992-09-14
"2085",9.537109375,1992-09-15
"2086",10.52734375,1992-09-16
"2087",10.0673828125,1992-09-17
"2088",11.306640625,1992-09-18
"2089",9.7666015625,1992-09-19
"2090",6.63671875,1992-09-20
"2091",6.966796875,1992-09-21
"2092",14.6669921875,1992-09-22
"2093",12.3974609375,1992-09-23
"2094",15.537109375,1992-09-24
"2095",10.8466796875,1992-09-25
"2096",11.3173828125,1992-09-26
"2097",10.20703125,1992-09-27
"2098",15.376953125,1992-09-28
"2099",8.3466796875,1992-09-29
"2100",10.0166015625,1992-09-30
"2101",9.3984375,1992-10-01
"2102",12.828125,1992-10-02
"2103",13.8681640625,1992-10-03
"2104",12.2275390625,1992-10-04
"2105",10.927734375,1992-10-05
"2106",10.328125,1992-10-06
"2107",9.328125,1992-10-07
"2108",15.2578125,1992-10-08
"2109",8.66796875,1992-10-09
"2110",10.158203125,1992-10-10
"2111",10.677734375,1992-10-11
"2112",11.498046875,1992-10-12
"2113",9.5478515625,1992-10-13
"2114",10.828125,1992-10-14
"2115",15.4677734375,1992-10-15
"2116",17.328125,1992-10-16
"2117",13.748046875,1992-10-17
"2118",8.818359375,1992-10-18
"2119",10.66796875,1992-10-19
"2120",8.5576171875,1992-10-20
"2121",7.4775390625,1992-10-21
"2122",5.4775390625,1992-10-22
"2123",7.4775390625,1992-10-23
"2124",7.2080078125,1992-10-24
"2125",7.6884765625,1992-10-25
"2126",7.6279296875,1992-10-26
"2127",13.5380859375,1992-10-27
"2128",14.5478515625,1992-10-28
"2129",14.587890625,1992-10-29
"2130",13.9580078125,1992-10-30
"2131",12.8779296875,1992-10-31
"2132",8.45703125,1992-11-01
"2133",8.537109375,1992-11-02
"2134",9.447265625,1992-11-03
"2135",8.8369140625,1992-11-04
"2136",9.037109375,1992-11-05
"2137",10.8974609375,1992-11-06
"2138",7.1767578125,1992-11-07
"2139",8.4072265625,1992-11-08
"2140",8.13671875,1992-11-09
"2141",11.197265625,1992-11-10
"2142",12.9873046875,1992-11-11
"2143",8.13671875,1992-11-12
"2144",9.3271484375,1992-11-13
"2145",7.447265625,1992-11-14
"2146",7.6669921875,1992-11-15
"2147",12.4970703125,1992-11-16
"2148",17.5673828125,1992-11-17
"2149",18.1865234375,1992-11-18
"2150",19.8271484375,1992-11-19
"2151",18.4072265625,1992-11-20
"2152",4.1572265625,1992-11-21
"2153",11.2265625,1992-11-22
"2154",7.046875,1992-11-23
"2155",9.697265625,1992-11-24
"2156",11.02734375,1992-11-25
"2157",8.9765625,1992-11-26
"2158",8.857421875,1992-11-27
"2159",11.1474609375,1992-11-28
"2160",11.1474609375,1992-11-29
"2161",10.4765625,1992-11-30
"2162",6.4013671875,1992-12-01
"2163",13.951171875,1992-12-02
"2164",14.2412109375,1992-12-03
"2165",15.5908203125,1992-12-04
"2166",13.5107421875,1992-12-05
"2167",13.7314453125,1992-12-06
"2168",13.4111328125,1992-12-07
"2169",13.69140625,1992-12-08
"2170",13.890625,1992-12-09
"2171",10.5908203125,1992-12-10
"2172",16.701171875,1992-12-11
"2173",15.0712890625,1992-12-12
"2174",14.7509765625,1992-12-13
"2175",12.220703125,1992-12-14
"2176",15.140625,1992-12-15
"2177",14.0908203125,1992-12-16
"2178",17.37109375,1992-12-17
"2179",18.9912109375,1992-12-18
"2180",20.220703125,1992-12-19
"2181",19.8408203125,1992-12-20
"2182",17.810546875,1992-12-21
"2183",17.8505859375,1992-12-22
"2184",17.220703125,1992-12-23
"2185",20.5107421875,1992-12-24
"2186",17.310546875,1992-12-25
"2187",13.271484375,1992-12-26
"2188",12.4013671875,1992-12-27
"2189",11.69140625,1992-12-28
"2190",12.9306640625,1992-12-29
"2191",15.0908203125,1992-12-30
"2192",11.3408203125,1992-12-31
"2193",11.8349609375,1993-01-01
"2194",11.9150390625,1993-01-02
"2195",11.9248046875,1993-01-03
"2196",10.5947265625,1993-01-04
"2197",10.9345703125,1993-01-05
"2198",12.275390625,1993-01-06
"2199",13.4248046875,1993-01-07
"2200",13.884765625,1993-01-08
"2201",14.8349609375,1993-01-09
"2202",15.3251953125,1993-01-10
"2203",15.0146484375,1993-01-11
"2204",12.3154296875,1993-01-12
"2205",10.1552734375,1993-01-13
"2206",11.7353515625,1993-01-14
"2207",19.71484375,1993-01-15
"2208",20.275390625,1993-01-16
"2209",21.6953125,1993-01-17
"2210",14.9453125,1993-01-18
"2211",14.775390625,1993-01-19
"2212",11.60546875,1993-01-20
"2213",20.6650390625,1993-01-21
"2214",23.2548828125,1993-01-22
"2215",27.3046875,1993-01-23
"2216",25.9453125,1993-01-24
"2217",19.6552734375,1993-01-25
"2218",17.9345703125,1993-01-26
"2219",18.1552734375,1993-01-27
"2220",17.974609375,1993-01-28
"2221",17.14453125,1993-01-29
"2222",17.0751953125,1993-01-30
"2223",19.8447265625,1993-01-31
"2224",14.357421875,1993-02-01
"2225",11.6865234375,1993-02-02
"2226",15.5966796875,1993-02-03
"2227",11.13671875,1993-02-04
"2228",18.7470703125,1993-02-05
"2229",14.966796875,1993-02-06
"2230",8.966796875,1993-02-07
"2231",16.6767578125,1993-02-08
"2232",13.4765625,1993-02-09
"2233",13.197265625,1993-02-10
"2234",14.4873046875,1993-02-11
"2235",9.4765625,1993-02-12
"2236",11.4765625,1993-02-13
"2237",13.1474609375,1993-02-14
"2238",14.697265625,1993-02-15
"2239",13.857421875,1993-02-16
"2240",14.3271484375,1993-02-17
"2241",14.70703125,1993-02-18
"2242",15.6474609375,1993-02-19
"2243",12.8271484375,1993-02-20
"2244",9.376953125,1993-02-21
"2245",9.056640625,1993-02-22
"2246",10.3173828125,1993-02-23
"2247",8.287109375,1993-02-24
"2248",11.2666015625,1993-02-25
"2249",12.697265625,1993-02-26
"2250",10.3173828125,1993-02-27
"2251",13.4970703125,1993-02-28
"2252",10.341796875,1993-03-01
"2253",13.482421875,1993-03-02
"2254",11.3515625,1993-03-03
"2255",12.76171875,1993-03-04
"2256",11.6123046875,1993-03-05
"2257",10.7421875,1993-03-06
"2258",14.3515625,1993-03-07
"2259",15.3017578125,1993-03-08
"2260",11.662109375,1993-03-09
"2261",12.9521484375,1993-03-10
"2262",11.3916015625,1993-03-11
"2263",9.4423828125,1993-03-12
"2264",8.591796875,1993-03-13
"2265",8.732421875,1993-03-14
"2266",10.90234375,1993-03-15
"2267",15.5419921875,1993-03-16
"2268",13.171875,1993-03-17
"2269",15.01171875,1993-03-18
"2270",11.51171875,1993-03-19
"2271",15.8916015625,1993-03-20
"2272",14.072265625,1993-03-21
"2273",15.001953125,1993-03-22
"2274",14.01171875,1993-03-23
"2275",12.572265625,1993-03-24
"2276",14.0224609375,1993-03-25
"2277",16.322265625,1993-03-26
"2278",14.2822265625,1993-03-27
"2279",14.431640625,1993-03-28
"2280",10.0517578125,1993-03-29
"2281",9.2021484375,1993-03-30
"2282",6.1416015625,1993-03-31
"2283",10.4814453125,1993-04-01
"2284",10.6513671875,1993-04-02
"2285",9.9013671875,1993-04-03
"2286",7.53125,1993-04-04
"2287",11.7314453125,1993-04-05
"2288",14.521484375,1993-04-06
"2289",11.62109375,1993-04-07
"2290",13.87109375,1993-04-08
"2291",9.6005859375,1993-04-09
"2292",6.5712890625,1993-04-10
"2293",5.7109375,1993-04-11
"2294",7.62109375,1993-04-12
"2295",16.1513671875,1993-04-13
"2296",11.810546875,1993-04-14
"2297",11.55078125,1993-04-15
"2298",9.7607421875,1993-04-16
"2299",10.0009765625,1993-04-17
"2300",9.810546875,1993-04-18
"2301",9.4609375,1993-04-19
"2302",7.611328125,1993-04-20
"2303",7.021484375,1993-04-21
"2304",8.140625,1993-04-22
"2305",6.44140625,1993-04-23
"2306",11.8212890625,1993-04-24
"2307",12.3505859375,1993-04-25
"2308",11.78125,1993-04-26
"2309",12.541015625,1993-04-27
"2310",13.30078125,1993-04-28
"2311",8.951171875,1993-04-29
"2312",7.791015625,1993-04-30
"2313",8.21484375,1993-05-01
"2314",8.884765625,1993-05-02
"2315",9.6552734375,1993-05-03
"2316",13.64453125,1993-05-04
"2317",14.1845703125,1993-05-05
"2318",17.2548828125,1993-05-06
"2319",14.96484375,1993-05-07
"2320",15.4150390625,1993-05-08
"2321",13.2353515625,1993-05-09
"2322",11.6650390625,1993-05-10
"2323",11.2451171875,1993-05-11
"2324",11.0546875,1993-05-12
"2325",11.8349609375,1993-05-13
"2326",10.125,1993-05-14
"2327",11.9453125,1993-05-15
"2328",7.375,1993-05-16
"2329",6.275390625,1993-05-17
"2330",6.1650390625,1993-05-18
"2331",7.7353515625,1993-05-19
"2332",8.474609375,1993-05-20
"2333",12.705078125,1993-05-21
"2334",11.2646484375,1993-05-22
"2335",10.375,1993-05-23
"2336",10.044921875,1993-05-24
"2337",8.71484375,1993-05-25
"2338",7.974609375,1993-05-26
"2339",8.5048828125,1993-05-27
"2340",9.0751953125,1993-05-28
"2341",9.0751953125,1993-05-29
"2342",10.0654296875,1993-05-30
"2343",9.7646484375,1993-05-31
"2344",9.4111328125,1993-06-01
"2345",7.470703125,1993-06-02
"2346",7.1708984375,1993-06-03
"2347",6.771484375,1993-06-04
"2348",9.2109375,1993-06-05
"2349",7.5107421875,1993-06-06
"2350",10.3212890625,1993-06-07
"2351",10.130859375,1993-06-08
"2352",7.4013671875,1993-06-09
"2353",12.9912109375,1993-06-10
"2354",11.4912109375,1993-06-11
"2355",10.28125,1993-06-12
"2356",11.69140625,1993-06-13
"2357",11.640625,1993-06-14
"2358",9.880859375,1993-06-15
"2359",7.87109375,1993-06-16
"2360",8.2412109375,1993-06-17
"2361",8.271484375,1993-06-18
"2362",11.3408203125,1993-06-19
"2363",9.7314453125,1993-06-20
"2364",9.291015625,1993-06-21
"2365",10.5107421875,1993-06-22
"2366",11.111328125,1993-06-23
"2367",8.271484375,1993-06-24
"2368",7.791015625,1993-06-25
"2369",6.28125,1993-06-26
"2370",7.2109375,1993-06-27
"2371",7.021484375,1993-06-28
"2372",5.8212890625,1993-06-29
"2373",9.201171875,1993-06-30
"2374",8.953125,1993-07-01
"2375",7.4033203125,1993-07-02
"2376",10.193359375,1993-07-03
"2377",9.5126953125,1993-07-04
"2378",11.3232421875,1993-07-05
"2379",11.142578125,1993-07-06
"2380",9.873046875,1993-07-07
"2381",9.962890625,1993-07-08
"2382",11.3427734375,1993-07-09
"2383",11.2431640625,1993-07-10
"2384",7.953125,1993-07-11
"2385",9.1025390625,1993-07-12
"2386",9.36328125,1993-07-13
"2387",11.8330078125,1993-07-14
"2388",8.79296875,1993-07-15
"2389",8.5732421875,1993-07-16
"2390",8.3525390625,1993-07-17
"2391",7.0029296875,1993-07-18
"2392",8.873046875,1993-07-19
"2393",8.3232421875,1993-07-20
"2394",8.5234375,1993-07-21
"2395",7.4833984375,1993-07-22
"2396",7.873046875,1993-07-23
"2397",10.6328125,1993-07-24
"2398",10.7529296875,1993-07-25
"2399",8.8232421875,1993-07-26
"2400",9.033203125,1993-07-27
"2401",9.712890625,1993-07-28
"2402",9.72265625,1993-07-29
"2403",10.9931640625,1993-07-30
"2404",7.462890625,1993-07-31
"2405",6.904296875,1993-08-01
"2406",8.2138671875,1993-08-02
"2407",9.34375,1993-08-03
"2408",8.103515625,1993-08-04
"2409",5.0341796875,1993-08-05
"2410",4.5439453125,1993-08-06
"2411",3.814453125,1993-08-07
"2412",12.68359375,1993-08-08
"2413",7.7841796875,1993-08-09
"2414",8.18359375,1993-08-10
"2415",9.4443359375,1993-08-11
"2416",6.6640625,1993-08-12
"2417",5.00390625,1993-08-13
"2418",13.7138671875,1993-08-14
"2419",11.0537109375,1993-08-15
"2420",10.68359375,1993-08-16
"2421",8.2236328125,1993-08-17
"2422",9.1240234375,1993-08-18
"2423",9.1240234375,1993-08-19
"2424",8.75390625,1993-08-20
"2425",7.6640625,1993-08-21
"2426",7.34375,1993-08-22
"2427",6.484375,1993-08-23
"2428",6.07421875,1993-08-24
"2429",6.2744140625,1993-08-25
"2430",5.5244140625,1993-08-26
"2431",7.0439453125,1993-08-27
"2432",12.9140625,1993-08-28
"2433",9.9638671875,1993-08-29
"2434",13.2841796875,1993-08-30
"2435",12.4736328125,1993-08-31
"2436",9.0869140625,1993-09-01
"2437",8.857421875,1993-09-02
"2438",9.357421875,1993-09-03
"2439",8.0166015625,1993-09-04
"2440",8.6865234375,1993-09-05
"2441",13.6171875,1993-09-06
"2442",12.197265625,1993-09-07
"2443",13.287109375,1993-09-08
"2444",11.0068359375,1993-09-09
"2445",9.376953125,1993-09-10
"2446",8.876953125,1993-09-11
"2447",10.0068359375,1993-09-12
"2448",8.0673828125,1993-09-13
"2449",7.947265625,1993-09-14
"2450",8.13671875,1993-09-15
"2451",8.126953125,1993-09-16
"2452",11.8271484375,1993-09-17
"2453",8.806640625,1993-09-18
"2454",9.556640625,1993-09-19
"2455",8.7568359375,1993-09-20
"2456",8.4267578125,1993-09-21
"2457",6.77734375,1993-09-22
"2458",5.796875,1993-09-23
"2459",7.4365234375,1993-09-24
"2460",7.63671875,1993-09-25
"2461",6.70703125,1993-09-26
"2462",4.6474609375,1993-09-27
"2463",13.3173828125,1993-09-28
"2464",15.3466796875,1993-09-29
"2465",16.0673828125,1993-09-30
"2466",13.2880859375,1993-10-01
"2467",12.91796875,1993-10-02
"2468",7.3583984375,1993-10-03
"2469",11.078125,1993-10-04
"2470",11.248046875,1993-10-05
"2471",11.09765625,1993-10-06
"2472",7.23828125,1993-10-07
"2473",6.7578125,1993-10-08
"2474",10.4677734375,1993-10-09
"2475",7.177734375,1993-10-10
"2476",6.828125,1993-10-11
"2477",6.0478515625,1993-10-12
"2478",9.1376953125,1993-10-13
"2479",8.318359375,1993-10-14
"2480",11.658203125,1993-10-15
"2481",17.818359375,1993-10-16
"2482",18.8583984375,1993-10-17
"2483",11.408203125,1993-10-18
"2484",10.34765625,1993-10-19
"2485",10.767578125,1993-10-20
"2486",9.177734375,1993-10-21
"2487",9.6376953125,1993-10-22
"2488",6.0478515625,1993-10-23
"2489",12.7578125,1993-10-24
"2490",10.017578125,1993-10-25
"2491",8.9775390625,1993-10-26
"2492",6.158203125,1993-10-27
"2493",7.84765625,1993-10-28
"2494",8.8681640625,1993-10-29
"2495",8.1884765625,1993-10-30
"2496",5.748046875,1993-10-31
"2497",10.6767578125,1993-11-01
"2498",7.5673828125,1993-11-02
"2499",8.95703125,1993-11-03
"2500",9.27734375,1993-11-04
"2501",10.447265625,1993-11-05
"2502",7.296875,1993-11-06
"2503",9.6171875,1993-11-07
"2504",5.8271484375,1993-11-08
"2505",12.296875,1993-11-09
"2506",10.3671875,1993-11-10
"2507",8.0673828125,1993-11-11
"2508",14.046875,1993-11-12
"2509",13.466796875,1993-11-13
"2510",12.9169921875,1993-11-14
"2511",10.716796875,1993-11-15
"2512",12.6572265625,1993-11-16
"2513",18.0966796875,1993-11-17
"2514",17.6669921875,1993-11-18
"2515",17.466796875,1993-11-19
"2516",14.1474609375,1993-11-20
"2517",11.0771484375,1993-11-21
"2518",12.376953125,1993-11-22
"2519",9.2568359375,1993-11-23
"2520",10.77734375,1993-11-24
"2521",8.197265625,1993-11-25
"2522",5.0166015625,1993-11-26
"2523",8.7666015625,1993-11-27
"2524",12.697265625,1993-11-28
"2525",9.126953125,1993-11-29
"2526",5.1474609375,1993-11-30
"2527",10.4609375,1993-12-01
"2528",18.4111328125,1993-12-02
"2529",19.1611328125,1993-12-03
"2530",11.9609375,1993-12-04
"2531",9.78125,1993-12-05
"2532",13.7509765625,1993-12-06
"2533",9.541015625,1993-12-07
"2534",11.2607421875,1993-12-08
"2535",14.94140625,1993-12-09
"2536",19.5810546875,1993-12-10
"2537",20.28125,1993-12-11
"2538",13.7314453125,1993-12-12
"2539",21.0712890625,1993-12-13
"2540",16.5107421875,1993-12-14
"2541",12.94140625,1993-12-15
"2542",13.220703125,1993-12-16
"2543",10.9013671875,1993-12-17
"2544",8.1611328125,1993-12-18
"2545",6.3310546875,1993-12-19
"2546",14.94140625,1993-12-20
"2547",20.861328125,1993-12-21
"2548",11.9306640625,1993-12-22
"2549",10.5908203125,1993-12-23
"2550",13.1708984375,1993-12-24
"2551",13.53125,1993-12-25
"2552",8.5810546875,1993-12-26
"2553",9.5810546875,1993-12-27
"2554",8.220703125,1993-12-28
"2555",9.361328125,1993-12-29
"2556",9.03125,1993-12-30
"2557",12.94140625,1993-12-31
"2558",12.724609375,1994-01-01
"2559",12.0849609375,1994-01-02
"2560",11.7353515625,1994-01-03
"2561",12.955078125,1994-01-04
"2562",13.7353515625,1994-01-05
"2563",12.8349609375,1994-01-06
"2564",14.7353515625,1994-01-07
"2565",10.9150390625,1994-01-08
"2566",10.35546875,1994-01-09
"2567",9.2353515625,1994-01-10
"2568",9.64453125,1994-01-11
"2569",11.955078125,1994-01-12
"2570",12.4951171875,1994-01-13
"2571",11.275390625,1994-01-14
"2572",11.0546875,1994-01-15
"2573",20.955078125,1994-01-16
"2574",11.794921875,1994-01-17
"2575",10.8046875,1994-01-18
"2576",14.775390625,1994-01-19
"2577",14.0546875,1994-01-20
"2578",13.7353515625,1994-01-21
"2579",9.455078125,1994-01-22
"2580",9.115234375,1994-01-23
"2581",7.96484375,1994-01-24
"2582",8.2548828125,1994-01-25
"2583",15.3251953125,1994-01-26
"2584",13.39453125,1994-01-27
"2585",10.5947265625,1994-01-28
"2586",12.8046875,1994-01-29
"2587",15.5654296875,1994-01-30
"2588",15.025390625,1994-01-31
"2589",14.1474609375,1994-02-01
"2590",13.8466796875,1994-02-02
"2591",14.5771484375,1994-02-03
"2592",13.77734375,1994-02-04
"2593",14.6669921875,1994-02-05
"2594",8.306640625,1994-02-06
"2595",15.88671875,1994-02-07
"2596",15.88671875,1994-02-08
"2597",14.1865234375,1994-02-09
"2598",16.0673828125,1994-02-10
"2599",12.77734375,1994-02-11
"2600",11.6572265625,1994-02-12
"2601",14.52734375,1994-02-13
"2602",11.95703125,1994-02-14
"2603",13.9169921875,1994-02-15
"2604",10.4765625,1994-02-16
"2605",11.947265625,1994-02-17
"2606",12.8271484375,1994-02-18
"2607",10.5869140625,1994-02-19
"2608",9.0869140625,1994-02-20
"2609",8.107421875,1994-02-21
"2610",9.0068359375,1994-02-22
"2611",14.77734375,1994-02-23
"2612",18.0771484375,1994-02-24
"2613",23.5673828125,1994-02-25
"2614",22.3671875,1994-02-26
"2615",22.0966796875,1994-02-27
"2616",10.1865234375,1994-02-28
"2617",12.6015625,1994-03-01
"2618",12.921875,1994-03-02
"2619",13.921875,1994-03-03
"2620",13.412109375,1994-03-04
"2621",12.8720703125,1994-03-05
"2622",12.1416015625,1994-03-06
"2623",10.90234375,1994-03-07
"2624",14.001953125,1994-03-08
"2625",12.2724609375,1994-03-09
"2626",11.572265625,1994-03-10
"2627",12.6923828125,1994-03-11
"2628",11.8515625,1994-03-12
"2629",7.841796875,1994-03-13
"2630",7.7021484375,1994-03-14
"2631",7.751953125,1994-03-15
"2632",11.681640625,1994-03-16
"2633",11.3623046875,1994-03-17
"2634",8.0322265625,1994-03-18
"2635",7.072265625,1994-03-19
"2636",7.0224609375,1994-03-20
"2637",9.171875,1994-03-21
"2638",10.01171875,1994-03-22
"2639",9.8720703125,1994-03-23
"2640",9.181640625,1994-03-24
"2641",8.501953125,1994-03-25
"2642",10.5419921875,1994-03-26
"2643",11.4521484375,1994-03-27
"2644",11.83203125,1994-03-28
"2645",12.40234375,1994-03-29
"2646",11.6015625,1994-03-30
"2647",14.6015625,1994-03-31
"2648",12.4111328125,1994-04-01
"2649",10.771484375,1994-04-02
"2650",11.701171875,1994-04-03
"2651",10.3505859375,1994-04-04
"2652",8.05078125,1994-04-05
"2653",13.541015625,1994-04-06
"2654",9.0810546875,1994-04-07
"2655",10.6806640625,1994-04-08
"2656",7.6513671875,1994-04-09
"2657",11.9208984375,1994-04-10
"2658",9.2109375,1994-04-11
"2659",11.6708984375,1994-04-12
"2660",12.630859375,1994-04-13
"2661",14.6005859375,1994-04-14
"2662",12.1611328125,1994-04-15
"2663",9.1611328125,1994-04-16
"2664",7.53125,1994-04-17
"2665",10.9306640625,1994-04-18
"2666",9.4912109375,1994-04-19
"2667",11.7314453125,1994-04-20
"2668",9.62109375,1994-04-21
"2669",8.05078125,1994-04-22
"2670",6.2314453125,1994-04-23
"2671",8.5107421875,1994-04-24
"2672",7.720703125,1994-04-25
"2673",7.8505859375,1994-04-26
"2674",9.1611328125,1994-04-27
"2675",15.0712890625,1994-04-28
"2676",13.8212890625,1994-04-29
"2677",11.1806640625,1994-04-30
"2678",13.53515625,1994-05-01
"2679",10.4345703125,1994-05-02
"2680",12.46484375,1994-05-03
"2681",9.5546875,1994-05-04
"2682",8.8046875,1994-05-05
"2683",8.2451171875,1994-05-06
"2684",8.4951171875,1994-05-07
"2685",11.7548828125,1994-05-08
"2686",8.96484375,1994-05-09
"2687",9.4453125,1994-05-10
"2688",9.5048828125,1994-05-11
"2689",6.9150390625,1994-05-12
"2690",6.294921875,1994-05-13
"2691",7.2646484375,1994-05-14
"2692",11.46484375,1994-05-15
"2693",8.5849609375,1994-05-16
"2694",5.705078125,1994-05-17
"2695",12.455078125,1994-05-18
"2696",10.9951171875,1994-05-19
"2697",8.9248046875,1994-05-20
"2698",5.8046875,1994-05-21
"2699",10.4853515625,1994-05-22
"2700",8.1552734375,1994-05-23
"2701",5.0546875,1994-05-24
"2702",3.044921875,1994-05-25
"2703",9.85546875,1994-05-26
"2704",8.9052734375,1994-05-27
"2705",8.39453125,1994-05-28
"2706",6.9853515625,1994-05-29
"2707",6.4951171875,1994-05-30
"2708",14.03515625,1994-05-31
"2709",10.5712890625,1994-06-01
"2710",7.791015625,1994-06-02
"2711",7.6513671875,1994-06-03
"2712",11.9208984375,1994-06-04
"2713",13.6611328125,1994-06-05
"2714",11.53125,1994-06-06
"2715",11.6513671875,1994-06-07
"2716",13.1005859375,1994-06-08
"2717",12.0712890625,1994-06-09
"2718",12.8408203125,1994-06-10
"2719",11.021484375,1994-06-11
"2720",10.3310546875,1994-06-12
"2721",9.94140625,1994-06-13
"2722",11.0712890625,1994-06-14
"2723",12.05078125,1994-06-15
"2724",9.87109375,1994-06-16
"2725",7.3408203125,1994-06-17
"2726",7.2607421875,1994-06-18
"2727",9.78125,1994-06-19
"2728",9.220703125,1994-06-20
"2729",6.12109375,1994-06-21
"2730",7.7109375,1994-06-22
"2731",8.0009765625,1994-06-23
"2732",10.810546875,1994-06-24
"2733",9.470703125,1994-06-25
"2734",11.021484375,1994-06-26
"2735",9.03125,1994-06-27
"2736",8.4912109375,1994-06-28
"2737",7.6611328125,1994-06-29
"2738",7.880859375,1994-06-30
"2739",7.4130859375,1994-07-01
"2740",6.1630859375,1994-07-02
"2741",6.2333984375,1994-07-03
"2742",6.8330078125,1994-07-04
"2743",6.7431640625,1994-07-05
"2744",9.2431640625,1994-07-06
"2745",8.283203125,1994-07-07
"2746",7.642578125,1994-07-08
"2747",7.1025390625,1994-07-09
"2748",6.72265625,1994-07-10
"2749",8.0126953125,1994-07-11
"2750",8.0634765625,1994-07-12
"2751",9.453125,1994-07-13
"2752",7.873046875,1994-07-14
"2753",7.04296875,1994-07-15
"2754",9.0830078125,1994-07-16
"2755",8.86328125,1994-07-17
"2756",6.9833984375,1994-07-18
"2757",7.2333984375,1994-07-19
"2758",8.123046875,1994-07-20
"2759",7.5927734375,1994-07-21
"2760",6.2734375,1994-07-22
"2761",6.693359375,1994-07-23
"2762",5.453125,1994-07-24
"2763",7.873046875,1994-07-25
"2764",9.5732421875,1994-07-26
"2765",8.1630859375,1994-07-27
"2766",7.4228515625,1994-07-28
"2767",5.5029296875,1994-07-29
"2768",8.193359375,1994-07-30
"2769",9.123046875,1994-07-31
"2770",11.9443359375,1994-08-01
"2771",9.9140625,1994-08-02
"2772",8.8642578125,1994-08-03
"2773",7.673828125,1994-08-04
"2774",5.9638671875,1994-08-05
"2775",11.2939453125,1994-08-06
"2776",9.984375,1994-08-07
"2777",8.064453125,1994-08-08
"2778",7.9736328125,1994-08-09
"2779",6.0244140625,1994-08-10
"2780",4.064453125,1994-08-11
"2781",3.68359375,1994-08-12
"2782",10.853515625,1994-08-13
"2783",6.7138671875,1994-08-14
"2784",8.013671875,1994-08-15
"2785",6.2939453125,1994-08-16
"2786",5.7041015625,1994-08-17
"2787",6.404296875,1994-08-18
"2788",5.59375,1994-08-19
"2789",8.18359375,1994-08-20
"2790",6.4443359375,1994-08-21
"2791",5.18359375,1994-08-22
"2792",11.263671875,1994-08-23
"2793",8.57421875,1994-08-24
"2794",8.7939453125,1994-08-25
"2795",7.2138671875,1994-08-26
"2796",6.32421875,1994-08-27
"2797",5.2138671875,1994-08-28
"2798",10.994140625,1994-08-29
"2799",8.654296875,1994-08-30
"2800",6.6337890625,1994-08-31
"2801",6.1767578125,1994-09-01
"2802",8.0068359375,1994-09-02
"2803",10.0869140625,1994-09-03
"2804",11.7666015625,1994-09-04
"2805",11.296875,1994-09-05
"2806",10.3173828125,1994-09-06
"2807",8.13671875,1994-09-07
"2808",11.5966796875,1994-09-08
"2809",12.1171875,1994-09-09
"2810",9.716796875,1994-09-10
"2811",5.27734375,1994-09-11
"2812",9.796875,1994-09-12
"2813",8.45703125,1994-09-13
"2814",7.5771484375,1994-09-14
"2815",8.6669921875,1994-09-15
"2816",10.02734375,1994-09-16
"2817",8.037109375,1994-09-17
"2818",8.8671875,1994-09-18
"2819",8.1474609375,1994-09-19
"2820",6.63671875,1994-09-20
"2821",7.0166015625,1994-09-21
"2822",2.63671875,1994-09-22
"2823",7.7470703125,1994-09-23
"2824",9.63671875,1994-09-24
"2825",9.9873046875,1994-09-25
"2826",7.537109375,1994-09-26
"2827",7.126953125,1994-09-27
"2828",3.8671875,1994-09-28
"2829",9.7666015625,1994-09-29
"2830",7.537109375,1994-09-30
"2831",10.087890625,1994-10-01
"2832",10.73828125,1994-10-02
"2833",8.1884765625,1994-10-03
"2834",8.73828125,1994-10-04
"2835",8.578125,1994-10-05
"2836",7.1982421875,1994-10-06
"2837",7.998046875,1994-10-07
"2838",12.7978515625,1994-10-08
"2839",11.7578125,1994-10-09
"2840",8.8876953125,1994-10-10
"2841",9.2783203125,1994-10-11
"2842",7.7177734375,1994-10-12
"2843",7.3583984375,1994-10-13
"2844",5.6982421875,1994-10-14
"2845",3.9384765625,1994-10-15
"2846",10.4482421875,1994-10-16
"2847",11.818359375,1994-10-17
"2848",11.328125,1994-10-18
"2849",11.2978515625,1994-10-19
"2850",8.7783203125,1994-10-20
"2851",9.3076171875,1994-10-21
"2852",7.7978515625,1994-10-22
"2853",5.068359375,1994-10-23
"2854",4.068359375,1994-10-24
"2855",8.087890625,1994-10-25
"2856",13.1083984375,1994-10-26
"2857",9.8583984375,1994-10-27
"2858",10.087890625,1994-10-28
"2859",8.8583984375,1994-10-29
"2860",11.7275390625,1994-10-30
"2861",4.828125,1994-10-31
"2862",8.13671875,1994-11-01
"2863",7.296875,1994-11-02
"2864",10.3271484375,1994-11-03
"2865",9.3671875,1994-11-04
"2866",11.5068359375,1994-11-05
"2867",11.4072265625,1994-11-06
"2868",12.8466796875,1994-11-07
"2869",11.9365234375,1994-11-08
"2870",10.5771484375,1994-11-09
"2871",5.3671875,1994-11-10
"2872",8.6474609375,1994-11-11
"2873",12.857421875,1994-11-12
"2874",14.1865234375,1994-11-13
"2875",10.20703125,1994-11-14
"2876",12.1572265625,1994-11-15
"2877",10.2373046875,1994-11-16
"2878",9.197265625,1994-11-17
"2879",7.4873046875,1994-11-18
"2880",12.2470703125,1994-11-19
"2881",10.2265625,1994-11-20
"2882",9.2568359375,1994-11-21
"2883",11.7470703125,1994-11-22
"2884",7.0068359375,1994-11-23
"2885",5.537109375,1994-11-24
"2886",11.8271484375,1994-11-25
"2887",12.0966796875,1994-11-26
"2888",12.5869140625,1994-11-27
"2889",11.296875,1994-11-28
"2890",11.1669921875,1994-11-29
"2891",9.046875,1994-11-30
"2892",7.37109375,1994-12-01
"2893",4.2412109375,1994-12-02
"2894",9.0810546875,1994-12-03
"2895",10.0712890625,1994-12-04
"2896",10.6005859375,1994-12-05
"2897",9.9814453125,1994-12-06
"2898",20.7607421875,1994-12-07
"2899",8.880859375,1994-12-08
"2900",8.611328125,1994-12-09
"2901",6.720703125,1994-12-10
"2902",5.5009765625,1994-12-11
"2903",8.28125,1994-12-12
"2904",11.05078125,1994-12-13
"2905",13.2509765625,1994-12-14
"2906",10.94140625,1994-12-15
"2907",11.5712890625,1994-12-16
"2908",11.3212890625,1994-12-17
"2909",8.55078125,1994-12-18
"2910",11.6611328125,1994-12-19
"2911",14.7109375,1994-12-20
"2912",22.7314453125,1994-12-21
"2913",17.0712890625,1994-12-22
"2914",11.451171875,1994-12-23
"2915",10.640625,1994-12-24
"2916",12.271484375,1994-12-25
"2917",11.69140625,1994-12-26
"2918",10.53125,1994-12-27
"2919",6.5107421875,1994-12-28
"2920",9.521484375,1994-12-29
"2921",10.470703125,1994-12-30
"2922",9.701171875,1994-12-31
"2923",12.3046875,1995-01-01
"2924",13.96484375,1995-01-02
"2925",11.025390625,1995-01-03
"2926",14.1845703125,1995-01-04
"2927",15.525390625,1995-01-05
"2928",12.0546875,1995-01-06
"2929",10.9853515625,1995-01-07
"2930",8.4150390625,1995-01-08
"2931",5.46484375,1995-01-09
"2932",7.474609375,1995-01-10
"2933",18.4453125,1995-01-11
"2934",16.455078125,1995-01-12
"2935",17.875,1995-01-13
"2936",26.8046875,1995-01-14
"2937",25.8349609375,1995-01-15
"2938",25.4052734375,1995-01-16
"2939",21.6552734375,1995-01-17
"2940",16.9150390625,1995-01-18
"2941",17.8046875,1995-01-19
"2942",15.4951171875,1995-01-20
"2943",9.1748046875,1995-01-21
"2944",8.78515625,1995-01-22
"2945",7.4248046875,1995-01-23
"2946",11.89453125,1995-01-24
"2947",13.3046875,1995-01-25
"2948",17.5947265625,1995-01-26
"2949",21.5146484375,1995-01-27
"2950",17.025390625,1995-01-28
"2951",14.2548828125,1995-01-29
"2952",21.0751953125,1995-01-30
"2953",13.4150390625,1995-01-31
"2954",11.4970703125,1995-02-01
"2955",13.20703125,1995-02-02
"2956",13.966796875,1995-02-03
"2957",9.5869140625,1995-02-04
"2958",14.63671875,1995-02-05
"2959",10.447265625,1995-02-06
"2960",10.9970703125,1995-02-07
"2961",12.197265625,1995-02-08
"2962",12.787109375,1995-02-09
"2963",12.0771484375,1995-02-10
"2964",11.357421875,1995-02-11
"2965",9.4873046875,1995-02-12
"2966",11.466796875,1995-02-13
"2967",15.2470703125,1995-02-14
"2968",17.3173828125,1995-02-15
"2969",15.287109375,1995-02-16
"2970",10.607421875,1995-02-17
"2971",12.5869140625,1995-02-18
"2972",13.1572265625,1995-02-19
"2973",14.0166015625,1995-02-20
"2974",12.037109375,1995-02-21
"2975",14.2666015625,1995-02-22
"2976",13.3369140625,1995-02-23
"2977",9.0068359375,1995-02-24
"2978",15.0673828125,1995-02-25
"2979",9.95703125,1995-02-26
"2980",12.1865234375,1995-02-27
"2981",15.376953125,1995-02-28
"2982",13.8916015625,1995-03-01
"2983",19.482421875,1995-03-02
"2984",16.232421875,1995-03-03
"2985",12.7724609375,1995-03-04
"2986",14.0517578125,1995-03-05
"2987",15.931640625,1995-03-06
"2988",12.6923828125,1995-03-07
"2989",15.0419921875,1995-03-08
"2990",13.2021484375,1995-03-09
"2991",11.5419921875,1995-03-10
"2992",12.0517578125,1995-03-11
"2993",13.3623046875,1995-03-12
"2994",9.8818359375,1995-03-13
"2995",9.751953125,1995-03-14
"2996",11.8720703125,1995-03-15
"2997",12.072265625,1995-03-16
"2998",11.83203125,1995-03-17
"2999",13.232421875,1995-03-18
"3000",11.40234375,1995-03-19
"3001",11.0224609375,1995-03-20
"3002",11.912109375,1995-03-21
"3003",11.0517578125,1995-03-22
"3004",12.0224609375,1995-03-23
"3005",13.2822265625,1995-03-24
"3006",11.091796875,1995-03-25
"3007",8.7421875,1995-03-26
"3008",12.001953125,1995-03-27
"3009",10.162109375,1995-03-28
"3010",10.751953125,1995-03-29
"3011",12.591796875,1995-03-30
"3012",10.232421875,1995-03-31
"3013",11.4814453125,1995-04-01
"3014",11.9912109375,1995-04-02
"3015",8.4208984375,1995-04-03
"3016",11.9111328125,1995-04-04
"3017",12.0810546875,1995-04-05
"3018",10.1708984375,1995-04-06
"3019",14.130859375,1995-04-07
"3020",8.3505859375,1995-04-08
"3021",11.28125,1995-04-09
"3022",10.541015625,1995-04-10
"3023",9.060546875,1995-04-11
"3024",8.521484375,1995-04-12
"3025",8.28125,1995-04-13
"3026",9.791015625,1995-04-14
"3027",9.7509765625,1995-04-15
"3028",9.4609375,1995-04-16
"3029",9.541015625,1995-04-17
"3030",7.5810546875,1995-04-18
"3031",12.05078125,1995-04-19
"3032",9.2109375,1995-04-20
"3033",10.2412109375,1995-04-21
"3034",6.9013671875,1995-04-22
"3035",16.44140625,1995-04-23
"3036",14.951171875,1995-04-24
"3037",11.970703125,1995-04-25
"3038",11.37109375,1995-04-26
"3039",12.7509765625,1995-04-27
"3040",7.80078125,1995-04-28
"3041",9.220703125,1995-04-29
"3042",17.140625,1995-04-30
"3043",13.85546875,1995-05-01
"3044",13.0546875,1995-05-02
"3045",10.025390625,1995-05-03
"3046",11.3046875,1995-05-04
"3047",11.1650390625,1995-05-05
"3048",10.1650390625,1995-05-06
"3049",9.375,1995-05-07
"3050",10.0048828125,1995-05-08
"3051",10.275390625,1995-05-09
"3052",12.294921875,1995-05-10
"3053",12.125,1995-05-11
"3054",9.0751953125,1995-05-12
"3055",11.544921875,1995-05-13
"3056",13.9052734375,1995-05-14
"3057",11.2451171875,1995-05-15
"3058",8.974609375,1995-05-16
"3059",8.025390625,1995-05-17
"3060",8.115234375,1995-05-18
"3061",10.525390625,1995-05-19
"3062",11.7548828125,1995-05-20
"3063",9.955078125,1995-05-21
"3064",9.865234375,1995-05-22
"3065",8.615234375,1995-05-23
"3066",10.724609375,1995-05-24
"3067",8.0947265625,1995-05-25
"3068",12.375,1995-05-26
"3069",9.384765625,1995-05-27
"3070",9.71484375,1995-05-28
"3071",8.78515625,1995-05-29
"3072",10.0947265625,1995-05-30
"3073",8.6650390625,1995-05-31
"3074",8.310546875,1995-06-01
"3075",7.8212890625,1995-06-02
"3076",7.140625,1995-06-03
"3077",8.9609375,1995-06-04
"3078",9.4111328125,1995-06-05
"3079",12.9306640625,1995-06-06
"3080",12.03125,1995-06-07
"3081",13.791015625,1995-06-08
"3082",17.521484375,1995-06-09
"3083",9.5009765625,1995-06-10
"3084",11.361328125,1995-06-11
"3085",12.880859375,1995-06-12
"3086",11.4013671875,1995-06-13
"3087",12.521484375,1995-06-14
"3088",12.2412109375,1995-06-15
"3089",9.7607421875,1995-06-16
"3090",11.03125,1995-06-17
"3091",8.6005859375,1995-06-18
"3092",10.5908203125,1995-06-19
"3093",9.9814453125,1995-06-20
"3094",8.7509765625,1995-06-21
"3095",7.951171875,1995-06-22
"3096",6.390625,1995-06-23
"3097",7.9013671875,1995-06-24
"3098",7.8505859375,1995-06-25
"3099",9.6806640625,1995-06-26
"3100",5.6513671875,1995-06-27
"3101",10.890625,1995-06-28
"3102",11.53125,1995-06-29
"3103",12.390625,1995-06-30
"3104",9.61328125,1995-07-01
"3105",11.212890625,1995-07-02
"3106",11.552734375,1995-07-03
"3107",9.962890625,1995-07-04
"3108",7.72265625,1995-07-05
"3109",7.443359375,1995-07-06
"3110",6.1533203125,1995-07-07
"3111",5.9326171875,1995-07-08
"3112",6.3330078125,1995-07-09
"3113",6.6328125,1995-07-10
"3114",6.953125,1995-07-11
"3115",12.1630859375,1995-07-12
"3116",11.86328125,1995-07-13
"3117",11.0634765625,1995-07-14
"3118",9.9130859375,1995-07-15
"3119",13.6328125,1995-07-16
"3120",10.47265625,1995-07-17
"3121",9.712890625,1995-07-18
"3122",9.3427734375,1995-07-19
"3123",8.4931640625,1995-07-20
"3124",11.9833984375,1995-07-21
"3125",10.3828125,1995-07-22
"3126",10.6328125,1995-07-23
"3127",9.5126953125,1995-07-24
"3128",8.04296875,1995-07-25
"3129",10.2431640625,1995-07-26
"3130",11.1533203125,1995-07-27
"3131",9.36328125,1995-07-28
"3132",9.22265625,1995-07-29
"3133",9.193359375,1995-07-30
"3134",10.212890625,1995-07-31
"3135",8.6640625,1995-08-01
"3136",8.853515625,1995-08-02
"3137",8.833984375,1995-08-03
"3138",10.1640625,1995-08-04
"3139",10.013671875,1995-08-05
"3140",8.404296875,1995-08-06
"3141",7.904296875,1995-08-07
"3142",8.603515625,1995-08-08
"3143",7.3740234375,1995-08-09
"3144",5.2744140625,1995-08-10
"3145",4.93359375,1995-08-11
"3146",4.763671875,1995-08-12
"3147",3.34375,1995-08-13
"3148",11.2744140625,1995-08-14
"3149",11.583984375,1995-08-15
"3150",9.994140625,1995-08-16
"3151",8.4638671875,1995-08-17
"3152",8.3935546875,1995-08-18
"3153",9.333984375,1995-08-19
"3154",8.9443359375,1995-08-20
"3155",11.7041015625,1995-08-21
"3156",9.18359375,1995-08-22
"3157",10.4638671875,1995-08-23
"3158",15.3642578125,1995-08-24
"3159",12.333984375,1995-08-25
"3160",8.6640625,1995-08-26
"3161",7.7744140625,1995-08-27
"3162",10.3037109375,1995-08-28
"3163",6.6435546875,1995-08-29
"3164",10.814453125,1995-08-30
"3165",11.3642578125,1995-08-31
"3166",9.7373046875,1995-09-01
"3167",7.9072265625,1995-09-02
"3168",7.607421875,1995-09-03
"3169",10.2373046875,1995-09-04
"3170",7.8271484375,1995-09-05
"3171",6.2666015625,1995-09-06
"3172",4.037109375,1995-09-07
"3173",6.037109375,1995-09-08
"3174",10.806640625,1995-09-09
"3175",9.5966796875,1995-09-10
"3176",9.3271484375,1995-09-11
"3177",6.6474609375,1995-09-12
"3178",6.1865234375,1995-09-13
"3179",13.2265625,1995-09-14
"3180",10.546875,1995-09-15
"3181",11.02734375,1995-09-16
"3182",10.7265625,1995-09-17
"3183",11.13671875,1995-09-18
"3184",11.447265625,1995-09-19
"3185",9.197265625,1995-09-20
"3186",8.3369140625,1995-09-21
"3187",11.2568359375,1995-09-22
"3188",11.357421875,1995-09-23
"3189",10.2373046875,1995-09-24
"3190",7.947265625,1995-09-25
"3191",7.5166015625,1995-09-26
"3192",5.9765625,1995-09-27
"3193",5.5771484375,1995-09-28
"3194",5.107421875,1995-09-29
"3195",15.376953125,1995-09-30
"3196",12.8681640625,1995-10-01
"3197",10.677734375,1995-10-02
"3198",8.5283203125,1995-10-03
"3199",6.908203125,1995-10-04
"3200",14.5380859375,1995-10-05
"3201",12.017578125,1995-10-06
"3202",8.9580078125,1995-10-07
"3203",12.2783203125,1995-10-08
"3204",9.177734375,1995-10-09
"3205",9.658203125,1995-10-10
"3206",12.2177734375,1995-10-11
"3207",13.908203125,1995-10-12
"3208",9.3076171875,1995-10-13
"3209",8.2578125,1995-10-14
"3210",7.1982421875,1995-10-15
"3211",5.41796875,1995-10-16
"3212",4.66796875,1995-10-17
"3213",6.4482421875,1995-10-18
"3214",10.1884765625,1995-10-19
"3215",10.2783203125,1995-10-20
"3216",9.337890625,1995-10-21
"3217",9.677734375,1995-10-22
"3218",9.1376953125,1995-10-23
"3219",9.498046875,1995-10-24
"3220",10.408203125,1995-10-25
"3221",9.7978515625,1995-10-26
"3222",7.087890625,1995-10-27
"3223",11.16796875,1995-10-28
"3224",10.248046875,1995-10-29
"3225",8.578125,1995-10-30
"3226",9.4580078125,1995-10-31
"3227",8.4970703125,1995-11-01
"3228",13.13671875,1995-11-02
"3229",16.357421875,1995-11-03
"3230",10.9765625,1995-11-04
"3231",9.52734375,1995-11-05
"3232",11.2666015625,1995-11-06
"3233",10.1171875,1995-11-07
"3234",6.9169921875,1995-11-08
"3235",14.0771484375,1995-11-09
"3236",9.8671875,1995-11-10
"3237",9.4873046875,1995-11-11
"3238",7.9267578125,1995-11-12
"3239",10.306640625,1995-11-13
"3240",10.3369140625,1995-11-14
"3241",11.0673828125,1995-11-15
"3242",7.9072265625,1995-11-16
"3243",15.6669921875,1995-11-17
"3244",15.107421875,1995-11-18
"3245",11.9765625,1995-11-19
"3246",13.1474609375,1995-11-20
"3247",10.9873046875,1995-11-21
"3248",8.63671875,1995-11-22
"3249",10.537109375,1995-11-23
"3250",8.4169921875,1995-11-24
"3251",9.6171875,1995-11-25
"3252",11.197265625,1995-11-26
"3253",8.9365234375,1995-11-27
"3254",12.447265625,1995-11-28
"3255",10.796875,1995-11-29
"3256",10.70703125,1995-11-30
"3257",13.12109375,1995-12-01
"3258",9.6806640625,1995-12-02
"3259",6.9208984375,1995-12-03
"3260",10.7509765625,1995-12-04
"3261",8.041015625,1995-12-05
"3262",7.9609375,1995-12-06
"3263",5.130859375,1995-12-07
"3264",5.5810546875,1995-12-08
"3265",12.970703125,1995-12-09
"3266",10.130859375,1995-12-10
"3267",9.5908203125,1995-12-11
"3268",10.44140625,1995-12-12
"3269",8.9814453125,1995-12-13
"3270",8.6611328125,1995-12-14
"3271",7.310546875,1995-12-15
"3272",7.1005859375,1995-12-16
"3273",15.03125,1995-12-17
"3274",12.041015625,1995-12-18
"3275",11.890625,1995-12-19
"3276",10.390625,1995-12-20
"3277",9.5107421875,1995-12-21
"3278",17.1005859375,1995-12-22
"3279",14.8212890625,1995-12-23
"3280",9.80078125,1995-12-24
"3281",8.640625,1995-12-25
"3282",6.5810546875,1995-12-26
"3283",9.28125,1995-12-27
"3284",11.611328125,1995-12-28
"3285",13.130859375,1995-12-29
"3286",12.041015625,1995-12-30
"3287",20.201171875,1995-12-31
"3288",14.7353515625,1996-01-01
"3289",13.9248046875,1996-01-02
"3290",12.9853515625,1996-01-03
"3291",11.7548828125,1996-01-04
"3292",10.775390625,1996-01-05
"3293",9.375,1996-01-06
"3294",10.6953125,1996-01-07
"3295",13.4853515625,1996-01-08
"3296",13.46484375,1996-01-09
"3297",14.634765625,1996-01-10
"3298",15.7353515625,1996-01-11
"3299",12.3154296875,1996-01-12
"3300",8.8251953125,1996-01-13
"3301",6.0146484375,1996-01-14
"3302",12.4951171875,1996-01-15
"3303",12.794921875,1996-01-16
"3304",13.6650390625,1996-01-17
"3305",13.0048828125,1996-01-18
"3306",12.7451171875,1996-01-19
"3307",11.2353515625,1996-01-20
"3308",9.64453125,1996-01-21
"3309",11.1953125,1996-01-22
"3310",9.5849609375,1996-01-23
"3311",12.6953125,1996-01-24
"3312",9.794921875,1996-01-25
"3313",9.78515625,1996-01-26
"3314",10.0654296875,1996-01-27
"3315",6.974609375,1996-01-28
"3316",11.724609375,1996-01-29
"3317",5.8154296875,1996-01-30
"3318",13.0048828125,1996-01-31
"3319",11.4169921875,1996-02-01
"3320",14.607421875,1996-02-02
"3321",11.8173828125,1996-02-03
"3322",9.037109375,1996-02-04
"3323",9.716796875,1996-02-05
"3324",7.95703125,1996-02-06
"3325",8.2568359375,1996-02-07
"3326",12.63671875,1996-02-08
"3327",9.4267578125,1996-02-09
"3328",11.287109375,1996-02-10
"3329",11.8173828125,1996-02-11
"3330",11.9267578125,1996-02-12
"3331",6.876953125,1996-02-13
"3332",5.20703125,1996-02-14
"3333",5.9970703125,1996-02-15
"3334",6.197265625,1996-02-16
"3335",7.5966796875,1996-02-17
"3336",7.95703125,1996-02-18
"3337",5.8466796875,1996-02-19
"3338",6.357421875,1996-02-20
"3339",8.0166015625,1996-02-21
"3340",11.8271484375,1996-02-22
"3341",15.9169921875,1996-02-23
"3342",15.306640625,1996-02-24
"3343",13.6669921875,1996-02-25
"3344",12.1474609375,1996-02-26
"3345",17.0068359375,1996-02-27
"3346",11.6669921875,1996-02-28
"3347",11.6474609375,1996-02-29
"3348",11.5322265625,1996-03-01
"3349",9.072265625,1996-03-02
"3350",8.841796875,1996-03-03
"3351",10.2724609375,1996-03-04
"3352",7.841796875,1996-03-05
"3353",14.3623046875,1996-03-06
"3354",11.912109375,1996-03-07
"3355",9.591796875,1996-03-08
"3356",11.6318359375,1996-03-09
"3357",10.982421875,1996-03-10
"3358",7.4921875,1996-03-11
"3359",8.8515625,1996-03-12
"3360",8.181640625,1996-03-13
"3361",9.5322265625,1996-03-14
"3362",22.072265625,1996-03-15
"3363",12.3115234375,1996-03-16
"3364",13.9716796875,1996-03-17
"3365",11.15234375,1996-03-18
"3366",9.6416015625,1996-03-19
"3367",8.7724609375,1996-03-20
"3368",10.162109375,1996-03-21
"3369",11.4921875,1996-03-22
"3370",8.5419921875,1996-03-23
"3371",8.0615234375,1996-03-24
"3372",7.591796875,1996-03-25
"3373",12.2421875,1996-03-26
"3374",13.7822265625,1996-03-27
"3375",9.2724609375,1996-03-28
"3376",15.9716796875,1996-03-29
"3377",14.6015625,1996-03-30
"3378",11.072265625,1996-03-31
"3379",10.4609375,1996-04-01
"3380",12.0908203125,1996-04-02
"3381",12.1005859375,1996-04-03
"3382",10.220703125,1996-04-04
"3383",8.9208984375,1996-04-05
"3384",8.0009765625,1996-04-06
"3385",13.7109375,1996-04-07
"3386",11.361328125,1996-04-08
"3387",9.87109375,1996-04-09
"3388",10.720703125,1996-04-10
"3389",9.5908203125,1996-04-11
"3390",6.2607421875,1996-04-12
"3391",13.6611328125,1996-04-13
"3392",11.0712890625,1996-04-14
"3393",10.8310546875,1996-04-15
"3394",11.271484375,1996-04-16
"3395",10.94140625,1996-04-17
"3396",10.1708984375,1996-04-18
"3397",9.4609375,1996-04-19
"3398",7.2109375,1996-04-20
"3399",12.69140625,1996-04-21
"3400",9.451171875,1996-04-22
"3401",9.3310546875,1996-04-23
"3402",12.111328125,1996-04-24
"3403",11.4609375,1996-04-25
"3404",14.5810546875,1996-04-26
"3405",14.4208984375,1996-04-27
"3406",9.53125,1996-04-28
"3407",9.4306640625,1996-04-29
"3408",8.630859375,1996-04-30
"3409",8.2548828125,1996-05-01
"3410",8.7451171875,1996-05-02
"3411",10.384765625,1996-05-03
"3412",12.884765625,1996-05-04
"3413",14.1953125,1996-05-05
"3414",12.78515625,1996-05-06
"3415",12.044921875,1996-05-07
"3416",11.275390625,1996-05-08
"3417",9.0146484375,1996-05-09
"3418",9.0849609375,1996-05-10
"3419",11.884765625,1996-05-11
"3420",12.0849609375,1996-05-12
"3421",7.625,1996-05-13
"3422",7.4951171875,1996-05-14
"3423",7.03515625,1996-05-15
"3424",6.525390625,1996-05-16
"3425",5.525390625,1996-05-17
"3426",8.775390625,1996-05-18
"3427",12.7548828125,1996-05-19
"3428",9.8447265625,1996-05-20
"3429",10.025390625,1996-05-21
"3430",8.5849609375,1996-05-22
"3431",9.35546875,1996-05-23
"3432",10.0546875,1996-05-24
"3433",10.865234375,1996-05-25
"3434",10.044921875,1996-05-26
"3435",8.4951171875,1996-05-27
"3436",7.3046875,1996-05-28
"3437",8.955078125,1996-05-29
"3438",7.3447265625,1996-05-30
"3439",8.224609375,1996-05-31
"3440",9.4814453125,1996-06-01
"3441",12.78125,1996-06-02
"3442",13.30078125,1996-06-03
"3443",12.861328125,1996-06-04
"3444",8.130859375,1996-06-05
"3445",9.611328125,1996-06-06
"3446",12.380859375,1996-06-07
"3447",9.6513671875,1996-06-08
"3448",8.0107421875,1996-06-09
"3449",6.4111328125,1996-06-10
"3450",7.291015625,1996-06-11
"3451",6.53125,1996-06-12
"3452",6.94140625,1996-06-13
"3453",9.44140625,1996-06-14
"3454",7.720703125,1996-06-15
"3455",9.19140625,1996-06-16
"3456",10.3310546875,1996-06-17
"3457",8.640625,1996-06-18
"3458",12.201171875,1996-06-19
"3459",14.060546875,1996-06-20
"3460",14.0009765625,1996-06-21
"3461",17.0712890625,1996-06-22
"3462",11.9111328125,1996-06-23
"3463",10.7314453125,1996-06-24
"3464",7.810546875,1996-06-25
"3465",8.1005859375,1996-06-26
"3466",9.791015625,1996-06-27
"3467",8.4013671875,1996-06-28
"3468",11.060546875,1996-06-29
"3469",9.6611328125,1996-06-30
"3470",11.2626953125,1996-07-01
"3471",10.193359375,1996-07-02
"3472",10.443359375,1996-07-03
"3473",16.193359375,1996-07-04
"3474",10.1025390625,1996-07-05
"3475",9.443359375,1996-07-06
"3476",10.54296875,1996-07-07
"3477",8.873046875,1996-07-08
"3478",8.1826171875,1996-07-09
"3479",10.4833984375,1996-07-10
"3480",9.0126953125,1996-07-11
"3481",9.9931640625,1996-07-12
"3482",10.29296875,1996-07-13
"3483",10.2734375,1996-07-14
"3484",9.6728515625,1996-07-15
"3485",10.283203125,1996-07-16
"3486",12.8525390625,1996-07-17
"3487",12.0126953125,1996-07-18
"3488",10.6630859375,1996-07-19
"3489",10.283203125,1996-07-20
"3490",10.212890625,1996-07-21
"3491",7.693359375,1996-07-22
"3492",10.8525390625,1996-07-23
"3493",10.9833984375,1996-07-24
"3494",9.052734375,1996-07-25
"3495",11.712890625,1996-07-26
"3496",9.943359375,1996-07-27
"3497",10.5126953125,1996-07-28
"3498",11.0634765625,1996-07-29
"3499",8.9228515625,1996-07-30
"3500",11.8232421875,1996-07-31
"3501",12.1435546875,1996-08-01
"3502",8.25390625,1996-08-02
"3503",8.314453125,1996-08-03
"3504",8.7236328125,1996-08-04
"3505",9.4541015625,1996-08-05
"3506",9.013671875,1996-08-06
"3507",8.7939453125,1996-08-07
"3508",9.7939453125,1996-08-08
"3509",7.853515625,1996-08-09
"3510",6.583984375,1996-08-10
"3511",7.32421875,1996-08-11
"3512",9.18359375,1996-08-12
"3513",7.154296875,1996-08-13
"3514",10.484375,1996-08-14
"3515",11.43359375,1996-08-15
"3516",9.6337890625,1996-08-16
"3517",7.4140625,1996-08-17
"3518",7.923828125,1996-08-18
"3519",8.234375,1996-08-19
"3520",10.43359375,1996-08-20
"3521",7.4638671875,1996-08-21
"3522",12.3037109375,1996-08-22
"3523",10.4638671875,1996-08-23
"3524",8.494140625,1996-08-24
"3525",7.5537109375,1996-08-25
"3526",10.82421875,1996-08-26
"3527",14.7138671875,1996-08-27
"3528",11.673828125,1996-08-28
"3529",10.423828125,1996-08-29
"3530",10.353515625,1996-08-30
"3531",9.6142578125,1996-08-31
"3532",7.697265625,1996-09-01
"3533",9.95703125,1996-09-02
"3534",10.1474609375,1996-09-03
"3535",7.537109375,1996-09-04
"3536",10.296875,1996-09-05
"3537",8.45703125,1996-09-06
"3538",10.7373046875,1996-09-07
"3539",10.1171875,1996-09-08
"3540",9.4072265625,1996-09-09
"3541",9.306640625,1996-09-10
"3542",7.056640625,1996-09-11
"3543",10.466796875,1996-09-12
"3544",9.466796875,1996-09-13
"3545",8.9365234375,1996-09-14
"3546",4.5966796875,1996-09-15
"3547",6.357421875,1996-09-16
"3548",11.7666015625,1996-09-17
"3549",9.876953125,1996-09-18
"3550",10.8369140625,1996-09-19
"3551",8.296875,1996-09-20
"3552",8.6171875,1996-09-21
"3553",4.357421875,1996-09-22
"3554",10.8271484375,1996-09-23
"3555",9.95703125,1996-09-24
"3556",6.95703125,1996-09-25
"3557",8.107421875,1996-09-26
"3558",8.63671875,1996-09-27
"3559",15.20703125,1996-09-28
"3560",12.216796875,1996-09-29
"3561",9.5869140625,1996-09-30
"3562",9.267578125,1996-10-01
"3563",9.658203125,1996-10-02
"3564",9.16796875,1996-10-03
"3565",10.248046875,1996-10-04
"3566",15.068359375,1996-10-05
"3567",10.3876953125,1996-10-06
"3568",8.337890625,1996-10-07
"3569",8.767578125,1996-10-08
"3570",6.7578125,1996-10-09
"3571",11.068359375,1996-10-10
"3572",10.8984375,1996-10-11
"3573",7.498046875,1996-10-12
"3574",8.5478515625,1996-10-13
"3575",6.337890625,1996-10-14
"3576",6.6279296875,1996-10-15
"3577",15.0478515625,1996-10-16
"3578",10.3876953125,1996-10-17
"3579",8.927734375,1996-10-18
"3580",10.73828125,1996-10-19
"3581",7.6484375,1996-10-20
"3582",4.7783203125,1996-10-21
"3583",4.7177734375,1996-10-22
"3584",5.6181640625,1996-10-23
"3585",5.767578125,1996-10-24
"3586",12.4384765625,1996-10-25
"3587",8.3984375,1996-10-26
"3588",9.248046875,1996-10-27
"3589",8.7880859375,1996-10-28
"3590",10.2578125,1996-10-29
"3591",10.6083984375,1996-10-30
"3592",7.2783203125,1996-10-31
"3593",4.45703125,1996-11-01
"3594",11.447265625,1996-11-02
"3595",10.7568359375,1996-11-03
"3596",10.447265625,1996-11-04
"3597",8.0869140625,1996-11-05
"3598",9.7373046875,1996-11-06
"3599",8.5771484375,1996-11-07
"3600",6.216796875,1996-11-08
"3601",10.5771484375,1996-11-09
"3602",8.9873046875,1996-11-10
"3603",9.197265625,1996-11-11
"3604",5.9365234375,1996-11-12
"3605",4.5966796875,1996-11-13
"3606",13.6572265625,1996-11-14
"3607",10.38671875,1996-11-15
"3608",11.45703125,1996-11-16
"3609",12.5068359375,1996-11-17
"3610",10.7265625,1996-11-18
"3611",8.947265625,1996-11-19
"3612",7.9072265625,1996-11-20
"3613",7.9365234375,1996-11-21
"3614",8.6572265625,1996-11-22
"3615",4.5966796875,1996-11-23
"3616",1.9970703125,1996-11-24
"3617",7.046875,1996-11-25
"3618",11.5966796875,1996-11-26
"3619",7.546875,1996-11-27
"3620",10.287109375,1996-11-28
"3621",10.4072265625,1996-11-29
"3622",12.697265625,1996-11-30
"3623",5.021484375,1996-12-01
"3624",10.5908203125,1996-12-02
"3625",10.521484375,1996-12-03
"3626",13.0712890625,1996-12-04
"3627",10.9208984375,1996-12-05
"3628",18.521484375,1996-12-06
"3629",9.28125,1996-12-07
"3630",8.890625,1996-12-08
"3631",11.1708984375,1996-12-09
"3632",9.94140625,1996-12-10
"3633",9.44140625,1996-12-11
"3634",9.80078125,1996-12-12
"3635",5.2412109375,1996-12-13
"3636",6.861328125,1996-12-14
"3637",10.78125,1996-12-15
"3638",13.4912109375,1996-12-16
"3639",11.7314453125,1996-12-17
"3640",10.30078125,1996-12-18
"3641",10.390625,1996-12-19
"3642",13.2509765625,1996-12-20
"3643",7.390625,1996-12-21
"3644",5.970703125,1996-12-22
"3645",10.640625,1996-12-23
"3646",12.6806640625,1996-12-24
"3647",13.0908203125,1996-12-25
"3648",8.3505859375,1996-12-26
"3649",9.201171875,1996-12-27
"3650",13.0908203125,1996-12-28
"3651",10.6005859375,1996-12-29
"3652",7.0107421875,1996-12-30
"3653",9.87109375,1996-12-31
"3654",10.8251953125,1997-01-01
"3655",11.0048828125,1997-01-02
"3656",9.3349609375,1997-01-03
"3657",12.025390625,1997-01-04
"3658",16.1845703125,1997-01-05
"3659",16.455078125,1997-01-06
"3660",9.8251953125,1997-01-07
"3661",10.0751953125,1997-01-08
"3662",9.0146484375,1997-01-09
"3663",8.21484375,1997-01-10
"3664",8.5048828125,1997-01-11
"3665",9.3251953125,1997-01-12
"3666",17.974609375,1997-01-13
"3667",19.384765625,1997-01-14
"3668",15.634765625,1997-01-15
"3669",12.115234375,1997-01-16
"3670",12.1748046875,1997-01-17
"3671",12.025390625,1997-01-18
"3672",13.5654296875,1997-01-19
"3673",18.884765625,1997-01-20
"3674",20.3447265625,1997-01-21
"3675",15.39453125,1997-01-22
"3676",15.224609375,1997-01-23
"3677",13.1748046875,1997-01-24
"3678",11.455078125,1997-01-25
"3679",7.1953125,1997-01-26
"3680",13.9453125,1997-01-27
"3681",13.8349609375,1997-01-28
"3682",12.4150390625,1997-01-29
"3683",13.3349609375,1997-01-30
"3684",11.4853515625,1997-01-31
"3685",14.537109375,1997-02-01
"3686",15.857421875,1997-02-02
"3687",12.0166015625,1997-02-03
"3688",22.4765625,1997-02-04
"3689",29.4873046875,1997-02-05
"3690",28.9169921875,1997-02-06
"3691",28.5166015625,1997-02-07
"3692",29.7265625,1997-02-08
"3693",24.95703125,1997-02-09
"3694",17.857421875,1997-02-10
"3695",13.7265625,1997-02-11
"3696",16.5673828125,1997-02-12
"3697",17.2666015625,1997-02-13
"3698",17.88671875,1997-02-14
"3699",19.5166015625,1997-02-15
"3700",17.3271484375,1997-02-16
"3701",15.0966796875,1997-02-17
"3702",13.947265625,1997-02-18
"3703",17.8974609375,1997-02-19
"3704",15.9970703125,1997-02-20
"3705",15.8173828125,1997-02-21
"3706",12.5673828125,1997-02-22
"3707",21.8974609375,1997-02-23
"3708",18.6474609375,1997-02-24
"3709",14.197265625,1997-02-25
"3710",13.2265625,1997-02-26
"3711",13.1474609375,1997-02-27
"3712",10.4970703125,1997-02-28
"3713",13.76171875,1997-03-01
"3714",15.1318359375,1997-03-02
"3715",13.2822265625,1997-03-03
"3716",12.2216796875,1997-03-04
"3717",10.01171875,1997-03-05
"3718",12.572265625,1997-03-06
"3719",12.2119140625,1997-03-07
"3720",12.9423828125,1997-03-08
"3721",11.9619140625,1997-03-09
"3722",11.5615234375,1997-03-10
"3723",12.421875,1997-03-11
"3724",7.982421875,1997-03-12
"3725",11.9716796875,1997-03-13
"3726",9.921875,1997-03-14
"3727",12.1416015625,1997-03-15
"3728",12.1318359375,1997-03-16
"3729",8.7119140625,1997-03-17
"3730",8.5224609375,1997-03-18
"3731",15.2119140625,1997-03-19
"3732",13.5517578125,1997-03-20
"3733",13.8115234375,1997-03-21
"3734",12.7919921875,1997-03-22
"3735",13.1015625,1997-03-23
"3736",8.662109375,1997-03-24
"3737",10.822265625,1997-03-25
"3738",8.732421875,1997-03-26
"3739",12.8720703125,1997-03-27
"3740",9.4521484375,1997-03-28
"3741",9.3515625,1997-03-29
"3742",10.591796875,1997-03-30
"3743",9.7021484375,1997-03-31
"3744",7.8212890625,1997-04-01
"3745",13.140625,1997-04-02
"3746",10.3310546875,1997-04-03
"3747",11.6513671875,1997-04-04
"3748",12.9111328125,1997-04-05
"3749",14.6806640625,1997-04-06
"3750",12.140625,1997-04-07
"3751",7.6611328125,1997-04-08
"3752",7.6005859375,1997-04-09
"3753",8.201171875,1997-04-10
"3754",7.19140625,1997-04-11
"3755",6.880859375,1997-04-12
"3756",6.9013671875,1997-04-13
"3757",12.5908203125,1997-04-14
"3758",12.361328125,1997-04-15
"3759",12.62109375,1997-04-16
"3760",12.5908203125,1997-04-17
"3761",12.630859375,1997-04-18
"3762",12.0908203125,1997-04-19
"3763",9.970703125,1997-04-20
"3764",8.951171875,1997-04-21
"3765",13.4013671875,1997-04-22
"3766",12.1611328125,1997-04-23
"3767",12.470703125,1997-04-24
"3768",12.2314453125,1997-04-25
"3769",9.140625,1997-04-26
"3770",6.4306640625,1997-04-27
"3771",6.7109375,1997-04-28
"3772",11.4912109375,1997-04-29
"3773",9.8408203125,1997-04-30
"3774",10.39453125,1997-05-01
"3775",12.14453125,1997-05-02
"3776",14.60546875,1997-05-03
"3777",16.6845703125,1997-05-04
"3778",11.1650390625,1997-05-05
"3779",12.1748046875,1997-05-06
"3780",9.5849609375,1997-05-07
"3781",8.4453125,1997-05-08
"3782",10.7451171875,1997-05-09
"3783",7.0146484375,1997-05-10
"3784",7.2353515625,1997-05-11
"3785",7.9345703125,1997-05-12
"3786",8.71484375,1997-05-13
"3787",9.0654296875,1997-05-14
"3788",9.3447265625,1997-05-15
"3789",8.46484375,1997-05-16
"3790",9.6845703125,1997-05-17
"3791",10.4248046875,1997-05-18
"3792",10.615234375,1997-05-19
"3793",13.0654296875,1997-05-20
"3794",13.6552734375,1997-05-21
"3795",14.4150390625,1997-05-22
"3796",13.8046875,1997-05-23
"3797",12.955078125,1997-05-24
"3798",12.474609375,1997-05-25
"3799",16.1748046875,1997-05-26
"3800",11.8447265625,1997-05-27
"3801",9.8447265625,1997-05-28
"3802",12.474609375,1997-05-29
"3803",10.875,1997-05-30
"3804",7.6953125,1997-05-31
"3805",5.6005859375,1997-06-01
"3806",6.291015625,1997-06-02
"3807",6.7412109375,1997-06-03
"3808",8.6513671875,1997-06-04
"3809",11.0810546875,1997-06-05
"3810",6.611328125,1997-06-06
"3811",9.310546875,1997-06-07
"3812",9.4306640625,1997-06-08
"3813",8.060546875,1997-06-09
"3814",7.310546875,1997-06-10
"3815",6.7109375,1997-06-11
"3816",13.640625,1997-06-12
"3817",10.640625,1997-06-13
"3818",10.470703125,1997-06-14
"3819",10.6005859375,1997-06-15
"3820",7.9609375,1997-06-16
"3821",7.37109375,1997-06-17
"3822",7.021484375,1997-06-18
"3823",7.6611328125,1997-06-19
"3824",7.55078125,1997-06-20
"3825",8.0712890625,1997-06-21
"3826",10.6611328125,1997-06-22
"3827",9.2509765625,1997-06-23
"3828",8.111328125,1997-06-24
"3829",9.4609375,1997-06-25
"3830",6.720703125,1997-06-26
"3831",8.451171875,1997-06-27
"3832",10.4013671875,1997-06-28
"3833",9.220703125,1997-06-29
"3834",9.130859375,1997-06-30
"3835",8.6328125,1997-07-01
"3836",8.443359375,1997-07-02
"3837",7.8134765625,1997-07-03
"3838",7.29296875,1997-07-04
"3839",6.36328125,1997-07-05
"3840",6.0126953125,1997-07-06
"3841",6.943359375,1997-07-07
"3842",10.693359375,1997-07-08
"3843",7.552734375,1997-07-09
"3844",6.533203125,1997-07-10
"3845",5.72265625,1997-07-11
"3846",5.462890625,1997-07-12
"3847",6.4326171875,1997-07-13
"3848",5.373046875,1997-07-14
"3849",8.2529296875,1997-07-15
"3850",7.0029296875,1997-07-16
"3851",8.61328125,1997-07-17
"3852",6.6025390625,1997-07-18
"3853",5.9228515625,1997-07-19
"3854",5.9326171875,1997-07-20
"3855",5.302734375,1997-07-21
"3856",6.1728515625,1997-07-22
"3857",6.712890625,1997-07-23
"3858",6.3232421875,1997-07-24
"3859",5.783203125,1997-07-25
"3860",10.953125,1997-07-26
"3861",8.142578125,1997-07-27
"3862",6.6328125,1997-07-28
"3863",8.54296875,1997-07-29
"3864",7.1630859375,1997-07-30
"3865",6.86328125,1997-07-31
"3866",6.59375,1997-08-01
"3867",6.494140625,1997-08-02
"3868",6.404296875,1997-08-03
"3869",5.6943359375,1997-08-04
"3870",7.50390625,1997-08-05
"3871",10.4736328125,1997-08-06
"3872",8.5341796875,1997-08-07
"3873",10.0537109375,1997-08-08
"3874",11.154296875,1997-08-09
"3875",6.82421875,1997-08-10
"3876",11.0537109375,1997-08-11
"3877",9.994140625,1997-08-12
"3878",10.5537109375,1997-08-13
"3879",8.263671875,1997-08-14
"3880",7.0244140625,1997-08-15
"3881",5.2236328125,1997-08-16
"3882",9.013671875,1997-08-17
"3883",8.43359375,1997-08-18
"3884",10.583984375,1997-08-19
"3885",8.234375,1997-08-20
"3886",7.6142578125,1997-08-21
"3887",6.484375,1997-08-22
"3888",9.00390625,1997-08-23
"3889",8.1943359375,1997-08-24
"3890",7.314453125,1997-08-25
"3891",8.3837890625,1997-08-26
"3892",9.2236328125,1997-08-27
"3893",5.744140625,1997-08-28
"3894",9.8837890625,1997-08-29
"3895",13.3837890625,1997-08-30
"3896",12.1943359375,1997-08-31
"3897",13.6865234375,1997-09-01
"3898",11.3271484375,1997-09-02
"3899",11.77734375,1997-09-03
"3900",7.7265625,1997-09-04
"3901",11.4169921875,1997-09-05
"3902",8.1669921875,1997-09-06
"3903",12.306640625,1997-09-07
"3904",11.296875,1997-09-08
"3905",11.3671875,1997-09-09
"3906",11.306640625,1997-09-10
"3907",10.126953125,1997-09-11
"3908",8.0166015625,1997-09-12
"3909",10.1171875,1997-09-13
"3910",13.2568359375,1997-09-14
"3911",13.38671875,1997-09-15
"3912",12.3466796875,1997-09-16
"3913",13.216796875,1997-09-17
"3914",14.376953125,1997-09-18
"3915",15.7666015625,1997-09-19
"3916",13.197265625,1997-09-20
"3917",12.6474609375,1997-09-21
"3918",11.45703125,1997-09-22
"3919",12.7568359375,1997-09-23
"3920",9.796875,1997-09-24
"3921",10.45703125,1997-09-25
"3922",12.0673828125,1997-09-26
"3923",10.8466796875,1997-09-27
"3924",10.4365234375,1997-09-28
"3925",10.1669921875,1997-09-29
"3926",7.13671875,1997-09-30
"3927",6.7177734375,1997-10-01
"3928",11.34765625,1997-10-02
"3929",8.91796875,1997-10-03
"3930",8.1982421875,1997-10-04
"3931",8.9384765625,1997-10-05
"3932",11.6982421875,1997-10-06
"3933",11.658203125,1997-10-07
"3934",10.767578125,1997-10-08
"3935",6.6884765625,1997-10-09
"3936",11.7275390625,1997-10-10
"3937",9.767578125,1997-10-11
"3938",9.3779296875,1997-10-12
"3939",9.4775390625,1997-10-13
"3940",6.998046875,1997-10-14
"3941",8.328125,1997-10-15
"3942",8.677734375,1997-10-16
"3943",10.8681640625,1997-10-17
"3944",9.6279296875,1997-10-18
"3945",8.6376953125,1997-10-19
"3946",8.3876953125,1997-10-20
"3947",9.66796875,1997-10-21
"3948",7.9384765625,1997-10-22
"3949",7.7177734375,1997-10-23
"3950",3.6982421875,1997-10-24
"3951",5.3779296875,1997-10-25
"3952",13.2783203125,1997-10-26
"3953",13.16796875,1997-10-27
"3954",18.068359375,1997-10-28
"3955",15.6484375,1997-10-29
"3956",14.9677734375,1997-10-30
"3957",11.3984375,1997-10-31
"3958",7.8369140625,1997-11-01
"3959",9.537109375,1997-11-02
"3960",11.7373046875,1997-11-03
"3961",10.3369140625,1997-11-04
"3962",7.4765625,1997-11-05
"3963",4.4267578125,1997-11-06
"3964",7.2265625,1997-11-07
"3965",9.1669921875,1997-11-08
"3966",12.4072265625,1997-11-09
"3967",14.806640625,1997-11-10
"3968",13.3173828125,1997-11-11
"3969",13.7265625,1997-11-12
"3970",16.376953125,1997-11-13
"3971",18.3271484375,1997-11-14
"3972",13.5166015625,1997-11-15
"3973",10.056640625,1997-11-16
"3974",8.466796875,1997-11-17
"3975",9.0068359375,1997-11-18
"3976",9.546875,1997-11-19
"3977",7.1767578125,1997-11-20
"3978",4.88671875,1997-11-21
"3979",3.9970703125,1997-11-22
"3980",11.2373046875,1997-11-23
"3981",11.6171875,1997-11-24
"3982",6.107421875,1997-11-25
"3983",8.4970703125,1997-11-26
"3984",12.626953125,1997-11-27
"3985",13.2265625,1997-11-28
"3986",11.3369140625,1997-11-29
"3987",13.126953125,1997-11-30
"3988",12.7509765625,1997-12-01
"3989",10.220703125,1997-12-02
"3990",10.9306640625,1997-12-03
"3991",4.021484375,1997-12-04
"3992",17.220703125,1997-12-05
"3993",18.7607421875,1997-12-06
"3994",18.4111328125,1997-12-07
"3995",19.1005859375,1997-12-08
"3996",16.470703125,1997-12-09
"3997",12.3310546875,1997-12-10
"3998",9.53125,1997-12-11
"3999",13.720703125,1997-12-12
"4000",13.19140625,1997-12-13
"4001",12.5712890625,1997-12-14
"4002",9.6513671875,1997-12-15
"4003",10.9111328125,1997-12-16
"4004",5.791015625,1997-12-17
"4005",19.060546875,1997-12-18
"4006",13.8408203125,1997-12-19
"4007",7.970703125,1997-12-20
"4008",10.4013671875,1997-12-21
"4009",11.9814453125,1997-12-22
"4010",11.861328125,1997-12-23
"4011",12.44140625,1997-12-24
"4012",7.630859375,1997-12-25
"4013",12.060546875,1997-12-26
"4014",10.62109375,1997-12-27
"4015",6.2314453125,1997-12-28
"4016",3.8212890625,1997-12-29
"4017",7.2412109375,1997-12-30
"4018",6.9306640625,1997-12-31
"4019",6.9453125,1998-01-01
"4020",12.39453125,1998-01-02
"4021",11.025390625,1998-01-03
"4022",10.974609375,1998-01-04
"4023",17.0751953125,1998-01-05
"4024",18.3154296875,1998-01-06
"4025",15.5751953125,1998-01-07
"4026",13.0146484375,1998-01-08
"4027",15.474609375,1998-01-09
"4028",16.7353515625,1998-01-10
"4029",18.4248046875,1998-01-11
"4030",19.9951171875,1998-01-12
"4031",19.1953125,1998-01-13
"4032",20.2548828125,1998-01-14
"4033",15.1845703125,1998-01-15
"4034",12.1845703125,1998-01-16
"4035",12.10546875,1998-01-17
"4036",13.0654296875,1998-01-18
"4037",13.0146484375,1998-01-19
"4038",13.0546875,1998-01-20
"4039",10.865234375,1998-01-21
"4040",18.3154296875,1998-01-22
"4041",12.2548828125,1998-01-23
"4042",10.71484375,1998-01-24
"4043",10.78515625,1998-01-25
"4044",12.294921875,1998-01-26
"4045",10.64453125,1998-01-27
"4046",12.3349609375,1998-01-28
"4047",10.35546875,1998-01-29
"4048",10.71484375,1998-01-30
"4049",7.14453125,1998-01-31
"4050",10.4970703125,1998-02-01
"4051",11.8369140625,1998-02-02
"4052",14.77734375,1998-02-03
"4053",10.697265625,1998-02-04
"4054",20.876953125,1998-02-05
"4055",16.4365234375,1998-02-06
"4056",23.3671875,1998-02-07
"4057",11.3671875,1998-02-08
"4058",11.107421875,1998-02-09
"4059",12.357421875,1998-02-10
"4060",11.63671875,1998-02-11
"4061",8.95703125,1998-02-12
"4062",15.0166015625,1998-02-13
"4063",13.45703125,1998-02-14
"4064",13.876953125,1998-02-15
"4065",9.607421875,1998-02-16
"4066",8.3369140625,1998-02-17
"4067",4.107421875,1998-02-18
"4068",9.0673828125,1998-02-19
"4069",14.3271484375,1998-02-20
"4070",11.376953125,1998-02-21
"4071",8.7373046875,1998-02-22
"4072",10.556640625,1998-02-23
"4073",7.1474609375,1998-02-24
"4074",5.1474609375,1998-02-25
"4075",4.1865234375,1998-02-26
"4076",15.0166015625,1998-02-27
"4077",9.4873046875,1998-02-28
"4078",10.6923828125,1998-03-01
"4079",11.4716796875,1998-03-02
"4080",9.6416015625,1998-03-03
"4081",13.2216796875,1998-03-04
"4082",14.912109375,1998-03-05
"4083",11.431640625,1998-03-06
"4084",13.7822265625,1998-03-07
"4085",11.5615234375,1998-03-08
"4086",7.3515625,1998-03-09
"4087",6.072265625,1998-03-10
"4088",5.9619140625,1998-03-11
"4089",16.3623046875,1998-03-12
"4090",20.33203125,1998-03-13
"4091",15.7021484375,1998-03-14
"4092",15.8818359375,1998-03-15
"4093",14.2822265625,1998-03-16
"4094",13.072265625,1998-03-17
"4095",13.83203125,1998-03-18
"4096",13.4716796875,1998-03-19
"4097",7.572265625,1998-03-20
"4098",7.5615234375,1998-03-21
"4099",8.8916015625,1998-03-22
"4100",16.58203125,1998-03-23
"4101",10.572265625,1998-03-24
"4102",9.8623046875,1998-03-25
"4103",12.982421875,1998-03-26
"4104",13.482421875,1998-03-27
"4105",14.2724609375,1998-03-28
"4106",11.2021484375,1998-03-29
"4107",12.091796875,1998-03-30
"4108",11.7919921875,1998-03-31
"4109",12.611328125,1998-04-01
"4110",9.220703125,1998-04-02
"4111",10.4111328125,1998-04-03
"4112",10.6611328125,1998-04-04
"4113",5.5712890625,1998-04-05
"4114",4.8505859375,1998-04-06
"4115",4.611328125,1998-04-07
"4116",14.470703125,1998-04-08
"4117",12.0908203125,1998-04-09
"4118",7.451171875,1998-04-10
"4119",11.7509765625,1998-04-11
"4120",14.310546875,1998-04-12
"4121",13.69140625,1998-04-13
"4122",8.9208984375,1998-04-14
"4123",9.5009765625,1998-04-15
"4124",9.7509765625,1998-04-16
"4125",10.271484375,1998-04-17
"4126",9.861328125,1998-04-18
"4127",16.5712890625,1998-04-19
"4128",17.30078125,1998-04-20
"4129",15.4208984375,1998-04-21
"4130",10.4208984375,1998-04-22
"4131",9.7109375,1998-04-23
"4132",10.3408203125,1998-04-24
"4133",10.5107421875,1998-04-25
"4134",9.6806640625,1998-04-26
"4135",8.4814453125,1998-04-27
"4136",7.3310546875,1998-04-28
"4137",14.12109375,1998-04-29
"4138",14.2607421875,1998-04-30
"4139",11.9052734375,1998-05-01
"4140",8.794921875,1998-05-02
"4141",7.5849609375,1998-05-03
"4142",8.6845703125,1998-05-04
"4143",11.2646484375,1998-05-05
"4144",6.4345703125,1998-05-06
"4145",10.125,1998-05-07
"4146",9.0751953125,1998-05-08
"4147",7.5654296875,1998-05-09
"4148",5.8154296875,1998-05-10
"4149",6.384765625,1998-05-11
"4150",7.525390625,1998-05-12
"4151",6.8154296875,1998-05-13
"4152",8.8447265625,1998-05-14
"4153",14.5146484375,1998-05-15
"4154",14.1845703125,1998-05-16
"4155",13.875,1998-05-17
"4156",12.525390625,1998-05-18
"4157",11.365234375,1998-05-19
"4158",11.544921875,1998-05-20
"4159",8.134765625,1998-05-21
"4160",8.1748046875,1998-05-22
"4161",10.384765625,1998-05-23
"4162",9.0146484375,1998-05-24
"4163",11.0654296875,1998-05-25
"4164",9.4345703125,1998-05-26
"4165",7.5849609375,1998-05-27
"4166",7.1650390625,1998-05-28
"4167",6.6748046875,1998-05-29
"4168",10.7353515625,1998-05-30
"4169",9.544921875,1998-05-31
"4170",8.62109375,1998-06-01
"4171",8.2509765625,1998-06-02
"4172",10.7109375,1998-06-03
"4173",11.6708984375,1998-06-04
"4174",10.791015625,1998-06-05
"4175",9.951171875,1998-06-06
"4176",8.810546875,1998-06-07
"4177",8.4111328125,1998-06-08
"4178",6.19140625,1998-06-09
"4179",5.7607421875,1998-06-10
"4180",4.810546875,1998-06-11
"4181",7.130859375,1998-06-12
"4182",9.5908203125,1998-06-13
"4183",9.2412109375,1998-06-14
"4184",10.060546875,1998-06-15
"4185",9.4609375,1998-06-16
"4186",6.4013671875,1998-06-17
"4187",5.4814453125,1998-06-18
"4188",7.37109375,1998-06-19
"4189",11.9912109375,1998-06-20
"4190",10.9013671875,1998-06-21
"4191",8.630859375,1998-06-22
"4192",8.30078125,1998-06-23
"4193",8.5810546875,1998-06-24
"4194",11.630859375,1998-06-25
"4195",8.5908203125,1998-06-26
"4196",7.640625,1998-06-27
"4197",8.611328125,1998-06-28
"4198",10.2412109375,1998-06-29
"4199",9.3408203125,1998-06-30
"4200",7.9228515625,1998-07-01
"4201",7.2626953125,1998-07-02
"4202",6.5634765625,1998-07-03
"4203",8.11328125,1998-07-04
"4204",11.703125,1998-07-05
"4205",9.7333984375,1998-07-06
"4206",8.2333984375,1998-07-07
"4207",10.04296875,1998-07-08
"4208",8.8232421875,1998-07-09
"4209",8.4326171875,1998-07-10
"4210",7.47265625,1998-07-11
"4211",5.9833984375,1998-07-12
"4212",5.552734375,1998-07-13
"4213",8.6025390625,1998-07-14
"4214",11.1826171875,1998-07-15
"4215",10.9931640625,1998-07-16
"4216",10.712890625,1998-07-17
"4217",11.3525390625,1998-07-18
"4218",11.212890625,1998-07-19
"4219",11.22265625,1998-07-20
"4220",10.3330078125,1998-07-21
"4221",9.623046875,1998-07-22
"4222",8.552734375,1998-07-23
"4223",9.943359375,1998-07-24
"4224",9.9326171875,1998-07-25
"4225",10.3525390625,1998-07-26
"4226",8.962890625,1998-07-27
"4227",7.8525390625,1998-07-28
"4228",9.123046875,1998-07-29
"4229",9.2431640625,1998-07-30
"4230",8.72265625,1998-07-31
"4231",8.3837890625,1998-08-01
"4232",12.353515625,1998-08-02
"4233",12.8837890625,1998-08-03
"4234",11.25390625,1998-08-04
"4235",10.5537109375,1998-08-05
"4236",11.984375,1998-08-06
"4237",10.744140625,1998-08-07
"4238",10.2041015625,1998-08-08
"4239",11.234375,1998-08-09
"4240",9.4443359375,1998-08-10
"4241",8.43359375,1998-08-11
"4242",10.82421875,1998-08-12
"4243",11.34375,1998-08-13
"4244",11.814453125,1998-08-14
"4245",9.8837890625,1998-08-15
"4246",7.3740234375,1998-08-16
"4247",11.1337890625,1998-08-17
"4248",9.32421875,1998-08-18
"4249",9.34375,1998-08-19
"4250",13.5341796875,1998-08-20
"4251",11.7041015625,1998-08-21
"4252",10.59375,1998-08-22
"4253",9.18359375,1998-08-23
"4254",7.0341796875,1998-08-24
"4255",9.9541015625,1998-08-25
"4256",9.75390625,1998-08-26
"4257",9.2841796875,1998-08-27
"4258",6.763671875,1998-08-28
"4259",6.93359375,1998-08-29
"4260",6.6943359375,1998-08-30
"4261",7.7236328125,1998-08-31
"4262",8.2265625,1998-09-01
"4263",9.1474609375,1998-09-02
"4264",15.3369140625,1998-09-03
"4265",9.7666015625,1998-09-04
"4266",9.1767578125,1998-09-05
"4267",9.046875,1998-09-06
"4268",8.5869140625,1998-09-07
"4269",7.306640625,1998-09-08
"4270",6.607421875,1998-09-09
"4271",8.4970703125,1998-09-10
"4272",13.966796875,1998-09-11
"4273",11.376953125,1998-09-12
"4274",10.3466796875,1998-09-13
"4275",10.3173828125,1998-09-14
"4276",11.0966796875,1998-09-15
"4277",10.3369140625,1998-09-16
"4278",8.1865234375,1998-09-17
"4279",5.947265625,1998-09-18
"4280",10.8671875,1998-09-19
"4281",9.2470703125,1998-09-20
"4282",14.1572265625,1998-09-21
"4283",18.287109375,1998-09-22
"4284",7.306640625,1998-09-23
"4285",6.77734375,1998-09-24
"4286",5.9267578125,1998-09-25
"4287",7.1669921875,1998-09-26
"4288",7.8369140625,1998-09-27
"4289",8.95703125,1998-09-28
"4290",9.857421875,1998-09-29
"4291",9.8271484375,1998-09-30
"4292",7.6376953125,1998-10-01
"4293",16.748046875,1998-10-02
"4294",11.587890625,1998-10-03
"4295",9.1279296875,1998-10-04
"4296",13.7978515625,1998-10-05
"4297",9.677734375,1998-10-06
"4298",7.1982421875,1998-10-07
"4299",6.73828125,1998-10-08
"4300",10.6279296875,1998-10-09
"4301",8.8779296875,1998-10-10
"4302",10.8583984375,1998-10-11
"4303",11.34765625,1998-10-12
"4304",7.1484375,1998-10-13
"4305",7.3984375,1998-10-14
"4306",12.6484375,1998-10-15
"4307",9.1884765625,1998-10-16
"4308",10.16796875,1998-10-17
"4309",8.578125,1998-10-18
"4310",10.578125,1998-10-19
"4311",7.017578125,1998-10-20
"4312",8.3681640625,1998-10-21
"4313",8.9580078125,1998-10-22
"4314",6.158203125,1998-10-23
"4315",5.748046875,1998-10-24
"4316",9.748046875,1998-10-25
"4317",12.427734375,1998-10-26
"4318",7.48828125,1998-10-27
"4319",5.73828125,1998-10-28
"4320",11.48828125,1998-10-29
"4321",12.837890625,1998-10-30
"4322",11.3984375,1998-10-31
"4323",7.7568359375,1998-11-01
"4324",3.376953125,1998-11-02
"4325",4.5966796875,1998-11-03
"4326",10.1171875,1998-11-04
"4327",14.8369140625,1998-11-05
"4328",13.5166015625,1998-11-06
"4329",13.9072265625,1998-11-07
"4330",9.45703125,1998-11-08
"4331",8.7568359375,1998-11-09
"4332",16.9072265625,1998-11-10
"4333",17.357421875,1998-11-11
"4334",12.8671875,1998-11-12
"4335",12.126953125,1998-11-13
"4336",8.52734375,1998-11-14
"4337",12.1767578125,1998-11-15
"4338",10.787109375,1998-11-16
"4339",10.1572265625,1998-11-17
"4340",10.2265625,1998-11-18
"4341",5.2568359375,1998-11-19
"4342",5.77734375,1998-11-20
"4343",6.7265625,1998-11-21
"4344",9.9365234375,1998-11-22
"4345",12.1171875,1998-11-23
"4346",10.95703125,1998-11-24
"4347",11.8671875,1998-11-25
"4348",7.8271484375,1998-11-26
"4349",12.6865234375,1998-11-27
"4350",7.95703125,1998-11-28
"4351",8.1767578125,1998-11-29
"4352",8.38671875,1998-11-30
"4353",6.05078125,1998-12-01
"4354",5.2412109375,1998-12-02
"4355",12.201171875,1998-12-03
"4356",11.8310546875,1998-12-04
"4357",10.521484375,1998-12-05
"4358",11.4208984375,1998-12-06
"4359",11.140625,1998-12-07
"4360",12.62109375,1998-12-08
"4361",6.5107421875,1998-12-09
"4362",10.03125,1998-12-10
"4363",13.3505859375,1998-12-11
"4364",13.1005859375,1998-12-12
"4365",21.69140625,1998-12-13
"4366",16.791015625,1998-12-14
"4367",12.9912109375,1998-12-15
"4368",12.310546875,1998-12-16
"4369",10.7607421875,1998-12-17
"4370",9.3212890625,1998-12-18
"4371",9.37109375,1998-12-19
"4372",11.28125,1998-12-20
"4373",8.9814453125,1998-12-21
"4374",11.2607421875,1998-12-22
"4375",8.701171875,1998-12-23
"4376",5.1513671875,1998-12-24
"4377",13.361328125,1998-12-25
"4378",13.44140625,1998-12-26
"4379",8.880859375,1998-12-27
"4380",10.271484375,1998-12-28
"4381",11.4814453125,1998-12-29
"4382",12.201171875,1998-12-30
"4383",11.6806640625,1998-12-31
"4384",10.3349609375,1999-01-01
"4385",11.294921875,1999-01-02
"4386",13.9853515625,1999-01-03
"4387",12.9853515625,1999-01-04
"4388",13.4052734375,1999-01-05
"4389",19.6953125,1999-01-06
"4390",21.21484375,1999-01-07
"4391",25.224609375,1999-01-08
"4392",22.634765625,1999-01-09
"4393",16.2646484375,1999-01-10
"4394",21.78515625,1999-01-11
"4395",12.115234375,1999-01-12
"4396",13.1650390625,1999-01-13
"4397",10.9453125,1999-01-14
"4398",8.6845703125,1999-01-15
"4399",8.365234375,1999-01-16
"4400",8.275390625,1999-01-17
"4401",10.10546875,1999-01-18
"4402",15.294921875,1999-01-19
"4403",10.4345703125,1999-01-20
"4404",11.14453125,1999-01-21
"4405",11.955078125,1999-01-22
"4406",13.0146484375,1999-01-23
"4407",15.205078125,1999-01-24
"4408",15.525390625,1999-01-25
"4409",16.35546875,1999-01-26
"4410",15.115234375,1999-01-27
"4411",14.5048828125,1999-01-28
"4412",14.7451171875,1999-01-29
"4413",14.1650390625,1999-01-30
"4414",15.224609375,1999-01-31
"4415",12.6767578125,1999-02-01
"4416",20.287109375,1999-02-02
"4417",25.056640625,1999-02-03
"4418",19.8466796875,1999-02-04
"4419",16.45703125,1999-02-05
"4420",20.0869140625,1999-02-06
"4421",8.806640625,1999-02-07
"4422",8.9169921875,1999-02-08
"4423",8.3974609375,1999-02-09
"4424",19.5673828125,1999-02-10
"4425",16.0869140625,1999-02-11
"4426",20.5166015625,1999-02-12
"4427",14.0166015625,1999-02-13
"4428",14.8466796875,1999-02-14
"4429",16.7373046875,1999-02-15
"4430",11.8369140625,1999-02-16
"4431",12.4765625,1999-02-17
"4432",11.7265625,1999-02-18
"4433",9.3271484375,1999-02-19
"4434",6.126953125,1999-02-20
"4435",4.8271484375,1999-02-21
"4436",5.5771484375,1999-02-22
"4437",15.716796875,1999-02-23
"4438",13.7666015625,1999-02-24
"4439",12.4267578125,1999-02-25
"4440",14.52734375,1999-02-26
"4441",12.787109375,1999-02-27
"4442",10.63671875,1999-02-28
"4443",14.40234375,1999-03-01
"4444",16.1123046875,1999-03-02
"4445",15.251953125,1999-03-03
"4446",7.0224609375,1999-03-04
"4447",15.912109375,1999-03-05
"4448",9.421875,1999-03-06
"4449",18.501953125,1999-03-07
"4450",17.232421875,1999-03-08
"4451",12.83203125,1999-03-09
"4452",14.9423828125,1999-03-10
"4453",12.15234375,1999-03-11
"4454",14.58203125,1999-03-12
"4455",11.482421875,1999-03-13
"4456",11.3115234375,1999-03-14
"4457",11.65234375,1999-03-15
"4458",11.33203125,1999-03-16
"4459",10.76171875,1999-03-17
"4460",18.8115234375,1999-03-18
"4461",17.251953125,1999-03-19
"4462",16.2119140625,1999-03-20
"4463",21.072265625,1999-03-21
"4464",13.3515625,1999-03-22
"4465",8.8515625,1999-03-23
"4466",6.6318359375,1999-03-24
"4467",19.83203125,1999-03-25
"4468",19.1220703125,1999-03-26
"4469",13.4423828125,1999-03-27
"4470",8.8017578125,1999-03-28
"4471",7.482421875,1999-03-29
"4472",9.072265625,1999-03-30
"4473",11.6416015625,1999-03-31
"4474",7.470703125,1999-04-01
"4475",9.37109375,1999-04-02
"4476",9.1611328125,1999-04-03
"4477",16.1005859375,1999-04-04
"4478",13.791015625,1999-04-05
"4479",11.7412109375,1999-04-06
"4480",11.8310546875,1999-04-07
"4481",11.380859375,1999-04-08
"4482",9.861328125,1999-04-09
"4483",7.9208984375,1999-04-10
"4484",9.6005859375,1999-04-11
"4485",9.8408203125,1999-04-12
"4486",8.7412109375,1999-04-13
"4487",13.220703125,1999-04-14
"4488",11.4814453125,1999-04-15
"4489",9.970703125,1999-04-16
"4490",9.5009765625,1999-04-17
"4491",6.2607421875,1999-04-18
"4492",6.880859375,1999-04-19
"4493",12.5712890625,1999-04-20
"4494",7.9609375,1999-04-21
"4495",5.701171875,1999-04-22
"4496",4.2509765625,1999-04-23
"4497",3.810546875,1999-04-24
"4498",4.05078125,1999-04-25
"4499",10.361328125,1999-04-26
"4500",8.361328125,1999-04-27
"4501",7.9208984375,1999-04-28
"4502",7.890625,1999-04-29
"4503",9.470703125,1999-04-30
"4504",9.134765625,1999-05-01
"4505",6.2353515625,1999-05-02
"4506",6.4345703125,1999-05-03
"4507",5.3349609375,1999-05-04
"4508",4.5048828125,1999-05-05
"4509",5.0546875,1999-05-06
"4510",7.7646484375,1999-05-07
"4511",9.60546875,1999-05-08
"4512",10.9853515625,1999-05-09
"4513",9.78515625,1999-05-10
"4514",6.6650390625,1999-05-11
"4515",12.8447265625,1999-05-12
"4516",11.2353515625,1999-05-13
"4517",9.10546875,1999-05-14
"4518",12.89453125,1999-05-15
"4519",9.3447265625,1999-05-16
"4520",7.2451171875,1999-05-17
"4521",8.9853515625,1999-05-18
"4522",10.89453125,1999-05-19
"4523",8.28515625,1999-05-20
"4524",16.7353515625,1999-05-21
"4525",17.89453125,1999-05-22
"4526",11.224609375,1999-05-23
"4527",9.5654296875,1999-05-24
"4528",10.9248046875,1999-05-25
"4529",8.39453125,1999-05-26
"4530",10.1552734375,1999-05-27
"4531",6.5751953125,1999-05-28
"4532",10.865234375,1999-05-29
"4533",14.6650390625,1999-05-30
"4534",9.03515625,1999-05-31
"4535",10.4306640625,1999-06-01
"4536",10.44140625,1999-06-02
"4537",9.560546875,1999-06-03
"4538",8.021484375,1999-06-04
"4539",10.560546875,1999-06-05
"4540",9.3310546875,1999-06-06
"4541",10.5712890625,1999-06-07
"4542",10.0712890625,1999-06-08
"4543",9.201171875,1999-06-09
"4544",10.0712890625,1999-06-10
"4545",8.201171875,1999-06-11
"4546",6.7509765625,1999-06-12
"4547",7.810546875,1999-06-13
"4548",12.05078125,1999-06-14
"4549",11.03125,1999-06-15
"4550",8.7509765625,1999-06-16
"4551",6.5810546875,1999-06-17
"4552",8.2607421875,1999-06-18
"4553",6.1708984375,1999-06-19
"4554",7.7607421875,1999-06-20
"4555",11.28125,1999-06-21
"4556",9.05078125,1999-06-22
"4557",7.8212890625,1999-06-23
"4558",7.2109375,1999-06-24
"4559",9.9208984375,1999-06-25
"4560",8.771484375,1999-06-26
"4561",8.0009765625,1999-06-27
"4562",8.55078125,1999-06-28
"4563",8.8310546875,1999-06-29
"4564",8.771484375,1999-06-30
"4565",8.6533203125,1999-07-01
"4566",12.193359375,1999-07-02
"4567",8.712890625,1999-07-03
"4568",7.052734375,1999-07-04
"4569",6.8232421875,1999-07-05
"4570",7.443359375,1999-07-06
"4571",5.8232421875,1999-07-07
"4572",9.5234375,1999-07-08
"4573",11.5634765625,1999-07-09
"4574",11.052734375,1999-07-10
"4575",11.142578125,1999-07-11
"4576",11.3828125,1999-07-12
"4577",9.9326171875,1999-07-13
"4578",8.212890625,1999-07-14
"4579",7.802734375,1999-07-15
"4580",6.302734375,1999-07-16
"4581",6.4130859375,1999-07-17
"4582",7.6826171875,1999-07-18
"4583",7.552734375,1999-07-19
"4584",8.5126953125,1999-07-20
"4585",9.953125,1999-07-21
"4586",9.203125,1999-07-22
"4587",9.123046875,1999-07-23
"4588",7.2734375,1999-07-24
"4589",7.123046875,1999-07-25
"4590",5.693359375,1999-07-26
"4591",4.392578125,1999-07-27
"4592",5.462890625,1999-07-28
"4593",4.8828125,1999-07-29
"4594",9.5732421875,1999-07-30
"4595",7.283203125,1999-07-31
"4596",6.333984375,1999-08-01
"4597",5.1337890625,1999-08-02
"4598",4.50390625,1999-08-03
"4599",5.314453125,1999-08-04
"4600",6.4736328125,1999-08-05
"4601",5.1943359375,1999-08-06
"4602",9.0537109375,1999-08-07
"4603",7.244140625,1999-08-08
"4604",11.25390625,1999-08-09
"4605",9.494140625,1999-08-10
"4606",6.6337890625,1999-08-11
"4607",10.93359375,1999-08-12
"4608",8.904296875,1999-08-13
"4609",10.654296875,1999-08-14
"4610",9.6337890625,1999-08-15
"4611",7.00390625,1999-08-16
"4612",4.93359375,1999-08-17
"4613",3.43359375,1999-08-18
"4614",5.8740234375,1999-08-19
"4615",10.8037109375,1999-08-20
"4616",8.603515625,1999-08-21
"4617",6.75390625,1999-08-22
"4618",5.8740234375,1999-08-23
"4619",8.68359375,1999-08-24
"4620",8.1640625,1999-08-25
"4621",12.07421875,1999-08-26
"4622",8.2138671875,1999-08-27
"4623",8.3642578125,1999-08-28
"4624",4.9541015625,1999-08-29
"4625",6.1337890625,1999-08-30
"4626",6.82421875,1999-08-31
"4627",11.4970703125,1999-09-01
"4628",10.7373046875,1999-09-02
"4629",9.0869140625,1999-09-03
"4630",9.1171875,1999-09-04
"4631",9.70703125,1999-09-05
"4632",8.9970703125,1999-09-06
"4633",6.9970703125,1999-09-07
"4634",4.45703125,1999-09-08
"4635",9.626953125,1999-09-09
"4636",10.7568359375,1999-09-10
"4637",8.7568359375,1999-09-11
"4638",5.787109375,1999-09-12
"4639",9.4873046875,1999-09-13
"4640",5.8369140625,1999-09-14
"4641",8.70703125,1999-09-15
"4642",6.0869140625,1999-09-16
"4643",8.0068359375,1999-09-17
"4644",9.38671875,1999-09-18
"4645",6.857421875,1999-09-19
"4646",4.8466796875,1999-09-20
"4647",3.70703125,1999-09-21
"4648",12.20703125,1999-09-22
"4649",8.0673828125,1999-09-23
"4650",12.70703125,1999-09-24
"4651",12.3974609375,1999-09-25
"4652",10.4873046875,1999-09-26
"4653",8.4169921875,1999-09-27
"4654",5.8671875,1999-09-28
"4655",12.6767578125,1999-09-29
"4656",11.27734375,1999-09-30
"4657",11.8876953125,1999-10-01
"4658",12.998046875,1999-10-02
"4659",12.8583984375,1999-10-03
"4660",12.6982421875,1999-10-04
"4661",12.068359375,1999-10-05
"4662",7.658203125,1999-10-06
"4663",6.7080078125,1999-10-07
"4664",6.8984375,1999-10-08
"4665",15.3876953125,1999-10-09
"4666",9.7783203125,1999-10-10
"4667",10.818359375,1999-10-11
"4668",8.3779296875,1999-10-12
"4669",18.48828125,1999-10-13
"4670",13.5576171875,1999-10-14
"4671",8.658203125,1999-10-15
"4672",8.6884765625,1999-10-16
"4673",6.2080078125,1999-10-17
"4674",10.09765625,1999-10-18
"4675",8.5380859375,1999-10-19
"4676",9.267578125,1999-10-20
"4677",6.9384765625,1999-10-21
"4678",7.318359375,1999-10-22
"4679",7.1279296875,1999-10-23
"4680",4.4580078125,1999-10-24
"4681",11.908203125,1999-10-25
"4682",8.1884765625,1999-10-26
"4683",8.1083984375,1999-10-27
"4684",7.5478515625,1999-10-28
"4685",6.578125,1999-10-29
"4686",16.48828125,1999-10-30
"4687",10.927734375,1999-10-31
"4688",7.7265625,1999-11-01
"4689",7.796875,1999-11-02
"4690",5.466796875,1999-11-03
"4691",10.2470703125,1999-11-04
"4692",17.8671875,1999-11-05
"4693",12.876953125,1999-11-06
"4694",10.1474609375,1999-11-07
"4695",9.876953125,1999-11-08
"4696",7.7265625,1999-11-09
"4697",7.9365234375,1999-11-10
"4698",8.0068359375,1999-11-11
"4699",5.806640625,1999-11-12
"4700",8.0771484375,1999-11-13
"4701",9.2265625,1999-11-14
"4702",11.5869140625,1999-11-15
"4703",9.1767578125,1999-11-16
"4704",8.8974609375,1999-11-17
"4705",5.8369140625,1999-11-18
"4706",3.6572265625,1999-11-19
"4707",13.3671875,1999-11-20
"4708",12.107421875,1999-11-21
"4709",10.3974609375,1999-11-22
"4710",8.77734375,1999-11-23
"4711",7.966796875,1999-11-24
"4712",8.13671875,1999-11-25
"4713",7.787109375,1999-11-26
"4714",8.6474609375,1999-11-27
"4715",12.376953125,1999-11-28
"4716",15.8369140625,1999-11-29
"4717",16.6669921875,1999-11-30
"4718",17.1611328125,1999-12-01
"4719",18.4912109375,1999-12-02
"4720",13.1005859375,1999-12-03
"4721",11.7314453125,1999-12-04
"4722",11.791015625,1999-12-05
"4723",9.4111328125,1999-12-06
"4724",4.7412109375,1999-12-07
"4725",17.220703125,1999-12-08
"4726",14.470703125,1999-12-09
"4727",9.640625,1999-12-10
"4728",11.4609375,1999-12-11
"4729",8.6005859375,1999-12-12
"4730",8.720703125,1999-12-13
"4731",5.53125,1999-12-14
"4732",4.880859375,1999-12-15
"4733",15.1806640625,1999-12-16
"4734",8.560546875,1999-12-17
"4735",8.5712890625,1999-12-18
"4736",9.271484375,1999-12-19
"4737",7.9814453125,1999-12-20
"4738",3.69140625,1999-12-21
"4739",8.470703125,1999-12-22
"4740",11.62109375,1999-12-23
"4741",11.6806640625,1999-12-24
"4742",14.3505859375,1999-12-25
"4743",15.87109375,1999-12-26
"4744",14.78125,1999-12-27
"4745",13.560546875,1999-12-28
"4746",11.470703125,1999-12-29
"4747",9.310546875,1999-12-30
"4748",9.6708984375,1999-12-31
"4749",9.205078125,2000-01-01
"4750",9.6650390625,2000-01-02
"4751",8.775390625,2000-01-03
"4752",11.375,2000-01-04
"4753",8.3349609375,2000-01-05
"4754",10.2646484375,2000-01-06
"4755",11.0751953125,2000-01-07
"4756",6.4248046875,2000-01-08
"4757",9.9248046875,2000-01-09
"4758",9.0546875,2000-01-10
"4759",8.03515625,2000-01-11
"4760",8.4951171875,2000-01-12
"4761",9.8154296875,2000-01-13
"4762",7.46484375,2000-01-14
"4763",8.044921875,2000-01-15
"4764",5.03515625,2000-01-16
"4765",5.4853515625,2000-01-17
"4766",16.6552734375,2000-01-18
"4767",16.2548828125,2000-01-19
"4768",15.1953125,2000-01-20
"4769",10.96484375,2000-01-21
"4770",10.544921875,2000-01-22
"4771",9.5146484375,2000-01-23
"4772",4.3251953125,2000-01-24
"4773",15.294921875,2000-01-25
"4774",15.5146484375,2000-01-26
"4775",12.6552734375,2000-01-27
"4776",11.1650390625,2000-01-28
"4777",12.03515625,2000-01-29
"4778",11.9150390625,2000-01-30
"4779",6.7646484375,2000-01-31
"4780",5.466796875,2000-02-01
"4781",3.5166015625,2000-02-02
"4782",3.806640625,2000-02-03
"4783",10.4169921875,2000-02-04
"4784",12.9970703125,2000-02-05
"4785",10.4970703125,2000-02-06
"4786",10.13671875,2000-02-07
"4787",9.0771484375,2000-02-08
"4788",11.287109375,2000-02-09
"4789",19.376953125,2000-02-10
"4790",21.5673828125,2000-02-11
"4791",13.9765625,2000-02-12
"4792",13.8271484375,2000-02-13
"4793",11.296875,2000-02-14
"4794",17.2666015625,2000-02-15
"4795",17.3974609375,2000-02-16
"4796",15.5869140625,2000-02-17
"4797",16.296875,2000-02-18
"4798",23.6767578125,2000-02-19
"4799",17.3974609375,2000-02-20
"4800",18.1669921875,2000-02-21
"4801",19.02734375,2000-02-22
"4802",20.796875,2000-02-23
"4803",20.5966796875,2000-02-24
"4804",23.13671875,2000-02-25
"4805",22.13671875,2000-02-26
"4806",20.5166015625,2000-02-27
"4807",17.1767578125,2000-02-28
"4808",15.0966796875,2000-02-29
"4809",13.572265625,2000-03-01
"4810",14.8818359375,2000-03-02
"4811",18.2021484375,2000-03-03
"4812",14.3720703125,2000-03-04
"4813",14.431640625,2000-03-05
"4814",14.01171875,2000-03-06
"4815",11.931640625,2000-03-07
"4816",14.662109375,2000-03-08
"4817",11.341796875,2000-03-09
"4818",12.9619140625,2000-03-10
"4819",11.072265625,2000-03-11
"4820",15.4423828125,2000-03-12
"4821",16.841796875,2000-03-13
"4822",12.0517578125,2000-03-14
"4823",11.7724609375,2000-03-15
"4824",12.9619140625,2000-03-16
"4825",11.681640625,2000-03-17
"4826",16.8916015625,2000-03-18
"4827",19.5517578125,2000-03-19
"4828",16.3017578125,2000-03-20
"4829",12.6220703125,2000-03-21
"4830",19.2724609375,2000-03-22
"4831",10.76171875,2000-03-23
"4832",10.1015625,2000-03-24
"4833",9.3720703125,2000-03-25
"4834",9.4716796875,2000-03-26
"4835",10.01171875,2000-03-27
"4836",18.4921875,2000-03-28
"4837",13.8515625,2000-03-29
"4838",12.6416015625,2000-03-30
"4839",11.9619140625,2000-03-31
"4840",14.80078125,2000-04-01
"4841",12.390625,2000-04-02
"4842",10.140625,2000-04-03
"4843",13.611328125,2000-04-04
"4844",10.8310546875,2000-04-05
"4845",11.30078125,2000-04-06
"4846",8.521484375,2000-04-07
"4847",8.291015625,2000-04-08
"4848",12.2509765625,2000-04-09
"4849",14.53125,2000-04-10
"4850",22.2109375,2000-04-11
"4851",21.970703125,2000-04-12
"4852",19.7314453125,2000-04-13
"4853",20.28125,2000-04-14
"4854",15.1708984375,2000-04-15
"4855",13.951171875,2000-04-16
"4856",12.0908203125,2000-04-17
"4857",10.2607421875,2000-04-18
"4858",9.630859375,2000-04-19
"4859",10.791015625,2000-04-20
"4860",11.0712890625,2000-04-21
"4861",10.1513671875,2000-04-22
"4862",7.630859375,2000-04-23
"4863",7.701171875,2000-04-24
"4864",8.7412109375,2000-04-25
"4865",8.810546875,2000-04-26
"4866",10.37109375,2000-04-27
"4867",14.4814453125,2000-04-28
"4868",16.2314453125,2000-04-29
"4869",11.5009765625,2000-04-30
"4870",10.125,2000-05-01
"4871",10.5849609375,2000-05-02
"4872",11.1748046875,2000-05-03
"4873",14.1552734375,2000-05-04
"4874",9.5048828125,2000-05-05
"4875",8.7548828125,2000-05-06
"4876",9.96484375,2000-05-07
"4877",8.9052734375,2000-05-08
"4878",9.0751953125,2000-05-09
"4879",9.10546875,2000-05-10
"4880",11.884765625,2000-05-11
"4881",12.71484375,2000-05-12
"4882",7.9052734375,2000-05-13
"4883",11.89453125,2000-05-14
"4884",11.8154296875,2000-05-15
"4885",11.0146484375,2000-05-16
"4886",10.865234375,2000-05-17
"4887",10.275390625,2000-05-18
"4888",8.7548828125,2000-05-19
"4889",9.5146484375,2000-05-20
"4890",10.8046875,2000-05-21
"4891",9.0849609375,2000-05-22
"4892",7.60546875,2000-05-23
"4893",7.1748046875,2000-05-24
"4894",6.724609375,2000-05-25
"4895",12.474609375,2000-05-26
"4896",8.9951171875,2000-05-27
"4897",9.78515625,2000-05-28
"4898",9.0849609375,2000-05-29
"4899",10.2451171875,2000-05-30
"4900",9.3046875,2000-05-31
"4901",9.380859375,2000-06-01
"4902",7.94140625,2000-06-02
"4903",7.771484375,2000-06-03
"4904",10.94140625,2000-06-04
"4905",8.94140625,2000-06-05
"4906",7.361328125,2000-06-06
"4907",9.9912109375,2000-06-07
"4908",6.771484375,2000-06-08
"4909",7.1005859375,2000-06-09
"4910",10.2509765625,2000-06-10
"4911",7.7314453125,2000-06-11
"4912",7.291015625,2000-06-12
"4913",6.30078125,2000-06-13
"4914",6.361328125,2000-06-14
"4915",7.2607421875,2000-06-15
"4916",7.5107421875,2000-06-16
"4917",10.1611328125,2000-06-17
"4918",9.12109375,2000-06-18
"4919",9.4912109375,2000-06-19
"4920",11.271484375,2000-06-20
"4921",8.6005859375,2000-06-21
"4922",7.970703125,2000-06-22
"4923",9.7607421875,2000-06-23
"4924",8.9013671875,2000-06-24
"4925",8.2412109375,2000-06-25
"4926",9.060546875,2000-06-26
"4927",11.5810546875,2000-06-27
"4928",11.111328125,2000-06-28
"4929",9.4013671875,2000-06-29
"4930",12.140625,2000-06-30
"4931",10.0634765625,2000-07-01
"4932",8.3330078125,2000-07-02
"4933",7.9931640625,2000-07-03
"4934",7.943359375,2000-07-04
"4935",6.703125,2000-07-05
"4936",11.3525390625,2000-07-06
"4937",10.5126953125,2000-07-07
"4938",8.943359375,2000-07-08
"4939",9.7529296875,2000-07-09
"4940",9.6328125,2000-07-10
"4941",7.6630859375,2000-07-11
"4942",10.2734375,2000-07-12
"4943",8.392578125,2000-07-13
"4944",9.1630859375,2000-07-14
"4945",7.3134765625,2000-07-15
"4946",7.4228515625,2000-07-16
"4947",7.712890625,2000-07-17
"4948",10.212890625,2000-07-18
"4949",9.5126953125,2000-07-19
"4950",6.4326171875,2000-07-20
"4951",10.0234375,2000-07-21
"4952",7.7431640625,2000-07-22
"4953",8.2333984375,2000-07-23
"4954",9.5029296875,2000-07-24
"4955",8.703125,2000-07-25
"4956",8.7431640625,2000-07-26
"4957",8.783203125,2000-07-27
"4958",9.36328125,2000-07-28
"4959",6.552734375,2000-07-29
"4960",6.552734375,2000-07-30
"4961",5.79296875,2000-07-31
"4962",5.5537109375,2000-08-01
"4963",4.994140625,2000-08-02
"4964",3.75390625,2000-08-03
"4965",11.8642578125,2000-08-04
"4966",10.064453125,2000-08-05
"4967",11.50390625,2000-08-06
"4968",11.173828125,2000-08-07
"4969",10.0341796875,2000-08-08
"4970",9.7138671875,2000-08-09
"4971",9.68359375,2000-08-10
"4972",8.7841796875,2000-08-11
"4973",8.9541015625,2000-08-12
"4974",8.0439453125,2000-08-13
"4975",6.82421875,2000-08-14
"4976",7.6435546875,2000-08-15
"4977",6.8740234375,2000-08-16
"4978",5.3037109375,2000-08-17
"4979",11.1640625,2000-08-18
"4980",11.4140625,2000-08-19
"4981",11.75390625,2000-08-20
"4982",7.263671875,2000-08-21
"4983",7.4736328125,2000-08-22
"4984",9.9736328125,2000-08-23
"4985",10.7236328125,2000-08-24
"4986",9.8642578125,2000-08-25
"4987",9.2138671875,2000-08-26
"4988",11.353515625,2000-08-27
"4989",11.314453125,2000-08-28
"4990",8.59375,2000-08-29
"4991",9.994140625,2000-08-30
"4992",7.9140625,2000-08-31
"4993",11.77734375,2000-09-01
"4994",7.556640625,2000-09-02
"4995",11.9072265625,2000-09-03
"4996",8.466796875,2000-09-04
"4997",10.1171875,2000-09-05
"4998",8.8369140625,2000-09-06
"4999",11.9765625,2000-09-07
"5000",10.0166015625,2000-09-08
"5001",11.126953125,2000-09-09
"5002",10.5771484375,2000-09-10
"5003",11.2666015625,2000-09-11
"5004",8.3271484375,2000-09-12
"5005",6.1171875,2000-09-13
"5006",11.4169921875,2000-09-14
"5007",10.63671875,2000-09-15
"5008",6.13671875,2000-09-16
"5009",10.6171875,2000-09-17
"5010",10.4267578125,2000-09-18
"5011",8.5771484375,2000-09-19
"5012",9.5869140625,2000-09-20
"5013",10.5068359375,2000-09-21
"5014",9.9365234375,2000-09-22
"5015",6.8173828125,2000-09-23
"5016",7.6669921875,2000-09-24
"5017",9.2265625,2000-09-25
"5018",15.197265625,2000-09-26
"5019",13.45703125,2000-09-27
"5020",13.037109375,2000-09-28
"5021",9.4365234375,2000-09-29
"5022",8.9267578125,2000-09-30
"5023",9.84765625,2000-10-01
"5024",7.6484375,2000-10-02
"5025",7.0283203125,2000-10-03
"5026",4.1181640625,2000-10-04
"5027",3.4775390625,2000-10-05
"5028",9.517578125,2000-10-06
"5029",13.748046875,2000-10-07
"5030",9.34765625,2000-10-08
"5031",8.3583984375,2000-10-09
"5032",8.078125,2000-10-10
"5033",7.828125,2000-10-11
"5034",3.7880859375,2000-10-12
"5035",8.7880859375,2000-10-13
"5036",9.0380859375,2000-10-14
"5037",11.078125,2000-10-15
"5038",9.748046875,2000-10-16
"5039",9.078125,2000-10-17
"5040",9.837890625,2000-10-18
"5041",7.23828125,2000-10-19
"5042",9.8076171875,2000-10-20
"5043",6.2978515625,2000-10-21
"5044",8.2783203125,2000-10-22
"5045",14.0078125,2000-10-23
"5046",13.677734375,2000-10-24
"5047",13.337890625,2000-10-25
"5048",13.84765625,2000-10-26
"5049",10.9580078125,2000-10-27
"5050",8.73828125,2000-10-28
"5051",6.7783203125,2000-10-29
"5052",4.7978515625,2000-10-30
"5053",5.568359375,2000-10-31
"5054",11.70703125,2000-11-01
"5055",11.6669921875,2000-11-02
"5056",10.9169921875,2000-11-03
"5057",9.796875,2000-11-04
"5058",9.9169921875,2000-11-05
"5059",8.5166015625,2000-11-06
"5060",5.966796875,2000-11-07
"5061",16.3671875,2000-11-08
"5062",16.046875,2000-11-09
"5063",14.9169921875,2000-11-10
"5064",14.2666015625,2000-11-11
"5065",14.9873046875,2000-11-12
"5066",14.556640625,2000-11-13
"5067",14.4365234375,2000-11-14
"5068",15.3974609375,2000-11-15
"5069",13.857421875,2000-11-16
"5070",14.4072265625,2000-11-17
"5071",17.4267578125,2000-11-18
"5072",17.5673828125,2000-11-19
"5073",17.1474609375,2000-11-20
"5074",16.3271484375,2000-11-21
"5075",13.607421875,2000-11-22
"5076",11.3974609375,2000-11-23
"5077",14.45703125,2000-11-24
"5078",13.607421875,2000-11-25
"5079",12.8974609375,2000-11-26
"5080",12.0673828125,2000-11-27
"5081",17.306640625,2000-11-28
"5082",12.27734375,2000-11-29
"5083",12.0869140625,2000-11-30
"5084",10.53125,2000-12-01
"5085",6.6611328125,2000-12-02
"5086",13.541015625,2000-12-03
"5087",13.0810546875,2000-12-04
"5088",7.1513671875,2000-12-05
"5089",13.361328125,2000-12-06
"5090",9.5107421875,2000-12-07
"5091",10.9609375,2000-12-08
"5092",8.060546875,2000-12-09
"5093",4.8408203125,2000-12-10
"5094",10.271484375,2000-12-11
"5095",17.9609375,2000-12-12
"5096",14.30078125,2000-12-13
"5097",12.37109375,2000-12-14
"5098",10.30078125,2000-12-15
"5099",8.451171875,2000-12-16
"5100",8.0908203125,2000-12-17
"5101",18.201171875,2000-12-18
"5102",12.44140625,2000-12-19
"5103",9.0107421875,2000-12-20
"5104",18.0009765625,2000-12-21
"5105",18.8212890625,2000-12-22
"5106",11.7109375,2000-12-23
"5107",14.6513671875,2000-12-24
"5108",14.880859375,2000-12-25
"5109",13.220703125,2000-12-26
"5110",12.4306640625,2000-12-27
"5111",9.021484375,2000-12-28
"5112",9.130859375,2000-12-29
"5113",5.361328125,2000-12-30
"5114",11.560546875,2000-12-31
"5115",7.9951171875,2001-01-01
"5116",15.0947265625,2001-01-02
"5117",13.8046875,2001-01-03
"5118",18.9951171875,2001-01-04
"5119",16.115234375,2001-01-05
"5120",13.9853515625,2001-01-06
"5121",13.5546875,2001-01-07
"5122",16.10546875,2001-01-08
"5123",11.6748046875,2001-01-09
"5124",11.7646484375,2001-01-10
"5125",9.9453125,2001-01-11
"5126",11.14453125,2001-01-12
"5127",8.474609375,2001-01-13
"5128",10.875,2001-01-14
"5129",16.9248046875,2001-01-15
"5130",14.78515625,2001-01-16
"5131",14.115234375,2001-01-17
"5132",9.46484375,2001-01-18
"5133",7.0048828125,2001-01-19
"5134",8.134765625,2001-01-20
"5135",15.3251953125,2001-01-21
"5136",9.1650390625,2001-01-22
"5137",10.8046875,2001-01-23
"5138",19.525390625,2001-01-24
"5139",22.974609375,2001-01-25
"5140",19.525390625,2001-01-26
"5141",13.96484375,2001-01-27
"5142",14.8349609375,2001-01-28
"5143",12.6953125,2001-01-29
"5144",14.1748046875,2001-01-30
"5145",11.125,2001-01-31
"5146",4.9267578125,2001-02-01
"5147",10.0869140625,2001-02-02
"5148",17.947265625,2001-02-03
"5149",19.357421875,2001-02-04
"5150",18.95703125,2001-02-05
"5151",23.876953125,2001-02-06
"5152",23.6767578125,2001-02-07
"5153",12.947265625,2001-02-08
"5154",18.2470703125,2001-02-09
"5155",19.3671875,2001-02-10
"5156",15.1572265625,2001-02-11
"5157",18.4169921875,2001-02-12
"5158",16.02734375,2001-02-13
"5159",14.6767578125,2001-02-14
"5160",11.4765625,2001-02-15
"5161",10.296875,2001-02-16
"5162",10.8173828125,2001-02-17
"5163",13.296875,2001-02-18
"5164",7.8271484375,2001-02-19
"5165",8.626953125,2001-02-20
"5166",13.056640625,2001-02-21
"5167",15.4765625,2001-02-22
"5168",13.8974609375,2001-02-23
"5169",13.0166015625,2001-02-24
"5170",12.466796875,2001-02-25
"5171",16.787109375,2001-02-26
"5172",15.38671875,2001-02-27
"5173",14.0068359375,2001-02-28
"5174",12.7021484375,2001-03-01
"5175",14.9921875,2001-03-02
"5176",9.5224609375,2001-03-03
"5177",14.1923828125,2001-03-04
"5178",14.0322265625,2001-03-05
"5179",9.3818359375,2001-03-06
"5180",7.0322265625,2001-03-07
"5181",7.171875,2001-03-08
"5182",7.841796875,2001-03-09
"5183",12.482421875,2001-03-10
"5184",14.1923828125,2001-03-11
"5185",10.8818359375,2001-03-12
"5186",10.2421875,2001-03-13
"5187",8.40234375,2001-03-14
"5188",4.501953125,2001-03-15
"5189",19.4423828125,2001-03-16
"5190",10.3720703125,2001-03-17
"5191",10.2919921875,2001-03-18
"5192",8.822265625,2001-03-19
"5193",10.83203125,2001-03-20
"5194",9.40234375,2001-03-21
"5195",11.4521484375,2001-03-22
"5196",10.9423828125,2001-03-23
"5197",9.5517578125,2001-03-24
"5198",8.482421875,2001-03-25
"5199",12.4423828125,2001-03-26
"5200",11.5224609375,2001-03-27
"5201",10.4423828125,2001-03-28
"5202",8.76171875,2001-03-29
"5203",8.1416015625,2001-03-30
"5204",5.6123046875,2001-03-31
"5205",10.951171875,2001-04-01
"5206",11.451171875,2001-04-02
"5207",10.380859375,2001-04-03
"5208",9.2412109375,2001-04-04
"5209",8.0810546875,2001-04-05
"5210",5.2109375,2001-04-06
"5211",6.640625,2001-04-07
"5212",10.060546875,2001-04-08
"5213",9.44140625,2001-04-09
"5214",11.111328125,2001-04-10
"5215",11.111328125,2001-04-11
"5216",9.0009765625,2001-04-12
"5217",5.021484375,2001-04-13
"5218",3.8212890625,2001-04-14
"5219",3.291015625,2001-04-15
"5220",13.8310546875,2001-04-16
"5221",10.3310546875,2001-04-17
"5222",6.6513671875,2001-04-18
"5223",13.6611328125,2001-04-19
"5224",9.4306640625,2001-04-20
"5225",8.541015625,2001-04-21
"5226",8.6611328125,2001-04-22
"5227",10.521484375,2001-04-23
"5228",9.1513671875,2001-04-24
"5229",9.9111328125,2001-04-25
"5230",12.94140625,2001-04-26
"5231",13.4306640625,2001-04-27
"5232",9.720703125,2001-04-28
"5233",8.8408203125,2001-04-29
"5234",10.380859375,2001-04-30
"5235",8.8154296875,2001-05-01
"5236",8.8349609375,2001-05-02
"5237",14.544921875,2001-05-03
"5238",16.125,2001-05-04
"5239",14.10546875,2001-05-05
"5240",11.3154296875,2001-05-06
"5241",9.10546875,2001-05-07
"5242",7.28515625,2001-05-08
"5243",14.025390625,2001-05-09
"5244",13.3154296875,2001-05-10
"5245",9.205078125,2001-05-11
"5246",11.2451171875,2001-05-12
"5247",12.7548828125,2001-05-13
"5248",10.5751953125,2001-05-14
"5249",10.365234375,2001-05-15
"5250",13.8447265625,2001-05-16
"5251",10.884765625,2001-05-17
"5252",10.85546875,2001-05-18
"5253",8.474609375,2001-05-19
"5254",8.0146484375,2001-05-20
"5255",7.275390625,2001-05-21
"5256",6.384765625,2001-05-22
"5257",5.974609375,2001-05-23
"5258",8.4453125,2001-05-24
"5259",7.794921875,2001-05-25
"5260",11.1748046875,2001-05-26
"5261",12.205078125,2001-05-27
"5262",10.9453125,2001-05-28
"5263",8.455078125,2001-05-29
"5264",7.2548828125,2001-05-30
"5265",6.7451171875,2001-05-31
"5266",6.4912109375,2001-06-01
"5267",6.0107421875,2001-06-02
"5268",9.53125,2001-06-03
"5269",5.880859375,2001-06-04
"5270",14.7314453125,2001-06-05
"5271",9.0908203125,2001-06-06
"5272",12.5712890625,2001-06-07
"5273",11.6806640625,2001-06-08
"5274",11.37109375,2001-06-09
"5275",11.2509765625,2001-06-10
"5276",14.12109375,2001-06-11
"5277",15.7314453125,2001-06-12
"5278",12.12109375,2001-06-13
"5279",11.9208984375,2001-06-14
"5280",9.201171875,2001-06-15
"5281",8.951171875,2001-06-16
"5282",9.1513671875,2001-06-17
"5283",7.80078125,2001-06-18
"5284",8.55078125,2001-06-19
"5285",10.2109375,2001-06-20
"5286",11.94140625,2001-06-21
"5287",11.9609375,2001-06-22
"5288",10.8505859375,2001-06-23
"5289",9.9208984375,2001-06-24
"5290",9.44140625,2001-06-25
"5291",10.4609375,2001-06-26
"5292",11.1005859375,2001-06-27
"5293",9.4912109375,2001-06-28
"5294",8.9013671875,2001-06-29
"5295",8.4208984375,2001-06-30
"5296",8.0927734375,2001-07-01
"5297",8.7529296875,2001-07-02
"5298",10.9326171875,2001-07-03
"5299",8.4326171875,2001-07-04
"5300",8.5927734375,2001-07-05
"5301",11.2529296875,2001-07-06
"5302",9.892578125,2001-07-07
"5303",9.1630859375,2001-07-08
"5304",8.8828125,2001-07-09
"5305",9.712890625,2001-07-10
"5306",11.0732421875,2001-07-11
"5307",11.6630859375,2001-07-12
"5308",10.8828125,2001-07-13
"5309",10.3232421875,2001-07-14
"5310",10.552734375,2001-07-15
"5311",10.3330078125,2001-07-16
"5312",9.2734375,2001-07-17
"5313",10.712890625,2001-07-18
"5314",8.962890625,2001-07-19
"5315",7.61328125,2001-07-20
"5316",7.72265625,2001-07-21
"5317",7.642578125,2001-07-22
"5318",7.0927734375,2001-07-23
"5319",8.8134765625,2001-07-24
"5320",8.623046875,2001-07-25
"5321",9.1328125,2001-07-26
"5322",7.802734375,2001-07-27
"5323",10.9228515625,2001-07-28
"5324",9.1533203125,2001-07-29
"5325",9.36328125,2001-07-30
"5326",7.2333984375,2001-07-31
"5327",8.083984375,2001-08-01
"5328",7.4443359375,2001-08-02
"5329",6.2939453125,2001-08-03
"5330",6.423828125,2001-08-04
"5331",9.673828125,2001-08-05
"5332",9.8642578125,2001-08-06
"5333",9.173828125,2001-08-07
"5334",8.5439453125,2001-08-08
"5335",5.673828125,2001-08-09
"5336",4.654296875,2001-08-10
"5337",11.4736328125,2001-08-11
"5338",10.3837890625,2001-08-12
"5339",9.353515625,2001-08-13
"5340",7.4736328125,2001-08-14
"5341",5.2744140625,2001-08-15
"5342",10.564453125,2001-08-16
"5343",7.763671875,2001-08-17
"5344",10.654296875,2001-08-18
"5345",11.93359375,2001-08-19
"5346",12.564453125,2001-08-20
"5347",9.763671875,2001-08-21
"5348",11.82421875,2001-08-22
"5349",9.8037109375,2001-08-23
"5350",6.7841796875,2001-08-24
"5351",10.2138671875,2001-08-25
"5352",7.93359375,2001-08-26
"5353",9.0439453125,2001-08-27
"5354",11.6943359375,2001-08-28
"5355",10.9443359375,2001-08-29
"5356",8.4140625,2001-08-30
"5357",10.853515625,2001-08-31
"5358",10.4365234375,2001-09-01
"5359",11.7265625,2001-09-02
"5360",13.1669921875,2001-09-03
"5361",12.9072265625,2001-09-04
"5362",9.2265625,2001-09-05
"5363",8.6474609375,2001-09-06
"5364",10.7265625,2001-09-07
"5365",9.1767578125,2001-09-08
"5366",12.1767578125,2001-09-09
"5367",8.4765625,2001-09-10
"5368",11.107421875,2001-09-11
"5369",13.556640625,2001-09-12
"5370",13.546875,2001-09-13
"5371",11.7470703125,2001-09-14
"5372",7.4873046875,2001-09-15
"5373",7.5771484375,2001-09-16
"5374",11.9072265625,2001-09-17
"5375",9.4267578125,2001-09-18
"5376",6.52734375,2001-09-19
"5377",10.4072265625,2001-09-20
"5378",11.7265625,2001-09-21
"5379",16.8271484375,2001-09-22
"5380",9.4072265625,2001-09-23
"5381",12.8173828125,2001-09-24
"5382",10.9169921875,2001-09-25
"5383",7.796875,2001-09-26
"5384",6.126953125,2001-09-27
"5385",5.2373046875,2001-09-28
"5386",6.0869140625,2001-09-29
"5387",14.9169921875,2001-09-30
"5388",12.568359375,2001-10-01
"5389",9.6484375,2001-10-02
"5390",8.2783203125,2001-10-03
"5391",9.408203125,2001-10-04
"5392",6.66796875,2001-10-05
"5393",9.5283203125,2001-10-06
"5394",6.068359375,2001-10-07
"5395",9.1884765625,2001-10-08
"5396",6.1376953125,2001-10-09
"5397",12.337890625,2001-10-10
"5398",7.4775390625,2001-10-11
"5399",7.908203125,2001-10-12
"5400",13.3583984375,2001-10-13
"5401",7.328125,2001-10-14
"5402",6.158203125,2001-10-15
"5403",14.2880859375,2001-10-16
"5404",10.408203125,2001-10-17
"5405",10.677734375,2001-10-18
"5406",7.0380859375,2001-10-19
"5407",7.0576171875,2001-10-20
"5408",3.8076171875,2001-10-21
"5409",5.8076171875,2001-10-22
"5410",13.337890625,2001-10-23
"5411",9.2783203125,2001-10-24
"5412",8.017578125,2001-10-25
"5413",10.9775390625,2001-10-26
"5414",9.8876953125,2001-10-27
"5415",10.2978515625,2001-10-28
"5416",8.8681640625,2001-10-29
"5417",9.4580078125,2001-10-30
"5418",11.5078125,2001-10-31
"5419",11.8369140625,2001-11-01
"5420",14.2666015625,2001-11-02
"5421",10.8173828125,2001-11-03
"5422",11.88671875,2001-11-04
"5423",18.376953125,2001-11-05
"5424",14.7265625,2001-11-06
"5425",9.7666015625,2001-11-07
"5426",11.9072265625,2001-11-08
"5427",10.38671875,2001-11-09
"5428",10.5966796875,2001-11-10
"5429",7.95703125,2001-11-11
"5430",7.3271484375,2001-11-12
"5431",11.4365234375,2001-11-13
"5432",9.6474609375,2001-11-14
"5433",8.6669921875,2001-11-15
"5434",7.697265625,2001-11-16
"5435",8.357421875,2001-11-17
"5436",15.296875,2001-11-18
"5437",6.4365234375,2001-11-19
"5438",8.1572265625,2001-11-20
"5439",5.537109375,2001-11-21
"5440",3.2470703125,2001-11-22
"5441",12.1669921875,2001-11-23
"5442",11.5869140625,2001-11-24
"5443",11.2265625,2001-11-25
"5444",11.376953125,2001-11-26
"5445",11.537109375,2001-11-27
"5446",9.9765625,2001-11-28
"5447",11.4267578125,2001-11-29
"5448",10.7568359375,2001-11-30
"5449",10.7509765625,2001-12-01
"5450",15.87109375,2001-12-02
"5451",11.9609375,2001-12-03
"5452",9.560546875,2001-12-04
"5453",14.69140625,2001-12-05
"5454",21.951171875,2001-12-06
"5455",13.7509765625,2001-12-07
"5456",11.470703125,2001-12-08
"5457",13.9609375,2001-12-09
"5458",10.970703125,2001-12-10
"5459",10.701171875,2001-12-11
"5460",11.861328125,2001-12-12
"5461",12.220703125,2001-12-13
"5462",17.380859375,2001-12-14
"5463",15.6005859375,2001-12-15
"5464",12.310546875,2001-12-16
"5465",11.62109375,2001-12-17
"5466",12.140625,2001-12-18
"5467",8.4111328125,2001-12-19
"5468",14.19140625,2001-12-20
"5469",13.69140625,2001-12-21
"5470",11.80078125,2001-12-22
"5471",12.8408203125,2001-12-23
"5472",11.9013671875,2001-12-24
"5473",12.03125,2001-12-25
"5474",8.791015625,2001-12-26
"5475",9.4912109375,2001-12-27
"5476",9.470703125,2001-12-28
"5477",12.19140625,2001-12-29
"5478",13.6806640625,2001-12-30
"5479",10.5908203125,2001-12-31
"5480",12.525390625,2002-01-01
"5481",11.3349609375,2002-01-02
"5482",9.5546875,2002-01-03
"5483",10.9853515625,2002-01-04
"5484",8.6953125,2002-01-05
"5485",11.3447265625,2002-01-06
"5486",11.375,2002-01-07
"5487",10.9345703125,2002-01-08
"5488",10.044921875,2002-01-09
"5489",4.275390625,2002-01-10
"5490",11.365234375,2002-01-11
"5491",8.9453125,2002-01-12
"5492",9.46484375,2002-01-13
"5493",11.625,2002-01-14
"5494",12.28515625,2002-01-15
"5495",14.5546875,2002-01-16
"5496",12.4150390625,2002-01-17
"5497",8.1552734375,2002-01-18
"5498",5.705078125,2002-01-19
"5499",9.9345703125,2002-01-20
"5500",17.5849609375,2002-01-21
"5501",16.3349609375,2002-01-22
"5502",14.884765625,2002-01-23
"5503",11.7353515625,2002-01-24
"5504",7.384765625,2002-01-25
"5505",9.294921875,2002-01-26
"5506",16.4345703125,2002-01-27
"5507",10.10546875,2002-01-28
"5508",12.6552734375,2002-01-29
"5509",13.0146484375,2002-01-30
"5510",13.5849609375,2002-01-31
"5511",12.8173828125,2002-02-01
"5512",13.0966796875,2002-02-02
"5513",11.796875,2002-02-03
"5514",10.5673828125,2002-02-04
"5515",11.4873046875,2002-02-05
"5516",12.20703125,2002-02-06
"5517",12.6669921875,2002-02-07
"5518",10.63671875,2002-02-08
"5519",11.3466796875,2002-02-09
"5520",12.0673828125,2002-02-10
"5521",9.0771484375,2002-02-11
"5522",7.697265625,2002-02-12
"5523",5.9072265625,2002-02-13
"5524",5.0771484375,2002-02-14
"5525",12.796875,2002-02-15
"5526",11.056640625,2002-02-16
"5527",10.4365234375,2002-02-17
"5528",12.8466796875,2002-02-18
"5529",15.9365234375,2002-02-19
"5530",12.466796875,2002-02-20
"5531",8.8671875,2002-02-21
"5532",11.02734375,2002-02-22
"5533",13.45703125,2002-02-23
"5534",12.037109375,2002-02-24
"5535",15.0966796875,2002-02-25
"5536",10.806640625,2002-02-26
"5537",14.4072265625,2002-02-27
"5538",11.6767578125,2002-02-28
"5539",10.322265625,2002-03-01
"5540",11.9619140625,2002-03-02
"5541",12.912109375,2002-03-03
"5542",11.9423828125,2002-03-04
"5543",8.9423828125,2002-03-05
"5544",7.1015625,2002-03-06
"5545",13.8818359375,2002-03-07
"5546",11.5419921875,2002-03-08
"5547",11.2919921875,2002-03-09
"5548",10.072265625,2002-03-10
"5549",12.8916015625,2002-03-11
"5550",10.0419921875,2002-03-12
"5551",11.2724609375,2002-03-13
"5552",12.1416015625,2002-03-14
"5553",11.3515625,2002-03-15
"5554",6.921875,2002-03-16
"5555",5.6220703125,2002-03-17
"5556",4.0322265625,2002-03-18
"5557",15.0517578125,2002-03-19
"5558",13.3623046875,2002-03-20
"5559",12.3623046875,2002-03-21
"5560",12.3916015625,2002-03-22
"5561",8.162109375,2002-03-23
"5562",8.171875,2002-03-24
"5563",13.3818359375,2002-03-25
"5564",12.0419921875,2002-03-26
"5565",12.8720703125,2002-03-27
"5566",13.662109375,2002-03-28
"5567",13.65234375,2002-03-29
"5568",12.7919921875,2002-03-30
"5569",8.8115234375,2002-03-31
"5570",8.771484375,2002-04-01
"5571",10.451171875,2002-04-02
"5572",12.861328125,2002-04-03
"5573",12.1005859375,2002-04-04
"5574",8.4013671875,2002-04-05
"5575",6.7412109375,2002-04-06
"5576",6.78125,2002-04-07
"5577",12.8310546875,2002-04-08
"5578",9.9013671875,2002-04-09
"5579",14.060546875,2002-04-10
"5580",13.5009765625,2002-04-11
"5581",15.060546875,2002-04-12
"5582",15.861328125,2002-04-13
"5583",15.1611328125,2002-04-14
"5584",11.6513671875,2002-04-15
"5585",10.220703125,2002-04-16
"5586",7.611328125,2002-04-17
"5587",7.390625,2002-04-18
"5588",6.6806640625,2002-04-19
"5589",15.640625,2002-04-20
"5590",14.03125,2002-04-21
"5591",13.021484375,2002-04-22
"5592",10.390625,2002-04-23
"5593",7.861328125,2002-04-24
"5594",17.9306640625,2002-04-25
"5595",11.451171875,2002-04-26
"5596",8.890625,2002-04-27
"5597",6.3212890625,2002-04-28
"5598",4.890625,2002-04-29
"5599",5.271484375,2002-04-30
"5600",7.6748046875,2002-05-01
"5601",9.89453125,2002-05-02
"5602",7.7451171875,2002-05-03
"5603",7.6650390625,2002-05-04
"5604",7.9853515625,2002-05-05
"5605",6.5947265625,2002-05-06
"5606",6.8349609375,2002-05-07
"5607",5.8154296875,2002-05-08
"5608",11.205078125,2002-05-09
"5609",12.0654296875,2002-05-10
"5610",7.634765625,2002-05-11
"5611",6.2451171875,2002-05-12
"5612",15.634765625,2002-05-13
"5613",13.5751953125,2002-05-14
"5614",13.0751953125,2002-05-15
"5615",13.8349609375,2002-05-16
"5616",8.7451171875,2002-05-17
"5617",12.8447265625,2002-05-18
"5618",11.85546875,2002-05-19
"5619",10.1748046875,2002-05-20
"5620",9.865234375,2002-05-21
"5621",8.85546875,2002-05-22
"5622",10.2548828125,2002-05-23
"5623",11.5947265625,2002-05-24
"5624",10.1650390625,2002-05-25
"5625",8.5146484375,2002-05-26
"5626",6.615234375,2002-05-27
"5627",10.455078125,2002-05-28
"5628",8.775390625,2002-05-29
"5629",7.10546875,2002-05-30
"5630",12.21484375,2002-05-31
"5631",10.0712890625,2002-06-01
"5632",8.1611328125,2002-06-02
"5633",5.9208984375,2002-06-03
"5634",6.3310546875,2002-06-04
"5635",6.810546875,2002-06-05
"5636",10.2412109375,2002-06-06
"5637",7.5712890625,2002-06-07
"5638",9.4111328125,2002-06-08
"5639",13.0810546875,2002-06-09
"5640",12.8310546875,2002-06-10
"5641",9.880859375,2002-06-11
"5642",9.1806640625,2002-06-12
"5643",11.8310546875,2002-06-13
"5644",8.630859375,2002-06-14
"5645",12.140625,2002-06-15
"5646",12.4912109375,2002-06-16
"5647",11.810546875,2002-06-17
"5648",10.810546875,2002-06-18
"5649",6.28125,2002-06-19
"5650",5.9912109375,2002-06-20
"5651",9.7607421875,2002-06-21
"5652",8.8310546875,2002-06-22
"5653",8.810546875,2002-06-23
"5654",6.521484375,2002-06-24
"5655",5.5810546875,2002-06-25
"5656",8.30078125,2002-06-26
"5657",6.470703125,2002-06-27
"5658",8.3505859375,2002-06-28
"5659",6.9111328125,2002-06-29
"5660",5.0810546875,2002-06-30
"5661",4.5126953125,2002-07-01
"5662",3.453125,2002-07-02
"5663",8.6826171875,2002-07-03
"5664",10.783203125,2002-07-04
"5665",5.7529296875,2002-07-05
"5666",9.6025390625,2002-07-06
"5667",8.3232421875,2002-07-07
"5668",4.943359375,2002-07-08
"5669",8.693359375,2002-07-09
"5670",7.2734375,2002-07-10
"5671",5.54296875,2002-07-11
"5672",6.0732421875,2002-07-12
"5673",8.642578125,2002-07-13
"5674",7.9326171875,2002-07-14
"5675",5.7431640625,2002-07-15
"5676",4.3427734375,2002-07-16
"5677",10.11328125,2002-07-17
"5678",8.2333984375,2002-07-18
"5679",6.6826171875,2002-07-19
"5680",5.9326171875,2002-07-20
"5681",7.86328125,2002-07-21
"5682",6.3330078125,2002-07-22
"5683",4.1728515625,2002-07-23
"5684",10.5634765625,2002-07-24
"5685",6.7333984375,2002-07-25
"5686",9.97265625,2002-07-26
"5687",6.623046875,2002-07-27
"5688",11.3134765625,2002-07-28
"5689",8.193359375,2002-07-29
"5690",8.802734375,2002-07-30
"5691",7.9931640625,2002-07-31
"5692",11.4443359375,2002-08-01
"5693",10.93359375,2002-08-02
"5694",8.734375,2002-08-03
"5695",7.93359375,2002-08-04
"5696",4.173828125,2002-08-05
"5697",9.1142578125,2002-08-06
"5698",10.82421875,2002-08-07
"5699",8.513671875,2002-08-08
"5700",6.7236328125,2002-08-09
"5701",4.744140625,2002-08-10
"5702",10.6240234375,2002-08-11
"5703",8.32421875,2002-08-12
"5704",8.064453125,2002-08-13
"5705",7.9736328125,2002-08-14
"5706",5.744140625,2002-08-15
"5707",4.6435546875,2002-08-16
"5708",4.744140625,2002-08-17
"5709",7.59375,2002-08-18
"5710",6.8837890625,2002-08-19
"5711",6.3642578125,2002-08-20
"5712",5.7841796875,2002-08-21
"5713",6.314453125,2002-08-22
"5714",8.923828125,2002-08-23
"5715",5.3642578125,2002-08-24
"5716",4.34375,2002-08-25
"5717",3.1142578125,2002-08-26
"5718",4.7744140625,2002-08-27
"5719",10.013671875,2002-08-28
"5720",7.9638671875,2002-08-29
"5721",5.7236328125,2002-08-30
"5722",11.93359375,2002-08-31
"5723",8.697265625,2002-09-01
"5724",5.8974609375,2002-09-02
"5725",6.197265625,2002-09-03
"5726",11.4970703125,2002-09-04
"5727",7.306640625,2002-09-05
"5728",9.3173828125,2002-09-06
"5729",9.6474609375,2002-09-07
"5730",8.716796875,2002-09-08
"5731",10.5068359375,2002-09-09
"5732",7.1171875,2002-09-10
"5733",5.7568359375,2002-09-11
"5734",5.107421875,2002-09-12
"5735",8.6572265625,2002-09-13
"5736",4.287109375,2002-09-14
"5737",6.1572265625,2002-09-15
"5738",9.38671875,2002-09-16
"5739",8.3271484375,2002-09-17
"5740",9.447265625,2002-09-18
"5741",10.466796875,2002-09-19
"5742",8.27734375,2002-09-20
"5743",11.95703125,2002-09-21
"5744",11.056640625,2002-09-22
"5745",9.77734375,2002-09-23
"5746",10.77734375,2002-09-24
"5747",6.27734375,2002-09-25
"5748",7.2666015625,2002-09-26
"5749",5.0673828125,2002-09-27
"5750",7.4365234375,2002-09-28
"5751",7.2373046875,2002-09-29
"5752",5.466796875,2002-09-30
"5753",2.337890625,2002-10-01
"5754",3.3583984375,2002-10-02
"5755",9.5576171875,2002-10-03
"5756",7.5078125,2002-10-04
"5757",9.48828125,2002-10-05
"5758",5.66796875,2002-10-06
"5759",10.2080078125,2002-10-07
"5760",9.9677734375,2002-10-08
"5761",7.5478515625,2002-10-09
"5762",7.59765625,2002-10-10
"5763",5.6884765625,2002-10-11
"5764",4.3583984375,2002-10-12
"5765",9.2978515625,2002-10-13
"5766",9.98828125,2002-10-14
"5767",7.5478515625,2002-10-15
"5768",5.408203125,2002-10-16
"5769",12.7177734375,2002-10-17
"5770",6.84765625,2002-10-18
"5771",9.41796875,2002-10-19
"5772",10.1083984375,2002-10-20
"5773",9.1884765625,2002-10-21
"5774",6.3984375,2002-10-22
"5775",8.267578125,2002-10-23
"5776",9.8583984375,2002-10-24
"5777",11.0576171875,2002-10-25
"5778",7.9482421875,2002-10-26
"5779",6.9677734375,2002-10-27
"5780",6.6982421875,2002-10-28
"5781",5.267578125,2002-10-29
"5782",11.4775390625,2002-10-30
"5783",11.767578125,2002-10-31
"5784",6.306640625,2002-11-01
"5785",8.9970703125,2002-11-02
"5786",8.9365234375,2002-11-03
"5787",8.306640625,2002-11-04
"5788",7.3466796875,2002-11-05
"5789",3.7470703125,2002-11-06
"5790",3.056640625,2002-11-07
"5791",5.7568359375,2002-11-08
"5792",7.5166015625,2002-11-09
"5793",10.0068359375,2002-11-10
"5794",8.197265625,2002-11-11
"5795",15.4873046875,2002-11-12
"5796",7.9169921875,2002-11-13
"5797",8.697265625,2002-11-14
"5798",9.20703125,2002-11-15
"5799",5.3173828125,2002-11-16
"5800",8.52734375,2002-11-17
"5801",13.9365234375,2002-11-18
"5802",15.0771484375,2002-11-19
"5803",15.376953125,2002-11-20
"5804",12.9365234375,2002-11-21
"5805",10.6474609375,2002-11-22
"5806",9.046875,2002-11-23
"5807",17.1865234375,2002-11-24
"5808",20.466796875,2002-11-25
"5809",11.4765625,2002-11-26
"5810",10.556640625,2002-11-27
"5811",13.197265625,2002-11-28
"5812",15.857421875,2002-11-29
"5813",9.2373046875,2002-11-30
"5814",5.30078125,2002-12-01
"5815",13.28125,2002-12-02
"5816",8.4013671875,2002-12-03
"5817",8.9111328125,2002-12-04
"5818",11.041015625,2002-12-05
"5819",9.0908203125,2002-12-06
"5820",8.791015625,2002-12-07
"5821",7.94140625,2002-12-08
"5822",8.8310546875,2002-12-09
"5823",8.1806640625,2002-12-10
"5824",9.78125,2002-12-11
"5825",11.19140625,2002-12-12
"5826",10.30078125,2002-12-13
"5827",6.30078125,2002-12-14
"5828",2.771484375,2002-12-15
"5829",3.310546875,2002-12-16
"5830",3.8310546875,2002-12-17
"5831",7.1611328125,2002-12-18
"5832",8.55078125,2002-12-19
"5833",9.861328125,2002-12-20
"5834",8.1005859375,2002-12-21
"5835",11.521484375,2002-12-22
"5836",10.9609375,2002-12-23
"5837",10.7314453125,2002-12-24
"5838",10.451171875,2002-12-25
"5839",9.291015625,2002-12-26
"5840",6.9814453125,2002-12-27
"5841",5.5810546875,2002-12-28
"5842",13.12109375,2002-12-29
"5843",17.7109375,2002-12-30
"5844",12.0810546875,2002-12-31
"5845",9.5048828125,2003-01-01
"5846",11.224609375,2003-01-02
"5847",13.544921875,2003-01-03
"5848",11.8447265625,2003-01-04
"5849",6.294921875,2003-01-05
"5850",6.3349609375,2003-01-06
"5851",8.1552734375,2003-01-07
"5852",11.6552734375,2003-01-08
"5853",8.71484375,2003-01-09
"5854",6.455078125,2003-01-10
"5855",7.1845703125,2003-01-11
"5856",7.14453125,2003-01-12
"5857",10.78515625,2003-01-13
"5858",11.7451171875,2003-01-14
"5859",9.615234375,2003-01-15
"5860",10.705078125,2003-01-16
"5861",9.2451171875,2003-01-17
"5862",8.0546875,2003-01-18
"5863",12.6650390625,2003-01-19
"5864",15.64453125,2003-01-20
"5865",17.9248046875,2003-01-21
"5866",13.275390625,2003-01-22
"5867",9.39453125,2003-01-23
"5868",5.865234375,2003-01-24
"5869",5.0751953125,2003-01-25
"5870",17.5546875,2003-01-26
"5871",17.0751953125,2003-01-27
"5872",11.5048828125,2003-01-28
"5873",9.71484375,2003-01-29
"5874",19.9345703125,2003-01-30
"5875",10.775390625,2003-01-31
"5876",11.1171875,2003-02-01
"5877",12.70703125,2003-02-02
"5878",9.126953125,2003-02-03
"5879",8.95703125,2003-02-04
"5880",15.216796875,2003-02-05
"5881",14.3369140625,2003-02-06
"5882",12.3369140625,2003-02-07
"5883",12.4765625,2003-02-08
"5884",11.376953125,2003-02-09
"5885",10.5068359375,2003-02-10
"5886",10.0166015625,2003-02-11
"5887",14.306640625,2003-02-12
"5888",13.8173828125,2003-02-13
"5889",8.5966796875,2003-02-14
"5890",16.8671875,2003-02-15
"5891",17.1865234375,2003-02-16
"5892",15.5771484375,2003-02-17
"5893",19.63671875,2003-02-18
"5894",20.947265625,2003-02-19
"5895",23.7265625,2003-02-20
"5896",27.6572265625,2003-02-21
"5897",21.447265625,2003-02-22
"5898",20.0966796875,2003-02-23
"5899",19.9873046875,2003-02-24
"5900",19.697265625,2003-02-25
"5901",17.3271484375,2003-02-26
"5902",16.1474609375,2003-02-27
"5903",11.7470703125,2003-02-28
"5904",10.3017578125,2003-03-01
"5905",8.841796875,2003-03-02
"5906",10.232421875,2003-03-03
"5907",13.9423828125,2003-03-04
"5908",13.2724609375,2003-03-05
"5909",10.251953125,2003-03-06
"5910",8.2919921875,2003-03-07
"5911",13.0419921875,2003-03-08
"5912",10.9521484375,2003-03-09
"5913",11.572265625,2003-03-10
"5914",12.751953125,2003-03-11
"5915",13.3115234375,2003-03-12
"5916",10.58203125,2003-03-13
"5917",15.232421875,2003-03-14
"5918",12.0419921875,2003-03-15
"5919",13.2919921875,2003-03-16
"5920",9.412109375,2003-03-17
"5921",8.591796875,2003-03-18
"5922",11.3623046875,2003-03-19
"5923",9.6416015625,2003-03-20
"5924",12.3916015625,2003-03-21
"5925",8.8720703125,2003-03-22
"5926",12.1015625,2003-03-23
"5927",10.1220703125,2003-03-24
"5928",8.4921875,2003-03-25
"5929",9.5517578125,2003-03-26
"5930",13.0615234375,2003-03-27
"5931",12.662109375,2003-03-28
"5932",11.4423828125,2003-03-29
"5933",11.7421875,2003-03-30
"5934",10.7119140625,2003-03-31
"5935",8.720703125,2003-04-01
"5936",12.0810546875,2003-04-02
"5937",14.5908203125,2003-04-03
"5938",9.2412109375,2003-04-04
"5939",8.220703125,2003-04-05
"5940",6.720703125,2003-04-06
"5941",6.7412109375,2003-04-07
"5942",13.8408203125,2003-04-08
"5943",15.1611328125,2003-04-09
"5944",15.130859375,2003-04-10
"5945",13.640625,2003-04-11
"5946",17.53125,2003-04-12
"5947",10.3408203125,2003-04-13
"5948",11.8408203125,2003-04-14
"5949",12.05078125,2003-04-15
"5950",11.44140625,2003-04-16
"5951",6.861328125,2003-04-17
"5952",7.9912109375,2003-04-18
"5953",8.5107421875,2003-04-19
"5954",8.78125,2003-04-20
"5955",8.3408203125,2003-04-21
"5956",8.0009765625,2003-04-22
"5957",7.9814453125,2003-04-23
"5958",9.271484375,2003-04-24
"5959",8.7607421875,2003-04-25
"5960",8.0908203125,2003-04-26
"5961",9.1005859375,2003-04-27
"5962",12.361328125,2003-04-28
"5963",10.9306640625,2003-04-29
"5964",11.30078125,2003-04-30
"5965",11.7646484375,2003-05-01
"5966",9.5546875,2003-05-02
"5967",9.60546875,2003-05-03
"5968",10.875,2003-05-04
"5969",6.0751953125,2003-05-05
"5970",6.4453125,2003-05-06
"5971",8.5849609375,2003-05-07
"5972",8.0751953125,2003-05-08
"5973",7.64453125,2003-05-09
"5974",9.955078125,2003-05-10
"5975",13.044921875,2003-05-11
"5976",12.134765625,2003-05-12
"5977",10.724609375,2003-05-13
"5978",10.0048828125,2003-05-14
"5979",9.884765625,2003-05-15
"5980",8.6650390625,2003-05-16
"5981",11.025390625,2003-05-17
"5982",12.4150390625,2003-05-18
"5983",8.2451171875,2003-05-19
"5984",13.6748046875,2003-05-20
"5985",12.224609375,2003-05-21
"5986",9.794921875,2003-05-22
"5987",14.9345703125,2003-05-23
"5988",11.974609375,2003-05-24
"5989",11.125,2003-05-25
"5990",11.384765625,2003-05-26
"5991",8.10546875,2003-05-27
"5992",7.60546875,2003-05-28
"5993",7.60546875,2003-05-29
"5994",8.7646484375,2003-05-30
"5995",9.9052734375,2003-05-31
"5996",8.0712890625,2003-06-01
"5997",6.0908203125,2003-06-02
"5998",8.060546875,2003-06-03
"5999",7.2314453125,2003-06-04
"6000",7.37109375,2003-06-05
"6001",4.44140625,2003-06-06
"6002",11.87109375,2003-06-07
"6003",7.5107421875,2003-06-08
"6004",6.060546875,2003-06-09
"6005",5.30078125,2003-06-10
"6006",6.87109375,2003-06-11
"6007",8.9208984375,2003-06-12
"6008",7.4814453125,2003-06-13
"6009",11.521484375,2003-06-14
"6010",10.6806640625,2003-06-15
"6011",9.2607421875,2003-06-16
"6012",9.2314453125,2003-06-17
"6013",8.3505859375,2003-06-18
"6014",10.37109375,2003-06-19
"6015",10.4013671875,2003-06-20
"6016",9.2607421875,2003-06-21
"6017",8.9912109375,2003-06-22
"6018",7.1806640625,2003-06-23
"6019",7.1806640625,2003-06-24
"6020",7.8408203125,2003-06-25
"6021",6.271484375,2003-06-26
"6022",13.130859375,2003-06-27
"6023",16.0107421875,2003-06-28
"6024",8.630859375,2003-06-29
"6025",9.271484375,2003-06-30
"6026",10.9228515625,2003-07-01
"6027",10.0927734375,2003-07-02
"6028",9.5126953125,2003-07-03
"6029",9.0830078125,2003-07-04
"6030",6.11328125,2003-07-05
"6031",6.8232421875,2003-07-06
"6032",6.873046875,2003-07-07
"6033",10.6328125,2003-07-08
"6034",9.9931640625,2003-07-09
"6035",7.86328125,2003-07-10
"6036",6.29296875,2003-07-11
"6037",9.1328125,2003-07-12
"6038",9.283203125,2003-07-13
"6039",6.453125,2003-07-14
"6040",4.4228515625,2003-07-15
"6041",9.72265625,2003-07-16
"6042",9.212890625,2003-07-17
"6043",7.5029296875,2003-07-18
"6044",6.693359375,2003-07-19
"6045",6.4033203125,2003-07-20
"6046",6.8427734375,2003-07-21
"6047",8.1630859375,2003-07-22
"6048",6.4931640625,2003-07-23
"6049",9.3232421875,2003-07-24
"6050",10.8828125,2003-07-25
"6051",6.79296875,2003-07-26
"6052",4.9931640625,2003-07-27
"6053",4.7529296875,2003-07-28
"6054",8.8828125,2003-07-29
"6055",8.54296875,2003-07-30
"6056",6.392578125,2003-07-31
"6057",4.93359375,2003-08-01
"6058",3.814453125,2003-08-02
"6059",3.5244140625,2003-08-03
"6060",2.25390625,2003-08-04
"6061",8.013671875,2003-08-05
"6062",6.6943359375,2003-08-06
"6063",7.923828125,2003-08-07
"6064",7.7138671875,2003-08-08
"6065",8.8837890625,2003-08-09
"6066",10.50390625,2003-08-10
"6067",10.154296875,2003-08-11
"6068",12.6943359375,2003-08-12
"6069",13.1640625,2003-08-13
"6070",10.4443359375,2003-08-14
"6071",8.8642578125,2003-08-15
"6072",7.0341796875,2003-08-16
"6073",6.994140625,2003-08-17
"6074",10.423828125,2003-08-18
"6075",7.0244140625,2003-08-19
"6076",10.1142578125,2003-08-20
"6077",9.763671875,2003-08-21
"6078",8.083984375,2003-08-22
"6079",9.234375,2003-08-23
"6080",10.654296875,2003-08-24
"6081",10.2744140625,2003-08-25
"6082",9.1640625,2003-08-26
"6083",9.59375,2003-08-27
"6084",7.404296875,2003-08-28
"6085",5.07421875,2003-08-29
"6086",7.673828125,2003-08-30
"6087",10.7939453125,2003-08-31
"6088",7.9365234375,2003-09-01
"6089",7.037109375,2003-09-02
"6090",9.27734375,2003-09-03
"6091",7.20703125,2003-09-04
"6092",5.537109375,2003-09-05
"6093",9.45703125,2003-09-06
"6094",10.1865234375,2003-09-07
"6095",5.4365234375,2003-09-08
"6096",9.7568359375,2003-09-09
"6097",10.466796875,2003-09-10
"6098",7.876953125,2003-09-11
"6099",9.537109375,2003-09-12
"6100",3.8271484375,2003-09-13
"6101",9.5068359375,2003-09-14
"6102",9.70703125,2003-09-15
"6103",10.52734375,2003-09-16
"6104",10.88671875,2003-09-17
"6105",10.5673828125,2003-09-18
"6106",6.95703125,2003-09-19
"6107",6.1474609375,2003-09-20
"6108",7.3671875,2003-09-21
"6109",6.95703125,2003-09-22
"6110",7.8173828125,2003-09-23
"6111",7.7568359375,2003-09-24
"6112",9.2568359375,2003-09-25
"6113",10.2265625,2003-09-26
"6114",6.5966796875,2003-09-27
"6115",4.2470703125,2003-09-28
"6116",9.9873046875,2003-09-29
"6117",12.2666015625,2003-09-30
"6118",13.2978515625,2003-10-01
"6119",11.1083984375,2003-10-02
"6120",8.517578125,2003-10-03
"6121",8.7783203125,2003-10-04
"6122",13.587890625,2003-10-05
"6123",12.267578125,2003-10-06
"6124",10.1083984375,2003-10-07
"6125",11.8076171875,2003-10-08
"6126",6.4580078125,2003-10-09
"6127",7.498046875,2003-10-10
"6128",7.5478515625,2003-10-11
"6129",5.2978515625,2003-10-12
"6130",5.84765625,2003-10-13
"6131",4.3876953125,2003-10-14
"6132",11.2783203125,2003-10-15
"6133",7.09765625,2003-10-16
"6134",6.1376953125,2003-10-17
"6135",6.4482421875,2003-10-18
"6136",7.5380859375,2003-10-19
"6137",9.1982421875,2003-10-20
"6138",8.177734375,2003-10-21
"6139",9.578125,2003-10-22
"6140",11.998046875,2003-10-23
"6141",9.927734375,2003-10-24
"6142",11.767578125,2003-10-25
"6143",8.6982421875,2003-10-26
"6144",6.6982421875,2003-10-27
"6145",11.158203125,2003-10-28
"6146",9.4677734375,2003-10-29
"6147",6.48828125,2003-10-30
"6148",8.84765625,2003-10-31
"6149",8.447265625,2003-11-01
"6150",10.046875,2003-11-02
"6151",8.77734375,2003-11-03
"6152",4.7265625,2003-11-04
"6153",3.7470703125,2003-11-05
"6154",13.6474609375,2003-11-06
"6155",11.466796875,2003-11-07
"6156",9.2666015625,2003-11-08
"6157",10.0673828125,2003-11-09
"6158",11.0869140625,2003-11-10
"6159",10.8369140625,2003-11-11
"6160",10.4365234375,2003-11-12
"6161",6.947265625,2003-11-13
"6162",5.107421875,2003-11-14
"6163",4.20703125,2003-11-15
"6164",12.2470703125,2003-11-16
"6165",9.046875,2003-11-17
"6166",19.27734375,2003-11-18
"6167",20.306640625,2003-11-19
"6168",19.607421875,2003-11-20
"6169",11.4765625,2003-11-21
"6170",10.4970703125,2003-11-22
"6171",8.056640625,2003-11-23
"6172",10.1767578125,2003-11-24
"6173",9.216796875,2003-11-25
"6174",5.796875,2003-11-26
"6175",4.556640625,2003-11-27
"6176",8.1669921875,2003-11-28
"6177",10.796875,2003-11-29
"6178",13.806640625,2003-11-30
"6179",13.451171875,2003-12-01
"6180",12.451171875,2003-12-02
"6181",9.291015625,2003-12-03
"6182",15.9013671875,2003-12-04
"6183",11.611328125,2003-12-05
"6184",9.8310546875,2003-12-06
"6185",7.78125,2003-12-07
"6186",9.021484375,2003-12-08
"6187",8.8505859375,2003-12-09
"6188",10.6611328125,2003-12-10
"6189",10.1806640625,2003-12-11
"6190",10.220703125,2003-12-12
"6191",11.880859375,2003-12-13
"6192",11.37109375,2003-12-14
"6193",6.78125,2003-12-15
"6194",5.1806640625,2003-12-16
"6195",17.2607421875,2003-12-17
"6196",20.1513671875,2003-12-18
"6197",13.9208984375,2003-12-19
"6198",23.1611328125,2003-12-20
"6199",24.7509765625,2003-12-21
"6200",10.390625,2003-12-22
"6201",11.8212890625,2003-12-23
"6202",10.220703125,2003-12-24
"6203",9.0908203125,2003-12-25
"6204",15.111328125,2003-12-26
"6205",11.3408203125,2003-12-27
"6206",13.9814453125,2003-12-28
"6207",10.271484375,2003-12-29
"6208",26.611328125,2003-12-30
"6209",16.890625,2003-12-31
"6210",14.10546875,2004-01-01
"6211",12.9150390625,2004-01-02
"6212",9.794921875,2004-01-03
"6213",14.0146484375,2004-01-04
"6214",17.4052734375,2004-01-05
"6215",9.9853515625,2004-01-06
"6216",13.865234375,2004-01-07
"6217",9.775390625,2004-01-08
"6218",9.7646484375,2004-01-09
"6219",11.71484375,2004-01-10
"6220",12.0654296875,2004-01-11
"6221",11.0546875,2004-01-12
"6222",11.9150390625,2004-01-13
"6223",12.0751953125,2004-01-14
"6224",10.14453125,2004-01-15
"6225",12.8251953125,2004-01-16
"6226",10.4345703125,2004-01-17
"6227",9.4150390625,2004-01-18
"6228",4.3251953125,2004-01-19
"6229",9.7353515625,2004-01-20
"6230",12.5048828125,2004-01-21
"6231",12.4150390625,2004-01-22
"6232",11.46484375,2004-01-23
"6233",12.1748046875,2004-01-24
"6234",12.0146484375,2004-01-25
"6235",13.025390625,2004-01-26
"6236",14.6953125,2004-01-27
"6237",10.2353515625,2004-01-28
"6238",12.2451171875,2004-01-29
"6239",13.294921875,2004-01-30
"6240",13.3349609375,2004-01-31
"6241",12.626953125,2004-02-01
"6242",12.3173828125,2004-02-02
"6243",11.63671875,2004-02-03
"6244",10.556640625,2004-02-04
"6245",6.357421875,2004-02-05
"6246",5.8173828125,2004-02-06
"6247",8.107421875,2004-02-07
"6248",11.037109375,2004-02-08
"6249",15.4072265625,2004-02-09
"6250",11.046875,2004-02-10
"6251",15.107421875,2004-02-11
"6252",16.787109375,2004-02-12
"6253",17.4365234375,2004-02-13
"6254",17.9169921875,2004-02-14
"6255",19.537109375,2004-02-15
"6256",19.806640625,2004-02-16
"6257",14.466796875,2004-02-17
"6258",11.3271484375,2004-02-18
"6259",9.1572265625,2004-02-19
"6260",10.6171875,2004-02-20
"6261",17.626953125,2004-02-21
"6262",14.9072265625,2004-02-22
"6263",11.6865234375,2004-02-23
"6264",12.5869140625,2004-02-24
"6265",11.3671875,2004-02-25
"6266",10.287109375,2004-02-26
"6267",14.1767578125,2004-02-27
"6268",11.537109375,2004-02-28
"6269",14.966796875,2004-02-29
"6270",6.751953125,2004-03-01
"6271",2.681640625,2004-03-02
"6272",2.7822265625,2004-03-03
"6273",7.65234375,2004-03-04
"6274",13.9921875,2004-03-05
"6275",14.8017578125,2004-03-06
"6276",10.2724609375,2004-03-07
"6277",6.6220703125,2004-03-08
"6278",14.7216796875,2004-03-09
"6279",10.7216796875,2004-03-10
"6280",12.01171875,2004-03-11
"6281",11.732421875,2004-03-12
"6282",11.51171875,2004-03-13
"6283",11.982421875,2004-03-14
"6284",12.251953125,2004-03-15
"6285",10.8115234375,2004-03-16
"6286",10.0224609375,2004-03-17
"6287",11.482421875,2004-03-18
"6288",8.7021484375,2004-03-19
"6289",7.15234375,2004-03-20
"6290",13.1015625,2004-03-21
"6291",9.0517578125,2004-03-22
"6292",9.751953125,2004-03-23
"6293",6.9716796875,2004-03-24
"6294",5.822265625,2004-03-25
"6295",11.3017578125,2004-03-26
"6296",7.01171875,2004-03-27
"6297",9.7216796875,2004-03-28
"6298",10.162109375,2004-03-29
"6299",9.26171875,2004-03-30
"6300",10.681640625,2004-03-31
"6301",14.2314453125,2004-04-01
"6302",11.5712890625,2004-04-02
"6303",12.861328125,2004-04-03
"6304",10.7509765625,2004-04-04
"6305",7.2314453125,2004-04-05
"6306",13.8212890625,2004-04-06
"6307",15.9111328125,2004-04-07
"6308",13.0712890625,2004-04-08
"6309",10.861328125,2004-04-09
"6310",7.470703125,2004-04-10
"6311",5.6611328125,2004-04-11
"6312",12.701171875,2004-04-12
"6313",7.9111328125,2004-04-13
"6314",12.28125,2004-04-14
"6315",17.5810546875,2004-04-15
"6316",14.6513671875,2004-04-16
"6317",11.4912109375,2004-04-17
"6318",10.9814453125,2004-04-18
"6319",7.2509765625,2004-04-19
"6320",6.5712890625,2004-04-20
"6321",7.7412109375,2004-04-21
"6322",6.6708984375,2004-04-22
"6323",9.041015625,2004-04-23
"6324",8.041015625,2004-04-24
"6325",7.861328125,2004-04-25
"6326",8.111328125,2004-04-26
"6327",8.640625,2004-04-27
"6328",8.2509765625,2004-04-28
"6329",10.4111328125,2004-04-29
"6330",13.060546875,2004-04-30
"6331",12.384765625,2004-05-01
"6332",8.705078125,2004-05-02
"6333",9.2646484375,2004-05-03
"6334",9.125,2004-05-04
"6335",12.3349609375,2004-05-05
"6336",9.455078125,2004-05-06
"6337",8.384765625,2004-05-07
"6338",8.125,2004-05-08
"6339",7.2646484375,2004-05-09
"6340",6.6953125,2004-05-10
"6341",5.8154296875,2004-05-11
"6342",5.4951171875,2004-05-12
"6343",11.6748046875,2004-05-13
"6344",12.474609375,2004-05-14
"6345",8.60546875,2004-05-15
"6346",10.5654296875,2004-05-16
"6347",10.6748046875,2004-05-17
"6348",14.2646484375,2004-05-18
"6349",11.1650390625,2004-05-19
"6350",10.794921875,2004-05-20
"6351",10.875,2004-05-21
"6352",6.9150390625,2004-05-22
"6353",13.9853515625,2004-05-23
"6354",7.9453125,2004-05-24
"6355",9.1650390625,2004-05-25
"6356",10.1650390625,2004-05-26
"6357",10.3447265625,2004-05-27
"6358",8.1552734375,2004-05-28
"6359",7.64453125,2004-05-29
"6360",8.3349609375,2004-05-30
"6361",8.2353515625,2004-05-31
"6362",13.201171875,2004-06-01
"6363",14.03125,2004-06-02
"6364",13.2314453125,2004-06-03
"6365",12.9912109375,2004-06-04
"6366",9.4912109375,2004-06-05
"6367",9.6806640625,2004-06-06
"6368",11.5810546875,2004-06-07
"6369",12.861328125,2004-06-08
"6370",14.0810546875,2004-06-09
"6371",11.9111328125,2004-06-10
"6372",11.2509765625,2004-06-11
"6373",12.9111328125,2004-06-12
"6374",14.271484375,2004-06-13
"6375",11.44140625,2004-06-14
"6376",12.4814453125,2004-06-15
"6377",10.1005859375,2004-06-16
"6378",9.1611328125,2004-06-17
"6379",9.5009765625,2004-06-18
"6380",10.720703125,2004-06-19
"6381",9.7314453125,2004-06-20
"6382",11.9609375,2004-06-21
"6383",10.9111328125,2004-06-22
"6384",8.87109375,2004-06-23
"6385",13.12109375,2004-06-24
"6386",10.9609375,2004-06-25
"6387",10.6005859375,2004-06-26
"6388",9.05078125,2004-06-27
"6389",6.94140625,2004-06-28
"6390",7.1708984375,2004-06-29
"6391",8.0009765625,2004-06-30
"6392",10.4228515625,2004-07-01
"6393",9.123046875,2004-07-02
"6394",5.873046875,2004-07-03
"6395",9.873046875,2004-07-04
"6396",7.4931640625,2004-07-05
"6397",8.3134765625,2004-07-06
"6398",7.642578125,2004-07-07
"6399",6.9130859375,2004-07-08
"6400",10.212890625,2004-07-09
"6401",9.2333984375,2004-07-10
"6402",10.693359375,2004-07-11
"6403",10.0029296875,2004-07-12
"6404",10.4326171875,2004-07-13
"6405",10.5634765625,2004-07-14
"6406",7.8330078125,2004-07-15
"6407",6.892578125,2004-07-16
"6408",7.953125,2004-07-17
"6409",6.892578125,2004-07-18
"6410",8.6826171875,2004-07-19
"6411",7.802734375,2004-07-20
"6412",7.0830078125,2004-07-21
"6413",6.4130859375,2004-07-22
"6414",7.3828125,2004-07-23
"6415",9.9833984375,2004-07-24
"6416",13.04296875,2004-07-25
"6417",12.1826171875,2004-07-26
"6418",9.36328125,2004-07-27
"6419",7.9833984375,2004-07-28
"6420",7.783203125,2004-07-29
"6421",6.943359375,2004-07-30
"6422",8.9228515625,2004-07-31
"6423",10.8837890625,2004-08-01
"6424",9.5537109375,2004-08-02
"6425",8.734375,2004-08-03
"6426",12.0341796875,2004-08-04
"6427",8.7841796875,2004-08-05
"6428",8.4638671875,2004-08-06
"6429",8.1142578125,2004-08-07
"6430",11.0244140625,2004-08-08
"6431",10.07421875,2004-08-09
"6432",9.744140625,2004-08-10
"6433",10.1240234375,2004-08-11
"6434",6.6142578125,2004-08-12
"6435",8.1142578125,2004-08-13
"6436",10.25390625,2004-08-14
"6437",7.5439453125,2004-08-15
"6438",10.013671875,2004-08-16
"6439",10.814453125,2004-08-17
"6440",10.3740234375,2004-08-18
"6441",8.744140625,2004-08-19
"6442",6.7841796875,2004-08-20
"6443",5.3837890625,2004-08-21
"6444",12.0439453125,2004-08-22
"6445",10.5439453125,2004-08-23
"6446",7.0244140625,2004-08-24
"6447",5.0439453125,2004-08-25
"6448",10.7744140625,2004-08-26
"6449",6.93359375,2004-08-27
"6450",7.2041015625,2004-08-28
"6451",11.673828125,2004-08-29
"6452",9.75390625,2004-08-30
"6453",10.994140625,2004-08-31
"6454",8.5771484375,2004-09-01
"6455",9.2265625,2004-09-02
"6456",7.4072265625,2004-09-03
"6457",7.3671875,2004-09-04
"6458",7.6669921875,2004-09-05
"6459",6.1865234375,2004-09-06
"6460",12.1669921875,2004-09-07
"6461",10.626953125,2004-09-08
"6462",10.4765625,2004-09-09
"6463",9.716796875,2004-09-10
"6464",7.8369140625,2004-09-11
"6465",8.037109375,2004-09-12
"6466",7.966796875,2004-09-13
"6467",7.947265625,2004-09-14
"6468",7.626953125,2004-09-15
"6469",8.2666015625,2004-09-16
"6470",6.0771484375,2004-09-17
"6471",7.95703125,2004-09-18
"6472",5.287109375,2004-09-19
"6473",4.0166015625,2004-09-20
"6474",3.716796875,2004-09-21
"6475",2.6474609375,2004-09-22
"6476",10.3369140625,2004-09-23
"6477",9.5869140625,2004-09-24
"6478",7.8369140625,2004-09-25
"6479",5.376953125,2004-09-26
"6480",12.9169921875,2004-09-27
"6481",15.046875,2004-09-28
"6482",14.6572265625,2004-09-29
"6483",14.9169921875,2004-09-30
"6484",13.6982421875,2004-10-01
"6485",12.1181640625,2004-10-02
"6486",11.8984375,2004-10-03
"6487",10.59765625,2004-10-04
"6488",12.7783203125,2004-10-05
"6489",9.4580078125,2004-10-06
"6490",9.2275390625,2004-10-07
"6491",8.4677734375,2004-10-08
"6492",8.568359375,2004-10-09
"6493",6.3984375,2004-10-10
"6494",7.7177734375,2004-10-11
"6495",4.3076171875,2004-10-12
"6496",12.9384765625,2004-10-13
"6497",8.427734375,2004-10-14
"6498",7.2177734375,2004-10-15
"6499",5.9482421875,2004-10-16
"6500",4.1376953125,2004-10-17
"6501",7.6181640625,2004-10-18
"6502",5.5078125,2004-10-19
"6503",4.2978515625,2004-10-20
"6504",9.1279296875,2004-10-21
"6505",12.2978515625,2004-10-22
"6506",12.2275390625,2004-10-23
"6507",10.587890625,2004-10-24
"6508",6.7578125,2004-10-25
"6509",9.6484375,2004-10-26
"6510",6.2177734375,2004-10-27
"6511",6.6884765625,2004-10-28
"6512",11.328125,2004-10-29
"6513",3.8681640625,2004-10-30
"6514",5.248046875,2004-10-31
"6515",9.126953125,2004-11-01
"6516",10.20703125,2004-11-02
"6517",6.306640625,2004-11-03
"6518",14.3173828125,2004-11-04
"6519",11.216796875,2004-11-05
"6520",10.0869140625,2004-11-06
"6521",9.8974609375,2004-11-07
"6522",7.9970703125,2004-11-08
"6523",6.1767578125,2004-11-09
"6524",7.046875,2004-11-10
"6525",12.697265625,2004-11-11
"6526",7.9365234375,2004-11-12
"6527",10.556640625,2004-11-13
"6528",10.107421875,2004-11-14
"6529",10.5771484375,2004-11-15
"6530",9.556640625,2004-11-16
"6531",3.966796875,2004-11-17
"6532",8.796875,2004-11-18
"6533",8.056640625,2004-11-19
"6534",6.7265625,2004-11-20
"6535",8.546875,2004-11-21
"6536",9.806640625,2004-11-22
"6537",6.6865234375,2004-11-23
"6538",6.876953125,2004-11-24
"6539",6.296875,2004-11-25
"6540",4.376953125,2004-11-26
"6541",3.7265625,2004-11-27
"6542",5.6669921875,2004-11-28
"6543",8.6572265625,2004-11-29
"6544",14.607421875,2004-11-30
"6545",10.6611328125,2004-12-01
"6546",8.80078125,2004-12-02
"6547",4.9111328125,2004-12-03
"6548",12.8505859375,2004-12-04
"6549",12.9013671875,2004-12-05
"6550",11.380859375,2004-12-06
"6551",12.4609375,2004-12-07
"6552",15.1513671875,2004-12-08
"6553",18.2109375,2004-12-09
"6554",14.5712890625,2004-12-10
"6555",16.0009765625,2004-12-11
"6556",15.5107421875,2004-12-12
"6557",13.6806640625,2004-12-13
"6558",13.5009765625,2004-12-14
"6559",13.69140625,2004-12-15
"6560",7.0107421875,2004-12-16
"6561",4.0009765625,2004-12-17
"6562",4.2109375,2004-12-18
"6563",12.6005859375,2004-12-19
"6564",10.5908203125,2004-12-20
"6565",7.791015625,2004-12-21
"6566",4.1708984375,2004-12-22
"6567",13.69140625,2004-12-23
"6568",12.970703125,2004-12-24
"6569",10.1611328125,2004-12-25
"6570",8.951171875,2004-12-26
"6571",10.05078125,2004-12-27
"6572",8.19140625,2004-12-28
"6573",8.53125,2004-12-29
"6574",9.2607421875,2004-12-30
"6575",5.30078125,2004-12-31
"6576",8.294921875,2005-01-01
"6577",10.0546875,2005-01-02
"6578",21.375,2005-01-03
"6579",9.8046875,2005-01-04
"6580",11.8447265625,2005-01-05
"6581",9.9951171875,2005-01-06
"6582",9.0751953125,2005-01-07
"6583",8.0751953125,2005-01-08
"6584",5.275390625,2005-01-09
"6585",3.384765625,2005-01-10
"6586",4.0751953125,2005-01-11
"6587",14.294921875,2005-01-12
"6588",10.9248046875,2005-01-13
"6589",8.5146484375,2005-01-14
"6590",14.5947265625,2005-01-15
"6591",12.4052734375,2005-01-16
"6592",10.4052734375,2005-01-17
"6593",10.955078125,2005-01-18
"6594",9.0654296875,2005-01-19
"6595",14.64453125,2005-01-20
"6596",14.28515625,2005-01-21
"6597",12.224609375,2005-01-22
"6598",13.1650390625,2005-01-23
"6599",12.1552734375,2005-01-24
"6600",9.0146484375,2005-01-25
"6601",12.384765625,2005-01-26
"6602",16.46484375,2005-01-27
"6603",19.5849609375,2005-01-28
"6604",20.1748046875,2005-01-29
"6605",15.6650390625,2005-01-30
"6606",14.455078125,2005-01-31
"6607",9.9169921875,2005-02-01
"6608",8.95703125,2005-02-02
"6609",9.5068359375,2005-02-03
"6610",10.3466796875,2005-02-04
"6611",13.716796875,2005-02-05
"6612",8.8466796875,2005-02-06
"6613",12.4765625,2005-02-07
"6614",12.6572265625,2005-02-08
"6615",12.3974609375,2005-02-09
"6616",13.3173828125,2005-02-10
"6617",11.7373046875,2005-02-11
"6618",16.216796875,2005-02-12
"6619",9.3369140625,2005-02-13
"6620",4.787109375,2005-02-14
"6621",4.4267578125,2005-02-15
"6622",13.1865234375,2005-02-16
"6623",9.20703125,2005-02-17
"6624",11.4970703125,2005-02-18
"6625",12.857421875,2005-02-19
"6626",12.306640625,2005-02-20
"6627",11.9365234375,2005-02-21
"6628",5.966796875,2005-02-22
"6629",9.787109375,2005-02-23
"6630",15.6572265625,2005-02-24
"6631",13.4072265625,2005-02-25
"6632",13.0673828125,2005-02-26
"6633",9.4970703125,2005-02-27
"6634",4.7373046875,2005-02-28
"6635",3.7119140625,2005-03-01
"6636",13.2119140625,2005-03-02
"6637",11.4921875,2005-03-03
"6638",11.7724609375,2005-03-04
"6639",13.2724609375,2005-03-05
"6640",8.3623046875,2005-03-06
"6641",8.7119140625,2005-03-07
"6642",9.7216796875,2005-03-08
"6643",5.15234375,2005-03-09
"6644",8.6123046875,2005-03-10
"6645",4.2216796875,2005-03-11
"6646",3.6416015625,2005-03-12
"6647",15.3916015625,2005-03-13
"6648",13.2919921875,2005-03-14
"6649",15.9619140625,2005-03-15
"6650",16.3818359375,2005-03-16
"6651",9.3515625,2005-03-17
"6652",8.982421875,2005-03-18
"6653",8.2421875,2005-03-19
"6654",8.091796875,2005-03-20
"6655",10.3017578125,2005-03-21
"6656",12.681640625,2005-03-22
"6657",10.2421875,2005-03-23
"6658",11.091796875,2005-03-24
"6659",10.90234375,2005-03-25
"6660",11.1416015625,2005-03-26
"6661",6.33203125,2005-03-27
"6662",6.072265625,2005-03-28
"6663",3.15234375,2005-03-29
"6664",6.9423828125,2005-03-30
"6665",9.162109375,2005-03-31
"6666",13.810546875,2005-04-01
"6667",14.05078125,2005-04-02
"6668",15.03125,2005-04-03
"6669",8.69140625,2005-04-04
"6670",6.810546875,2005-04-05
"6671",8.111328125,2005-04-06
"6672",11.6611328125,2005-04-07
"6673",8.44140625,2005-04-08
"6674",9.7412109375,2005-04-09
"6675",13.9609375,2005-04-10
"6676",16.220703125,2005-04-11
"6677",12.2314453125,2005-04-12
"6678",9.6005859375,2005-04-13
"6679",14.0107421875,2005-04-14
"6680",9.3212890625,2005-04-15
"6681",9.541015625,2005-04-16
"6682",6.521484375,2005-04-17
"6683",12.2509765625,2005-04-18
"6684",10.4111328125,2005-04-19
"6685",8.69140625,2005-04-20
"6686",5.640625,2005-04-21
"6687",4.7412109375,2005-04-22
"6688",4.37109375,2005-04-23
"6689",5.9306640625,2005-04-24
"6690",11.4912109375,2005-04-25
"6691",10.890625,2005-04-26
"6692",7.2509765625,2005-04-27
"6693",5.4609375,2005-04-28
"6694",13.62109375,2005-04-29
"6695",9.041015625,2005-04-30
"6696",10.044921875,2005-05-01
"6697",6.9150390625,2005-05-02
"6698",5.9453125,2005-05-03
"6699",5.375,2005-05-04
"6700",11.53515625,2005-05-05
"6701",12.224609375,2005-05-06
"6702",8.1845703125,2005-05-07
"6703",8.625,2005-05-08
"6704",10.4951171875,2005-05-09
"6705",11.3447265625,2005-05-10
"6706",11.2646484375,2005-05-11
"6707",10.0048828125,2005-05-12
"6708",8.2451171875,2005-05-13
"6709",13.6552734375,2005-05-14
"6710",15.35546875,2005-05-15
"6711",13.634765625,2005-05-16
"6712",11.134765625,2005-05-17
"6713",8.9853515625,2005-05-18
"6714",9.78515625,2005-05-19
"6715",6.474609375,2005-05-20
"6716",4.9951171875,2005-05-21
"6717",5.21484375,2005-05-22
"6718",4.1845703125,2005-05-23
"6719",3.865234375,2005-05-24
"6720",13.615234375,2005-05-25
"6721",9.35546875,2005-05-26
"6722",9.1552734375,2005-05-27
"6723",11.6845703125,2005-05-28
"6724",8.8251953125,2005-05-29
"6725",7.53515625,2005-05-30
"6726",9.71484375,2005-05-31
"6727",11.3505859375,2005-06-01
"6728",8.19140625,2005-06-02
"6729",7.2509765625,2005-06-03
"6730",6.55078125,2005-06-04
"6731",6.30078125,2005-06-05
"6732",5.220703125,2005-06-06
"6733",6.9609375,2005-06-07
"6734",12.80078125,2005-06-08
"6735",16.9111328125,2005-06-09
"6736",16.6611328125,2005-06-10
"6737",9.0810546875,2005-06-11
"6738",8.470703125,2005-06-12
"6739",7.771484375,2005-06-13
"6740",5.80078125,2005-06-14
"6741",8.470703125,2005-06-15
"6742",7.9609375,2005-06-16
"6743",6.44140625,2005-06-17
"6744",12.2412109375,2005-06-18
"6745",8.630859375,2005-06-19
"6746",8.2314453125,2005-06-20
"6747",10.291015625,2005-06-21
"6748",10.291015625,2005-06-22
"6749",8.4111328125,2005-06-23
"6750",9.470703125,2005-06-24
"6751",9.0712890625,2005-06-25
"6752",9.771484375,2005-06-26
"6753",10.041015625,2005-06-27
"6754",9.791015625,2005-06-28
"6755",8.30078125,2005-06-29
"6756",7.6708984375,2005-06-30
"6757",9.0830078125,2005-07-01
"6758",10.8330078125,2005-07-02
"6759",10.642578125,2005-07-03
"6760",9.392578125,2005-07-04
"6761",7.462890625,2005-07-05
"6762",7.6728515625,2005-07-06
"6763",9.5234375,2005-07-07
"6764",10.123046875,2005-07-08
"6765",8.1533203125,2005-07-09
"6766",8.4931640625,2005-07-10
"6767",7.9833984375,2005-07-11
"6768",10.392578125,2005-07-12
"6769",10.8427734375,2005-07-13
"6770",8.8828125,2005-07-14
"6771",10.712890625,2005-07-15
"6772",9.5126953125,2005-07-16
"6773",9.533203125,2005-07-17
"6774",7.79296875,2005-07-18
"6775",6.61328125,2005-07-19
"6776",7.302734375,2005-07-20
"6777",7.0927734375,2005-07-21
"6778",8.04296875,2005-07-22
"6779",9.052734375,2005-07-23
"6780",10.1728515625,2005-07-24
"6781",9.552734375,2005-07-25
"6782",9.3232421875,2005-07-26
"6783",10.642578125,2005-07-27
"6784",9.36328125,2005-07-28
"6785",8.533203125,2005-07-29
"6786",8.453125,2005-07-30
"6787",9.6728515625,2005-07-31
"6788",9.43359375,2005-08-01
"6789",8.2841796875,2005-08-02
"6790",11.2841796875,2005-08-03
"6791",9.07421875,2005-08-04
"6792",7.333984375,2005-08-05
"6793",5.103515625,2005-08-06
"6794",4.673828125,2005-08-07
"6795",9.5341796875,2005-08-08
"6796",5.1142578125,2005-08-09
"6797",10.5537109375,2005-08-10
"6798",6.6240234375,2005-08-11
"6799",7.7138671875,2005-08-12
"6800",5.7138671875,2005-08-13
"6801",3.923828125,2005-08-14
"6802",9.57421875,2005-08-15
"6803",6.9443359375,2005-08-16
"6804",5.5537109375,2005-08-17
"6805",4.57421875,2005-08-18
"6806",10.484375,2005-08-19
"6807",8.6240234375,2005-08-20
"6808",10.8037109375,2005-08-21
"6809",10.654296875,2005-08-22
"6810",11.5537109375,2005-08-23
"6811",6.9541015625,2005-08-24
"6812",6.2138671875,2005-08-25
"6813",5.4140625,2005-08-26
"6814",5.1142578125,2005-08-27
"6815",11.494140625,2005-08-28
"6816",9.244140625,2005-08-29
"6817",10.7841796875,2005-08-30
"6818",7.34375,2005-08-31
"6819",6.626953125,2005-09-01
"6820",4.77734375,2005-09-02
"6821",14.3369140625,2005-09-03
"6822",12.3369140625,2005-09-04
"6823",10.697265625,2005-09-05
"6824",8.8671875,2005-09-06
"6825",7.70703125,2005-09-07
"6826",10.0673828125,2005-09-08
"6827",10.2373046875,2005-09-09
"6828",5.056640625,2005-09-10
"6829",9.9365234375,2005-09-11
"6830",7.3974609375,2005-09-12
"6831",6.0673828125,2005-09-13
"6832",11.4873046875,2005-09-14
"6833",10.056640625,2005-09-15
"6834",9.7470703125,2005-09-16
"6835",8.4873046875,2005-09-17
"6836",6.8974609375,2005-09-18
"6837",9.716796875,2005-09-19
"6838",9.296875,2005-09-20
"6839",5.63671875,2005-09-21
"6840",13.607421875,2005-09-22
"6841",11.5068359375,2005-09-23
"6842",12.1865234375,2005-09-24
"6843",16.9365234375,2005-09-25
"6844",11.63671875,2005-09-26
"6845",11.7265625,2005-09-27
"6846",11.4072265625,2005-09-28
"6847",8.537109375,2005-09-29
"6848",3.5673828125,2005-09-30
"6849",8.16796875,2005-10-01
"6850",7.2578125,2005-10-02
"6851",10.2880859375,2005-10-03
"6852",8.267578125,2005-10-04
"6853",9.837890625,2005-10-05
"6854",10.578125,2005-10-06
"6855",10.1376953125,2005-10-07
"6856",9.568359375,2005-10-08
"6857",6.927734375,2005-10-09
"6858",4.318359375,2005-10-10
"6859",7.1181640625,2005-10-11
"6860",7.0380859375,2005-10-12
"6861",4.4384765625,2005-10-13
"6862",8.2783203125,2005-10-14
"6863",8.7275390625,2005-10-15
"6864",9.5380859375,2005-10-16
"6865",6.8876953125,2005-10-17
"6866",14.9775390625,2005-10-18
"6867",14.337890625,2005-10-19
"6868",11.8583984375,2005-10-20
"6869",12.517578125,2005-10-21
"6870",9.5283203125,2005-10-22
"6871",10.078125,2005-10-23
"6872",10.568359375,2005-10-24
"6873",10.3076171875,2005-10-25
"6874",8.587890625,2005-10-26
"6875",7.837890625,2005-10-27
"6876",4.578125,2005-10-28
"6877",15.5283203125,2005-10-29
"6878",14.66796875,2005-10-30
"6879",13.1279296875,2005-10-31
"6880",8.4169921875,2005-11-01
"6881",17.697265625,2005-11-02
"6882",9.8271484375,2005-11-03
"6883",8.537109375,2005-11-04
"6884",5.796875,2005-11-05
"6885",18.8974609375,2005-11-06
"6886",11.77734375,2005-11-07
"6887",13.4970703125,2005-11-08
"6888",12.38671875,2005-11-09
"6889",8.806640625,2005-11-10
"6890",8.056640625,2005-11-11
"6891",9.0673828125,2005-11-12
"6892",9.0869140625,2005-11-13
"6893",5.3466796875,2005-11-14
"6894",12.2568359375,2005-11-15
"6895",6.0673828125,2005-11-16
"6896",3.4970703125,2005-11-17
"6897",7.357421875,2005-11-18
"6898",12.046875,2005-11-19
"6899",10.376953125,2005-11-20
"6900",10.7470703125,2005-11-21
"6901",11.4765625,2005-11-22
"6902",11.4873046875,2005-11-23
"6903",10.1767578125,2005-11-24
"6904",7.4365234375,2005-11-25
"6905",7.5869140625,2005-11-26
"6906",7.9267578125,2005-11-27
"6907",9.2470703125,2005-11-28
"6908",8.2568359375,2005-11-29
"6909",11.5673828125,2005-11-30
"6910",13.951171875,2005-12-01
"6911",12.130859375,2005-12-02
"6912",9.7412109375,2005-12-03
"6913",9.291015625,2005-12-04
"6914",10.05078125,2005-12-05
"6915",12.140625,2005-12-06
"6916",9.201171875,2005-12-07
"6917",10.4111328125,2005-12-08
"6918",10.390625,2005-12-09
"6919",9.94140625,2005-12-10
"6920",11.6806640625,2005-12-11
"6921",21.7509765625,2005-12-12
"6922",10.640625,2005-12-13
"6923",12.361328125,2005-12-14
"6924",10.2607421875,2005-12-15
"6925",10.37109375,2005-12-16
"6926",12.2412109375,2005-12-17
"6927",10.37109375,2005-12-18
"6928",8.6611328125,2005-12-19
"6929",4.87109375,2005-12-20
"6930",11.62109375,2005-12-21
"6931",15.30078125,2005-12-22
"6932",7.6005859375,2005-12-23
"6933",8.53125,2005-12-24
"6934",10.541015625,2005-12-25
"6935",11.7314453125,2005-12-26
"6936",4.951171875,2005-12-27
"6937",12.791015625,2005-12-28
"6938",6.94140625,2005-12-29
"6939",5.060546875,2005-12-30
"6940",16.80078125,2005-12-31
"6941",21.7548828125,2006-01-01
"6942",20.875,2006-01-02
"6943",14.9052734375,2006-01-03
"6944",11.60546875,2006-01-04
"6945",11.2646484375,2006-01-05
"6946",16.6650390625,2006-01-06
"6947",7.724609375,2006-01-07
"6948",5.4453125,2006-01-08
"6949",10.4248046875,2006-01-09
"6950",16.6748046875,2006-01-10
"6951",15.955078125,2006-01-11
"6952",13.6748046875,2006-01-12
"6953",10.7646484375,2006-01-13
"6954",13.8046875,2006-01-14
"6955",12.3154296875,2006-01-15
"6956",14.89453125,2006-01-16
"6957",16.5849609375,2006-01-17
"6958",14.705078125,2006-01-18
"6959",16.9345703125,2006-01-19
"6960",14.6953125,2006-01-20
"6961",14.3046875,2006-01-21
"6962",9.955078125,2006-01-22
"6963",18.4150390625,2006-01-23
"6964",11.5546875,2006-01-24
"6965",11.1953125,2006-01-25
"6966",14.724609375,2006-01-26
"6967",16.974609375,2006-01-27
"6968",19.455078125,2006-01-28
"6969",19.28515625,2006-01-29
"6970",15.3046875,2006-01-30
"6971",11.5947265625,2006-01-31
"6972",13.6171875,2006-02-01
"6973",14.5966796875,2006-02-02
"6974",14.697265625,2006-02-03
"6975",13.046875,2006-02-04
"6976",11.697265625,2006-02-05
"6977",10.0166015625,2006-02-06
"6978",8.197265625,2006-02-07
"6979",2.216796875,2006-02-08
"6980",12.3466796875,2006-02-09
"6981",9.95703125,2006-02-10
"6982",11.2265625,2006-02-11
"6983",11.306640625,2006-02-12
"6984",13.0966796875,2006-02-13
"6985",10.1767578125,2006-02-14
"6986",11.0166015625,2006-02-15
"6987",8.8974609375,2006-02-16
"6988",15.0869140625,2006-02-17
"6989",14.697265625,2006-02-18
"6990",13.3466796875,2006-02-19
"6991",12.5068359375,2006-02-20
"6992",12.20703125,2006-02-21
"6993",13.9765625,2006-02-22
"6994",18.27734375,2006-02-23
"6995",21.7568359375,2006-02-24
"6996",16.876953125,2006-02-25
"6997",15.2568359375,2006-02-26
"6998",13.287109375,2006-02-27
"6999",11.6474609375,2006-02-28
"7000",9.822265625,2006-03-01
"7001",10.671875,2006-03-02
"7002",15.232421875,2006-03-03
"7003",12.3818359375,2006-03-04
"7004",11.931640625,2006-03-05
"7005",16.6318359375,2006-03-06
"7006",13.3515625,2006-03-07
"7007",11.8623046875,2006-03-08
"7008",10.091796875,2006-03-09
"7009",10.001953125,2006-03-10
"7010",5.412109375,2006-03-11
"7011",16.65234375,2006-03-12
"7012",17.482421875,2006-03-13
"7013",12.2119140625,2006-03-14
"7014",17.0322265625,2006-03-15
"7015",14.7021484375,2006-03-16
"7016",12.3720703125,2006-03-17
"7017",12.482421875,2006-03-18
"7018",13.3720703125,2006-03-19
"7019",11.7822265625,2006-03-20
"7020",10.2919921875,2006-03-21
"7021",11.591796875,2006-03-22
"7022",13.8720703125,2006-03-23
"7023",13.8916015625,2006-03-24
"7024",13.181640625,2006-03-25
"7025",12.1123046875,2006-03-26
"7026",15.091796875,2006-03-27
"7027",13.8515625,2006-03-28
"7028",17.2216796875,2006-03-29
"7029",12.76171875,2006-03-30
"7030",11.822265625,2006-03-31
"7031",10.44140625,2006-04-01
"7032",9.4208984375,2006-04-02
"7033",9.5712890625,2006-04-03
"7034",15.3310546875,2006-04-04
"7035",12.9111328125,2006-04-05
"7036",10.1611328125,2006-04-06
"7037",12.470703125,2006-04-07
"7038",11.7412109375,2006-04-08
"7039",9.94140625,2006-04-09
"7040",5.220703125,2006-04-10
"7041",7.7314453125,2006-04-11
"7042",14.0712890625,2006-04-12
"7043",13.37109375,2006-04-13
"7044",10.37109375,2006-04-14
"7045",7.9013671875,2006-04-15
"7046",5.3505859375,2006-04-16
"7047",8.970703125,2006-04-17
"7048",11.9912109375,2006-04-18
"7049",10.2314453125,2006-04-19
"7050",11.4609375,2006-04-20
"7051",11.44140625,2006-04-21
"7052",9.8310546875,2006-04-22
"7053",8.0712890625,2006-04-23
"7054",5.9912109375,2006-04-24
"7055",6.560546875,2006-04-25
"7056",6.03125,2006-04-26
"7057",4.4013671875,2006-04-27
"7058",13.201171875,2006-04-28
"7059",13.9208984375,2006-04-29
"7060",12.041015625,2006-04-30
"7061",12.4248046875,2006-05-01
"7062",9.955078125,2006-05-02
"7063",14.2353515625,2006-05-03
"7064",12.2646484375,2006-05-04
"7065",10.9453125,2006-05-05
"7066",10.3251953125,2006-05-06
"7067",8.1953125,2006-05-07
"7068",10.1845703125,2006-05-08
"7069",9.134765625,2006-05-09
"7070",11.6953125,2006-05-10
"7071",10.365234375,2006-05-11
"7072",8.9853515625,2006-05-12
"7073",8.3349609375,2006-05-13
"7074",9.21484375,2006-05-14
"7075",8.275390625,2006-05-15
"7076",7.3046875,2006-05-16
"7077",7.025390625,2006-05-17
"7078",7.134765625,2006-05-18
"7079",7.115234375,2006-05-19
"7080",11.9453125,2006-05-20
"7081",8.9345703125,2006-05-21
"7082",7.4150390625,2006-05-22
"7083",7.474609375,2006-05-23
"7084",5.6953125,2006-05-24
"7085",4.2646484375,2006-05-25
"7086",8.60546875,2006-05-26
"7087",11.0654296875,2006-05-27
"7088",9.634765625,2006-05-28
"7089",9.2451171875,2006-05-29
"7090",6.9453125,2006-05-30
"7091",7.634765625,2006-05-31
"7092",10.951171875,2006-06-01
"7093",11.2412109375,2006-06-02
"7094",10.4111328125,2006-06-03
"7095",10.2412109375,2006-06-04
"7096",8.94140625,2006-06-05
"7097",7.7607421875,2006-06-06
"7098",6.80078125,2006-06-07
"7099",5.390625,2006-06-08
"7100",5.291015625,2006-06-09
"7101",8.4814453125,2006-06-10
"7102",9.3505859375,2006-06-11
"7103",6.611328125,2006-06-12
"7104",6.0810546875,2006-06-13
"7105",5.19140625,2006-06-14
"7106",4.9013671875,2006-06-15
"7107",6.1513671875,2006-06-16
"7108",6.560546875,2006-06-17
"7109",7.140625,2006-06-18
"7110",5.880859375,2006-06-19
"7111",5.8310546875,2006-06-20
"7112",6.640625,2006-06-21
"7113",6.9306640625,2006-06-22
"7114",9.55078125,2006-06-23
"7115",8.7109375,2006-06-24
"7116",6.8212890625,2006-06-25
"7117",7.1806640625,2006-06-26
"7118",6.28125,2006-06-27
"7119",4.560546875,2006-06-28
"7120",7.720703125,2006-06-29
"7121",9.2509765625,2006-06-30
"7122",8.2333984375,2006-07-01
"7123",10.203125,2006-07-02
"7124",8.1728515625,2006-07-03
"7125",7.1728515625,2006-07-04
"7126",6.5732421875,2006-07-05
"7127",9.453125,2006-07-06
"7128",10.6728515625,2006-07-07
"7129",7.453125,2006-07-08
"7130",6.0732421875,2006-07-09
"7131",5.7626953125,2006-07-10
"7132",9.1025390625,2006-07-11
"7133",9.5732421875,2006-07-12
"7134",6.47265625,2006-07-13
"7135",10.0732421875,2006-07-14
"7136",11.0634765625,2006-07-15
"7137",10.533203125,2006-07-16
"7138",10.802734375,2006-07-17
"7139",9.6630859375,2006-07-18
"7140",8.6826171875,2006-07-19
"7141",9.1728515625,2006-07-20
"7142",9.033203125,2006-07-21
"7143",7.8427734375,2006-07-22
"7144",9.9326171875,2006-07-23
"7145",10.47265625,2006-07-24
"7146",9.9326171875,2006-07-25
"7147",9.1630859375,2006-07-26
"7148",7.97265625,2006-07-27
"7149",7.4130859375,2006-07-28
"7150",9.392578125,2006-07-29
"7151",8.033203125,2006-07-30
"7152",7.5126953125,2006-07-31
"7153",7.6142578125,2006-08-01
"7154",8.353515625,2006-08-02
"7155",10.734375,2006-08-03
"7156",8.8037109375,2006-08-04
"7157",7.4736328125,2006-08-05
"7158",8.1337890625,2006-08-06
"7159",7.654296875,2006-08-07
"7160",6.1435546875,2006-08-08
"7161",10.1337890625,2006-08-09
"7162",8.9140625,2006-08-10
"7163",6.7236328125,2006-08-11
"7164",6.263671875,2006-08-12
"7165",4.333984375,2006-08-13
"7166",11.744140625,2006-08-14
"7167",8.2841796875,2006-08-15
"7168",3.814453125,2006-08-16
"7169",9.6943359375,2006-08-17
"7170",8.013671875,2006-08-18
"7171",5.4140625,2006-08-19
"7172",3.564453125,2006-08-20
"7173",12.103515625,2006-08-21
"7174",7.25390625,2006-08-22
"7175",5.5439453125,2006-08-23
"7176",12.744140625,2006-08-24
"7177",11.7939453125,2006-08-25
"7178",7.8935546875,2006-08-26
"7179",8.32421875,2006-08-27
"7180",10.07421875,2006-08-28
"7181",8.513671875,2006-08-29
"7182",7.00390625,2006-08-30
"7183",5.7841796875,2006-08-31
"7184",6.546875,2006-09-01
"7185",8.107421875,2006-09-02
"7186",11.2373046875,2006-09-03
"7187",8.4765625,2006-09-04
"7188",6.697265625,2006-09-05
"7189",6.8974609375,2006-09-06
"7190",8.9365234375,2006-09-07
"7191",9.88671875,2006-09-08
"7192",8.0166015625,2006-09-09
"7193",8.787109375,2006-09-10
"7194",5.716796875,2006-09-11
"7195",5.197265625,2006-09-12
"7196",5.126953125,2006-09-13
"7197",7.716796875,2006-09-14
"7198",5.6474609375,2006-09-15
"7199",4.7568359375,2006-09-16
"7200",3.966796875,2006-09-17
"7201",3.3466796875,2006-09-18
"7202",3.8173828125,2006-09-19
"7203",10.1171875,2006-09-20
"7204",5.287109375,2006-09-21
"7205",7.9765625,2006-09-22
"7206",8.3974609375,2006-09-23
"7207",8.107421875,2006-09-24
"7208",6.4072265625,2006-09-25
"7209",4.45703125,2006-09-26
"7210",7.70703125,2006-09-27
"7211",8.7470703125,2006-09-28
"7212",8.216796875,2006-09-29
"7213",7.8974609375,2006-09-30
"7214",5.658203125,2006-10-01
"7215",8.6484375,2006-10-02
"7216",5.517578125,2006-10-03
"7217",3.908203125,2006-10-04
"7218",7.34765625,2006-10-05
"7219",6.7080078125,2006-10-06
"7220",3.0478515625,2006-10-07
"7221",8.8876953125,2006-10-08
"7222",5.328125,2006-10-09
"7223",2.2275390625,2006-10-10
"7224",2.23828125,2006-10-11
"7225",3.998046875,2006-10-12
"7226",8.5576171875,2006-10-13
"7227",10.568359375,2006-10-14
"7228",11.48828125,2006-10-15
"7229",13.498046875,2006-10-16
"7230",8.0283203125,2006-10-17
"7231",9.3984375,2006-10-18
"7232",10.2783203125,2006-10-19
"7233",12.7880859375,2006-10-20
"7234",7.078125,2006-10-21
"7235",2.6279296875,2006-10-22
"7236",2.0478515625,2006-10-23
"7237",3.318359375,2006-10-24
"7238",11.1181640625,2006-10-25
"7239",7.7080078125,2006-10-26
"7240",9.2080078125,2006-10-27
"7241",7.6484375,2006-10-28
"7242",7.8076171875,2006-10-29
"7243",6.0078125,2006-10-30
"7244",4.248046875,2006-10-31
"7245",7.6767578125,2006-11-01
"7246",14.27734375,2006-11-02
"7247",10.0966796875,2006-11-03
"7248",11.376953125,2006-11-04
"7249",12.3271484375,2006-11-05
"7250",10.966796875,2006-11-06
"7251",10.466796875,2006-11-07
"7252",8.7568359375,2006-11-08
"7253",4.5673828125,2006-11-09
"7254",3.5673828125,2006-11-10
"7255",13.95703125,2006-11-11
"7256",16.5966796875,2006-11-12
"7257",13.02734375,2006-11-13
"7258",8.8369140625,2006-11-14
"7259",9.1767578125,2006-11-15
"7260",6.447265625,2006-11-16
"7261",4.5966796875,2006-11-17
"7262",1.6669921875,2006-11-18
"7263",0.546875,2006-11-19
"7264",2.216796875,2006-11-20
"7265",8.5166015625,2006-11-21
"7266",11.947265625,2006-11-22
"7267",12.216796875,2006-11-23
"7268",10.4072265625,2006-11-24
"7269",4.2265625,2006-11-25
"7270",9.4267578125,2006-11-26
"7271",10.8173828125,2006-11-27
"7272",10.447265625,2006-11-28
"7273",4.1572265625,2006-11-29
"7274",8.38671875,2006-11-30
"7275",9.771484375,2006-12-01
"7276",8.8505859375,2006-12-02
"7277",8.5712890625,2006-12-03
"7278",7.951171875,2006-12-04
"7279",3.3310546875,2006-12-05
"7280",13.6806640625,2006-12-06
"7281",8.55078125,2006-12-07
"7282",5.880859375,2006-12-08
"7283",6.8310546875,2006-12-09
"7284",9.0009765625,2006-12-10
"7285",10.380859375,2006-12-11
"7286",7.2509765625,2006-12-12
"7287",5.62109375,2006-12-13
"7288",16.4208984375,2006-12-14
"7289",15.880859375,2006-12-15
"7290",9.810546875,2006-12-16
"7291",4.30078125,2006-12-17
"7292",2.1708984375,2006-12-18
"7293",3.2109375,2006-12-19
"7294",9.0810546875,2006-12-20
"7295",22.4306640625,2006-12-21
"7296",18.951171875,2006-12-22
"7297",13.380859375,2006-12-23
"7298",9.5810546875,2006-12-24
"7299",7.4208984375,2006-12-25
"7300",7.6513671875,2006-12-26
"7301",10.94140625,2006-12-27
"7302",9.2607421875,2006-12-28
"7303",9.4013671875,2006-12-29
"7304",10.0908203125,2006-12-30
"7305",13.0009765625,2006-12-31
"7306",13.5048828125,2007-01-01
"7307",13.5546875,2007-01-02
"7308",10.8251953125,2007-01-03
"7309",13.6650390625,2007-01-04
"7310",18.125,2007-01-05
"7311",19.0546875,2007-01-06
"7312",14.85546875,2007-01-07
"7313",12.4150390625,2007-01-08
"7314",11.875,2007-01-09
"7315",7.0751953125,2007-01-10
"7316",12.224609375,2007-01-11
"7317",11.9453125,2007-01-12
"7318",14.8447265625,2007-01-13
"7319",11.3349609375,2007-01-14
"7320",11.9150390625,2007-01-15
"7321",8.705078125,2007-01-16
"7322",17.384765625,2007-01-17
"7323",26.1953125,2007-01-18
"7324",27.044921875,2007-01-19
"7325",23.224609375,2007-01-20
"7326",11.9453125,2007-01-21
"7327",13.7646484375,2007-01-22
"7328",17.375,2007-01-23
"7329",12.0947265625,2007-01-24
"7330",11.6845703125,2007-01-25
"7331",11.705078125,2007-01-26
"7332",12.5751953125,2007-01-27
"7333",10.3447265625,2007-01-28
"7334",15.03515625,2007-01-29
"7335",11.8154296875,2007-01-30
"7336",14.5654296875,2007-01-31
"7337",13.9072265625,2007-02-01
"7338",12.6669921875,2007-02-02
"7339",9.6572265625,2007-02-03
"7340",8.4765625,2007-02-04
"7341",10.4267578125,2007-02-05
"7342",16.9072265625,2007-02-06
"7343",12.947265625,2007-02-07
"7344",11.1572265625,2007-02-08
"7345",9.7373046875,2007-02-09
"7346",13.7373046875,2007-02-10
"7347",13.02734375,2007-02-11
"7348",16.20703125,2007-02-12
"7349",14.9970703125,2007-02-13
"7350",15.4970703125,2007-02-14
"7351",15.2373046875,2007-02-15
"7352",12.4365234375,2007-02-16
"7353",11.626953125,2007-02-17
"7354",13.4267578125,2007-02-18
"7355",16.537109375,2007-02-19
"7356",19.9072265625,2007-02-20
"7357",18.376953125,2007-02-21
"7358",13.126953125,2007-02-22
"7359",9.9970703125,2007-02-23
"7360",14.4873046875,2007-02-24
"7361",19.216796875,2007-02-25
"7362",13.9072265625,2007-02-26
"7363",11.88671875,2007-02-27
"7364",11.546875,2007-02-28
"7365",16.0419921875,2007-03-01
"7366",11.2021484375,2007-03-02
"7367",15.091796875,2007-03-03
"7368",14.3818359375,2007-03-04
"7369",12.0517578125,2007-03-05
"7370",11.08203125,2007-03-06
"7371",10.3115234375,2007-03-07
"7372",12.8818359375,2007-03-08
"7373",12.4619140625,2007-03-09
"7374",7.4423828125,2007-03-10
"7375",14.162109375,2007-03-11
"7376",13.7822265625,2007-03-12
"7377",10.3916015625,2007-03-13
"7378",13.40234375,2007-03-14
"7379",17.8623046875,2007-03-15
"7380",18.2021484375,2007-03-16
"7381",15.0517578125,2007-03-17
"7382",11.0419921875,2007-03-18
"7383",19.671875,2007-03-19
"7384",23.2724609375,2007-03-20
"7385",19.341796875,2007-03-21
"7386",18.6416015625,2007-03-22
"7387",15.421875,2007-03-23
"7388",11.76171875,2007-03-24
"7389",8.322265625,2007-03-25
"7390",6.091796875,2007-03-26
"7391",8.431640625,2007-03-27
"7392",14.2724609375,2007-03-28
"7393",11.7119140625,2007-03-29
"7394",11.5615234375,2007-03-30
"7395",12.7216796875,2007-03-31
"7396",12.271484375,2007-04-01
"7397",10.80078125,2007-04-02
"7398",12.701171875,2007-04-03
"7399",12.5712890625,2007-04-04
"7400",11.4013671875,2007-04-05
"7401",10.890625,2007-04-06
"7402",8.5009765625,2007-04-07
"7403",7.390625,2007-04-08
"7404",8.771484375,2007-04-09
"7405",8.1611328125,2007-04-10
"7406",5.810546875,2007-04-11
"7407",5.791015625,2007-04-12
"7408",5.87109375,2007-04-13
"7409",5.970703125,2007-04-14
"7410",11.0810546875,2007-04-15
"7411",12.640625,2007-04-16
"7412",14.201171875,2007-04-17
"7413",11.5908203125,2007-04-18
"7414",8.8505859375,2007-04-19
"7415",10.0810546875,2007-04-20
"7416",15.28125,2007-04-21
"7417",11.640625,2007-04-22
"7418",8.1708984375,2007-04-23
"7419",11.451171875,2007-04-24
"7420",15.6806640625,2007-04-25
"7421",17.5712890625,2007-04-26
"7422",14.1513671875,2007-04-27
"7423",13.630859375,2007-04-28
"7424",12.28125,2007-04-29
"7425",12.19140625,2007-04-30
"7426",7.8349609375,2007-05-01
"7427",14.53515625,2007-05-02
"7428",11.5751953125,2007-05-03
"7429",14.3447265625,2007-05-04
"7430",11.875,2007-05-05
"7431",11.044921875,2007-05-06
"7432",9.2548828125,2007-05-07
"7433",15.4150390625,2007-05-08
"7434",10.1845703125,2007-05-09
"7435",9.6552734375,2007-05-10
"7436",9.455078125,2007-05-11
"7437",12.0751953125,2007-05-12
"7438",13.7646484375,2007-05-13
"7439",17.10546875,2007-05-14
"7440",12.4453125,2007-05-15
"7441",11.125,2007-05-16
"7442",11.3251953125,2007-05-17
"7443",13.865234375,2007-05-18
"7444",10.9150390625,2007-05-19
"7445",10.6552734375,2007-05-20
"7446",12.1953125,2007-05-21
"7447",10.4853515625,2007-05-22
"7448",9.5048828125,2007-05-23
"7449",8.384765625,2007-05-24
"7450",7.35546875,2007-05-25
"7451",7.1748046875,2007-05-26
"7452",7.1845703125,2007-05-27
"7453",12.724609375,2007-05-28
"7454",11.64453125,2007-05-29
"7455",10.3154296875,2007-05-30
"7456",8.705078125,2007-05-31
"7457",8.7509765625,2007-06-01
"7458",12.701171875,2007-06-02
"7459",10.2109375,2007-06-03
"7460",9.0908203125,2007-06-04
"7461",9.451171875,2007-06-05
"7462",9.0107421875,2007-06-06
"7463",9.8505859375,2007-06-07
"7464",9.970703125,2007-06-08
"7465",8.55078125,2007-06-09
"7466",9.0908203125,2007-06-10
"7467",10.380859375,2007-06-11
"7468",7.69140625,2007-06-12
"7469",6.55078125,2007-06-13
"7470",6.3505859375,2007-06-14
"7471",5.8310546875,2007-06-15
"7472",6.220703125,2007-06-16
"7473",7.611328125,2007-06-17
"7474",8.861328125,2007-06-18
"7475",8.111328125,2007-06-19
"7476",7.37109375,2007-06-20
"7477",7.8212890625,2007-06-21
"7478",10.5009765625,2007-06-22
"7479",7.9111328125,2007-06-23
"7480",5.30078125,2007-06-24
"7481",7.9814453125,2007-06-25
"7482",9.05078125,2007-06-26
"7483",9.1806640625,2007-06-27
"7484",9.630859375,2007-06-28
"7485",7.6708984375,2007-06-29
"7486",11.7314453125,2007-06-30
"7487",12.6630859375,2007-07-01
"7488",10.1025390625,2007-07-02
"7489",11.8427734375,2007-07-03
"7490",8.4228515625,2007-07-04
"7491",11.443359375,2007-07-05
"7492",12.4130859375,2007-07-06
"7493",10.6533203125,2007-07-07
"7494",8.86328125,2007-07-08
"7495",8.052734375,2007-07-09
"7496",7.0126953125,2007-07-10
"7497",8.5732421875,2007-07-11
"7498",7.8232421875,2007-07-12
"7499",8.04296875,2007-07-13
"7500",6.6630859375,2007-07-14
"7501",6.1728515625,2007-07-15
"7502",5.443359375,2007-07-16
"7503",4.9326171875,2007-07-17
"7504",9.0029296875,2007-07-18
"7505",6.3525390625,2007-07-19
"7506",5.5029296875,2007-07-20
"7507",5.4833984375,2007-07-21
"7508",5.283203125,2007-07-22
"7509",4.72265625,2007-07-23
"7510",4.7734375,2007-07-24
"7511",5.802734375,2007-07-25
"7512",6.7431640625,2007-07-26
"7513",10.11328125,2007-07-27
"7514",5.8828125,2007-07-28
"7515",13.193359375,2007-07-29
"7516",11.3330078125,2007-07-30
"7517",7.1728515625,2007-07-31
"7518",10.57421875,2007-08-01
"7519",6.513671875,2007-08-02
"7520",8.7744140625,2007-08-03
"7521",7.994140625,2007-08-04
"7522",9.173828125,2007-08-05
"7523",8.34375,2007-08-06
"7524",6.68359375,2007-08-07
"7525",9.8837890625,2007-08-08
"7526",5.654296875,2007-08-09
"7527",3.7138671875,2007-08-10
"7528",2.3740234375,2007-08-11
"7529",10.2744140625,2007-08-12
"7530",7.7041015625,2007-08-13
"7531",5.353515625,2007-08-14
"7532",4.814453125,2007-08-15
"7533",9.1337890625,2007-08-16
"7534",9.013671875,2007-08-17
"7535",9.353515625,2007-08-18
"7536",8.1640625,2007-08-19
"7537",5.9736328125,2007-08-20
"7538",6.353515625,2007-08-21
"7539",7.654296875,2007-08-22
"7540",6.4140625,2007-08-23
"7541",3.8642578125,2007-08-24
"7542",3.7138671875,2007-08-25
"7543",3.984375,2007-08-26
"7544",4.7939453125,2007-08-27
"7545",10.2841796875,2007-08-28
"7546",7.994140625,2007-08-29
"7547",5.404296875,2007-08-30
"7548",7.8740234375,2007-08-31
"7549",7.287109375,2007-09-01
"7550",6.02734375,2007-09-02
"7551",9.8974609375,2007-09-03
"7552",5.6767578125,2007-09-04
"7553",3.9765625,2007-09-05
"7554",5.2373046875,2007-09-06
"7555",6.9765625,2007-09-07
"7556",6.1767578125,2007-09-08
"7557",6.4267578125,2007-09-09
"7558",10.466796875,2007-09-10
"7559",7.697265625,2007-09-11
"7560",5.376953125,2007-09-12
"7561",7.5966796875,2007-09-13
"7562",10.306640625,2007-09-14
"7563",6.607421875,2007-09-15
"7564",8.4072265625,2007-09-16
"7565",7.716796875,2007-09-17
"7566",5.8671875,2007-09-18
"7567",10.5673828125,2007-09-19
"7568",9.0068359375,2007-09-20
"7569",4.8974609375,2007-09-21
"7570",3.1171875,2007-09-22
"7571",6.9765625,2007-09-23
"7572",9.1474609375,2007-09-24
"7573",2.216796875,2007-09-25
"7574",8.947265625,2007-09-26
"7575",4.9267578125,2007-09-27
"7576",9.9365234375,2007-09-28
"7577",9.0166015625,2007-09-29
"7578",9.77734375,2007-09-30
"7579",4.1982421875,2007-10-01
"7580",2.0380859375,2007-10-02
"7581",10.6484375,2007-10-03
"7582",4.5380859375,2007-10-04
"7583",3.7880859375,2007-10-05
"7584",8.927734375,2007-10-06
"7585",7.84765625,2007-10-07
"7586",7.3076171875,2007-10-08
"7587",5.4677734375,2007-10-09
"7588",11.4580078125,2007-10-10
"7589",11.8779296875,2007-10-11
"7590",6.4580078125,2007-10-12
"7591",6.908203125,2007-10-13
"7592",6.41796875,2007-10-14
"7593",3.658203125,2007-10-15
"7594",10.34765625,2007-10-16
"7595",6.8076171875,2007-10-17
"7596",2.1884765625,2007-10-18
"7597",10.1279296875,2007-10-19
"7598",5.2080078125,2007-10-20
"7599",5.0576171875,2007-10-21
"7600",13.087890625,2007-10-22
"7601",11.677734375,2007-10-23
"7602",10.23828125,2007-10-24
"7603",10.1083984375,2007-10-25
"7604",9.6279296875,2007-10-26
"7605",3.4775390625,2007-10-27
"7606",8.1083984375,2007-10-28
"7607",8.2275390625,2007-10-29
"7608",7.927734375,2007-10-30
"7609",8.927734375,2007-10-31
"7610",17.716796875,2007-11-01
"7611",15.5166015625,2007-11-02
"7612",11.447265625,2007-11-03
"7613",8.77734375,2007-11-04
"7614",9.1171875,2007-11-05
"7615",9.9169921875,2007-11-06
"7616",9.0771484375,2007-11-07
"7617",6.8271484375,2007-11-08
"7618",5.8974609375,2007-11-09
"7619",5.537109375,2007-11-10
"7620",5.4072265625,2007-11-11
"7621",7.2568359375,2007-11-12
"7622",5.8173828125,2007-11-13
"7623",7.9365234375,2007-11-14
"7624",10.357421875,2007-11-15
"7625",8.947265625,2007-11-16
"7626",12.5966796875,2007-11-17
"7627",12.0166015625,2007-11-18
"7628",7.8271484375,2007-11-19
"7629",11.0166015625,2007-11-20
"7630",10.1669921875,2007-11-21
"7631",9.5966796875,2007-11-22
"7632",11.697265625,2007-11-23
"7633",10.5673828125,2007-11-24
"7634",9.6669921875,2007-11-25
"7635",11.7470703125,2007-11-26
"7636",11.9169921875,2007-11-27
"7637",12.8671875,2007-11-28
"7638",11.2470703125,2007-11-29
"7639",8.197265625,2007-11-30
"7640",8.890625,2007-12-01
"7641",11.451171875,2007-12-02
"7642",10.0107421875,2007-12-03
"7643",10.9013671875,2007-12-04
"7644",8.9814453125,2007-12-05
"7645",4.3505859375,2007-12-06
"7646",10.7109375,2007-12-07
"7647",10.291015625,2007-12-08
"7648",11.7509765625,2007-12-09
"7649",8.1513671875,2007-12-10
"7650",9.7412109375,2007-12-11
"7651",9.4306640625,2007-12-12
"7652",3.720703125,2007-12-13
"7653",12.220703125,2007-12-14
"7654",16.8212890625,2007-12-15
"7655",13.6806640625,2007-12-16
"7656",10.130859375,2007-12-17
"7657",17.80078125,2007-12-18
"7658",20.041015625,2007-12-19
"7659",24.720703125,2007-12-20
"7660",25.951171875,2007-12-21
"7661",9.8310546875,2007-12-22
"7662",8.6708984375,2007-12-23
"7663",11.130859375,2007-12-24
"7664",11.4111328125,2007-12-25
"7665",4.9814453125,2007-12-26
"7666",5.390625,2007-12-27
"7667",4.44140625,2007-12-28
"7668",9.810546875,2007-12-29
"7669",9.0908203125,2007-12-30
"7670",7.19140625,2007-12-31
"7671",7.455078125,2008-01-01
"7672",15.794921875,2008-01-02
"7673",12.46484375,2008-01-03
"7674",11.8447265625,2008-01-04
"7675",10.794921875,2008-01-05
"7676",13.6748046875,2008-01-06
"7677",12.865234375,2008-01-07
"7678",12.1953125,2008-01-08
"7679",8.9951171875,2008-01-09
"7680",4.115234375,2008-01-10
"7681",13.5947265625,2008-01-11
"7682",12.39453125,2008-01-12
"7683",12.4052734375,2008-01-13
"7684",11.4345703125,2008-01-14
"7685",9.1650390625,2008-01-15
"7686",13.615234375,2008-01-16
"7687",11.474609375,2008-01-17
"7688",12.2353515625,2008-01-18
"7689",15.544921875,2008-01-19
"7690",17.115234375,2008-01-20
"7691",12.365234375,2008-01-21
"7692",10.85546875,2008-01-22
"7693",9.85546875,2008-01-23
"7694",17.46484375,2008-01-24
"7695",15.0947265625,2008-01-25
"7696",16.974609375,2008-01-26
"7697",15.625,2008-01-27
"7698",12.1650390625,2008-01-28
"7699",11.294921875,2008-01-29
"7700",9.384765625,2008-01-30
"7701",16.21484375,2008-01-31
"7702",13.9970703125,2008-02-01
"7703",16.9970703125,2008-02-02
"7704",19.6474609375,2008-02-03
"7705",18.27734375,2008-02-04
"7706",17.947265625,2008-02-05
"7707",11.9072265625,2008-02-06
"7708",10.9970703125,2008-02-07
"7709",10.5771484375,2008-02-08
"7710",9.7666015625,2008-02-09
"7711",9.4169921875,2008-02-10
"7712",9.037109375,2008-02-11
"7713",10.626953125,2008-02-12
"7714",11.9765625,2008-02-13
"7715",8.966796875,2008-02-14
"7716",9.056640625,2008-02-15
"7717",9.3671875,2008-02-16
"7718",11.8369140625,2008-02-17
"7719",12.52734375,2008-02-18
"7720",10.8974609375,2008-02-19
"7721",15.8466796875,2008-02-20
"7722",15.1572265625,2008-02-21
"7723",13.4267578125,2008-02-22
"7724",9.9267578125,2008-02-23
"7725",11.857421875,2008-02-24
"7726",13.216796875,2008-02-25
"7727",13.77734375,2008-02-26
"7728",12.787109375,2008-02-27
"7729",11.13671875,2008-02-28
"7730",9.4970703125,2008-02-29
"7731",4.662109375,2008-03-01
"7732",4.001953125,2008-03-02
"7733",4.8916015625,2008-03-03
"7734",6.8115234375,2008-03-04
"7735",7.662109375,2008-03-05
"7736",5.681640625,2008-03-06
"7737",6.431640625,2008-03-07
"7738",6.841796875,2008-03-08
"7739",6.3623046875,2008-03-09
"7740",8.1318359375,2008-03-10
"7741",8.2919921875,2008-03-11
"7742",8.3515625,2008-03-12
"7743",6.8515625,2008-03-13
"7744",6.3720703125,2008-03-14
"7745",12.232421875,2008-03-15
"7746",6.83203125,2008-03-16
"7747",7.1318359375,2008-03-17
"7748",11.001953125,2008-03-18
"7749",15.2119140625,2008-03-19
"7750",14.3017578125,2008-03-20
"7751",10.7119140625,2008-03-21
"7752",7.181640625,2008-03-22
"7753",6.1220703125,2008-03-23
"7754",10.822265625,2008-03-24
"7755",12.8515625,2008-03-25
"7756",12.6220703125,2008-03-26
"7757",8.1015625,2008-03-27
"7758",7.572265625,2008-03-28
"7759",6.3515625,2008-03-29
"7760",10.3623046875,2008-03-30
"7761",10.0322265625,2008-03-31
"7762",7.7607421875,2008-04-01
"7763",13.3505859375,2008-04-02
"7764",9.390625,2008-04-03
"7765",9.0908203125,2008-04-04
"7766",8.130859375,2008-04-05
"7767",6.7412109375,2008-04-06
"7768",6.7412109375,2008-04-07
"7769",5.87109375,2008-04-08
"7770",12.361328125,2008-04-09
"7771",13.62109375,2008-04-10
"7772",11.55078125,2008-04-11
"7773",11.5107421875,2008-04-12
"7774",10.4013671875,2008-04-13
"7775",8.5107421875,2008-04-14
"7776",10.271484375,2008-04-15
"7777",10.451171875,2008-04-16
"7778",8.4013671875,2008-04-17
"7779",6.880859375,2008-04-18
"7780",6.861328125,2008-04-19
"7781",8.5009765625,2008-04-20
"7782",9.021484375,2008-04-21
"7783",8.55078125,2008-04-22
"7784",5.970703125,2008-04-23
"7785",6.0908203125,2008-04-24
"7786",10.880859375,2008-04-25
"7787",12.6708984375,2008-04-26
"7788",11.28125,2008-04-27
"7789",9.5009765625,2008-04-28
"7790",7.53125,2008-04-29
"7791",6.28125,2008-04-30
"7792",15.025390625,2008-05-01
"7793",11.7548828125,2008-05-02
"7794",9.5048828125,2008-05-03
"7795",7.025390625,2008-05-04
"7796",6.7548828125,2008-05-05
"7797",12.2451171875,2008-05-06
"7798",15.3251953125,2008-05-07
"7799",13.5546875,2008-05-08
"7800",8.794921875,2008-05-09
"7801",7.9052734375,2008-05-10
"7802",6.9248046875,2008-05-11
"7803",6.0947265625,2008-05-12
"7804",5.455078125,2008-05-13
"7805",6.125,2008-05-14
"7806",9.35546875,2008-05-15
"7807",7.46484375,2008-05-16
"7808",9.9453125,2008-05-17
"7809",14.044921875,2008-05-18
"7810",10.6845703125,2008-05-19
"7811",9.0849609375,2008-05-20
"7812",8.0546875,2008-05-21
"7813",8.0849609375,2008-05-22
"7814",8.2353515625,2008-05-23
"7815",7.7353515625,2008-05-24
"7816",6.0947265625,2008-05-25
"7817",9.2548828125,2008-05-26
"7818",13.1953125,2008-05-27
"7819",10.8349609375,2008-05-28
"7820",9.0146484375,2008-05-29
"7821",7.134765625,2008-05-30
"7822",6.4248046875,2008-05-31
"7823",5.8212890625,2008-06-01
"7824",4.701171875,2008-06-02
"7825",5.6611328125,2008-06-03
"7826",7.3212890625,2008-06-04
"7827",11.140625,2008-06-05
"7828",13.7109375,2008-06-06
"7829",11.4306640625,2008-06-07
"7830",13.3408203125,2008-06-08
"7831",13.2412109375,2008-06-09
"7832",11.6513671875,2008-06-10
"7833",14.12109375,2008-06-11
"7834",12.9013671875,2008-06-12
"7835",12.890625,2008-06-13
"7836",8.7314453125,2008-06-14
"7837",9.1806640625,2008-06-15
"7838",9.041015625,2008-06-16
"7839",7.0908203125,2008-06-17
"7840",8.3310546875,2008-06-18
"7841",11.5712890625,2008-06-19
"7842",9.4111328125,2008-06-20
"7843",11.1005859375,2008-06-21
"7844",10.4306640625,2008-06-22
"7845",9.44140625,2008-06-23
"7846",8.9814453125,2008-06-24
"7847",8.1513671875,2008-06-25
"7848",9.9111328125,2008-06-26
"7849",8.12109375,2008-06-27
"7850",6.9013671875,2008-06-28
"7851",6.3505859375,2008-06-29
"7852",9.521484375,2008-06-30
"7853",10.2333984375,2008-07-01
"7854",11.4130859375,2008-07-02
"7855",10.5830078125,2008-07-03
"7856",8.6533203125,2008-07-04
"7857",7.47265625,2008-07-05
"7858",9.7626953125,2008-07-06
"7859",8.7431640625,2008-07-07
"7860",8.6328125,2008-07-08
"7861",7.802734375,2008-07-09
"7862",10.3828125,2008-07-10
"7863",7.9130859375,2008-07-11
"7864",6.3134765625,2008-07-12
"7865",6.4130859375,2008-07-13
"7866",11.86328125,2008-07-14
"7867",8.693359375,2008-07-15
"7868",6.552734375,2008-07-16
"7869",6.79296875,2008-07-17
"7870",8.0029296875,2008-07-18
"7871",4.7626953125,2008-07-19
"7872",8.61328125,2008-07-20
"7873",11.5634765625,2008-07-21
"7874",7.9326171875,2008-07-22
"7875",6.5234375,2008-07-23
"7876",4.953125,2008-07-24
"7877",4.2734375,2008-07-25
"7878",5.552734375,2008-07-26
"7879",8.9931640625,2008-07-27
"7880",7.2626953125,2008-07-28
"7881",4.6826171875,2008-07-29
"7882",6.8525390625,2008-07-30
"7883",5.9833984375,2008-07-31
"7884",8.103515625,2008-08-01
"7885",7.1142578125,2008-08-02
"7886",5.173828125,2008-08-03
"7887",10.6943359375,2008-08-04
"7888",10.34375,2008-08-05
"7889",9.84375,2008-08-06
"7890",6.8642578125,2008-08-07
"7891",5.013671875,2008-08-08
"7892",7.6142578125,2008-08-09
"7893",7.1435546875,2008-08-10
"7894",6.654296875,2008-08-11
"7895",6.763671875,2008-08-12
"7896",8.0439453125,2008-08-13
"7897",7.0244140625,2008-08-14
"7898",6.083984375,2008-08-15
"7899",9.333984375,2008-08-16
"7900",10.083984375,2008-08-17
"7901",7.8740234375,2008-08-18
"7902",5.814453125,2008-08-19
"7903",4.2138671875,2008-08-20
"7904",8.43359375,2008-08-21
"7905",7.353515625,2008-08-22
"7906",8.0439453125,2008-08-23
"7907",6.4140625,2008-08-24
"7908",3.9541015625,2008-08-25
"7909",3.9541015625,2008-08-26
"7910",8.3642578125,2008-08-27
"7911",4.923828125,2008-08-28
"7912",6.984375,2008-08-29
"7913",16.7041015625,2008-08-30
"7914",9.9736328125,2008-08-31
"7915",8.1171875,2008-09-01
"7916",9.046875,2008-09-02
"7917",7.63671875,2008-09-03
"7918",7.2470703125,2008-09-04
"7919",4.626953125,2008-09-05
"7920",5.216796875,2008-09-06
"7921",11.466796875,2008-09-07
"7922",10.8173828125,2008-09-08
"7923",9.0869140625,2008-09-09
"7924",6.197265625,2008-09-10
"7925",8.966796875,2008-09-11
"7926",8.2470703125,2008-09-12
"7927",4.697265625,2008-09-13
"7928",8.77734375,2008-09-14
"7929",8.2470703125,2008-09-15
"7930",7.5869140625,2008-09-16
"7931",4.5771484375,2008-09-17
"7932",3.6572265625,2008-09-18
"7933",8.4365234375,2008-09-19
"7934",9.197265625,2008-09-20
"7935",8.466796875,2008-09-21
"7936",10.3671875,2008-09-22
"7937",7.88671875,2008-09-23
"7938",8.216796875,2008-09-24
"7939",5.9267578125,2008-09-25
"7940",3.0166015625,2008-09-26
"7941",5.9169921875,2008-09-27
"7942",10.8369140625,2008-09-28
"7943",10.6669921875,2008-09-29
"7944",6.4365234375,2008-09-30
"7945",6.34765625,2008-10-01
"7946",12.677734375,2008-10-02
"7947",9.017578125,2008-10-03
"7948",10.2578125,2008-10-04
"7949",9.9482421875,2008-10-05
"7950",9.998046875,2008-10-06
"7951",7.6484375,2008-10-07
"7952",8.8984375,2008-10-08
"7953",9.91796875,2008-10-09
"7954",4.23828125,2008-10-10
"7955",3.158203125,2008-10-11
"7956",1.7177734375,2008-10-12
"7957",10.2978515625,2008-10-13
"7958",8.3876953125,2008-10-14
"7959",7.658203125,2008-10-15
"7960",7.0380859375,2008-10-16
"7961",3.7177734375,2008-10-17
"7962",2.6484375,2008-10-18
"7963",10.748046875,2008-10-19
"7964",9.177734375,2008-10-20
"7965",6.7275390625,2008-10-21
"7966",6.3681640625,2008-10-22
"7967",2.267578125,2008-10-23
"7968",1.1484375,2008-10-24
"7969",0.98828125,2008-10-25
"7970",11.7578125,2008-10-26
"7971",11.927734375,2008-10-27
"7972",10.2275390625,2008-10-28
"7973",9.1484375,2008-10-29
"7974",8.9482421875,2008-10-30
"7975",12.09765625,2008-10-31
"7976",12.4873046875,2008-11-01
"7977",17.4267578125,2008-11-02
"7978",11.1669921875,2008-11-03
"7979",7.3369140625,2008-11-04
"7980",13.2265625,2008-11-05
"7981",7.0771484375,2008-11-06
"7982",9.2666015625,2008-11-07
"7983",10.9765625,2008-11-08
"7984",10.107421875,2008-11-09
"7985",7.6171875,2008-11-10
"7986",6.6474609375,2008-11-11
"7987",7.9873046875,2008-11-12
"7988",15.8271484375,2008-11-13
"7989",12.4169921875,2008-11-14
"7990",10.13671875,2008-11-15
"7991",9.70703125,2008-11-16
"7992",10.7470703125,2008-11-17
"7993",14.716796875,2008-11-18
"7994",16.806640625,2008-11-19
"7995",12.7265625,2008-11-20
"7996",13.6669921875,2008-11-21
"7997",7.3466796875,2008-11-22
"7998",7.876953125,2008-11-23
"7999",9.5869140625,2008-11-24
"8000",13.7265625,2008-11-25
"8001",14.1767578125,2008-11-26
"8002",11.3271484375,2008-11-27
"8003",14.1865234375,2008-11-28
"8004",10.52734375,2008-11-29
"8005",8.38671875,2008-11-30
"8006",13.2607421875,2008-12-01
"8007",10.130859375,2008-12-02
"8008",11.140625,2008-12-03
"8009",13.1513671875,2008-12-04
"8010",14.720703125,2008-12-05
"8011",15.80078125,2008-12-06
"8012",16.7314453125,2008-12-07
"8013",10.6513671875,2008-12-08
"8014",21.4111328125,2008-12-09
"8015",14.720703125,2008-12-10
"8016",18.5908203125,2008-12-11
"8017",21.6005859375,2008-12-12
"8018",12.7314453125,2008-12-13
"8019",10.2412109375,2008-12-14
"8020",10.5009765625,2008-12-15
"8021",9.3212890625,2008-12-16
"8022",9.7314453125,2008-12-17
"8023",13.2509765625,2008-12-18
"8024",10.7607421875,2008-12-19
"8025",7.2412109375,2008-12-20
"8026",5.0810546875,2008-12-21
"8027",14.4111328125,2008-12-22
"8028",16.9208984375,2008-12-23
"8029",18.951171875,2008-12-24
"8030",15.9912109375,2008-12-25
"8031",14.2109375,2008-12-26
"8032",19.9013671875,2008-12-27
"8033",14.140625,2008-12-28
"8034",11.2509765625,2008-12-29
"8035",11.560546875,2008-12-30
"8036",14.611328125,2008-12-31
"8037",13.0146484375,2009-01-01
"8038",9.634765625,2009-01-02
"8039",5.6845703125,2009-01-03
"8040",3.275390625,2009-01-04
"8041",8.53515625,2009-01-05
"8042",11.9453125,2009-01-06
"8043",15.1748046875,2009-01-07
"8044",10.634765625,2009-01-08
"8045",8.5048828125,2009-01-09
"8046",12.5546875,2009-01-10
"8047",11.9248046875,2009-01-11
"8048",9.794921875,2009-01-12
"8049",3.7451171875,2009-01-13
"8050",13.865234375,2009-01-14
"8051",12.71484375,2009-01-15
"8052",11.615234375,2009-01-16
"8053",8.96484375,2009-01-17
"8054",5.1552734375,2009-01-18
"8055",3.6650390625,2009-01-19
"8056",11.14453125,2009-01-20
"8057",15.8251953125,2009-01-21
"8058",5.974609375,2009-01-22
"8059",14.7548828125,2009-01-23
"8060",14.8046875,2009-01-24
"8061",11.275390625,2009-01-25
"8062",9.4453125,2009-01-26
"8063",4.025390625,2009-01-27
"8064",13.71484375,2009-01-28
"8065",13.46484375,2009-01-29
"8066",11.9150390625,2009-01-30
"8067",8.9951171875,2009-01-31
"8068",8.7568359375,2009-02-01
"8069",12.38671875,2009-02-02
"8070",14.7470703125,2009-02-03
"8071",13.0771484375,2009-02-04
"8072",7.2666015625,2009-02-05
"8073",10.4072265625,2009-02-06
"8074",11.7568359375,2009-02-07
"8075",14.556640625,2009-02-08
"8076",11.107421875,2009-02-09
"8077",8.6171875,2009-02-10
"8078",8.216796875,2009-02-11
"8079",9.7265625,2009-02-12
"8080",10.02734375,2009-02-13
"8081",10.787109375,2009-02-14
"8082",9.287109375,2009-02-15
"8083",12.2666015625,2009-02-16
"8084",10.27734375,2009-02-17
"8085",11.9365234375,2009-02-18
"8086",16.3369140625,2009-02-19
"8087",14.966796875,2009-02-20
"8088",13.1669921875,2009-02-21
"8089",11.3369140625,2009-02-22
"8090",6.8671875,2009-02-23
"8091",14.63671875,2009-02-24
"8092",6.63671875,2009-02-25
"8093",5.0166015625,2009-02-26
"8094",13.876953125,2009-02-27
"8095",13.27734375,2009-02-28
"8096",11.5419921875,2009-03-01
"8097",12.2421875,2009-03-02
"8098",22.2421875,2009-03-03
"8099",10.671875,2009-03-04
"8100",12.6416015625,2009-03-05
"8101",14.3916015625,2009-03-06
"8102",13.6123046875,2009-03-07
"8103",15.1318359375,2009-03-08
"8104",15.341796875,2009-03-09
"8105",14.8515625,2009-03-10
"8106",14.8916015625,2009-03-11
"8107",17.001953125,2009-03-12
"8108",14.5419921875,2009-03-13
"8109",15.3515625,2009-03-14
"8110",10.2021484375,2009-03-15
"8111",13.732421875,2009-03-16
"8112",11.7724609375,2009-03-17
"8113",9.3720703125,2009-03-18
"8114",12.921875,2009-03-19
"8115",13.841796875,2009-03-20
"8116",3.6220703125,2009-03-21
"8117",14.1220703125,2009-03-22
"8118",9.8017578125,2009-03-23
"8119",15.0517578125,2009-03-24
"8120",16.26171875,2009-03-25
"8121",16.482421875,2009-03-26
"8122",12.072265625,2009-03-27
"8123",5.9423828125,2009-03-28
"8124",4.5517578125,2009-03-29
"8125",6.0615234375,2009-03-30
"8126",5.3115234375,2009-03-31
"8127",7.62109375,2009-04-01
"8128",12.771484375,2009-04-02
"8129",13.890625,2009-04-03
"8130",11.19140625,2009-04-04
"8131",11.1708984375,2009-04-05
"8132",10.9111328125,2009-04-06
"8133",8.630859375,2009-04-07
"8134",10.111328125,2009-04-08
"8135",10.3212890625,2009-04-09
"8136",7.390625,2009-04-10
"8137",7.521484375,2009-04-11
"8138",5.6611328125,2009-04-12
"8139",8.28125,2009-04-13
"8140",11.291015625,2009-04-14
"8141",13.05078125,2009-04-15
"8142",10.62109375,2009-04-16
"8143",10.611328125,2009-04-17
"8144",10.87109375,2009-04-18
"8145",11.9814453125,2009-04-19
"8146",9.87109375,2009-04-20
"8147",9.8310546875,2009-04-21
"8148",7.1513671875,2009-04-22
"8149",9.9306640625,2009-04-23
"8150",14.291015625,2009-04-24
"8151",15.19140625,2009-04-25
"8152",12.4208984375,2009-04-26
"8153",12.7314453125,2009-04-27
"8154",14.470703125,2009-04-28
"8155",14.1708984375,2009-04-29
"8156",12.4814453125,2009-04-30
"8157",10.1748046875,2009-05-01
"8158",12.7646484375,2009-05-02
"8159",10.5654296875,2009-05-03
"8160",9.9853515625,2009-05-04
"8161",8.8251953125,2009-05-05
"8162",10.8154296875,2009-05-06
"8163",10.6953125,2009-05-07
"8164",10.21484375,2009-05-08
"8165",10.5048828125,2009-05-09
"8166",10.4248046875,2009-05-10
"8167",9.5146484375,2009-05-11
"8168",9.9951171875,2009-05-12
"8169",10.5751953125,2009-05-13
"8170",11.64453125,2009-05-14
"8171",12.3447265625,2009-05-15
"8172",13.53515625,2009-05-16
"8173",13.7451171875,2009-05-17
"8174",12.46484375,2009-05-18
"8175",14.134765625,2009-05-19
"8176",11.7451171875,2009-05-20
"8177",12.71484375,2009-05-21
"8178",11.2548828125,2009-05-22
"8179",10.6845703125,2009-05-23
"8180",13.8349609375,2009-05-24
"8181",12.3251953125,2009-05-25
"8182",12.9951171875,2009-05-26
"8183",11.6845703125,2009-05-27
"8184",11.10546875,2009-05-28
"8185",8.7646484375,2009-05-29
"8186",8.71484375,2009-05-30
"8187",8.7646484375,2009-05-31
"8188",9.470703125,2009-06-01
"8189",10.2109375,2009-06-02
"8190",10.2109375,2009-06-03
"8191",8.201171875,2009-06-04
"8192",10.0107421875,2009-06-05
"8193",10.9111328125,2009-06-06
"8194",12.791015625,2009-06-07
"8195",11.94140625,2009-06-08
"8196",9.451171875,2009-06-09
"8197",12.44140625,2009-06-10
"8198",8.810546875,2009-06-11
"8199",7.03125,2009-06-12
"8200",9.380859375,2009-06-13
"8201",9.2109375,2009-06-14
"8202",12.720703125,2009-06-15
"8203",10.8212890625,2009-06-16
"8204",9.3310546875,2009-06-17
"8205",9.53125,2009-06-18
"8206",7.4609375,2009-06-19
"8207",7.9814453125,2009-06-20
"8208",7.2412109375,2009-06-21
"8209",8.021484375,2009-06-22
"8210",6.5908203125,2009-06-23
"8211",9.201171875,2009-06-24
"8212",10.541015625,2009-06-25
"8213",13.791015625,2009-06-26
"8214",12.041015625,2009-06-27
"8215",11.380859375,2009-06-28
"8216",10.861328125,2009-06-29
"8217",9.521484375,2009-06-30
"8218",7.1826171875,2009-07-01
"8219",9.36328125,2009-07-02
"8220",11.9228515625,2009-07-03
"8221",13.0830078125,2009-07-04
"8222",11.3828125,2009-07-05
"8223",11.302734375,2009-07-06
"8224",7.36328125,2009-07-07
"8225",6.8134765625,2009-07-08
"8226",6.3427734375,2009-07-09
"8227",6.3232421875,2009-07-10
"8228",12.6533203125,2009-07-11
"8229",9.5732421875,2009-07-12
"8230",10.142578125,2009-07-13
"8231",10.953125,2009-07-14
"8232",11.6630859375,2009-07-15
"8233",11.0927734375,2009-07-16
"8234",8.22265625,2009-07-17
"8235",7.6728515625,2009-07-18
"8236",8.5126953125,2009-07-19
"8237",4.693359375,2009-07-20
"8238",6.47265625,2009-07-21
"8239",7.4833984375,2009-07-22
"8240",9.892578125,2009-07-23
"8241",6.552734375,2009-07-24
"8242",4.9228515625,2009-07-25
"8243",10.5234375,2009-07-26
"8244",9.5732421875,2009-07-27
"8245",10.783203125,2009-07-28
"8246",10.7333984375,2009-07-29
"8247",11.052734375,2009-07-30
"8248",11.373046875,2009-07-31
"8249",8.853515625,2009-08-01
"8250",7.673828125,2009-08-02
"8251",7.7236328125,2009-08-03
"8252",8.43359375,2009-08-04
"8253",6.50390625,2009-08-05
"8254",6.0537109375,2009-08-06
"8255",9.0244140625,2009-08-07
"8256",6.064453125,2009-08-08
"8257",4.9140625,2009-08-09
"8258",12.8642578125,2009-08-10
"8259",9.3642578125,2009-08-11
"8260",10.1337890625,2009-08-12
"8261",11.3037109375,2009-08-13
"8262",8.3740234375,2009-08-14
"8263",7.59375,2009-08-15
"8264",8.18359375,2009-08-16
"8265",7.5244140625,2009-08-17
"8266",7.7841796875,2009-08-18
"8267",8.853515625,2009-08-19
"8268",10.064453125,2009-08-20
"8269",11.484375,2009-08-21
"8270",15.064453125,2009-08-22
"8271",10.6943359375,2009-08-23
"8272",10.7041015625,2009-08-24
"8273",9.0341796875,2009-08-25
"8274",8.93359375,2009-08-26
"8275",7.5244140625,2009-08-27
"8276",13.6943359375,2009-08-28
"8277",14.2939453125,2009-08-29
"8278",8.93359375,2009-08-30
"8279",9.583984375,2009-08-31
"8280",10.5673828125,2009-09-01
"8281",6.0068359375,2009-09-02
"8282",10.556640625,2009-09-03
"8283",9.716796875,2009-09-04
"8284",7.9970703125,2009-09-05
"8285",7.1474609375,2009-09-06
"8286",10.63671875,2009-09-07
"8287",10.6669921875,2009-09-08
"8288",7.466796875,2009-09-09
"8289",8.3369140625,2009-09-10
"8290",2.8271484375,2009-09-11
"8291",2.9072265625,2009-09-12
"8292",8.7568359375,2009-09-13
"8293",7.88671875,2009-09-14
"8294",5.8369140625,2009-09-15
"8295",5.4873046875,2009-09-16
"8296",14.357421875,2009-09-17
"8297",12.7373046875,2009-09-18
"8298",9.5771484375,2009-09-19
"8299",8.63671875,2009-09-20
"8300",16.357421875,2009-09-21
"8301",8.296875,2009-09-22
"8302",9.6767578125,2009-09-23
"8303",8.966796875,2009-09-24
"8304",9.4169921875,2009-09-25
"8305",8.0966796875,2009-09-26
"8306",7.607421875,2009-09-27
"8307",8.9169921875,2009-09-28
"8308",5.8974609375,2009-09-29
"8309",2.6865234375,2009-09-30
"8310",14.3583984375,2009-10-01
"8311",10.8779296875,2009-10-02
"8312",9.09765625,2009-10-03
"8313",8.818359375,2009-10-04
"8314",10.7275390625,2009-10-05
"8315",10.5380859375,2009-10-06
"8316",8.0078125,2009-10-07
"8317",7.2080078125,2009-10-08
"8318",6.927734375,2009-10-09
"8319",5.568359375,2009-10-10
"8320",3.41796875,2009-10-11
"8321",9.7978515625,2009-10-12
"8322",11.4384765625,2009-10-13
"8323",10.2275390625,2009-10-14
"8324",11.6376953125,2009-10-15
"8325",8.8583984375,2009-10-16
"8326",8.8076171875,2009-10-17
"8327",8.5380859375,2009-10-18
"8328",6.068359375,2009-10-19
"8329",4.6279296875,2009-10-20
"8330",10.7880859375,2009-10-21
"8331",10.767578125,2009-10-22
"8332",8.267578125,2009-10-23
"8333",8.1376953125,2009-10-24
"8334",11.6982421875,2009-10-25
"8335",8.158203125,2009-10-26
"8336",8.9580078125,2009-10-27
"8337",9.6884765625,2009-10-28
"8338",11.4384765625,2009-10-29
"8339",13.3681640625,2009-10-30
"8340",13.41796875,2009-10-31
"8341",10.9072265625,2009-11-01
"8342",11.0673828125,2009-11-02
"8343",10.3974609375,2009-11-03
"8344",10.4970703125,2009-11-04
"8345",9.5673828125,2009-11-05
"8346",8.52734375,2009-11-06
"8347",4.0068359375,2009-11-07
"8348",7.037109375,2009-11-08
"8349",10.0771484375,2009-11-09
"8350",7.556640625,2009-11-10
"8351",6.626953125,2009-11-11
"8352",7.107421875,2009-11-12
"8353",7.2470703125,2009-11-13
"8354",5.5673828125,2009-11-14
"8355",4.3271484375,2009-11-15
"8356",9.046875,2009-11-16
"8357",11.1572265625,2009-11-17
"8358",9.6474609375,2009-11-18
"8359",8.3173828125,2009-11-19
"8360",17.6669921875,2009-11-20
"8361",20.966796875,2009-11-21
"8362",13.1865234375,2009-11-22
"8363",11.52734375,2009-11-23
"8364",9.3173828125,2009-11-24
"8365",12.197265625,2009-11-25
"8366",14.9169921875,2009-11-26
"8367",12.2568359375,2009-11-27
"8368",11.4765625,2009-11-28
"8369",12.626953125,2009-11-29
"8370",12.037109375,2009-11-30
"8371",12.6005859375,2009-12-01
"8372",8.271484375,2009-12-02
"8373",13.7607421875,2009-12-03
"8374",10.1708984375,2009-12-04
"8375",10.2607421875,2009-12-05
"8376",11.3310546875,2009-12-06
"8377",8.4013671875,2009-12-07
"8378",14.4609375,2009-12-08
"8379",9.62109375,2009-12-09
"8380",12.380859375,2009-12-10
"8381",8.521484375,2009-12-11
"8382",10.9306640625,2009-12-12
"8383",12.880859375,2009-12-13
"8384",11.0810546875,2009-12-14
"8385",8.2607421875,2009-12-15
"8386",12.2314453125,2009-12-16
"8387",18.021484375,2009-12-17
"8388",9.890625,2009-12-18
"8389",12.4912109375,2009-12-19
"8390",11.69140625,2009-12-20
"8391",9.69140625,2009-12-21
"8392",5.3310546875,2009-12-22
"8393",5.6806640625,2009-12-23
"8394",23.1806640625,2009-12-24
"8395",11.521484375,2009-12-25
"8396",11.541015625,2009-12-26
"8397",11.8505859375,2009-12-27
"8398",9.791015625,2009-12-28
"8399",9.640625,2009-12-29
"8400",7.201171875,2009-12-30
"8401",17.4208984375,2009-12-31
"8402",17.0751953125,2010-01-01
"8403",10.39453125,2010-01-02
"8404",11.14453125,2010-01-03
"8405",9.634765625,2010-01-04
"8406",6.53515625,2010-01-05
"8407",7.4052734375,2010-01-06
"8408",6.6552734375,2010-01-07
"8409",8.3349609375,2010-01-08
"8410",15.365234375,2010-01-09
"8411",14.634765625,2010-01-10
"8412",11.384765625,2010-01-11
"8413",22.96484375,2010-01-12
"8414",12.46484375,2010-01-13
"8415",12.4453125,2010-01-14
"8416",10.53515625,2010-01-15
"8417",13.03515625,2010-01-16
"8418",11.0546875,2010-01-17
"8419",11.025390625,2010-01-18
"8420",10.6748046875,2010-01-19
"8421",6.705078125,2010-01-20
"8422",4.634765625,2010-01-21
"8423",11.5546875,2010-01-22
"8424",13.10546875,2010-01-23
"8425",14.0849609375,2010-01-24
"8426",11.1953125,2010-01-25
"8427",9.5947265625,2010-01-26
"8428",10.384765625,2010-01-27
"8429",17.1953125,2010-01-28
"8430",15.7646484375,2010-01-29
"8431",10.634765625,2010-01-30
"8432",9.9248046875,2010-01-31
"8433",15.046875,2010-02-01
"8434",14.966796875,2010-02-02
"8435",16.7470703125,2010-02-03
"8436",18.4365234375,2010-02-04
"8437",12.02734375,2010-02-05
"8438",11.306640625,2010-02-06
"8439",7.3466796875,2010-02-07
"8440",9.046875,2010-02-08
"8441",17.9970703125,2010-02-09
"8442",18.8466796875,2010-02-10
"8443",19.5166015625,2010-02-11
"8444",20.4072265625,2010-02-12
"8445",16.38671875,2010-02-13
"8446",16.9970703125,2010-02-14
"8447",12.5068359375,2010-02-15
"8448",14.806640625,2010-02-16
"8449",13.1572265625,2010-02-17
"8450",13.107421875,2010-02-18
"8451",10.6669921875,2010-02-19
"8452",12.4873046875,2010-02-20
"8453",20.6669921875,2010-02-21
"8454",19.2666015625,2010-02-22
"8455",14.0068359375,2010-02-23
"8456",12.697265625,2010-02-24
"8457",9.546875,2010-02-25
"8458",7.95703125,2010-02-26
"8459",20.63671875,2010-02-27
"8460",18.1474609375,2010-02-28
"8461",10.08203125,2010-03-01
"8462",11.3017578125,2010-03-02
"8463",12.732421875,2010-03-03
"8464",11.26171875,2010-03-04
"8465",13.2919921875,2010-03-05
"8466",11.3916015625,2010-03-06
"8467",13.4619140625,2010-03-07
"8468",14.7021484375,2010-03-08
"8469",13.662109375,2010-03-09
"8470",10.6123046875,2010-03-10
"8471",9.1015625,2010-03-11
"8472",9.6015625,2010-03-12
"8473",12.8515625,2010-03-13
"8474",15.0322265625,2010-03-14
"8475",13.341796875,2010-03-15
"8476",11.4716796875,2010-03-16
"8477",13.072265625,2010-03-17
"8478",11.4619140625,2010-03-18
"8479",15.5224609375,2010-03-19
"8480",16.3515625,2010-03-20
"8481",12.6318359375,2010-03-21
"8482",14.2119140625,2010-03-22
"8483",10.9921875,2010-03-23
"8484",9.091796875,2010-03-24
"8485",4.3115234375,2010-03-25
"8486",4.162109375,2010-03-26
"8487",7.0224609375,2010-03-27
"8488",11.3515625,2010-03-28
"8489",20.091796875,2010-03-29
"8490",12.8515625,2010-03-30
"8491",11.6015625,2010-03-31
"8492",10.4912109375,2010-04-01
"8493",8.890625,2010-04-02
"8494",7.7314453125,2010-04-03
"8495",9.2509765625,2010-04-04
"8496",9.640625,2010-04-05
"8497",20.78125,2010-04-06
"8498",15.4609375,2010-04-07
"8499",16.541015625,2010-04-08
"8500",20.560546875,2010-04-09
"8501",16.361328125,2010-04-10
"8502",15.12109375,2010-04-11
"8503",11.55078125,2010-04-12
"8504",10.5009765625,2010-04-13
"8505",9.55078125,2010-04-14
"8506",9.9111328125,2010-04-15
"8507",8.8505859375,2010-04-16
"8508",9.041015625,2010-04-17
"8509",13.771484375,2010-04-18
"8510",13.451171875,2010-04-19
"8511",16.810546875,2010-04-20
"8512",18.3505859375,2010-04-21
"8513",18.1806640625,2010-04-22
"8514",14.880859375,2010-04-23
"8515",17.380859375,2010-04-24
"8516",12.9013671875,2010-04-25
"8517",9.8505859375,2010-04-26
"8518",14.9013671875,2010-04-27
"8519",11.69140625,2010-04-28
"8520",13.4814453125,2010-04-29
"8521",13.560546875,2010-04-30
"8522",12.115234375,2010-05-01
"8523",13.9052734375,2010-05-02
"8524",11.4453125,2010-05-03
"8525",11.125,2010-05-04
"8526",10.2548828125,2010-05-05
"8527",11.205078125,2010-05-06
"8528",10.115234375,2010-05-07
"8529",10.0849609375,2010-05-08
"8530",8.6953125,2010-05-09
"8531",8.125,2010-05-10
"8532",8.9853515625,2010-05-11
"8533",9.2353515625,2010-05-12
"8534",7.294921875,2010-05-13
"8535",6.115234375,2010-05-14
"8536",6.4052734375,2010-05-15
"8537",11.6748046875,2010-05-16
"8538",12.5751953125,2010-05-17
"8539",13.03515625,2010-05-18
"8540",9.794921875,2010-05-19
"8541",10.3251953125,2010-05-20
"8542",9.21484375,2010-05-21
"8543",8.3349609375,2010-05-22
"8544",11.724609375,2010-05-23
"8545",16.10546875,2010-05-24
"8546",13.5947265625,2010-05-25
"8547",14.384765625,2010-05-26
"8548",14.0849609375,2010-05-27
"8549",14.1552734375,2010-05-28
"8550",12.205078125,2010-05-29
"8551",9.884765625,2010-05-30
"8552",11.6650390625,2010-05-31
"8553",11.7607421875,2010-06-01
"8554",11.5908203125,2010-06-02
"8555",10.9306640625,2010-06-03
"8556",10.271484375,2010-06-04
"8557",10.7509765625,2010-06-05
"8558",11.62109375,2010-06-06
"8559",9.1005859375,2010-06-07
"8560",8.44140625,2010-06-08
"8561",10.560546875,2010-06-09
"8562",11.201171875,2010-06-10
"8563",9.9609375,2010-06-11
"8564",8.9208984375,2010-06-12
"8565",9.7109375,2010-06-13
"8566",7.1005859375,2010-06-14
"8567",6.6611328125,2010-06-15
"8568",7.4814453125,2010-06-16
"8569",13.2412109375,2010-06-17
"8570",10.4208984375,2010-06-18
"8571",11.05078125,2010-06-19
"8572",11.55078125,2010-06-20
"8573",11.7412109375,2010-06-21
"8574",9.630859375,2010-06-22
"8575",8.8212890625,2010-06-23
"8576",9.44140625,2010-06-24
"8577",13.021484375,2010-06-25
"8578",8.7509765625,2010-06-26
"8579",8.8408203125,2010-06-27
"8580",7.2412109375,2010-06-28
"8581",7.1005859375,2010-06-29
"8582",9.8310546875,2010-06-30
"8583",8.5634765625,2010-07-01
"8584",8.552734375,2010-07-02
"8585",8.5234375,2010-07-03
"8586",7.1728515625,2010-07-04
"8587",7.123046875,2010-07-05
"8588",6.5927734375,2010-07-06
"8589",6.4931640625,2010-07-07
"8590",6.302734375,2010-07-08
"8591",7.3525390625,2010-07-09
"8592",11.783203125,2010-07-10
"8593",8.4931640625,2010-07-11
"8594",7.7431640625,2010-07-12
"8595",10.1728515625,2010-07-13
"8596",8.86328125,2010-07-14
"8597",10.8828125,2010-07-15
"8598",10.1826171875,2010-07-16
"8599",9.302734375,2010-07-17
"8600",9.3427734375,2010-07-18
"8601",9.703125,2010-07-19
"8602",10.4833984375,2010-07-20
"8603",10.533203125,2010-07-21
"8604",8.7734375,2010-07-22
"8605",8.6533203125,2010-07-23
"8606",7.8427734375,2010-07-24
"8607",8.9033203125,2010-07-25
"8608",7.9931640625,2010-07-26
"8609",5.9833984375,2010-07-27
"8610",10.1025390625,2010-07-28
"8611",13.6328125,2010-07-29
"8612",10.97265625,2010-07-30
"8613",11.033203125,2010-07-31
"8614",11.064453125,2010-08-01
"8615",8.494140625,2010-08-02
"8616",8.2841796875,2010-08-03
"8617",7.6640625,2010-08-04
"8618",8.064453125,2010-08-05
"8619",7.25390625,2010-08-06
"8620",6.734375,2010-08-07
"8621",8.7939453125,2010-08-08
"8622",9.9541015625,2010-08-09
"8623",10.59375,2010-08-10
"8624",10.9638671875,2010-08-11
"8625",9.8837890625,2010-08-12
"8626",9.2041015625,2010-08-13
"8627",9.7236328125,2010-08-14
"8628",10.904296875,2010-08-15
"8629",10.994140625,2010-08-16
"8630",8.8642578125,2010-08-17
"8631",12.234375,2010-08-18
"8632",9.9638671875,2010-08-19
"8633",9.7744140625,2010-08-20
"8634",8.744140625,2010-08-21
"8635",10.673828125,2010-08-22
"8636",11.7744140625,2010-08-23
"8637",10.00390625,2010-08-24
"8638",9.494140625,2010-08-25
"8639",11.0537109375,2010-08-26
"8640",12.7138671875,2010-08-27
"8641",11.333984375,2010-08-28
"8642",9.6640625,2010-08-29
"8643",8.2939453125,2010-08-30
"8644",7.673828125,2010-08-31
"8645",10.5869140625,2010-09-01
"8646",12.5966796875,2010-09-02
"8647",16.27734375,2010-09-03
"8648",10.52734375,2010-09-04
"8649",10.0673828125,2010-09-05
"8650",10.8271484375,2010-09-06
"8651",9.4169921875,2010-09-07
"8652",13.7666015625,2010-09-08
"8653",14.3271484375,2010-09-09
"8654",10.0771484375,2010-09-10
"8655",9.5673828125,2010-09-11
"8656",11.6171875,2010-09-12
"8657",15.716796875,2010-09-13
"8658",12.3466796875,2010-09-14
"8659",10.95703125,2010-09-15
"8660",10.4873046875,2010-09-16
"8661",9.107421875,2010-09-17
"8662",8.046875,2010-09-18
"8663",9.6767578125,2010-09-19
"8664",9.0068359375,2010-09-20
"8665",10.0771484375,2010-09-21
"8666",11.037109375,2010-09-22
"8667",10.787109375,2010-09-23
"8668",10.4169921875,2010-09-24
"8669",9.857421875,2010-09-25
"8670",11.8974609375,2010-09-26
"8671",7.7666015625,2010-09-27
"8672",7.95703125,2010-09-28
"8673",7.5966796875,2010-09-29
"8674",5.4873046875,2010-09-30
"8675",4.5283203125,2010-10-01
"8676",4.4775390625,2010-10-02
"8677",6.578125,2010-10-03
"8678",11.8681640625,2010-10-04
"8679",11.767578125,2010-10-05
"8680",11.6884765625,2010-10-06
"8681",7.587890625,2010-10-07
"8682",8.5576171875,2010-10-08
"8683",9.59765625,2010-10-09
"8684",7.2880859375,2010-10-10
"8685",11.177734375,2010-10-11
"8686",14.2578125,2010-10-12
"8687",16.16796875,2010-10-13
"8688",15.328125,2010-10-14
"8689",8.828125,2010-10-15
"8690",10.3076171875,2010-10-16
"8691",10.6982421875,2010-10-17
"8692",10.0478515625,2010-10-18
"8693",10.3984375,2010-10-19
"8694",8.73828125,2010-10-20
"8695",8.927734375,2010-10-21
"8696",9.1982421875,2010-10-22
"8697",14.4482421875,2010-10-23
"8698",9.4482421875,2010-10-24
"8699",9.5478515625,2010-10-25
"8700",12.16796875,2010-10-26
"8701",10.98828125,2010-10-27
"8702",9.2880859375,2010-10-28
"8703",18.427734375,2010-10-29
"8704",10.7275390625,2010-10-30
"8705",8.658203125,2010-10-31
"8706",10.046875,2010-11-01
"8707",11.8369140625,2010-11-02
"8708",12.046875,2010-11-03
"8709",9.7373046875,2010-11-04
"8710",8.2666015625,2010-11-05
"8711",6.0068359375,2010-11-06
"8712",10.7470703125,2010-11-07
"8713",11.0068359375,2010-11-08
"8714",9.4072265625,2010-11-09
"8715",7.3974609375,2010-11-10
"8716",8.7470703125,2010-11-11
"8717",19.197265625,2010-11-12
"8718",16.107421875,2010-11-13
"8719",13.3671875,2010-11-14
"8720",11.8466796875,2010-11-15
"8721",10.1865234375,2010-11-16
"8722",9.296875,2010-11-17
"8723",10.9970703125,2010-11-18
"8724",12.2568359375,2010-11-19
"8725",10.287109375,2010-11-20
"8726",6.8671875,2010-11-21
"8727",14.2265625,2010-11-22
"8728",16.4169921875,2010-11-23
"8729",18.6474609375,2010-11-24
"8730",17.796875,2010-11-25
"8731",18.0673828125,2010-11-26
"8732",15.466796875,2010-11-27
"8733",9.447265625,2010-11-28
"8734",10.9072265625,2010-11-29
"8735",10.2568359375,2010-11-30
"8736",13.69140625,2010-12-01
"8737",15.060546875,2010-12-02
"8738",8.861328125,2010-12-03
"8739",9.541015625,2010-12-04
"8740",17.2607421875,2010-12-05
"8741",21.12109375,2010-12-06
"8742",22.771484375,2010-12-07
"8743",17.6611328125,2010-12-08
"8744",14.5009765625,2010-12-09
"8745",11.630859375,2010-12-10
"8746",10.361328125,2010-12-11
"8747",13.53125,2010-12-12
"8748",11.2109375,2010-12-13
"8749",9.7412109375,2010-12-14
"8750",12.1513671875,2010-12-15
"8751",9.4013671875,2010-12-16
"8752",10.2314453125,2010-12-17
"8753",11.951171875,2010-12-18
"8754",10.03125,2010-12-19
"8755",8.5908203125,2010-12-20
"8756",11.021484375,2010-12-21
"8757",10.7412109375,2010-12-22
"8758",11.30078125,2010-12-23
"8759",8.9306640625,2010-12-24
"8760",9.201171875,2010-12-25
"8761",16.05078125,2010-12-26
"8762",9.291015625,2010-12-27
"8763",8.9208984375,2010-12-28
"8764",5.9306640625,2010-12-29
"8765",6.1611328125,2010-12-30
"8766",9.640625,2010-12-31
"8767",13.5751953125,2011-01-01
"8768",12.615234375,2011-01-02
"8769",11.384765625,2011-01-03
"8770",13.2451171875,2011-01-04
"8771",12.275390625,2011-01-05
"8772",8.9951171875,2011-01-06
"8773",19.0146484375,2011-01-07
"8774",14.5048828125,2011-01-08
"8775",18.5146484375,2011-01-09
"8776",16.5654296875,2011-01-10
"8777",18.5947265625,2011-01-11
"8778",16.6845703125,2011-01-12
"8779",17.9453125,2011-01-13
"8780",14.7646484375,2011-01-14
"8781",9.2451171875,2011-01-15
"8782",14.5146484375,2011-01-16
"8783",13.5947265625,2011-01-17
"8784",12.4453125,2011-01-18
"8785",13.14453125,2011-01-19
"8786",9.865234375,2011-01-20
"8787",12.224609375,2011-01-21
"8788",15.125,2011-01-22
"8789",14.044921875,2011-01-23
"8790",6.9951171875,2011-01-24
"8791",9.865234375,2011-01-25
"8792",14.1953125,2011-01-26
"8793",17.78515625,2011-01-27
"8794",11.4453125,2011-01-28
"8795",10.9853515625,2011-01-29
"8796",6.2548828125,2011-01-30
"8797",13.705078125,2011-01-31
"8798",11.037109375,2011-02-01
"8799",19.216796875,2011-02-02
"8800",23.8466796875,2011-02-03
"8801",27.037109375,2011-02-04
"8802",26.0869140625,2011-02-05
"8803",13.77734375,2011-02-06
"8804",15.77734375,2011-02-07
"8805",15.4267578125,2011-02-08
"8806",15.3271484375,2011-02-09
"8807",20.537109375,2011-02-10
"8808",21.8369140625,2011-02-11
"8809",19.607421875,2011-02-12
"8810",16.52734375,2011-02-13
"8811",14.45703125,2011-02-14
"8812",16.45703125,2011-02-15
"8813",18.8671875,2011-02-16
"8814",16.4267578125,2011-02-17
"8815",20.296875,2011-02-18
"8816",18.70703125,2011-02-19
"8817",16.6474609375,2011-02-20
"8818",11.9169921875,2011-02-21
"8819",12.4970703125,2011-02-22
"8820",11.0771484375,2011-02-23
"8821",14.6669921875,2011-02-24
"8822",14.2373046875,2011-02-25
"8823",14.447265625,2011-02-26
"8824",16.216796875,2011-02-27
"8825",18.13671875,2011-02-28
"8826",13.921875,2011-03-01
"8827",10.232421875,2011-03-02
"8828",10.8818359375,2011-03-03
"8829",12.6923828125,2011-03-04
"8830",9.4619140625,2011-03-05
"8831",8.501953125,2011-03-06
"8832",22.7119140625,2011-03-07
"8833",22.591796875,2011-03-08
"8834",15.181640625,2011-03-09
"8835",13.001953125,2011-03-10
"8836",14.421875,2011-03-11
"8837",17.83203125,2011-03-12
"8838",21.3818359375,2011-03-13
"8839",19.7724609375,2011-03-14
"8840",23.3720703125,2011-03-15
"8841",19.7021484375,2011-03-16
"8842",20.091796875,2011-03-17
"8843",19.4921875,2011-03-18
"8844",19.8115234375,2011-03-19
"8845",21.6923828125,2011-03-20
"8846",16.181640625,2011-03-21
"8847",13.841796875,2011-03-22
"8848",13.482421875,2011-03-23
"8849",11.26171875,2011-03-24
"8850",12.322265625,2011-03-25
"8851",11.7724609375,2011-03-26
"8852",11.8818359375,2011-03-27
"8853",13.2421875,2011-03-28
"8854",13.26171875,2011-03-29
"8855",14.681640625,2011-03-30
"8856",12.6416015625,2011-03-31
"8857",10.6708984375,2011-04-01
"8858",12.2314453125,2011-04-02
"8859",9.9306640625,2011-04-03
"8860",10.390625,2011-04-04
"8861",11.1611328125,2011-04-05
"8862",10.640625,2011-04-06
"8863",9.2509765625,2011-04-07
"8864",11.3212890625,2011-04-08
"8865",14.8212890625,2011-04-09
"8866",11.880859375,2011-04-10
"8867",10.521484375,2011-04-11
"8868",11.44140625,2011-04-12
"8869",11.521484375,2011-04-13
"8870",12.390625,2011-04-14
"8871",13.4814453125,2011-04-15
"8872",13.771484375,2011-04-16
"8873",11.7607421875,2011-04-17
"8874",9.361328125,2011-04-18
"8875",9.791015625,2011-04-19
"8876",13.130859375,2011-04-20
"8877",13.361328125,2011-04-21
"8878",14.310546875,2011-04-22
"8879",12.2509765625,2011-04-23
"8880",10.451171875,2011-04-24
"8881",9.470703125,2011-04-25
"8882",8.5712890625,2011-04-26
"8883",7.9306640625,2011-04-27
"8884",12.201171875,2011-04-28
"8885",10.4609375,2011-04-29
"8886",12.5009765625,2011-04-30
"8887",16.5048828125,2011-05-01
"8888",16.025390625,2011-05-02
"8889",13.6650390625,2011-05-03
"8890",12.9248046875,2011-05-04
"8891",12.205078125,2011-05-05
"8892",12.4052734375,2011-05-06
"8893",11.884765625,2011-05-07
"8894",13.2353515625,2011-05-08
"8895",11.955078125,2011-05-09
"8896",10.5654296875,2011-05-10
"8897",12.044921875,2011-05-11
"8898",12.9345703125,2011-05-12
"8899",12.125,2011-05-13
"8900",10.9248046875,2011-05-14
"8901",8.64453125,2011-05-15
"8902",7.3154296875,2011-05-16
"8903",6.8447265625,2011-05-17
"8904",7.0849609375,2011-05-18
"8905",8.4951171875,2011-05-19
"8906",10.6953125,2011-05-20
"8907",9.64453125,2011-05-21
"8908",11.0546875,2011-05-22
"8909",12.6748046875,2011-05-23
"8910",13.3046875,2011-05-24
"8911",9.9453125,2011-05-25
"8912",8.85546875,2011-05-26
"8913",9.5546875,2011-05-27
"8914",9.875,2011-05-28
"8915",8.474609375,2011-05-29
"8916",9.3251953125,2011-05-30
"8917",8.4150390625,2011-05-31
"8918",7.791015625,2011-06-01
"8919",7.6806640625,2011-06-02
"8920",7.890625,2011-06-03
"8921",11.78125,2011-06-04
"8922",11.2607421875,2011-06-05
"8923",11.6806640625,2011-06-06
"8924",11.291015625,2011-06-07
"8925",8.8505859375,2011-06-08
"8926",9.9013671875,2011-06-09
"8927",10.6708984375,2011-06-10
"8928",8.611328125,2011-06-11
"8929",7.201171875,2011-06-12
"8930",8.55078125,2011-06-13
"8931",7.94140625,2011-06-14
"8932",7.130859375,2011-06-15
"8933",6.7412109375,2011-06-16
"8934",11.390625,2011-06-17
"8935",9.951171875,2011-06-18
"8936",9.310546875,2011-06-19
"8937",9.640625,2011-06-20
"8938",11.3212890625,2011-06-21
"8939",10.2607421875,2011-06-22
"8940",12.451171875,2011-06-23
"8941",9.271484375,2011-06-24
"8942",8.861328125,2011-06-25
"8943",7.220703125,2011-06-26
"8944",10.1611328125,2011-06-27
"8945",9.19140625,2011-06-28
"8946",8.05078125,2011-06-29
"8947",11.220703125,2011-06-30
"8948",10.2529296875,2011-07-01
"8949",12.0634765625,2011-07-02
"8950",11.72265625,2011-07-03
"8951",7.54296875,2011-07-04
"8952",9.8134765625,2011-07-05
"8953",9.953125,2011-07-06
"8954",10.4033203125,2011-07-07
"8955",7.61328125,2011-07-08
"8956",8.36328125,2011-07-09
"8957",9.373046875,2011-07-10
"8958",9.7626953125,2011-07-11
"8959",9.0029296875,2011-07-12
"8960",10.953125,2011-07-13
"8961",11.443359375,2011-07-14
"8962",10.443359375,2011-07-15
"8963",9.443359375,2011-07-16
"8964",10.79296875,2011-07-17
"8965",9.6630859375,2011-07-18
"8966",9.0732421875,2011-07-19
"8967",9.3232421875,2011-07-20
"8968",8.8134765625,2011-07-21
"8969",8.9931640625,2011-07-22
"8970",7.9033203125,2011-07-23
"8971",8.6728515625,2011-07-24
"8972",11.4228515625,2011-07-25
"8973",9.2626953125,2011-07-26
"8974",7.943359375,2011-07-27
"8975",7.1826171875,2011-07-28
"8976",6.802734375,2011-07-29
"8977",12.283203125,2011-07-30
"8978",8.1328125,2011-07-31
"8979",7.8642578125,2011-08-01
"8980",8.654296875,2011-08-02
"8981",7.57421875,2011-08-03
"8982",11.7939453125,2011-08-04
"8983",10.50390625,2011-08-05
"8984",9.314453125,2011-08-06
"8985",10.34375,2011-08-07
"8986",10.2744140625,2011-08-08
"8987",9.333984375,2011-08-09
"8988",10.18359375,2011-08-10
"8989",11.833984375,2011-08-11
"8990",11.244140625,2011-08-12
"8991",10.744140625,2011-08-13
"8992",8.6435546875,2011-08-14
"8993",7.7939453125,2011-08-15
"8994",7.2939453125,2011-08-16
"8995",9.0244140625,2011-08-17
"8996",9.75390625,2011-08-18
"8997",11.82421875,2011-08-19
"8998",11.333984375,2011-08-20
"8999",10.18359375,2011-08-21
"9000",6.00390625,2011-08-22
"9001",6.3037109375,2011-08-23
"9002",6.923828125,2011-08-24
"9003",10.7236328125,2011-08-25
"9004",8.4140625,2011-08-26
"9005",8.1943359375,2011-08-27
"9006",6.8642578125,2011-08-28
"9007",7.744140625,2011-08-29
"9008",8.9736328125,2011-08-30
"9009",7.564453125,2011-08-31
"9010",6.0673828125,2011-09-01
"9011",5.4169921875,2011-09-02
"9012",4.2666015625,2011-09-03
"9013",10.876953125,2011-09-04
"9014",8.2470703125,2011-09-05
"9015",8.537109375,2011-09-06
"9016",6.0068359375,2011-09-07
"9017",11.02734375,2011-09-08
"9018",10.45703125,2011-09-09
"9019",8.6669921875,2011-09-10
"9020",10.376953125,2011-09-11
"9021",10.6865234375,2011-09-12
"9022",7.0673828125,2011-09-13
"9023",4.8369140625,2011-09-14
"9024",3.5166015625,2011-09-15
"9025",2.7568359375,2011-09-16
"9026",2.8974609375,2011-09-17
"9027",10.3369140625,2011-09-18
"9028",7.2373046875,2011-09-19
"9029",10.857421875,2011-09-20
"9030",10.9072265625,2011-09-21
"9031",5.7373046875,2011-09-22
"9032",8.197265625,2011-09-23
"9033",7.8173828125,2011-09-24
"9034",6.9072265625,2011-09-25
"9035",4.8671875,2011-09-26
"9036",4.9169921875,2011-09-27
"9037",11.4267578125,2011-09-28
"9038",8.966796875,2011-09-29
"9039",7.287109375,2011-09-30
"9040",7.84765625,2011-10-01
"9041",8.587890625,2011-10-02
"9042",5.5078125,2011-10-03
"9043",12.1083984375,2011-10-04
"9044",15.6484375,2011-10-05
"9045",14.9580078125,2011-10-06
"9046",13.1484375,2011-10-07
"9047",11.498046875,2011-10-08
"9048",11.23828125,2011-10-09
"9049",13.0078125,2011-10-10
"9050",9.41796875,2011-10-11
"9051",10.908203125,2011-10-12
"9052",9.2578125,2011-10-13
"9053",14.1376953125,2011-10-14
"9054",11.66796875,2011-10-15
"9055",9.41796875,2011-10-16
"9056",7.59765625,2011-10-17
"9057",3.587890625,2011-10-18
"9058",6.927734375,2011-10-19
"9059",9.5576171875,2011-10-20
"9060",17.3076171875,2011-10-21
"9061",14.9775390625,2011-10-22
"9062",9.7783203125,2011-10-23
"9063",18.017578125,2011-10-24
"9064",12.5576171875,2011-10-25
"9065",9.2578125,2011-10-26
"9066",7.9677734375,2011-10-27
"9067",17.0078125,2011-10-28
"9068",12.6376953125,2011-10-29
"9069",9.7978515625,2011-10-30
"9070",8.6484375,2011-10-31
"9071",8.4873046875,2011-11-01
"9072",9.7666015625,2011-11-02
"9073",10.107421875,2011-11-03
"9074",8.8671875,2011-11-04
"9075",6.947265625,2011-11-05
"9076",18.857421875,2011-11-06
"9077",12.466796875,2011-11-07
"9078",19.3271484375,2011-11-08
"9079",21.046875,2011-11-09
"9080",10.4169921875,2011-11-10
"9081",10.5673828125,2011-11-11
"9082",7.3369140625,2011-11-12
"9083",9.5771484375,2011-11-13
"9084",7.787109375,2011-11-14
"9085",7.4169921875,2011-11-15
"9086",18.126953125,2011-11-16
"9087",14.70703125,2011-11-17
"9088",14.70703125,2011-11-18
"9089",15.9970703125,2011-11-19
"9090",10.63671875,2011-11-20
"9091",9.52734375,2011-11-21
"9092",12.0966796875,2011-11-22
"9093",9.1865234375,2011-11-23
"9094",10.20703125,2011-11-24
"9095",8.9970703125,2011-11-25
"9096",11.1767578125,2011-11-26
"9097",9.806640625,2011-11-27
"9098",6.4365234375,2011-11-28
"9099",5.9970703125,2011-11-29
"9100",8.046875,2011-11-30
"9101",8.4208984375,2011-12-01
"9102",9.5908203125,2011-12-02
"9103",9.19140625,2011-12-03
"9104",10.78125,2011-12-04
"9105",5.6708984375,2011-12-05
"9106",4.78125,2011-12-06
"9107",7.53125,2011-12-07
"9108",7.62109375,2011-12-08
"9109",20.2509765625,2011-12-09
"9110",17.7314453125,2011-12-10
"9111",12.05078125,2011-12-11
"9112",11.7109375,2011-12-12
"9113",12.2412109375,2011-12-13
"9114",9.890625,2011-12-14
"9115",7.05078125,2011-12-15
"9116",6.30078125,2011-12-16
"9117",18.0810546875,2011-12-17
"9118",15.2314453125,2011-12-18
"9119",14.7109375,2011-12-19
"9120",11.0908203125,2011-12-20
"9121",9.6611328125,2011-12-21
"9122",13.44140625,2011-12-22
"9123",9.62109375,2011-12-23
"9124",7.4306640625,2011-12-24
"9125",15.521484375,2011-12-25
"9126",12.9306640625,2011-12-26
"9127",11.8212890625,2011-12-27
"9128",13.05078125,2011-12-28
"9129",10.44140625,2011-12-29
"9130",5.6611328125,2011-12-30
"9131",5.37109375,2011-12-31
"9132",7.365234375,2012-01-01
"9133",11.044921875,2012-01-02
"9134",12.634765625,2012-01-03
"9135",15.14453125,2012-01-04
"9136",11.4951171875,2012-01-05
"9137",9.875,2012-01-06
"9138",22.2353515625,2012-01-07
"9139",15.1953125,2012-01-08
"9140",11.9853515625,2012-01-09
"9141",12.4853515625,2012-01-10
"9142",11.4853515625,2012-01-11
"9143",10.134765625,2012-01-12
"9144",10.85546875,2012-01-13
"9145",12.7646484375,2012-01-14
"9146",10.4853515625,2012-01-15
"9147",4.2646484375,2012-01-16
"9148",8.21484375,2012-01-17
"9149",17.044921875,2012-01-18
"9150",15.1650390625,2012-01-19
"9151",13.625,2012-01-20
"9152",14.4453125,2012-01-21
"9153",12.53515625,2012-01-22
"9154",15.544921875,2012-01-23
"9155",13.0048828125,2012-01-24
"9156",13.10546875,2012-01-25
"9157",15.03515625,2012-01-26
"9158",11.9052734375,2012-01-27
"9159",18.125,2012-01-28
"9160",21.46484375,2012-01-29
"9161",18.2646484375,2012-01-30
"9162",10.6552734375,2012-01-31
"9163",10.8271484375,2012-02-01
"9164",11.8173828125,2012-02-02
"9165",12.0869140625,2012-02-03
"9166",9.876953125,2012-02-04
"9167",11.5068359375,2012-02-05
"9168",9.9169921875,2012-02-06
"9169",12.947265625,2012-02-07
"9170",10.8974609375,2012-02-08
"9171",11.4169921875,2012-02-09
"9172",12.5673828125,2012-02-10
"9173",12.537109375,2012-02-11
"9174",12.107421875,2012-02-12
"9175",9.9072265625,2012-02-13
"9176",5.4267578125,2012-02-14
"9177",14.3671875,2012-02-15
"9178",16.1572265625,2012-02-16
"9179",14.0068359375,2012-02-17
"9180",12.546875,2012-02-18
"9181",8.27734375,2012-02-19
"9182",16.6767578125,2012-02-20
"9183",15.5869140625,2012-02-21
"9184",14.197265625,2012-02-22
"9185",11.2568359375,2012-02-23
"9186",9.216796875,2012-02-24
"9187",11.556640625,2012-02-25
"9188",21.13671875,2012-02-26
"9189",26.3271484375,2012-02-27
"9190",19.3671875,2012-02-28
"9191",20.0869140625,2012-02-29
"9192",15.5615234375,2012-03-01
"9193",19.2822265625,2012-03-02
"9194",18.5615234375,2012-03-03
"9195",14.931640625,2012-03-04
"9196",14.181640625,2012-03-05
"9197",14.091796875,2012-03-06
"9198",14.1318359375,2012-03-07
"9199",11.0615234375,2012-03-08
"9200",10.4716796875,2012-03-09
"9201",14.7021484375,2012-03-10
"9202",13.681640625,2012-03-11
"9203",12.3115234375,2012-03-12
"9204",11.2919921875,2012-03-13
"9205",14.5615234375,2012-03-14
"9206",14.01171875,2012-03-15
"9207",16.8720703125,2012-03-16
"9208",13.15234375,2012-03-17
"9209",11.4921875,2012-03-18
"9210",12.1015625,2012-03-19
"9211",16.2421875,2012-03-20
"9212",13.6220703125,2012-03-21
"9213",9.6123046875,2012-03-22
"9214",13.2021484375,2012-03-23
"9215",12.2919921875,2012-03-24
"9216",13.931640625,2012-03-25
"9217",11.4521484375,2012-03-26
"9218",10.6220703125,2012-03-27
"9219",10.9619140625,2012-03-28
"9220",10.732421875,2012-03-29
"9221",10.9619140625,2012-03-30
"9222",16.6318359375,2012-03-31
"9223",12.4814453125,2012-04-01
"9224",18.1611328125,2012-04-02
"9225",15.810546875,2012-04-03
"9226",12.05078125,2012-04-04
"9227",10.03125,2012-04-05
"9228",14.111328125,2012-04-06
"9229",8.5908203125,2012-04-07
"9230",9.8408203125,2012-04-08
"9231",11.7509765625,2012-04-09
"9232",9.4609375,2012-04-10
"9233",6.7509765625,2012-04-11
"9234",6.560546875,2012-04-12
"9235",6.7509765625,2012-04-13
"9236",9.060546875,2012-04-14
"9237",11.0908203125,2012-04-15
"9238",9.7109375,2012-04-16
"9239",8.810546875,2012-04-17
"9240",8.53125,2012-04-18
"9241",8.0908203125,2012-04-19
"9242",8.2109375,2012-04-20
"9243",15.9208984375,2012-04-21
"9244",14.560546875,2012-04-22
"9245",13.53125,2012-04-23
"9246",9.810546875,2012-04-24
"9247",9.2607421875,2012-04-25
"9248",12.0810546875,2012-04-26
"9249",12.8310546875,2012-04-27
"9250",11.3310546875,2012-04-28
"9251",10.720703125,2012-04-29
"9252",9.3212890625,2012-04-30
"9253",9.1748046875,2012-05-01
"9254",11.115234375,2012-05-02
"9255",7.7451171875,2012-05-03
"9256",8.525390625,2012-05-04
"9257",7.4453125,2012-05-05
"9258",7.455078125,2012-05-06
"9259",6.1845703125,2012-05-07
"9260",5.1953125,2012-05-08
"9261",9.6953125,2012-05-09
"9262",12.0654296875,2012-05-10
"9263",12.21484375,2012-05-11
"9264",9.3447265625,2012-05-12
"9265",8.7548828125,2012-05-13
"9266",9.544921875,2012-05-14
"9267",8.6953125,2012-05-15
"9268",7.5751953125,2012-05-16
"9269",7.4052734375,2012-05-17
"9270",8.294921875,2012-05-18
"9271",10.544921875,2012-05-19
"9272",11.35546875,2012-05-20
"9273",8.1953125,2012-05-21
"9274",7.2646484375,2012-05-22
"9275",5.4052734375,2012-05-23
"9276",8.4345703125,2012-05-24
"9277",11.1748046875,2012-05-25
"9278",13.875,2012-05-26
"9279",12.955078125,2012-05-27
"9280",10.205078125,2012-05-28
"9281",9.0146484375,2012-05-29
"9282",8.9150390625,2012-05-30
"9283",11.115234375,2012-05-31
"9284",14.3212890625,2012-06-01
"9285",14.4912109375,2012-06-02
"9286",11.7412109375,2012-06-03
"9287",10.291015625,2012-06-04
"9288",12.041015625,2012-06-05
"9289",9.4306640625,2012-06-06
"9290",8.0107421875,2012-06-07
"9291",7.6708984375,2012-06-08
"9292",7.470703125,2012-06-09
"9293",7.1005859375,2012-06-10
"9294",7.470703125,2012-06-11
"9295",7.1708984375,2012-06-12
"9296",7.390625,2012-06-13
"9297",9.541015625,2012-06-14
"9298",6.9306640625,2012-06-15
"9299",6.78125,2012-06-16
"9300",10.19140625,2012-06-17
"9301",8.8408203125,2012-06-18
"9302",8.701171875,2012-06-19
"9303",7.9208984375,2012-06-20
"9304",9.2509765625,2012-06-21
"9305",8.6708984375,2012-06-22
"9306",8.810546875,2012-06-23
"9307",8.1806640625,2012-06-24
"9308",8.470703125,2012-06-25
"9309",11.310546875,2012-06-26
"9310",8.7607421875,2012-06-27
"9311",8.0107421875,2012-06-28
"9312",10.310546875,2012-06-29
"9313",9.55078125,2012-06-30
"9314",9.5126953125,2012-07-01
"9315",7.712890625,2012-07-02
"9316",8.533203125,2012-07-03
"9317",9.7626953125,2012-07-04
"9318",8.703125,2012-07-05
"9319",6.7529296875,2012-07-06
"9320",5.4326171875,2012-07-07
"9321",5.7626953125,2012-07-08
"9322",8.61328125,2012-07-09
"9323",6.3232421875,2012-07-10
"9324",6.61328125,2012-07-11
"9325",11.3828125,2012-07-12
"9326",9.9931640625,2012-07-13
"9327",9.5732421875,2012-07-14
"9328",8.4033203125,2012-07-15
"9329",7.2333984375,2012-07-16
"9330",5.8134765625,2012-07-17
"9331",10.11328125,2012-07-18
"9332",7.802734375,2012-07-19
"9333",7.802734375,2012-07-20
"9334",9.3134765625,2012-07-21
"9335",9.47265625,2012-07-22
"9336",8.033203125,2012-07-23
"9337",7.1328125,2012-07-24
"9338",9.9833984375,2012-07-25
"9339",9.4326171875,2012-07-26
"9340",9.79296875,2012-07-27
"9341",8.9130859375,2012-07-28
"9342",11.4130859375,2012-07-29
"9343",8.7431640625,2012-07-30
"9344",7.7529296875,2012-07-31
"9345",6.3935546875,2012-08-01
"9346",5.6943359375,2012-08-02
"9347",8.9541015625,2012-08-03
"9348",5.314453125,2012-08-04
"9349",10.2939453125,2012-08-05
"9350",9.423828125,2012-08-06
"9351",5.4638671875,2012-08-07
"9352",7.3935546875,2012-08-08
"9353",9.853515625,2012-08-09
"9354",8.5244140625,2012-08-10
"9355",7.8037109375,2012-08-11
"9356",7.2744140625,2012-08-12
"9357",6.7744140625,2012-08-13
"9358",11.18359375,2012-08-14
"9359",7.4443359375,2012-08-15
"9360",9.1337890625,2012-08-16
"9361",9.154296875,2012-08-17
"9362",8.84375,2012-08-18
"9363",9.1943359375,2012-08-19
"9364",6.234375,2012-08-20
"9365",6.263671875,2012-08-21
"9366",7.904296875,2012-08-22
"9367",6.923828125,2012-08-23
"9368",10.00390625,2012-08-24
"9369",9.8935546875,2012-08-25
"9370",10.7138671875,2012-08-26
"9371",7.2041015625,2012-08-27
"9372",4.654296875,2012-08-28
"9373",10.7744140625,2012-08-29
"9374",9.6337890625,2012-08-30
"9375",7.59375,2012-08-31
"9376",6.5068359375,2012-09-01
"9377",5.4765625,2012-09-02
"9378",4.4267578125,2012-09-03
"9379",3.7568359375,2012-09-04
"9380",6.63671875,2012-09-05
"9381",7.8466796875,2012-09-06
"9382",8.876953125,2012-09-07
"9383",9.95703125,2012-09-08
"9384",9.2373046875,2012-09-09
"9385",5.8369140625,2012-09-10
"9386",5.0966796875,2012-09-11
"9387",3.6669921875,2012-09-12
"9388",9.296875,2012-09-13
"9389",9.6572265625,2012-09-14
"9390",8.0869140625,2012-09-15
"9391",8.787109375,2012-09-16
"9392",9.7373046875,2012-09-17
"9393",7.6171875,2012-09-18
"9394",6.2373046875,2012-09-19
"9395",8.88671875,2012-09-20
"9396",9.197265625,2012-09-21
"9397",5.2666015625,2012-09-22
"9398",8.8974609375,2012-09-23
"9399",7.9072265625,2012-09-24
"9400",4.9970703125,2012-09-25
"9401",4.107421875,2012-09-26
"9402",7.1171875,2012-09-27
"9403",8.357421875,2012-09-28
"9404",9.107421875,2012-09-29
"9405",7.5966796875,2012-09-30
"9406",8.568359375,2012-10-01
"9407",6.7978515625,2012-10-02
"9408",4.6279296875,2012-10-03
"9409",4.2080078125,2012-10-04
"9410",8.587890625,2012-10-05
"9411",10.3876953125,2012-10-06
"9412",9.828125,2012-10-07
"9413",5.318359375,2012-10-08
"9414",9.9482421875,2012-10-09
"9415",9.2275390625,2012-10-10
"9416",8.3984375,2012-10-11
"9417",8.0283203125,2012-10-12
"9418",6.6884765625,2012-10-13
"9419",4.2578125,2012-10-14
"9420",3.4482421875,2012-10-15
"9421",8.177734375,2012-10-16
"9422",10.6376953125,2012-10-17
"9423",6.587890625,2012-10-18
"9424",8.9775390625,2012-10-19
"9425",7.7880859375,2012-10-20
"9426",12.4775390625,2012-10-21
"9427",8.34765625,2012-10-22
"9428",3.8779296875,2012-10-23
"9429",6.0380859375,2012-10-24
"9430",11.677734375,2012-10-25
"9431",9.4775390625,2012-10-26
"9432",9.408203125,2012-10-27
"9433",8.4384765625,2012-10-28
"9434",4.677734375,2012-10-29
"9435",3.1484375,2012-10-30
"9436",2.2177734375,2012-10-31
"9437",10.7470703125,2012-11-01
"9438",8.626953125,2012-11-02
"9439",4.796875,2012-11-03
"9440",5.0966796875,2012-11-04
"9441",14.376953125,2012-11-05
"9442",10.1767578125,2012-11-06
"9443",8.2265625,2012-11-07
"9444",8.8173828125,2012-11-08
"9445",9.8466796875,2012-11-09
"9446",6.8671875,2012-11-10
"9447",3.8369140625,2012-11-11
"9448",11.947265625,2012-11-12
"9449",9.4765625,2012-11-13
"9450",7.787109375,2012-11-14
"9451",6.216796875,2012-11-15
"9452",11.9765625,2012-11-16
"9453",9.5869140625,2012-11-17
"9454",9.2568359375,2012-11-18
"9455",5.7568359375,2012-11-19
"9456",3.216796875,2012-11-20
"9457",12.466796875,2012-11-21
"9458",8.9765625,2012-11-22
"9459",4.7373046875,2012-11-23
"9460",8.126953125,2012-11-24
"9461",12.376953125,2012-11-25
"9462",9.8974609375,2012-11-26
"9463",15.376953125,2012-11-27
"9464",13.7568359375,2012-11-28
"9465",11.88671875,2012-11-29
"9466",22.3369140625,2012-11-30
"9467",14.060546875,2012-12-01
"9468",11.7109375,2012-12-02
"9469",10.9208984375,2012-12-03
"9470",12.2109375,2012-12-04
"9471",9.7314453125,2012-12-05
"9472",7.041015625,2012-12-06
"9473",4.12109375,2012-12-07
"9474",11.271484375,2012-12-08
"9475",9.220703125,2012-12-09
"9476",8.9306640625,2012-12-10
"9477",8.470703125,2012-12-11
"9478",9.2314453125,2012-12-12
"9479",12.6806640625,2012-12-13
"9480",15.1806640625,2012-12-14
"9481",16.03125,2012-12-15
"9482",13.4013671875,2012-12-16
"9483",11.03125,2012-12-17
"9484",7.791015625,2012-12-18
"9485",12.970703125,2012-12-19
"9486",12.390625,2012-12-20
"9487",9.361328125,2012-12-21
"9488",7.4306640625,2012-12-22
"9489",3.861328125,2012-12-23
"9490",14.041015625,2012-12-24
"9491",9.611328125,2012-12-25
"9492",9.951171875,2012-12-26
"9493",7.7314453125,2012-12-27
"9494",13.3212890625,2012-12-28
"9495",11.55078125,2012-12-29
"9496",10.9912109375,2012-12-30
"9497",8.5107421875,2012-12-31
"9498",5.634765625,2013-01-01
"9499",7.294921875,2013-01-02
"9500",5.974609375,2013-01-03
"9501",3.78515625,2013-01-04
"9502",13.875,2013-01-05
"9503",13.474609375,2013-01-06
"9504",9.4853515625,2013-01-07
"9505",8.3046875,2013-01-08
"9506",12.89453125,2013-01-09
"9507",9.134765625,2013-01-10
"9508",4.2548828125,2013-01-11
"9509",15.4052734375,2013-01-12
"9510",14.125,2013-01-13
"9511",10.9345703125,2013-01-14
"9512",6.7646484375,2013-01-15
"9513",5.8447265625,2013-01-16
"9514",11.96484375,2013-01-17
"9515",15.955078125,2013-01-18
"9516",12.8046875,2013-01-19
"9517",10.8349609375,2013-01-20
"9518",12.455078125,2013-01-21
"9519",11.4248046875,2013-01-22
"9520",12.384765625,2013-01-23
"9521",8.28515625,2013-01-24
"9522",15.2646484375,2013-01-25
"9523",11.134765625,2013-01-26
"9524",13.115234375,2013-01-27
"9525",12.974609375,2013-01-28
"9526",9.294921875,2013-01-29
"9527",10.1650390625,2013-01-30
"9528",13.865234375,2013-01-31
"9529",10.20703125,2013-02-01
"9530",9.6171875,2013-02-02
"9531",14.02734375,2013-02-03
"9532",13.5966796875,2013-02-04
"9533",9.4267578125,2013-02-05
"9534",5.6767578125,2013-02-06
"9535",14.5068359375,2013-02-07
"9536",13.4365234375,2013-02-08
"9537",12.9765625,2013-02-09
"9538",15.3974609375,2013-02-10
"9539",12.947265625,2013-02-11
"9540",14.0068359375,2013-02-12
"9541",14.947265625,2013-02-13
"9542",12.0068359375,2013-02-14
"9543",17.6767578125,2013-02-15
"9544",12.8369140625,2013-02-16
"9545",11.8173828125,2013-02-17
"9546",11.787109375,2013-02-18
"9547",18.046875,2013-02-19
"9548",13.95703125,2013-02-20
"9549",14.876953125,2013-02-21
"9550",17.857421875,2013-02-22
"9551",14.9365234375,2013-02-23
"9552",10.3671875,2013-02-24
"9553",14.046875,2013-02-25
"9554",17.0166015625,2013-02-26
"9555",21.296875,2013-02-27
"9556",15.8671875,2013-02-28
"9557",11.8916015625,2013-03-01
"9558",12.4716796875,2013-03-02
"9559",10.8818359375,2013-03-03
"9560",18.51171875,2013-03-04
"9561",19.8115234375,2013-03-05
"9562",20.591796875,2013-03-06
"9563",22.5517578125,2013-03-07
"9564",20.1416015625,2013-03-08
"9565",24.0615234375,2013-03-09
"9566",19.1123046875,2013-03-10
"9567",14.5419921875,2013-03-11
"9568",12.0224609375,2013-03-12
"9569",12.421875,2013-03-13
"9570",11.2919921875,2013-03-14
"9571",12.58203125,2013-03-15
"9572",13.58203125,2013-03-16
"9573",9.091796875,2013-03-17
"9574",7.8720703125,2013-03-18
"9575",6.421875,2013-03-19
"9576",3.912109375,2013-03-20
"9577",16.982421875,2013-03-21
"9578",10.431640625,2013-03-22
"9579",11.3515625,2013-03-23
"9580",9.4423828125,2013-03-24
"9581",14.3115234375,2013-03-25
"9582",6.4716796875,2013-03-26
"9583",19.6123046875,2013-03-27
"9584",13.2822265625,2013-03-28
"9585",12.501953125,2013-03-29
"9586",14.7119140625,2013-03-30
"9587",15.0322265625,2013-03-31
"9588",14.951171875,2013-04-01
"9589",13.9306640625,2013-04-02
"9590",16.1708984375,2013-04-03
"9591",10.291015625,2013-04-04
"9592",8.361328125,2013-04-05
"9593",8.9013671875,2013-04-06
"9594",10.5107421875,2013-04-07
"9595",13.0908203125,2013-04-08
"9596",12.2109375,2013-04-09
"9597",11.6611328125,2013-04-10
"9598",8.3310546875,2013-04-11
"9599",6.8310546875,2013-04-12
"9600",7.4111328125,2013-04-13
"9601",13.4208984375,2013-04-14
"9602",14.140625,2013-04-15
"9603",12.05078125,2013-04-16
"9604",10.5712890625,2013-04-17
"9605",10.0107421875,2013-04-18
"9606",9.7607421875,2013-04-19
"9607",4.8505859375,2013-04-20
"9608",11.560546875,2013-04-21
"9609",12.4609375,2013-04-22
"9610",14.37109375,2013-04-23
"9611",13.361328125,2013-04-24
"9612",12.060546875,2013-04-25
"9613",9.30078125,2013-04-26
"9614",6.630859375,2013-04-27
"9615",10.9013671875,2013-04-28
"9616",16.19140625,2013-04-29
"9617",15.470703125,2013-04-30
"9618",14.2548828125,2013-05-01
"9619",8.6845703125,2013-05-02
"9620",4.6552734375,2013-05-03
"9621",7.5048828125,2013-05-04
"9622",7.6650390625,2013-05-05
"9623",7.9052734375,2013-05-06
"9624",4.6953125,2013-05-07
"9625",3.9345703125,2013-05-08
"9626",10.21484375,2013-05-09
"9627",8.9345703125,2013-05-10
"9628",10.85546875,2013-05-11
"9629",15.9052734375,2013-05-12
"9630",10.955078125,2013-05-13
"9631",10.974609375,2013-05-14
"9632",13.8046875,2013-05-15
"9633",12.4853515625,2013-05-16
"9634",11.884765625,2013-05-17
"9635",9.8251953125,2013-05-18
"9636",8.134765625,2013-05-19
"9637",6.5048828125,2013-05-20
"9638",13.3154296875,2013-05-21
"9639",14.794921875,2013-05-22
"9640",11.705078125,2013-05-23
"9641",12.4453125,2013-05-24
"9642",12.0048828125,2013-05-25
"9643",10.5751953125,2013-05-26
"9644",10.8046875,2013-05-27
"9645",9.955078125,2013-05-28
"9646",9.2353515625,2013-05-29
"9647",11.3154296875,2013-05-30
"9648",15.5751953125,2013-05-31
"9649",12.380859375,2013-06-01
"9650",11.1708984375,2013-06-02
"9651",11.890625,2013-06-03
"9652",11.7509765625,2013-06-04
"9653",11.951171875,2013-06-05
"9654",13.451171875,2013-06-06
"9655",13.3212890625,2013-06-07
"9656",12.4609375,2013-06-08
"9657",11.12109375,2013-06-09
"9658",14.28125,2013-06-10
"9659",14.3212890625,2013-06-11
"9660",13.470703125,2013-06-12
"9661",11.9814453125,2013-06-13
"9662",10.3310546875,2013-06-14
"9663",9.361328125,2013-06-15
"9664",9.7314453125,2013-06-16
"9665",9.03125,2013-06-17
"9666",8.361328125,2013-06-18
"9667",9.1513671875,2013-06-19
"9668",9.4208984375,2013-06-20
"9669",10.4609375,2013-06-21
"9670",10.69140625,2013-06-22
"9671",11.8310546875,2013-06-23
"9672",11.1708984375,2013-06-24
"9673",10.201171875,2013-06-25
"9674",9.291015625,2013-06-26
"9675",9.6005859375,2013-06-27
"9676",9.4306640625,2013-06-28
"9677",10.541015625,2013-06-29
"9678",9.8310546875,2013-06-30
"9679",10.203125,2013-07-01
"9680",8.8525390625,2013-07-02
"9681",8.54296875,2013-07-03
"9682",6.7734375,2013-07-04
"9683",9.6025390625,2013-07-05
"9684",7.7529296875,2013-07-06
"9685",6.4931640625,2013-07-07
"9686",7.283203125,2013-07-08
"9687",7.9033203125,2013-07-09
"9688",8.0234375,2013-07-10
"9689",8.0029296875,2013-07-11
"9690",13.6826171875,2013-07-12
"9691",14.892578125,2013-07-13
"9692",13.0927734375,2013-07-14
"9693",11.623046875,2013-07-15
"9694",11.2529296875,2013-07-16
"9695",10.36328125,2013-07-17
"9696",10.8525390625,2013-07-18
"9697",11.3134765625,2013-07-19
"9698",10.6533203125,2013-07-20
"9699",9.693359375,2013-07-21
"9700",9.443359375,2013-07-22
"9701",9.3828125,2013-07-23
"9702",9.6728515625,2013-07-24
"9703",8.693359375,2013-07-25
"9704",8.47265625,2013-07-26
"9705",6.3232421875,2013-07-27
"9706",8.5830078125,2013-07-28
"9707",11.462890625,2013-07-29
"9708",10.953125,2013-07-30
"9709",9.8828125,2013-07-31
"9710",9.583984375,2013-08-01
"9711",9.814453125,2013-08-02
"9712",10.6435546875,2013-08-03
"9713",13.423828125,2013-08-04
"9714",10.673828125,2013-08-05
"9715",7.234375,2013-08-06
"9716",13.93359375,2013-08-07
"9717",9.18359375,2013-08-08
"9718",6.734375,2013-08-09
"9719",14.07421875,2013-08-10
"9720",9.82421875,2013-08-11
"9721",11.904296875,2013-08-12
"9722",9.18359375,2013-08-13
"9723",8.173828125,2013-08-14
"9724",7.4736328125,2013-08-15
"9725",5.82421875,2013-08-16
"9726",7.234375,2013-08-17
"9727",6.3642578125,2013-08-18
"9728",9.9638671875,2013-08-19
"9729",7.904296875,2013-08-20
"9730",8.3935546875,2013-08-21
"9731",10.923828125,2013-08-22
"9732",12.0439453125,2013-08-23
"9733",10.6943359375,2013-08-24
"9734",9.7841796875,2013-08-25
"9735",8.353515625,2013-08-26
"9736",5.2939453125,2013-08-27
"9737",11.423828125,2013-08-28
"9738",9.984375,2013-08-29
"9739",8.25390625,2013-08-30
"9740",12.9541015625,2013-08-31
"9741",8.8271484375,2013-09-01
"9742",6.556640625,2013-09-02
"9743",7.3974609375,2013-09-03
"9744",4.9267578125,2013-09-04
"9745",12.6474609375,2013-09-05
"9746",12.77734375,2013-09-06
"9747",11.77734375,2013-09-07
"9748",6.95703125,2013-09-08
"9749",9.046875,2013-09-09
"9750",10.7470703125,2013-09-10
"9751",8.466796875,2013-09-11
"9752",10.1865234375,2013-09-12
"9753",10.4267578125,2013-09-13
"9754",10.0869140625,2013-09-14
"9755",6.77734375,2013-09-15
"9756",12.5966796875,2013-09-16
"9757",10.806640625,2013-09-17
"9758",9.8974609375,2013-09-18
"9759",7.947265625,2013-09-19
"9760",11.2373046875,2013-09-20
"9761",7.1767578125,2013-09-21
"9762",11.2373046875,2013-09-22
"9763",6.3466796875,2013-09-23
"9764",6.1669921875,2013-09-24
"9765",10.3671875,2013-09-25
"9766",8.0673828125,2013-09-26
"9767",4.197265625,2013-09-27
"9768",9.5966796875,2013-09-28
"9769",5.13671875,2013-09-29
"9770",7.607421875,2013-09-30
"9771",9.078125,2013-10-01
"9772",7.2275390625,2013-10-02
"9773",7.998046875,2013-10-03
"9774",6.6376953125,2013-10-04
"9775",3.0380859375,2013-10-05
"9776",12.6279296875,2013-10-06
"9777",10.0576171875,2013-10-07
"9778",8.3984375,2013-10-08
"9779",5.068359375,2013-10-09
"9780",11.8076171875,2013-10-10
"9781",10.2177734375,2013-10-11
"9782",5.2578125,2013-10-12
"9783",9.5478515625,2013-10-13
"9784",6.73828125,2013-10-14
"9785",6.078125,2013-10-15
"9786",2.828125,2013-10-16
"9787",8.2978515625,2013-10-17
"9788",4.5576171875,2013-10-18
"9789",2.3076171875,2013-10-19
"9790",1.7978515625,2013-10-20
"9791",10.59765625,2013-10-21
"9792",13.8681640625,2013-10-22
"9793",8.2978515625,2013-10-23
"9794",8.2275390625,2013-10-24
"9795",6.7783203125,2013-10-25
"9796",4.9677734375,2013-10-26
"9797",2.927734375,2013-10-27
"9798",12.5576171875,2013-10-28
"9799",9.34765625,2013-10-29
"9800",10.1376953125,2013-10-30
"9801",8.7783203125,2013-10-31
"9802",3.5771484375,2013-11-01
"9803",2.2568359375,2013-11-02
"9804",13.4072265625,2013-11-03
"9805",7.5771484375,2013-11-04
"9806",3.2568359375,2013-11-05
"9807",2.876953125,2013-11-06
"9808",8.6669921875,2013-11-07
"9809",13.0966796875,2013-11-08
"9810",8.3173828125,2013-11-09
"9811",7.5771484375,2013-11-10
"9812",8.556640625,2013-11-11
"9813",9.537109375,2013-11-12
"9814",7.5068359375,2013-11-13
"9815",8.0068359375,2013-11-14
"9816",5.9365234375,2013-11-15
"9817",8.9365234375,2013-11-16
"9818",10.1474609375,2013-11-17
"9819",6.4365234375,2013-11-18
"9820",3.7568359375,2013-11-19
"9821",12.0673828125,2013-11-20
"9822",10.9873046875,2013-11-21
"9823",7.556640625,2013-11-22
"9824",9.8369140625,2013-11-23
"9825",10.4267578125,2013-11-24
"9826",6.9169921875,2013-11-25
"9827",5.287109375,2013-11-26
"9828",7.6669921875,2013-11-27
"9829",11.70703125,2013-11-28
"9830",11.287109375,2013-11-29
"9831",5.95703125,2013-11-30
"9832",3.3310546875,2013-12-01
"9833",9.1513671875,2013-12-02
"9834",10.2109375,2013-12-03
"9835",11.9111328125,2013-12-04
"9836",8.041015625,2013-12-05
"9837",9.611328125,2013-12-06
"9838",7.140625,2013-12-07
"9839",4.7607421875,2013-12-08
"9840",19.94140625,2013-12-09
"9841",11.69140625,2013-12-10
"9842",10.810546875,2013-12-11
"9843",12.78125,2013-12-12
"9844",12.62109375,2013-12-13
"9845",13.1806640625,2013-12-14
"9846",9.060546875,2013-12-15
"9847",7.6513671875,2013-12-16
"9848",6.03125,2013-12-17
"9849",5.12109375,2013-12-18
"9850",8.05078125,2013-12-19
"9851",9.140625,2013-12-20
"9852",15.8408203125,2013-12-21
"9853",17.4912109375,2013-12-22
"9854",13.7509765625,2013-12-23
"9855",12.0810546875,2013-12-24
"9856",11.521484375,2013-12-25
"9857",12.111328125,2013-12-26
"9858",9.7607421875,2013-12-27
"9859",11.7109375,2013-12-28
"9860",9.62109375,2013-12-29
"9861",5.9609375,2013-12-30
"9862",3.7109375,2013-12-31
"9863",3.1845703125,2014-01-01
"9864",10.615234375,2014-01-02
"9865",17.0146484375,2014-01-03
"9866",9.9248046875,2014-01-04
"9867",10.8046875,2014-01-05
"9868",9.8447265625,2014-01-06
"9869",8.5048828125,2014-01-07
"9870",10.0048828125,2014-01-08
"9871",9.9453125,2014-01-09
"9872",8.8251953125,2014-01-10
"9873",11.6748046875,2014-01-11
"9874",10.384765625,2014-01-12
"9875",7.5654296875,2014-01-13
"9876",9.775390625,2014-01-14
"9877",10.7646484375,2014-01-15
"9878",8.8154296875,2014-01-16
"9879",13.85546875,2014-01-17
"9880",18.6552734375,2014-01-18
"9881",17.6552734375,2014-01-19
"9882",13.96484375,2014-01-20
"9883",12.2646484375,2014-01-21
"9884",10.53515625,2014-01-22
"9885",9.0947265625,2014-01-23
"9886",19.9951171875,2014-01-24
"9887",15.294921875,2014-01-25
"9888",8.955078125,2014-01-26
"9889",5.39453125,2014-01-27
"9890",10.5751953125,2014-01-28
"9891",16.384765625,2014-01-29
"9892",14.4248046875,2014-01-30
"9893",13.5751953125,2014-01-31
"9894",9.63671875,2014-02-01
"9895",13.857421875,2014-02-02
"9896",13.38671875,2014-02-03
"9897",10.8173828125,2014-02-04
"9898",8.7373046875,2014-02-05
"9899",10.8466796875,2014-02-06
"9900",7.8974609375,2014-02-07
"9901",7.1767578125,2014-02-08
"9902",13.126953125,2014-02-09
"9903",8.8173828125,2014-02-10
"9904",9.1865234375,2014-02-11
"9905",19.88671875,2014-02-12
"9906",17.6865234375,2014-02-13
"9907",29.626953125,2014-02-14
"9908",23.126953125,2014-02-15
"9909",15.13671875,2014-02-16
"9910",15.0869140625,2014-02-17
"9911",16.947265625,2014-02-18
"9912",12.6669921875,2014-02-19
"9913",10.52734375,2014-02-20
"9914",10.1767578125,2014-02-21
"9915",10.4169921875,2014-02-22
"9916",12.787109375,2014-02-23
"9917",12.9072265625,2014-02-24
"9918",13.796875,2014-02-25
"9919",14.27734375,2014-02-26
"9920",11.2265625,2014-02-27
"9921",11.6767578125,2014-02-28
"9922",11.751953125,2014-03-01
"9923",12.5322265625,2014-03-02
"9924",10.9921875,2014-03-03
"9925",10.6220703125,2014-03-04
"9926",11.3515625,2014-03-05
"9927",13.65234375,2014-03-06
"9928",11.501953125,2014-03-07
"9929",11.662109375,2014-03-08
"9930",11.841796875,2014-03-09
"9931",11.2724609375,2014-03-10
"9932",12.76171875,2014-03-11
"9933",15.001953125,2014-03-12
"9934",12.0224609375,2014-03-13
"9935",7.171875,2014-03-14
"9936",15.931640625,2014-03-15
"9937",13.1015625,2014-03-16
"9938",11.751953125,2014-03-17
"9939",15.3623046875,2014-03-18
"9940",14.9521484375,2014-03-19
"9941",11.591796875,2014-03-20
"9942",14.4921875,2014-03-21
"9943",10.0224609375,2014-03-22
"9944",10.8623046875,2014-03-23
"9945",10.091796875,2014-03-24
"9946",12.26171875,2014-03-25
"9947",11.6123046875,2014-03-26
"9948",13.6923828125,2014-03-27
"9949",15.4619140625,2014-03-28
"9950",15.01171875,2014-03-29
"9951",9.8115234375,2014-03-30
"9952",10.2822265625,2014-03-31
"9953",10.6806640625,2014-04-01
"9954",17.12109375,2014-04-02
"9955",13.55078125,2014-04-03
"9956",12.361328125,2014-04-04
"9957",10.9111328125,2014-04-05
"9958",9.970703125,2014-04-06
"9959",14.890625,2014-04-07
"9960",23.970703125,2014-04-08
"9961",22.4208984375,2014-04-09
"9962",21.1708984375,2014-04-10
"9963",16.87109375,2014-04-11
"9964",13.390625,2014-04-12
"9965",12.6611328125,2014-04-13
"9966",13.201171875,2014-04-14
"9967",12.3212890625,2014-04-15
"9968",12.55078125,2014-04-16
"9969",12.3505859375,2014-04-17
"9970",12.4609375,2014-04-18
"9971",12.8408203125,2014-04-19
"9972",13.37109375,2014-04-20
"9973",9.94140625,2014-04-21
"9974",13.111328125,2014-04-22
"9975",10.7412109375,2014-04-23
"9976",12.9013671875,2014-04-24
"9977",12.28125,2014-04-25
"9978",18.3212890625,2014-04-26
"9979",14.560546875,2014-04-27
"9980",14.541015625,2014-04-28
"9981",15.8310546875,2014-04-29
"9982",13.4111328125,2014-04-30
"9983",12.1953125,2014-05-01
"9984",12.525390625,2014-05-02
"9985",12.96484375,2014-05-03
"9986",11.6953125,2014-05-04
"9987",12.134765625,2014-05-05
"9988",12.64453125,2014-05-06
"9989",11.53515625,2014-05-07
"9990",10.10546875,2014-05-08
"9991",12.4853515625,2014-05-09
"9992",15.03515625,2014-05-10
"9993",13.525390625,2014-05-11
"9994",11.4052734375,2014-05-12
"9995",9.60546875,2014-05-13
"9996",8.7353515625,2014-05-14
"9997",10.71484375,2014-05-15
"9998",7.8046875,2014-05-16
"9999",10.3046875,2014-05-17
"10000",11.365234375,2014-05-18
"10001",12.5146484375,2014-05-19
"10002",13.4951171875,2014-05-20
"10003",12.9345703125,2014-05-21
"10004",13.705078125,2014-05-22
"10005",15.705078125,2014-05-23
"10006",14.455078125,2014-05-24
"10007",11.875,2014-05-25
"10008",13.3251953125,2014-05-26
"10009",13.724609375,2014-05-27
"10010",13.7548828125,2014-05-28
"10011",10.9951171875,2014-05-29
"10012",11.46484375,2014-05-30
"10013",13.5751953125,2014-05-31
"10014",12.8408203125,2014-06-01
"10015",11.810546875,2014-06-02
"10016",11.19140625,2014-06-03
"10017",11.3505859375,2014-06-04
"10018",10.951171875,2014-06-05
"10019",10.80078125,2014-06-06
"10020",10.1806640625,2014-06-07
"10021",11.5712890625,2014-06-08
"10022",9.94140625,2014-06-09
"10023",7.3408203125,2014-06-10
"10024",7.87109375,2014-06-11
"10025",8.771484375,2014-06-12
"10026",10.5908203125,2014-06-13
"10027",11.5009765625,2014-06-14
"10028",10.7314453125,2014-06-15
"10029",10.4912109375,2014-06-16
"10030",9.9306640625,2014-06-17
"10031",9.78125,2014-06-18
"10032",9.140625,2014-06-19
"10033",8.361328125,2014-06-20
"10034",10.951171875,2014-06-21
"10035",9.3212890625,2014-06-22
"10036",8.30078125,2014-06-23
"10037",10.0908203125,2014-06-24
"10038",11.9306640625,2014-06-25
"10039",8.4111328125,2014-06-26
"10040",6.6806640625,2014-06-27
"10041",9.12109375,2014-06-28
"10042",10.55078125,2014-06-29
"10043",9.8408203125,2014-06-30
"10044",8.9033203125,2014-07-01
"10045",8.8232421875,2014-07-02
"10046",7.1533203125,2014-07-03
"10047",8.6328125,2014-07-04
"10048",9.2333984375,2014-07-05
"10049",7.36328125,2014-07-06
"10050",6.6826171875,2014-07-07
"10051",4.6328125,2014-07-08
"10052",7.802734375,2014-07-09
"10053",8.7734375,2014-07-10
"10054",8.373046875,2014-07-11
"10055",7.3427734375,2014-07-12
"10056",7.0830078125,2014-07-13
"10057",7.283203125,2014-07-14
"10058",8.86328125,2014-07-15
"10059",9.123046875,2014-07-16
"10060",10.4931640625,2014-07-17
"10061",8.8525390625,2014-07-18
"10062",7.4228515625,2014-07-19
"10063",6.7626953125,2014-07-20
"10064",5.9833984375,2014-07-21
"10065",4.8134765625,2014-07-22
"10066",8.962890625,2014-07-23
"10067",11.123046875,2014-07-24
"10068",10.29296875,2014-07-25
"10069",9.3828125,2014-07-26
"10070",7.2626953125,2014-07-27
"10071",6.533203125,2014-07-28
"10072",9.1025390625,2014-07-29
"10073",8.29296875,2014-07-30
"10074",7.0126953125,2014-07-31
"10075",8.833984375,2014-08-01
"10076",7.34375,2014-08-02
"10077",4.244140625,2014-08-03
"10078",4.484375,2014-08-04
"10079",5.93359375,2014-08-05
"10080",7.4443359375,2014-08-06
"10081",7.84375,2014-08-07
"10082",6.25390625,2014-08-08
"10083",5.43359375,2014-08-09
"10084",11.59375,2014-08-10
"10085",8.18359375,2014-08-11
"10086",6.853515625,2014-08-12
"10087",7.4736328125,2014-08-13
"10088",7.404296875,2014-08-14
"10089",9.2236328125,2014-08-15
"10090",10.064453125,2014-08-16
"10091",9.3740234375,2014-08-17
"10092",9.314453125,2014-08-18
"10093",8.1240234375,2014-08-19
"10094",7.0341796875,2014-08-20
"10095",7.43359375,2014-08-21
"10096",6.8935546875,2014-08-22
"10097",10.1640625,2014-08-23
"10098",8.673828125,2014-08-24
"10099",7.6240234375,2014-08-25
"10100",6.484375,2014-08-26
"10101",5.93359375,2014-08-27
"10102",6.9736328125,2014-08-28
"10103",6.6943359375,2014-08-29
"10104",4.75390625,2014-08-30
"10105",4.0537109375,2014-08-31
"10106",13.70703125,2014-09-01
"10107",8.2265625,2014-09-02
"10108",7.466796875,2014-09-03
"10109",8.466796875,2014-09-04
"10110",8.6171875,2014-09-05
"10111",6.0068359375,2014-09-06
"10112",5.1171875,2014-09-07
"10113",4.126953125,2014-09-08
"10114",8.6865234375,2014-09-09
"10115",11.126953125,2014-09-10
"10116",9.95703125,2014-09-11
"10117",10.447265625,2014-09-12
"10118",8.607421875,2014-09-13
"10119",5.2568359375,2014-09-14
"10120",11.6669921875,2014-09-15
"10121",10.9873046875,2014-09-16
"10122",8.6865234375,2014-09-17
"10123",7.2373046875,2014-09-18
"10124",7.197265625,2014-09-19
"10125",5.95703125,2014-09-20
"10126",4.607421875,2014-09-21
"10127",3.6171875,2014-09-22
"10128",9.6865234375,2014-09-23
"10129",13.0869140625,2014-09-24
"10130",10.716796875,2014-09-25
"10131",8.857421875,2014-09-26
"10132",7.966796875,2014-09-27
"10133",4.9169921875,2014-09-28
"10134",10.947265625,2014-09-29
"10135",6.2568359375,2014-09-30
"10136",9.59765625,2014-10-01
"10137",7.748046875,2014-10-02
"10138",6.41796875,2014-10-03
"10139",5.66796875,2014-10-04
"10140",9.998046875,2014-10-05
"10141",5.3076171875,2014-10-06
"10142",10.7783203125,2014-10-07
"10143",8.517578125,2014-10-08
"10144",5.2978515625,2014-10-09
"10145",8.6982421875,2014-10-10
"10146",11.0576171875,2014-10-11
"10147",10.6181640625,2014-10-12
"10148",7.2275390625,2014-10-13
"10149",6.6884765625,2014-10-14
"10150",7.5078125,2014-10-15
"10151",7.5576171875,2014-10-16
"10152",4.1982421875,2014-10-17
"10153",3.91796875,2014-10-18
"10154",3.3583984375,2014-10-19
"10155",3.3681640625,2014-10-20
"10156",4.6982421875,2014-10-21
"10157",11.4482421875,2014-10-22
"10158",13.6884765625,2014-10-23
"10159",7.267578125,2014-10-24
"10160",9.658203125,2014-10-25
"10161",11.34765625,2014-10-26
"10162",12.1982421875,2014-10-27
"10163",9.8876953125,2014-10-28
"10164",9.517578125,2014-10-29
"10165",8.9482421875,2014-10-30
"10166",12.4384765625,2014-10-31
"10167",9.88671875,2014-11-01
"10168",7.8271484375,2014-11-02
"10169",3.716796875,2014-11-03
"10170",9.0966796875,2014-11-04
"10171",9.5966796875,2014-11-05
"10172",7.1865234375,2014-11-06
"10173",3.857421875,2014-11-07
"10174",12.8271484375,2014-11-08
"10175",10.5966796875,2014-11-09
"10176",8.546875,2014-11-10
"10177",8.4169921875,2014-11-11
"10178",4.4169921875,2014-11-12
"10179",3.1572265625,2014-11-13
"10180",12.5673828125,2014-11-14
"10181",17.697265625,2014-11-15
"10182",10.38671875,2014-11-16
"10183",10.037109375,2014-11-17
"10184",9.8173828125,2014-11-18
"10185",5.806640625,2014-11-19
"10186",21.296875,2014-11-20
"10187",15.5869140625,2014-11-21
"10188",13.5771484375,2014-11-22
"10189",14.607421875,2014-11-23
"10190",13.6767578125,2014-11-24
"10191",8.5166015625,2014-11-25
"10192",9.697265625,2014-11-26
"10193",9.376953125,2014-11-27
"10194",10.38671875,2014-11-28
"10195",4.857421875,2014-11-29
"10196",13.52734375,2014-11-30
"10197",13.951171875,2014-12-01
"10198",6.4912109375,2014-12-02
"10199",20.19140625,2014-12-03
"10200",14.111328125,2014-12-04
"10201",13.2314453125,2014-12-05
"10202",12.3408203125,2014-12-06
"10203",13.541015625,2014-12-07
"10204",14.5009765625,2014-12-08
"10205",10.6005859375,2014-12-09
"10206",10.05078125,2014-12-10
"10207",15.6708984375,2014-12-11
"10208",11.9609375,2014-12-12
"10209",7.28125,2014-12-13
"10210",7.630859375,2014-12-14
"10211",14.1611328125,2014-12-15
"10212",9.861328125,2014-12-16
"10213",10.130859375,2014-12-17
"10214",10.201171875,2014-12-18
"10215",10.8212890625,2014-12-19
"10216",9.0712890625,2014-12-20
"10217",6.28125,2014-12-21
"10218",17.970703125,2014-12-22
"10219",15.041015625,2014-12-23
"10220",11.4013671875,2014-12-24
"10221",11.6708984375,2014-12-25
"10222",8.541015625,2014-12-26
"10223",9.1806640625,2014-12-27
"10224",11.5712890625,2014-12-28
"10225",8.4814453125,2014-12-29
"10226",12.060546875,2014-12-30
"10227",14.380859375,2014-12-31
"10228",6.9951171875,2015-01-01
"10229",4.5048828125,2015-01-02
"10230",14.3447265625,2015-01-03
"10231",16.0048828125,2015-01-04
"10232",14.60546875,2015-01-05
"10233",16.955078125,2015-01-06
"10234",14.89453125,2015-01-07
"10235",16.71484375,2015-01-08
"10236",22.14453125,2015-01-09
"10237",18.7548828125,2015-01-10
"10238",19.865234375,2015-01-11
"10239",23.3447265625,2015-01-12
"10240",16.884765625,2015-01-13
"10241",12.85546875,2015-01-14
"10242",13.4248046875,2015-01-15
"10243",11.775390625,2015-01-16
"10244",14.044921875,2015-01-17
"10245",13.3349609375,2015-01-18
"10246",12.5849609375,2015-01-19
"10247",14.115234375,2015-01-20
"10248",13.615234375,2015-01-21
"10249",16.205078125,2015-01-22
"10250",13.39453125,2015-01-23
"10251",13.3154296875,2015-01-24
"10252",13.125,2015-01-25
"10253",9.625,2015-01-26
"10254",10.0546875,2015-01-27
"10255",10.9345703125,2015-01-28
"10256",11.775390625,2015-01-29
"10257",8.3251953125,2015-01-30
"10258",10.955078125,2015-01-31
"10259",11.4365234375,2015-02-01
"10260",11.0673828125,2015-02-02
"10261",12.7265625,2015-02-03
"10262",12.8974609375,2015-02-04
"10263",12.607421875,2015-02-05
"10264",6.2666015625,2015-02-06
"10265",12.0068359375,2015-02-07
"10266",10.1572265625,2015-02-08
"10267",14.9072265625,2015-02-09
"10268",10.6171875,2015-02-10
"10269",6.4365234375,2015-02-11
"10270",9.556640625,2015-02-12
"10271",9.787109375,2015-02-13
"10272",8.8271484375,2015-02-14
"10273",13.5966796875,2015-02-15
"10274",14.6865234375,2015-02-16
"10275",14.6474609375,2015-02-17
"10276",14.1865234375,2015-02-18
"10277",13.4365234375,2015-02-19
"10278",12.9970703125,2015-02-20
"10279",14.1171875,2015-02-21
"10280",13.466796875,2015-02-22
"10281",14.7470703125,2015-02-23
"10282",10.88671875,2015-02-24
"10283",11.4267578125,2015-02-25
"10284",7.107421875,2015-02-26
"10285",7.287109375,2015-02-27
"10286",6.716796875,2015-02-28
"10287",11.9619140625,2015-03-01
"10288",11.3515625,2015-03-02
"10289",12.8115234375,2015-03-03
"10290",12.7216796875,2015-03-04
"10291",13.6123046875,2015-03-05
"10292",11.1318359375,2015-03-06
"10293",14.01171875,2015-03-07
"10294",13.7421875,2015-03-08
"10295",14.0224609375,2015-03-09
"10296",14.2216796875,2015-03-10
"10297",12.2421875,2015-03-11
"10298",13.4716796875,2015-03-12
"10299",12.1416015625,2015-03-13
"10300",6.5615234375,2015-03-14
"10301",9.162109375,2015-03-15
"10302",7.26171875,2015-03-16
"10303",15.0517578125,2015-03-17
"10304",16.4716796875,2015-03-18
"10305",11.0615234375,2015-03-19
"10306",12.2119140625,2015-03-20
"10307",10.091796875,2015-03-21
"10308",6.9716796875,2015-03-22
"10309",15.5517578125,2015-03-23
"10310",9.7119140625,2015-03-24
"10311",8.33203125,2015-03-25
"10312",8.0517578125,2015-03-26
"10313",7.921875,2015-03-27
"10314",8.921875,2015-03-28
"10315",10.65234375,2015-03-29
"10316",9.65234375,2015-03-30
"10317",8.4716796875,2015-03-31
"10318",6.9814453125,2015-04-01
"10319",17.7412109375,2015-04-02
"10320",10.1806640625,2015-04-03
"10321",11.3310546875,2015-04-04
"10322",12.521484375,2015-04-05
"10323",13.0107421875,2015-04-06
"10324",9.130859375,2015-04-07
"10325",9.951171875,2015-04-08
"10326",10.271484375,2015-04-09
"10327",10.220703125,2015-04-10
"10328",7.0712890625,2015-04-11
"10329",6.130859375,2015-04-12
"10330",6.4111328125,2015-04-13
"10331",7.3505859375,2015-04-14
"10332",12.720703125,2015-04-15
"10333",13.6513671875,2015-04-16
"10334",17.4912109375,2015-04-17
"10335",12.9912109375,2015-04-18
"10336",9.4814453125,2015-04-19
"10337",7.791015625,2015-04-20
"10338",8.2509765625,2015-04-21
"10339",9.5009765625,2015-04-22
"10340",10.9208984375,2015-04-23
"10341",13.12109375,2015-04-24
"10342",10.6513671875,2015-04-25
"10343",11.5810546875,2015-04-26
"10344",9.310546875,2015-04-27
"10345",9.5810546875,2015-04-28
"10346",8.220703125,2015-04-29
"10347",7.6806640625,2015-04-30
"10348",7.28515625,2015-05-01
"10349",5.21484375,2015-05-02
"10350",10.474609375,2015-05-03
"10351",4.955078125,2015-05-04
"10352",8.1845703125,2015-05-05
"10353",10.60546875,2015-05-06
"10354",11.7548828125,2015-05-07
"10355",9.39453125,2015-05-08
"10356",9.5947265625,2015-05-09
"10357",9.3251953125,2015-05-10
"10358",14.9248046875,2015-05-11
"10359",12.71484375,2015-05-12
"10360",7.5146484375,2015-05-13
"10361",8.4951171875,2015-05-14
"10362",10.7451171875,2015-05-15
"10363",9.6953125,2015-05-16
"10364",8.4052734375,2015-05-17
"10365",10.7646484375,2015-05-18
"10366",10.10546875,2015-05-19
"10367",12.3154296875,2015-05-20
"10368",9.134765625,2015-05-21
"10369",9.3349609375,2015-05-22
"10370",9.724609375,2015-05-23
"10371",9.044921875,2015-05-24
"10372",8.865234375,2015-05-25
"10373",10.5546875,2015-05-26
"10374",11.1845703125,2015-05-27
"10375",15.3046875,2015-05-28
"10376",14.4853515625,2015-05-29
"10377",11.6552734375,2015-05-30
"10378",10.5654296875,2015-05-31
"10379",11.4013671875,2015-06-01
"10380",9.060546875,2015-06-02
"10381",8.6611328125,2015-06-03
"10382",9.060546875,2015-06-04
"10383",11.62109375,2015-06-05
"10384",9.640625,2015-06-06
"10385",10.111328125,2015-06-07
"10386",9.9609375,2015-06-08
"10387",12.3212890625,2015-06-09
"10388",8.130859375,2015-06-10
"10389",6.890625,2015-06-11
"10390",7.220703125,2015-06-12
"10391",12.4912109375,2015-06-13
"10392",15.30078125,2015-06-14
"10393",14.041015625,2015-06-15
"10394",13.890625,2015-06-16
"10395",12.8408203125,2015-06-17
"10396",11.5009765625,2015-06-18
"10397",10.9306640625,2015-06-19
"10398",9.201171875,2015-06-20
"10399",7.361328125,2015-06-21
"10400",7.720703125,2015-06-22
"10401",9.3310546875,2015-06-23
"10402",10.4609375,2015-06-24
"10403",9.630859375,2015-06-25
"10404",9.4609375,2015-06-26
"10405",8.7314453125,2015-06-27
"10406",8.03125,2015-06-28
"10407",7.9013671875,2015-06-29
"10408",7.640625,2015-06-30
"10409",7.4228515625,2015-07-01
"10410",7.4833984375,2015-07-02
"10411",9.302734375,2015-07-03
"10412",8.462890625,2015-07-04
"10413",7.7333984375,2015-07-05
"10414",9.6728515625,2015-07-06
"10415",8.623046875,2015-07-07
"10416",7.6728515625,2015-07-08
"10417",6.6728515625,2015-07-09
"10418",10.0830078125,2015-07-10
"10419",9.0234375,2015-07-11
"10420",8.892578125,2015-07-12
"10421",10.5029296875,2015-07-13
"10422",10.5927734375,2015-07-14
"10423",9.6728515625,2015-07-15
"10424",8.8134765625,2015-07-16
"10425",8.1826171875,2015-07-17
"10426",6.9228515625,2015-07-18
"10427",6.8330078125,2015-07-19
"10428",6.033203125,2015-07-20
"10429",6.1328125,2015-07-21
"10430",9.5927734375,2015-07-22
"10431",8.6728515625,2015-07-23
"10432",9.5234375,2015-07-24
"10433",9.8232421875,2015-07-25
"10434",10.5732421875,2015-07-26
"10435",8.5234375,2015-07-27
"10436",7.3134765625,2015-07-28
"10437",6.0634765625,2015-07-29
"10438",4.802734375,2015-07-30
"10439",10.142578125,2015-07-31
"10440",8.1435546875,2015-08-01
"10441",9.353515625,2015-08-02
"10442",10.103515625,2015-08-03
"10443",9.8837890625,2015-08-04
"10444",9.6640625,2015-08-05
"10445",8.8642578125,2015-08-06
"10446",8.1640625,2015-08-07
"10447",6.9140625,2015-08-08
"10448",5.4140625,2015-08-09
"10449",8.4638671875,2015-08-10
"10450",4.8740234375,2015-08-11
"10451",8.9736328125,2015-08-12
"10452",9.9541015625,2015-08-13
"10453",11.173828125,2015-08-14
"10454",10.84375,2015-08-15
"10455",9.59375,2015-08-16
"10456",9.484375,2015-08-17
"10457",9.333984375,2015-08-18
"10458",6.8837890625,2015-08-19
"10459",5.314453125,2015-08-20
"10460",13.013671875,2015-08-21
"10461",11.5244140625,2015-08-22
"10462",13.734375,2015-08-23
"10463",10.564453125,2015-08-24
"10464",7.3935546875,2015-08-25
"10465",8.3935546875,2015-08-26
"10466",8.6240234375,2015-08-27
"10467",9.3642578125,2015-08-28
"10468",9.173828125,2015-08-29
"10469",7.2841796875,2015-08-30
"10470",6.244140625,2015-08-31
"10471",9.4072265625,2015-09-01
"10472",8.9365234375,2015-09-02
"10473",12.5771484375,2015-09-03
"10474",11.2265625,2015-09-04
"10475",9.296875,2015-09-05
"10476",9.3369140625,2015-09-06
"10477",8.9072265625,2015-09-07
"10478",9.02734375,2015-09-08
"10479",11.4169921875,2015-09-09
"10480",11.4765625,2015-09-10
"10481",8.1572265625,2015-09-11
"10482",6.2373046875,2015-09-12
"10483",4.2470703125,2015-09-13
"10484",10.3974609375,2015-09-14
"10485",8.8369140625,2015-09-15
"10486",9.9765625,2015-09-16
"10487",9.966796875,2015-09-17
"10488",8.77734375,2015-09-18
"10489",6.9765625,2015-09-19
"10490",5.5771484375,2015-09-20
"10491",7.546875,2015-09-21
"10492",9.52734375,2015-09-22
"10493",7.02734375,2015-09-23
"10494",6.876953125,2015-09-24
"10495",5.95703125,2015-09-25
"10496",4.7373046875,2015-09-26
"10497",4.966796875,2015-09-27
"10498",4.1669921875,2015-09-28
"10499",10.0166015625,2015-09-29
"10500",8.3369140625,2015-09-30
"10501",8.5283203125,2015-10-01
"10502",4.3076171875,2015-10-02
"10503",2.8583984375,2015-10-03
"10504",3.068359375,2015-10-04
"10505",4.328125,2015-10-05
"10506",8.6484375,2015-10-06
"10507",8.1376953125,2015-10-07
"10508",6.3779296875,2015-10-08
"10509",6.4482421875,2015-10-09
"10510",11.1884765625,2015-10-10
"10511",10.8876953125,2015-10-11
"10512",10.91796875,2015-10-12
"10513",9.5478515625,2015-10-13
"10514",6.7783203125,2015-10-14
"10515",3.5576171875,2015-10-15
"10516",11.748046875,2015-10-16
"10517",13.517578125,2015-10-17
"10518",11.087890625,2015-10-18
"10519",9.908203125,2015-10-19
"10520",14.6279296875,2015-10-20
"10521",11.6083984375,2015-10-21
"10522",10.5478515625,2015-10-22
"10523",8.5576171875,2015-10-23
"10524",5.0283203125,2015-10-24
"10525",10.16796875,2015-10-25
"10526",11.498046875,2015-10-26
"10527",10.98828125,2015-10-27
"10528",6.4775390625,2015-10-28
"10529",10.0380859375,2015-10-29
"10530",12.587890625,2015-10-30
"10531",16.0380859375,2015-10-31
"10532",8.0966796875,2015-11-01
"10533",16.2373046875,2015-11-02
"10534",18.3271484375,2015-11-03
"10535",18.9072265625,2015-11-04
"10536",13.806640625,2015-11-05
"10537",13.9873046875,2015-11-06
"10538",14.2666015625,2015-11-07
"10539",7.9365234375,2015-11-08
"10540",8.466796875,2015-11-09
"10541",12.9267578125,2015-11-10
"10542",14.3466796875,2015-11-11
"10543",14.7470703125,2015-11-12
"10544",10.966796875,2015-11-13
"10545",9.4169921875,2015-11-14
"10546",11.3271484375,2015-11-15
"10547",8.5869140625,2015-11-16
"10548",5.296875,2015-11-17
"10549",3.6865234375,2015-11-18
"10550",6.3271484375,2015-11-19
"10551",12.8173828125,2015-11-20
"10552",11.3466796875,2015-11-21
"10553",10.376953125,2015-11-22
"10554",9.857421875,2015-11-23
"10555",8.9365234375,2015-11-24
"10556",3.876953125,2015-11-25
"10557",9.8271484375,2015-11-26
"10558",7.4873046875,2015-11-27
"10559",6.6669921875,2015-11-28
"10560",8.13671875,2015-11-29
"10561",8.966796875,2015-11-30
"10562",10.5908203125,2015-12-01
"10563",7.1806640625,2015-12-02
"10564",6.53125,2015-12-03
"10565",6.021484375,2015-12-04
"10566",3.87109375,2015-12-05
"10567",4.130859375,2015-12-06
"10568",12.62109375,2015-12-07
"10569",13.6005859375,2015-12-08
"10570",14.390625,2015-12-09
"10571",13.4208984375,2015-12-10
"10572",14.9609375,2015-12-11
"10573",10.1611328125,2015-12-12
"10574",7.7314453125,2015-12-13
"10575",7.2509765625,2015-12-14
"10576",11.9306640625,2015-12-15
"10577",16.6005859375,2015-12-16
"10578",10.291015625,2015-12-17
"10579",9.2109375,2015-12-18
"10580",8.6513671875,2015-12-19
"10581",16.951171875,2015-12-20
"10582",14.1611328125,2015-12-21
"10583",15.9609375,2015-12-22
"10584",15.8212890625,2015-12-23
"10585",7.94140625,2015-12-24
"10586",8.44140625,2015-12-25
"10587",9.140625,2015-12-26
"10588",8.771484375,2015-12-27
"10589",8.2109375,2015-12-28
"10590",7.2412109375,2015-12-29
"10591",5.9912109375,2015-12-30
"10592",8.6708984375,2015-12-31
"10593",10.9951171875,2016-01-01
"10594",15.125,2016-01-02
"10595",13.6748046875,2016-01-03
"10596",14.5654296875,2016-01-04
"10597",15.365234375,2016-01-05
"10598",14.4052734375,2016-01-06
"10599",14.21484375,2016-01-07
"10600",11.4853515625,2016-01-08
"10601",6.9052734375,2016-01-09
"10602",8.2451171875,2016-01-10
"10603",8.6650390625,2016-01-11
"10604",12.7451171875,2016-01-12
"10605",14.89453125,2016-01-13
"10606",12.3349609375,2016-01-14
"10607",7.9951171875,2016-01-15
"10608",8.375,2016-01-16
"10609",7.224609375,2016-01-17
"10610",8.5947265625,2016-01-18
"10611",12.7353515625,2016-01-19
"10612",18.0751953125,2016-01-20
"10613",17.9345703125,2016-01-21
"10614",20.2646484375,2016-01-22
"10615",17.3046875,2016-01-23
"10616",14.8349609375,2016-01-24
"10617",15.2353515625,2016-01-25
"10618",13.7548828125,2016-01-26
"10619",15.705078125,2016-01-27
"10620",14.85546875,2016-01-28
"10621",10.9345703125,2016-01-29
"10622",12.775390625,2016-01-30
"10623",12.9951171875,2016-01-31
"10624",10.6474609375,2016-02-01
"10625",20.306640625,2016-02-02
"10626",13.63671875,2016-02-03
"10627",12.0771484375,2016-02-04
"10628",14.0166015625,2016-02-05
"10629",13.6767578125,2016-02-06
"10630",15.27734375,2016-02-07
"10631",14.037109375,2016-02-08
"10632",13.8271484375,2016-02-09
"10633",14.5966796875,2016-02-10
"10634",14.7265625,2016-02-11
"10635",14.7568359375,2016-02-12
"10636",7.02734375,2016-02-13
"10637",15.037109375,2016-02-14
"10638",13.7373046875,2016-02-15
"10639",14.046875,2016-02-16
"10640",11.4267578125,2016-02-17
"10641",12.5166015625,2016-02-18
"10642",15.6865234375,2016-02-19
"10643",14.107421875,2016-02-20
"10644",10.546875,2016-02-21
"10645",8.806640625,2016-02-22
"10646",12.607421875,2016-02-23
"10647",16.02734375,2016-02-24
"10648",18.376953125,2016-02-25
"10649",13.0068359375,2016-02-26
"10650",13.5966796875,2016-02-27
"10651",14.546875,2016-02-28
"10652",10.9267578125,2016-02-29
"10653",7.2021484375,2016-03-01
"10654",7.9423828125,2016-03-02
"10655",15.4921875,2016-03-03
"10656",14.7216796875,2016-03-04
"10657",15.251953125,2016-03-05
"10658",18.181640625,2016-03-06
"10659",22.5517578125,2016-03-07
"10660",20.7822265625,2016-03-08
"10661",24.8818359375,2016-03-09
"10662",24.322265625,2016-03-10
"10663",23.51171875,2016-03-11
"10664",22.9921875,2016-03-12
"10665",22.65234375,2016-03-13
"10666",21.9716796875,2016-03-14
"10667",19.33203125,2016-03-15
"10668",21.3818359375,2016-03-16
"10669",22.2216796875,2016-03-17
"10670",13.9619140625,2016-03-18
"10671",11.6220703125,2016-03-19
"10672",11.931640625,2016-03-20
"10673",11.671875,2016-03-21
"10674",10.0322265625,2016-03-22
"10675",10.171875,2016-03-23
"10676",12.8818359375,2016-03-24
"10677",16.7919921875,2016-03-25
"10678",12.2919921875,2016-03-26
"10679",13.0517578125,2016-03-27
"10680",13.8515625,2016-03-28
"10681",13.931640625,2016-03-29
"10682",10.162109375,2016-03-30
"10683",10.8916015625,2016-03-31
"10684",9.1611328125,2016-04-01
"10685",14.05078125,2016-04-02
"10686",12.5908203125,2016-04-03
"10687",11.791015625,2016-04-04
"10688",9.4912109375,2016-04-05
"10689",15.220703125,2016-04-06
"10690",10.6611328125,2016-04-07
"10691",12.271484375,2016-04-08
"10692",11.890625,2016-04-09
"10693",12.30078125,2016-04-10
"10694",12.87109375,2016-04-11
"10695",14.2607421875,2016-04-12
"10696",12.5009765625,2016-04-13
"10697",9.8408203125,2016-04-14
"10698",8.380859375,2016-04-15
"10699",14.9814453125,2016-04-16
"10700",12.55078125,2016-04-17
"10701",10.62109375,2016-04-18
"10702",10.361328125,2016-04-19
"10703",9.94140625,2016-04-20
"10704",14.8505859375,2016-04-21
"10705",14.060546875,2016-04-22
"10706",9.4814453125,2016-04-23
"10707",7.6708984375,2016-04-24
"10708",7.060546875,2016-04-25
"10709",7.44140625,2016-04-26
"10710",7.55078125,2016-04-27
"10711",12.0908203125,2016-04-28
"10712",15.4814453125,2016-04-29
"10713",14.55078125,2016-04-30
"10714",11.865234375,2016-05-01
"10715",8.8046875,2016-05-02
"10716",6.9150390625,2016-05-03
"10717",13.5654296875,2016-05-04
"10718",11.544921875,2016-05-05
"10719",10.365234375,2016-05-06
"10720",16.365234375,2016-05-07
"10721",16.4052734375,2016-05-08
"10722",12.525390625,2016-05-09
"10723",12.365234375,2016-05-10
"10724",10.0654296875,2016-05-11
"10725",11.634765625,2016-05-12
"10726",11.10546875,2016-05-13
"10727",10.634765625,2016-05-14
"10728",12.4248046875,2016-05-15
"10729",10.1953125,2016-05-16
"10730",13.39453125,2016-05-17
"10731",11.794921875,2016-05-18
"10732",9.3349609375,2016-05-19
"10733",10.875,2016-05-20
"10734",9.384765625,2016-05-21
"10735",9.3447265625,2016-05-22
"10736",10.275390625,2016-05-23
"10737",8.46484375,2016-05-24
"10738",13.0546875,2016-05-25
"10739",14.0146484375,2016-05-26
"10740",11.705078125,2016-05-27
"10741",10.7451171875,2016-05-28
"10742",9.64453125,2016-05-29
"10743",10.8154296875,2016-05-30
"10744",11.10546875,2016-05-31
"10745",10.220703125,2016-06-01
"10746",10.7109375,2016-06-02
"10747",10.9208984375,2016-06-03
"10748",10.4208984375,2016-06-04
"10749",12.6806640625,2016-06-05
"10750",10.6806640625,2016-06-06
"10751",10.53125,2016-06-07
"10752",14.55078125,2016-06-08
"10753",11.8212890625,2016-06-09
"10754",11.7412109375,2016-06-10
"10755",10.9814453125,2016-06-11
"10756",9.87109375,2016-06-12
"10757",7.7314453125,2016-06-13
"10758",10.1005859375,2016-06-14
"10759",12.220703125,2016-06-15
"10760",14.970703125,2016-06-16
"10761",14.1005859375,2016-06-17
"10762",13.0810546875,2016-06-18
"10763",11.9814453125,2016-06-19
"10764",10.5712890625,2016-06-20
"10765",10.791015625,2016-06-21
"10766",12.78125,2016-06-22
"10767",10.8310546875,2016-06-23
"10768",10.1708984375,2016-06-24
"10769",8.2314453125,2016-06-25
"10770",9.8505859375,2016-06-26
"10771",10.4111328125,2016-06-27
"10772",9.390625,2016-06-28
"10773",8.9912109375,2016-06-29
"10774",10.05078125,2016-06-30
"10775",9.6728515625,2016-07-01
"10776",10.283203125,2016-07-02
"10777",9.123046875,2016-07-03
"10778",11.1025390625,2016-07-04
"10779",8.953125,2016-07-05
"10780",8.462890625,2016-07-06
"10781",9.193359375,2016-07-07
"10782",9.36328125,2016-07-08
"10783",8.8525390625,2016-07-09
"10784",11.7626953125,2016-07-10
"10785",8.2431640625,2016-07-11
"10786",9.3134765625,2016-07-12
"10787",8.4033203125,2016-07-13
"10788",8.193359375,2016-07-14
"10789",6.953125,2016-07-15
"10790",6.9130859375,2016-07-16
"10791",7.1826171875,2016-07-17
"10792",9.4931640625,2016-07-18
"10793",12.9833984375,2016-07-19
"10794",13.7333984375,2016-07-20
"10795",15.7529296875,2016-07-21
"10796",11.4931640625,2016-07-22
"10797",8.802734375,2016-07-23
"10798",6.9228515625,2016-07-24
"10799",9.1630859375,2016-07-25
"10800",10.0830078125,2016-07-26
"10801",9.0234375,2016-07-27
"10802",8.6533203125,2016-07-28
"10803",7.892578125,2016-07-29
"10804",7.4228515625,2016-07-30
"10805",10.9326171875,2016-07-31
"10806",12.0244140625,2016-08-01
"10807",8.423828125,2016-08-02
"10808",9.263671875,2016-08-03
"10809",9.4443359375,2016-08-04
"10810",7.8642578125,2016-08-05
"10811",7.6337890625,2016-08-06
"10812",6.744140625,2016-08-07
"10813",6.0244140625,2016-08-08
"10814",10.833984375,2016-08-09
"10815",6.5439453125,2016-08-10
"10816",9.3740234375,2016-08-11
"10817",6.994140625,2016-08-12
"10818",9.333984375,2016-08-13
"10819",9.103515625,2016-08-14
"10820",6.5439453125,2016-08-15
"10821",6.07421875,2016-08-16
"10822",9.1240234375,2016-08-17
"10823",7.0244140625,2016-08-18
"10824",9.25390625,2016-08-19
"10825",9.1640625,2016-08-20
"10826",7.564453125,2016-08-21
"10827",9.763671875,2016-08-22
"10828",8.0341796875,2016-08-23
"10829",8.4736328125,2016-08-24
"10830",9.4736328125,2016-08-25
"10831",8.333984375,2016-08-26
"10832",7.1640625,2016-08-27
"10833",6.244140625,2016-08-28
"10834",10.7138671875,2016-08-29
"10835",14.353515625,2016-08-30
"10836",12.1435546875,2016-08-31
"10837",10.697265625,2016-09-01
"10838",12.0166015625,2016-09-02
"10839",10.9072265625,2016-09-03
"10840",9.697265625,2016-09-04
"10841",8.966796875,2016-09-05
"10842",9.7265625,2016-09-06
"10843",9.9873046875,2016-09-07
"10844",12.27734375,2016-09-08
"10845",9.216796875,2016-09-09
"10846",8.5771484375,2016-09-10
"10847",8.1669921875,2016-09-11
"10848",9.7373046875,2016-09-12
"10849",10.3173828125,2016-09-13
"10850",8.3173828125,2016-09-14
"10851",8.197265625,2016-09-15
"10852",8.0869140625,2016-09-16
"10853",9.4365234375,2016-09-17
"10854",9.5068359375,2016-09-18
"10855",8.0068359375,2016-09-19
"10856",13.107421875,2016-09-20
"10857",9.0673828125,2016-09-21
"10858",8.9365234375,2016-09-22
"10859",7.7470703125,2016-09-23
"10860",11.2666015625,2016-09-24
"10861",6.9873046875,2016-09-25
"10862",5.95703125,2016-09-26
"10863",7.3271484375,2016-09-27
"10864",15.7568359375,2016-09-28
"10865",7.037109375,2016-09-29
"10866",7.8173828125,2016-09-30
"10867",6.41796875,2016-10-01
"10868",11.267578125,2016-10-02
"10869",7.517578125,2016-10-03
"10870",8.927734375,2016-10-04
"10871",7.6884765625,2016-10-05
"10872",6.6279296875,2016-10-06
"10873",5.6181640625,2016-10-07
"10874",9.9384765625,2016-10-08
"10875",4.98828125,2016-10-09
"10876",10.1484375,2016-10-10
"10877",7.9482421875,2016-10-11
"10878",8.3583984375,2016-10-12
"10879",9.828125,2016-10-13
"10880",7.7080078125,2016-10-14
"10881",4.7080078125,2016-10-15
"10882",9.2578125,2016-10-16
"10883",9.1982421875,2016-10-17
"10884",11.73828125,2016-10-18
"10885",8.3876953125,2016-10-19
"10886",7.4775390625,2016-10-20
"10887",13.2880859375,2016-10-21
"10888",7.8583984375,2016-10-22
"10889",7.5478515625,2016-10-23
"10890",5.9384765625,2016-10-24
"10891",4.267578125,2016-10-25
"10892",11.84765625,2016-10-26
"10893",9.267578125,2016-10-27
"10894",9.8076171875,2016-10-28
"10895",6.7880859375,2016-10-29
"10896",12.2880859375,2016-10-30
"10897",7.017578125,2016-10-31
"10898",9.27734375,2016-11-01
"10899",9.6865234375,2016-11-02
"10900",7.787109375,2016-11-03
"10901",4.287109375,2016-11-04
"10902",8.947265625,2016-11-05
"10903",6.7666015625,2016-11-06
"10904",3.63671875,2016-11-07
"10905",9.0966796875,2016-11-08
"10906",9.1572265625,2016-11-09
"10907",9.1171875,2016-11-10
"10908",16.056640625,2016-11-11
"10909",11.0966796875,2016-11-12
"10910",9.7568359375,2016-11-13
"10911",8.5166015625,2016-11-14
"10912",9.6171875,2016-11-15
"10913",6.9970703125,2016-11-16
"10914",6.197265625,2016-11-17
"10915",13.6171875,2016-11-18
"10916",12.9169921875,2016-11-19
"10917",12.77734375,2016-11-20
"10918",8.52734375,2016-11-21
"10919",13.1767578125,2016-11-22
"10920",8.8466796875,2016-11-23
"10921",8.546875,2016-11-24
"10922",9.5166015625,2016-11-25
"10923",10.1865234375,2016-11-26
"10924",6.9970703125,2016-11-27
"10925",5.626953125,2016-11-28
"10926",5.0068359375,2016-11-29
"10927",12.2568359375,2016-11-30
"10928",10.7509765625,2016-12-01
"10929",13.19140625,2016-12-02
"10930",11.55078125,2016-12-03
"10931",19.361328125,2016-12-04
"10932",14.470703125,2016-12-05
"10933",13.1513671875,2016-12-06
"10934",21.05078125,2016-12-07
"10935",10.3505859375,2016-12-08
"10936",9.130859375,2016-12-09
"10937",8.9208984375,2016-12-10
"10938",7.861328125,2016-12-11
"10939",5.771484375,2016-12-12
"10940",13.5009765625,2016-12-13
"10941",16.12109375,2016-12-14
"10942",15.37109375,2016-12-15
"10943",14.44140625,2016-12-16
"10944",12.861328125,2016-12-17
"10945",8.451171875,2016-12-18
"10946",7.78125,2016-12-19
"10947",14.0009765625,2016-12-20
"10948",11.7412109375,2016-12-21
"10949",10.8408203125,2016-12-22
"10950",17.130859375,2016-12-23
"10951",19.5810546875,2016-12-24
"10952",17.4306640625,2016-12-25
"10953",21.451171875,2016-12-26
"10954",22.310546875,2016-12-27
"10955",25.8212890625,2016-12-28
"10956",15.3212890625,2016-12-29
"10957",14.810546875,2016-12-30
"10958",16.4814453125,2016-12-31
"10959",14.64453125,2017-01-01
"10960",13.1845703125,2017-01-02
"10961",12.9150390625,2017-01-03
"10962",11.21484375,2017-01-04
"10963",13.1845703125,2017-01-05
"10964",16.875,2017-01-06
"10965",14.8349609375,2017-01-07
"10966",21.0849609375,2017-01-08
"10967",19.1748046875,2017-01-09
"10968",20.0146484375,2017-01-10
"10969",14.0546875,2017-01-11
"10970",12.4248046875,2017-01-12
"10971",27.8349609375,2017-01-13
"10972",13.0849609375,2017-01-14
"10973",14.1953125,2017-01-15
"10974",11.5546875,2017-01-16
"10975",7.615234375,2017-01-17
"10976",16.4853515625,2017-01-18
"10977",25.3046875,2017-01-19
"10978",20.96484375,2017-01-20
"10979",15.14453125,2017-01-21
"10980",14.71484375,2017-01-22
"10981",21.7353515625,2017-01-23
"10982",18.03515625,2017-01-24
"10983",14.9453125,2017-01-25
"10984",14.5146484375,2017-01-26
"10985",13.884765625,2017-01-27
"10986",12.9951171875,2017-01-28
"10987",9.955078125,2017-01-29
"10988",15.6845703125,2017-01-30
"10989",18.78515625,2017-01-31
"10990",15.4873046875,2017-02-01
"10991",13.876953125,2017-02-02
"10992",15.4970703125,2017-02-03
"10993",14.7568359375,2017-02-04
"10994",21.4267578125,2017-02-05
"10995",22.7666015625,2017-02-06
"10996",18.70703125,2017-02-07
"10997",16.6474609375,2017-02-08
"10998",12.626953125,2017-02-09
"10999",18.7470703125,2017-02-10
"11000",20.7568359375,2017-02-11
"11001",15.0869140625,2017-02-12
"11002",11.056640625,2017-02-13
"11003",14.02734375,2017-02-14
"11004",8.607421875,2017-02-15
"11005",14.2470703125,2017-02-16
"11006",12.88671875,2017-02-17
"11007",12.216796875,2017-02-18
"11008",10.0068359375,2017-02-19
"11009",11.107421875,2017-02-20
"11010",9.046875,2017-02-21
"11011",11.13671875,2017-02-22
"11012",13.8173828125,2017-02-23
"11013",13.0966796875,2017-02-24
"11014",12.306640625,2017-02-25
"11015",12.0869140625,2017-02-26
"11016",8.857421875,2017-02-27
"11017",10.8974609375,2017-02-28
"11018",9.7021484375,2017-03-01
"11019",15.8720703125,2017-03-02
"11020",15.2421875,2017-03-03
"11021",13.5224609375,2017-03-04
"11022",14.912109375,2017-03-05
"11023",14.5224609375,2017-03-06
"11024",14.9619140625,2017-03-07
"11025",15.2919921875,2017-03-08
"11026",14.33203125,2017-03-09
"11027",9.501953125,2017-03-10
"11028",6.8916015625,2017-03-11
"11029",13.01171875,2017-03-12
"11030",14.171875,2017-03-13
"11031",14.171875,2017-03-14
"11032",9.4521484375,2017-03-15
"11033",12.9716796875,2017-03-16
"11034",10.9716796875,2017-03-17
"11035",7.9921875,2017-03-18
"11036",6.9921875,2017-03-19
"11037",8.921875,2017-03-20
"11038",15.572265625,2017-03-21
"11039",17.4521484375,2017-03-22
"11040",16.091796875,2017-03-23
"11041",14.01171875,2017-03-24
"11042",13.5322265625,2017-03-25
"11043",13.0419921875,2017-03-26
"11044",15.931640625,2017-03-27
"11045",12.2216796875,2017-03-28
"11046",12.091796875,2017-03-29
"11047",8.9716796875,2017-03-30
"11048",8.591796875,2017-03-31
"11049",10.3505859375,2017-04-01
"11050",10.111328125,2017-04-02
"11051",8.30078125,2017-04-03
"11052",8.130859375,2017-04-04
"11053",9.4111328125,2017-04-05
"11054",7.7509765625,2017-04-06
"11055",7.6708984375,2017-04-07
"11056",8.6513671875,2017-04-08
"11057",11.111328125,2017-04-09
"11058",8.9912109375,2017-04-10
"11059",10.201171875,2017-04-11
"11060",8.9912109375,2017-04-12
"11061",7.7412109375,2017-04-13
"11062",8.310546875,2017-04-14
"11063",7.890625,2017-04-15
"11064",8.541015625,2017-04-16
"11065",8.03125,2017-04-17
"11066",6.87109375,2017-04-18
"11067",15.041015625,2017-04-19
"11068",21.3310546875,2017-04-20
"11069",19.5810546875,2017-04-21
"11070",17.380859375,2017-04-22
"11071",18.05078125,2017-04-23
"11072",19.12109375,2017-04-24
"11073",16.1513671875,2017-04-25
"11074",11.361328125,2017-04-26
"11075",9.291015625,2017-04-27
"11076",11.05078125,2017-04-28
"11077",12.6005859375,2017-04-29
"11078",12.021484375,2017-04-30
"11079",11.96484375,2017-05-01
"11080",11.3349609375,2017-05-02
"11081",9.865234375,2017-05-03
"11082",9.14453125,2017-05-04
"11083",8.8447265625,2017-05-05
"11084",7.224609375,2017-05-06
"11085",11.3447265625,2017-05-07
"11086",7.625,2017-05-08
"11087",7.365234375,2017-05-09
"11088",7.9453125,2017-05-10
"11089",8.8046875,2017-05-11
"11090",7.9453125,2017-05-12
"11091",7.955078125,2017-05-13
"11092",7.2353515625,2017-05-14
"11093",6.974609375,2017-05-15
"11094",6.0048828125,2017-05-16
"11095",13.60546875,2017-05-17
"11096",14.03515625,2017-05-18
"11097",13.8251953125,2017-05-19
"11098",12.6650390625,2017-05-20
"11099",10.974609375,2017-05-21
"11100",9.5751953125,2017-05-22
"11101",12.474609375,2017-05-23
"11102",9.1748046875,2017-05-24
"11103",10.2451171875,2017-05-25
"11104",10.375,2017-05-26
"11105",8.9951171875,2017-05-27
"11106",11.89453125,2017-05-28
"11107",10.71484375,2017-05-29
"11108",12.3046875,2017-05-30
"11109",7.9453125,2017-05-31
"11110",6.021484375,2017-06-01
"11111",5.970703125,2017-06-02
"11112",5.9111328125,2017-06-03
"11113",5.130859375,2017-06-04
"11114",4.890625,2017-06-05
"11115",9.7509765625,2017-06-06
"11116",9.130859375,2017-06-07
"11117",7.6806640625,2017-06-08
"11118",9.0810546875,2017-06-09
"11119",8.12109375,2017-06-10
"11120",8.0009765625,2017-06-11
"11121",7.9912109375,2017-06-12
"11122",8.6611328125,2017-06-13
"11123",8.310546875,2017-06-14
"11124",7.7314453125,2017-06-15
"11125",8.451171875,2017-06-16
"11126",9.05078125,2017-06-17
"11127",10.791015625,2017-06-18
"11128",9.630859375,2017-06-19
"11129",7.94140625,2017-06-20
"11130",7.1513671875,2017-06-21
"11131",6.8408203125,2017-06-22
"11132",7.9013671875,2017-06-23
"11133",10.1611328125,2017-06-24
"11134",10.4814453125,2017-06-25
"11135",9.3310546875,2017-06-26
"11136",12.2607421875,2017-06-27
"11137",10.951171875,2017-06-28
"11138",8.791015625,2017-06-29
"11139",9.611328125,2017-06-30
"11140",9.5830078125,2017-07-01
"11141",8.47265625,2017-07-02
"11142",5.7734375,2017-07-03
"11143",8.3330078125,2017-07-04
"11144",6.8330078125,2017-07-05
"11145",6.4833984375,2017-07-06
"11146",8.3427734375,2017-07-07
"11147",8.642578125,2017-07-08
"11148",7.1533203125,2017-07-09
"11149",6.0234375,2017-07-10
"11150",6.0126953125,2017-07-11
"11151",5.6728515625,2017-07-12
"11152",7.04296875,2017-07-13
"11153",12.11328125,2017-07-14
"11154",8.6826171875,2017-07-15
"11155",7.3525390625,2017-07-16
"11156",9.9326171875,2017-07-17
"11157",8.703125,2017-07-18
"11158",9.36328125,2017-07-19
"11159",7.4228515625,2017-07-20
"11160",6.22265625,2017-07-21
"11161",5.7734375,2017-07-22
"11162",7.712890625,2017-07-23
"11163",8.7529296875,2017-07-24
"11164",6.712890625,2017-07-25
"11165",9.9326171875,2017-07-26
"11166",7.8427734375,2017-07-27
"11167",9.8134765625,2017-07-28
"11168",4.2626953125,2017-07-29
"11169",10.0234375,2017-07-30
"11170",7.54296875,2017-07-31
"11171",7.0244140625,2017-08-01
"11172",9.173828125,2017-08-02
"11173",10.4541015625,2017-08-03
"11174",9.083984375,2017-08-04
"11175",8.654296875,2017-08-05
"11176",9.93359375,2017-08-06
"11177",9.494140625,2017-08-07
"11178",8.0537109375,2017-08-08
"11179",6.244140625,2017-08-09
"11180",5.6943359375,2017-08-10
"11181",8.8837890625,2017-08-11
"11182",6.5341796875,2017-08-12
"11183",5.9443359375,2017-08-13
"11184",7.2939453125,2017-08-14
"11185",11.154296875,2017-08-15
"11186",11.7236328125,2017-08-16
"11187",8.013671875,2017-08-17
"11188",8.32421875,2017-08-18
"11189",8.57421875,2017-08-19
"11190",6.013671875,2017-08-20
"11191",11.07421875,2017-08-21
"11192",9.1943359375,2017-08-22
"11193",7.8837890625,2017-08-23
"11194",8.9541015625,2017-08-24
"11195",7.6240234375,2017-08-25
"11196",6.9541015625,2017-08-26
"11197",8.32421875,2017-08-27
"11198",7.583984375,2017-08-28
"11199",6.68359375,2017-08-29
"11200",6.1240234375,2017-08-30
"11201",5.0537109375,2017-08-31
"11202",3.95703125,2017-09-01
"11203",3.2568359375,2017-09-02
"11204",8.046875,2017-09-03
"11205",10.2373046875,2017-09-04
"11206",9.1669921875,2017-09-05
"11207",9.20703125,2017-09-06
"11208",9.037109375,2017-09-07
"11209",7.6767578125,2017-09-08
"11210",8.796875,2017-09-09
"11211",6.966796875,2017-09-10
"11212",4.3369140625,2017-09-11
"11213",7.2568359375,2017-09-12
"11214",7.5068359375,2017-09-13
"11215",7.197265625,2017-09-14
"11216",7.7568359375,2017-09-15
"11217",9.2373046875,2017-09-16
"11218",6.0166015625,2017-09-17
"11219",8.2568359375,2017-09-18
"11220",7.9072265625,2017-09-19
"11221",4.6669921875,2017-09-20
"11222",4.7470703125,2017-09-21
"11223",6.9970703125,2017-09-22
"11224",8.2568359375,2017-09-23
"11225",8.9765625,2017-09-24
"11226",7.0068359375,2017-09-25
"11227",5.3466796875,2017-09-26
"11228",6.45703125,2017-09-27
"11229",10.0673828125,2017-09-28
"11230",7.1171875,2017-09-29
"11231",9.77734375,2017-09-30
"11232",9.498046875,2017-10-01
"11233",9.248046875,2017-10-02
"11234",5.908203125,2017-10-03
"11235",5.4482421875,2017-10-04
"11236",11.818359375,2017-10-05
"11237",10.6484375,2017-10-06
"11238",9.837890625,2017-10-07
"11239",15.2578125,2017-10-08
"11240",10.2275390625,2017-10-09
"11241",8.91796875,2017-10-10
"11242",17.0478515625,2017-10-11
"11243",10.3779296875,2017-10-12
"11244",10.8076171875,2017-10-13
"11245",11.2578125,2017-10-14
"11246",10.09765625,2017-10-15
"11247",9.9580078125,2017-10-16
"11248",11.16796875,2017-10-17
"11249",13.337890625,2017-10-18
"11250",15.41796875,2017-10-19
"11251",9.7578125,2017-10-20
"11252",9.158203125,2017-10-21
"11253",9.6083984375,2017-10-22
"11254",9.9580078125,2017-10-23
"11255",5.1181640625,2017-10-24
"11256",13.7177734375,2017-10-25
"11257",10.498046875,2017-10-26
"11258",6.4384765625,2017-10-27
"11259",9.767578125,2017-10-28
"11260",5.408203125,2017-10-29
"11261",8.3779296875,2017-10-30
"11262",7.8076171875,2017-10-31
"11263",7.6669921875,2017-11-01
"11264",9.296875,2017-11-02
"11265",11.8671875,2017-11-03
"11266",9.1572265625,2017-11-04
"11267",8.3671875,2017-11-05
"11268",9.4267578125,2017-11-06
"11269",8.3369140625,2017-11-07
"11270",7.7666015625,2017-11-08
"11271",4.3671875,2017-11-09
"11272",4.546875,2017-11-10
"11273",10.6572265625,2017-11-11
"11274",14.466796875,2017-11-12
"11275",12.4873046875,2017-11-13
"11276",16.7265625,2017-11-14
"11277",15.6865234375,2017-11-15
"11278",8.796875,2017-11-16
"11279",9.3173828125,2017-11-17
"11280",11.9365234375,2017-11-18
"11281",10.546875,2017-11-19
"11282",13.7470703125,2017-11-20
"11283",10.8671875,2017-11-21
"11284",19.716796875,2017-11-22
"11285",13.8466796875,2017-11-23
"11286",15.447265625,2017-11-24
"11287",16.126953125,2017-11-25
"11288",16.20703125,2017-11-26
"11289",13.966796875,2017-11-27
"11290",11.27734375,2017-11-28
"11291",15.4765625,2017-11-29
"11292",19.8974609375,2017-11-30
"11293",17.810546875,2017-12-01
"11294",10.951171875,2017-12-02
"11295",10.541015625,2017-12-03
"11296",10.1005859375,2017-12-04
"11297",10.640625,2017-12-05
"11298",7.8505859375,2017-12-06
"11299",12.62109375,2017-12-07
"11300",9.2412109375,2017-12-08
"11301",8.890625,2017-12-09
"11302",10.361328125,2017-12-10
"11303",9.0908203125,2017-12-11
"11304",6.9111328125,2017-12-12
"11305",10.951171875,2017-12-13
"11306",17.5810546875,2017-12-14
"11307",13.1708984375,2017-12-15
"11308",11.55078125,2017-12-16
"11309",9.220703125,2017-12-17
"11310",9.021484375,2017-12-18
"11311",15.1005859375,2017-12-19
"11312",14.021484375,2017-12-20
"11313",11.7509765625,2017-12-21
"11314",10.791015625,2017-12-22
"11315",6.0009765625,2017-12-23
"11316",14.3310546875,2017-12-24
"11317",11.5908203125,2017-12-25
"11318",6.4609375,2017-12-26
"11319",6.2607421875,2017-12-27
"11320",20.9609375,2017-12-28
"11321",21.3408203125,2017-12-29
"11322",15.37109375,2017-12-30
"11323",14.9306640625,2017-12-31
"11324",14.375,2018-01-01
"11325",12.0546875,2018-01-02
"11326",12.39453125,2018-01-03
"11327",10.4345703125,2018-01-04
"11328",8.9345703125,2018-01-05
"11329",5.89453125,2018-01-06
"11330",15.5751953125,2018-01-07
"11331",14.455078125,2018-01-08
"11332",12.5146484375,2018-01-09
"11333",12.28515625,2018-01-10
"11334",16.2353515625,2018-01-11
"11335",22.115234375,2018-01-12
"11336",12.724609375,2018-01-13
"11337",10.4453125,2018-01-14
"11338",10.3154296875,2018-01-15
"11339",13.2548828125,2018-01-16
"11340",8.6552734375,2018-01-17
"11341",3.9345703125,2018-01-18
"11342",7.9453125,2018-01-19
"11343",13.6748046875,2018-01-20
"11344",12.5048828125,2018-01-21
"11345",15.625,2018-01-22
"11346",13.294921875,2018-01-23
"11347",12.9150390625,2018-01-24
"11348",11.78515625,2018-01-25
"11349",9.615234375,2018-01-26
"11350",12.525390625,2018-01-27
"11351",13.9345703125,2018-01-28
"11352",22.2353515625,2018-01-29
"11353",16.775390625,2018-01-30
"11354",11.6953125,2018-01-31
"11355",14.4365234375,2018-02-01
"11356",14.9970703125,2018-02-02
"11357",15.45703125,2018-02-03
"11358",10.796875,2018-02-04
"11359",9.447265625,2018-02-05
"11360",9.556640625,2018-02-06
"11361",9.3974609375,2018-02-07
"11362",8.02734375,2018-02-08
"11363",8.45703125,2018-02-09
"11364",8.046875,2018-02-10
"11365",16.0673828125,2018-02-11
"11366",14.1767578125,2018-02-12
"11367",14.4970703125,2018-02-13
"11368",13.02734375,2018-02-14
"11369",12.0166015625,2018-02-15
"11370",13.3671875,2018-02-16
"11371",13.796875,2018-02-17
"11372",10.037109375,2018-02-18
"11373",17.88671875,2018-02-19
"11374",14.876953125,2018-02-20
"11375",13.77734375,2018-02-21
"11376",13.0966796875,2018-02-22
"11377",18.8271484375,2018-02-23
"11378",16.8369140625,2018-02-24
"11379",13.8466796875,2018-02-25
"11380",12.4169921875,2018-02-26
"11381",6.4365234375,2018-02-27
"11382",13.6669921875,2018-02-28
"11383",12.9716796875,2018-03-01
"11384",13.0517578125,2018-03-02
"11385",15.3515625,2018-03-03
"11386",13.232421875,2018-03-04
"11387",11.26171875,2018-03-05
"11388",11.4619140625,2018-03-06
"11389",12.2822265625,2018-03-07
"11390",13.08203125,2018-03-08
"11391",12.732421875,2018-03-09
"11392",14.5224609375,2018-03-10
"11393",10.921875,2018-03-11
"11394",14.3515625,2018-03-12
"11395",12.3515625,2018-03-13
"11396",12.65234375,2018-03-14
"11397",12.931640625,2018-03-15
"11398",8.15234375,2018-03-16
"11399",4.4521484375,2018-03-17
"11400",13.8916015625,2018-03-18
"11401",10.7421875,2018-03-19
"11402",14.3115234375,2018-03-20
"11403",9.3720703125,2018-03-21
"11404",10.1220703125,2018-03-22
"11405",12.5224609375,2018-03-23
"11406",11.8623046875,2018-03-24
"11407",15.3818359375,2018-03-25
"11408",11.421875,2018-03-26
"11409",7.822265625,2018-03-27
"11410",12.4521484375,2018-03-28
"11411",13.5615234375,2018-03-29
"11412",12.4921875,2018-03-30
"11413",13.001953125,2018-03-31
"11414",7.80078125,2018-04-01
"11415",15.4208984375,2018-04-02
"11416",12.5009765625,2018-04-03
"11417",11.951171875,2018-04-04
"11418",9.380859375,2018-04-05
"11419",12.3212890625,2018-04-06
"11420",7.1708984375,2018-04-07
"11421",6.861328125,2018-04-08
"11422",6.3505859375,2018-04-09
"11423",6.1513671875,2018-04-10
"11424",6.271484375,2018-04-11
"11425",13.3505859375,2018-04-12
"11426",11.310546875,2018-04-13
"11427",11.9111328125,2018-04-14
"11428",15.44140625,2018-04-15
"11429",14.361328125,2018-04-16
"11430",14.2509765625,2018-04-17
"11431",12.3212890625,2018-04-18
"11432",9.380859375,2018-04-19
"11433",8.380859375,2018-04-20
"11434",11.8212890625,2018-04-21
"11435",10.03125,2018-04-22
"11436",6.3505859375,2018-04-23
"11437",12.6513671875,2018-04-24
"11438",14.4013671875,2018-04-25
"11439",12.970703125,2018-04-26
"11440",11.69140625,2018-04-27
"11441",10.7412109375,2018-04-28
"11442",10.7607421875,2018-04-29
"11443",8.6611328125,2018-04-30
"11444",5.96484375,2018-05-01
"11445",6.2353515625,2018-05-02
"11446",13.7548828125,2018-05-03
"11447",11.974609375,2018-05-04
"11448",10.3447265625,2018-05-05
"11449",8.794921875,2018-05-06
"11450",6.365234375,2018-05-07
"11451",13.384765625,2018-05-08
"11452",10.544921875,2018-05-09
"11453",11.1748046875,2018-05-10
"11454",8.78515625,2018-05-11
"11455",8.9345703125,2018-05-12
"11456",10.0751953125,2018-05-13
"11457",10.974609375,2018-05-14
"11458",10.3251953125,2018-05-15
"11459",11.71484375,2018-05-16
"11460",8.4853515625,2018-05-17
"11461",8.53515625,2018-05-18
"11462",12.2353515625,2018-05-19
"11463",11.3046875,2018-05-20
"11464",9.9345703125,2018-05-21
"11465",10.275390625,2018-05-22
"11466",9.8349609375,2018-05-23
"11467",9.53515625,2018-05-24
"11468",9.6650390625,2018-05-25
"11469",8.634765625,2018-05-26
"11470",14.125,2018-05-27
"11471",14.8154296875,2018-05-28
"11472",10.615234375,2018-05-29
"11473",7.7451171875,2018-05-30
"11474",7.8046875,2018-05-31
"11475",7.4111328125,2018-06-01
"11476",6.62109375,2018-06-02
"11477",5.7412109375,2018-06-03
"11478",6.7607421875,2018-06-04
"11479",8.94140625,2018-06-05
"11480",7.880859375,2018-06-06
"11481",6.201171875,2018-06-07
"11482",12.8310546875,2018-06-08
"11483",14.361328125,2018-06-09
"11484",13.87109375,2018-06-10
"11485",13.1806640625,2018-06-11
"11486",10.9609375,2018-06-12
"11487",7.880859375,2018-06-13
"11488",10.0908203125,2018-06-14
"11489",12.0712890625,2018-06-15
"11490",11.2412109375,2018-06-16
"11491",9.1708984375,2018-06-17
"11492",8.130859375,2018-06-18
"11493",6.5908203125,2018-06-19
"11494",7.8310546875,2018-06-20
"11495",8.8408203125,2018-06-21
"11496",7.7412109375,2018-06-22
"11497",6.78125,2018-06-23
"11498",7.0810546875,2018-06-24
"11499",7.271484375,2018-06-25
"11500",7.220703125,2018-06-26
"11501",6.810546875,2018-06-27
"11502",5.55078125,2018-06-28
"11503",5.7607421875,2018-06-29
"11504",7.3310546875,2018-06-30
"11505",6.5234375,2018-07-01
"11506",5.283203125,2018-07-02
"11507",5.5732421875,2018-07-03
"11508",5.2333984375,2018-07-04
"11509",5.9033203125,2018-07-05
"11510",8.873046875,2018-07-06
"11511",10.552734375,2018-07-07
"11512",7.79296875,2018-07-08
"11513",8.6328125,2018-07-09
"11514",7.7529296875,2018-07-10
"11515",6.2333984375,2018-07-11
"11516",7.302734375,2018-07-12
"11517",6.2333984375,2018-07-13
"11518",4.873046875,2018-07-14
"11519",3.9228515625,2018-07-15
"11520",10.2734375,2018-07-16
"11521",6.5830078125,2018-07-17
"11522",6.962890625,2018-07-18
"11523",6.2333984375,2018-07-19
"11524",8.8134765625,2018-07-20
"11525",6.5029296875,2018-07-21
"11526",4.61328125,2018-07-22
"11527",8.4130859375,2018-07-23
"11528",8.22265625,2018-07-24
"11529",7.5029296875,2018-07-25
"11530",6.283203125,2018-07-26
"11531",12.693359375,2018-07-27
"11532",12.11328125,2018-07-28
"11533",9.462890625,2018-07-29
"11534",8.54296875,2018-07-30
"11535",8.892578125,2018-07-31
"11536",9.50390625,2018-08-01
"11537",5.234375,2018-08-02
"11538",9.013671875,2018-08-03
"11539",7.1943359375,2018-08-04
"11540",8.18359375,2018-08-05
"11541",8.2041015625,2018-08-06
"11542",9.3837890625,2018-08-07
"11543",9.064453125,2018-08-08
"11544",8.6943359375,2018-08-09
"11545",8.68359375,2018-08-10
"11546",8.6943359375,2018-08-11
"11547",9.50390625,2018-08-12
"11548",9.1435546875,2018-08-13
"11549",7.0341796875,2018-08-14
"11550",5.93359375,2018-08-15
"11551",10.064453125,2018-08-16
"11552",8.2939453125,2018-08-17
"11553",8.984375,2018-08-18
"11554",8.484375,2018-08-19
"11555",6.9140625,2018-08-20
"11556",5.103515625,2018-08-21
"11557",2.994140625,2018-08-22
"11558",9.9638671875,2018-08-23
"11559",10.513671875,2018-08-24
"11560",6.734375,2018-08-25
"11561",8.923828125,2018-08-26
"11562",8.4443359375,2018-08-27
"11563",5.103515625,2018-08-28
"11564",3.7138671875,2018-08-29
"11565",9.083984375,2018-08-30
"11566",11.18359375,2018-08-31
"11567",11.306640625,2018-09-01
"11568",9.716796875,2018-09-02
"11569",8.376953125,2018-09-03
"11570",5.0869140625,2018-09-04
"11571",3.8671875,2018-09-05
"11572",8.806640625,2018-09-06
"11573",7.52734375,2018-09-07
"11574",5.6474609375,2018-09-08
"11575",4.1767578125,2018-09-09
"11576",4.3271484375,2018-09-10
"11577",3.046875,2018-09-11
"11578",8.2666015625,2018-09-12
"11579",6.857421875,2018-09-13
"11580",4.7373046875,2018-09-14
"11581",6.27734375,2018-09-15
"11582",6.697265625,2018-09-16
"11583",4.107421875,2018-09-17
"11584",8.8974609375,2018-09-18
"11585",8.556640625,2018-09-19
"11586",9.95703125,2018-09-20
"11587",8.197265625,2018-09-21
"11588",6.0966796875,2018-09-22
"11589",7.6767578125,2018-09-23
"11590",9.4970703125,2018-09-24
"11591",5.287109375,2018-09-25
"11592",2.95703125,2018-09-26
"11593",9.107421875,2018-09-27
"11594",8.5068359375,2018-09-28
"11595",7.2265625,2018-09-29
"11596",3.8671875,2018-09-30
"11597",2.8681640625,2018-10-01
"11598",6.4775390625,2018-10-02
"11599",13.837890625,2018-10-03
"11600",9.4775390625,2018-10-04
"11601",8.59765625,2018-10-05
"11602",5.7783203125,2018-10-06
"11603",5.8984375,2018-10-07
"11604",12.3984375,2018-10-08
"11605",12.818359375,2018-10-09
"11606",12.0576171875,2018-10-10
"11607",9.7880859375,2018-10-11
"11608",6.837890625,2018-10-12
"11609",7.4482421875,2018-10-13
"11610",8.2783203125,2018-10-14
"11611",13.1884765625,2018-10-15
"11612",10.48828125,2018-10-16
"11613",9.568359375,2018-10-17
"11614",10.1376953125,2018-10-18
"11615",5.5078125,2018-10-19
"11616",9.91796875,2018-10-20
"11617",7.177734375,2018-10-21
"11618",4.2080078125,2018-10-22
"11619",9.408203125,2018-10-23
"11620",8.408203125,2018-10-24
"11621",5.41796875,2018-10-25
"11622",8.3076171875,2018-10-26
"11623",6.267578125,2018-10-27
"11624",15.7978515625,2018-10-28
"11625",11.7783203125,2018-10-29
"11626",8.2275390625,2018-10-30
"11627",8.578125,2018-10-31
"11628",20.6767578125,2018-11-01
"11629",16.626953125,2018-11-02
"11630",12.1474609375,2018-11-03
"11631",10.9765625,2018-11-04
"11632",19.0966796875,2018-11-05
"11633",16.037109375,2018-11-06
"11634",9.3173828125,2018-11-07
"11635",7.546875,2018-11-08
"11636",6.056640625,2018-11-09
"11637",6.45703125,2018-11-10
"11638",5.5966796875,2018-11-11
"11639",4.0771484375,2018-11-12
"11640",14.0673828125,2018-11-13
"11641",12.556640625,2018-11-14
"11642",10.4765625,2018-11-15
"11643",9.1572265625,2018-11-16
"11644",10.5869140625,2018-11-17
"11645",6.796875,2018-11-18
"11646",3.77734375,2018-11-19
"11647",14.1669921875,2018-11-20
"11648",9.716796875,2018-11-21
"11649",8.3369140625,2018-11-22
"11650",7.5068359375,2018-11-23
"11651",7.5966796875,2018-11-24
"11652",12.5771484375,2018-11-25
"11653",12.38671875,2018-11-26
"11654",13.947265625,2018-11-27
"11655",11.6572265625,2018-11-28
"11656",10.2568359375,2018-11-29
"11657",9.4072265625,2018-11-30
"11658",10.4609375,2018-12-01
"11659",11.9814453125,2018-12-02
"11660",11.201171875,2018-12-03
"11661",11.140625,2018-12-04
"11662",6.7314453125,2018-12-05
"11663",5.4814453125,2018-12-06
"11664",9.8408203125,2018-12-07
"11665",15.701171875,2018-12-08
"11666",16.560546875,2018-12-09
"11667",13.03125,2018-12-10
"11668",12.201171875,2018-12-11
"11669",17.201171875,2018-12-12
"11670",9.9208984375,2018-12-13
"11671",8.0908203125,2018-12-14
"11672",13.8310546875,2018-12-15
"11673",15.291015625,2018-12-16
"11674",15.111328125,2018-12-17
"11675",11.0712890625,2018-12-18
"11676",15.19140625,2018-12-19
"11677",16.041015625,2018-12-20
"11678",11.970703125,2018-12-21
"11679",9.9111328125,2018-12-22
"11680",9.970703125,2018-12-23
"11681",4.9912109375,2018-12-24
"11682",4.630859375,2018-12-25
"11683",6.4609375,2018-12-26
"11684",6.861328125,2018-12-27
"11685",9.53125,2018-12-28
"11686",12.810546875,2018-12-29
"11687",15.9306640625,2018-12-30
"11688",12.5908203125,2018-12-31
"11689",9.71484375,2019-01-01
"11690",10.115234375,2019-01-02
"11691",11.0048828125,2019-01-03
"11692",14.0546875,2019-01-04
"11693",12.294921875,2019-01-05
"11694",10.53515625,2019-01-06
"11695",11.5048828125,2019-01-07
"11696",13.875,2019-01-08
"11697",13.134765625,2019-01-09
"11698",10.6552734375,2019-01-10
"11699",6.375,2019-01-11
"11700",13.85546875,2019-01-12
"11701",10.455078125,2019-01-13
"11702",8.4453125,2019-01-14
"11703",7.3349609375,2019-01-15
"11704",8.0849609375,2019-01-16
"11705",11.1845703125,2019-01-17
"11706",18.3349609375,2019-01-18
"11707",14.705078125,2019-01-19
"11708",12.525390625,2019-01-20
"11709",10.6748046875,2019-01-21
"11710",10.0546875,2019-01-22
"11711",12.0849609375,2019-01-23
"11712",10.4453125,2019-01-24
"11713",16.3046875,2019-01-25
"11714",17.0947265625,2019-01-26
"11715",16.134765625,2019-01-27
"11716",13.474609375,2019-01-28
"11717",11.89453125,2019-01-29
"11718",9.125,2019-01-30
"11719",13.2548828125,2019-01-31
"11720",10.1572265625,2019-02-01
"11721",8.9169921875,2019-02-02
"11722",9.52734375,2019-02-03
"11723",15.7568359375,2019-02-04
"11724",15.0966796875,2019-02-05
"11725",18.7265625,2019-02-06
"11726",16.8173828125,2019-02-07
"11727",12.6669921875,2019-02-08
"11728",11.8369140625,2019-02-09
"11729",11.546875,2019-02-10
"11730",11.8369140625,2019-02-11
"11731",15.2666015625,2019-02-12
"11732",9.296875,2019-02-13
"11733",9.1474609375,2019-02-14
"11734",7.4873046875,2019-02-15
"11735",8.126953125,2019-02-16
"11736",7.38671875,2019-02-17
"11737",13.357421875,2019-02-18
"11738",12.1572265625,2019-02-19
"11739",11.9873046875,2019-02-20
"11740",13.5673828125,2019-02-21
"11741",11.4873046875,2019-02-22
"11742",7.9970703125,2019-02-23
"11743",7.02734375,2019-02-24
"11744",7.546875,2019-02-25
"11745",7.4169921875,2019-02-26
"11746",9.70703125,2019-02-27
"11747",7.6171875,2019-02-28
"11748",6.662109375,2019-03-01
"11749",7.4921875,2019-03-02
"11750",14.162109375,2019-03-03
"11751",13.912109375,2019-03-04
"11752",15.7919921875,2019-03-05
"11753",10.822265625,2019-03-06
"11754",8.671875,2019-03-07
"11755",4.9921875,2019-03-08
"11756",5.7724609375,2019-03-09
"11757",10.822265625,2019-03-10
"11758",18.251953125,2019-03-11
"11759",13.6416015625,2019-03-12
"11760",11.83203125,2019-03-13
"11761",10.591796875,2019-03-14
"11762",12.6416015625,2019-03-15
"11763",8.2919921875,2019-03-16
"11764",7.7822265625,2019-03-17
"11765",12.90234375,2019-03-18
"11766",15.2724609375,2019-03-19
"11767",14.3115234375,2019-03-20
"11768",15.251953125,2019-03-21
"11769",15.08203125,2019-03-22
"11770",9.3515625,2019-03-23
"11771",19.322265625,2019-03-24
"11772",13.4921875,2019-03-25
"11773",9.6220703125,2019-03-26
"11774",11.4423828125,2019-03-27
"11775",8.0517578125,2019-03-28
"11776",11.8017578125,2019-03-29
"11777",8.3916015625,2019-03-30
"11778",10.1923828125,2019-03-31
"11779",12.0009765625,2019-04-01
"11780",8.6611328125,2019-04-02
"11781",7.560546875,2019-04-03
"11782",6.640625,2019-04-04
"11783",9.521484375,2019-04-05
"11784",12.9013671875,2019-04-06
"11785",10.9013671875,2019-04-07
"11786",12.55078125,2019-04-08
"11787",12.28125,2019-04-09
"11788",7.69140625,2019-04-10
"11789",5.7412109375,2019-04-11
"11790",5.060546875,2019-04-12
"11791",4.4912109375,2019-04-13
"11792",3.9208984375,2019-04-14
"11793",6.4912109375,2019-04-15
"11794",8.8505859375,2019-04-16
"11795",7.220703125,2019-04-17
"11796",13.4208984375,2019-04-18
"11797",8.44140625,2019-04-19
"11798",6.951171875,2019-04-20
"11799",11.630859375,2019-04-21
"11800",10.9208984375,2019-04-22
"11801",10.28125,2019-04-23
"11802",10.310546875,2019-04-24
"11803",12.12109375,2019-04-25
"11804",11.55078125,2019-04-26
"11805",8.9208984375,2019-04-27
"11806",9.5107421875,2019-04-28
"11807",9.05078125,2019-04-29
"11808",6.951171875,2019-04-30
"11809",12.4345703125,2019-05-01
"11810",9.544921875,2019-05-02
"11811",9.6748046875,2019-05-03
"11812",12.5751953125,2019-05-04
"11813",10.634765625,2019-05-05
"11814",9.85546875,2019-05-06
"11815",10.96484375,2019-05-07
"11816",11.8447265625,2019-05-08
"11817",11.525390625,2019-05-09
"11818",9.53515625,2019-05-10
"11819",9.7353515625,2019-05-11
"11820",9.9150390625,2019-05-12
"11821",8.89453125,2019-05-13
"11822",8.4150390625,2019-05-14
"11823",8.2353515625,2019-05-15
"11824",7.0849609375,2019-05-16
"11825",7.9951171875,2019-05-17
"11826",11.9951171875,2019-05-18
"11827",12.0849609375,2019-05-19
"11828",7.0947265625,2019-05-20
"11829",8.9951171875,2019-05-21
"11830",12.5546875,2019-05-22
"11831",9.3046875,2019-05-23
"11832",8.0947265625,2019-05-24
"11833",11.794921875,2019-05-25
"11834",11.3447265625,2019-05-26
"11835",10.7548828125,2019-05-27
"11836",10.3447265625,2019-05-28
"11837",12.8349609375,2019-05-29
"11838",8.2646484375,2019-05-30
"11839",7.1748046875,2019-05-31
"11840",10.6708984375,2019-06-01
"11841",9.5908203125,2019-06-02
"11842",8.6708984375,2019-06-03
"11843",8.0810546875,2019-06-04
"11844",7.87109375,2019-06-05
"11845",6.9111328125,2019-06-06
"11846",5.44140625,2019-06-07
"11847",6.0908203125,2019-06-08
"11848",8.291015625,2019-06-09
"11849",10.771484375,2019-06-10
"11850",6.9912109375,2019-06-11
"11851",16.451171875,2019-06-12
"11852",10.970703125,2019-06-13
"11853",10.5712890625,2019-06-14
"11854",10.19140625,2019-06-15
"11855",9.0107421875,2019-06-16
"11856",10.8310546875,2019-06-17
"11857",10.880859375,2019-06-18
"11858",8.9609375,2019-06-19
"11859",6.4609375,2019-06-20
"11860",6.2607421875,2019-06-21
"11861",5.9912109375,2019-06-22
"11862",6.041015625,2019-06-23
"11863",5.451171875,2019-06-24
"11864",6.1708984375,2019-06-25
"11865",6.220703125,2019-06-26
"11866",8.6005859375,2019-06-27
"11867",9.611328125,2019-06-28
"11868",8.4609375,2019-06-29
"11869",7.5009765625,2019-06-30
"11870",6.4033203125,2019-07-01
"11871",5.22265625,2019-07-02
"11872",5.61328125,2019-07-03
"11873",8.4326171875,2019-07-04
"11874",7.9033203125,2019-07-05
"11875",10.4033203125,2019-07-06
"11876",10.4931640625,2019-07-07
"11877",7.6826171875,2019-07-08
"11878",7.033203125,2019-07-09
"11879",5.892578125,2019-07-10
"11880",12.0927734375,2019-07-11
"11881",11.7431640625,2019-07-12
"11882",9.0634765625,2019-07-13
"11883",8.3232421875,2019-07-14
"11884",10.1630859375,2019-07-15
"11885",9.9833984375,2019-07-16
"11886",9.4833984375,2019-07-17
"11887",8.033203125,2019-07-18
"11888",8.453125,2019-07-19
"11889",6.123046875,2019-07-20
"11890",10.22265625,2019-07-21
"11891",6.2431640625,2019-07-22
"11892",10.54296875,2019-07-23
"11893",10.8232421875,2019-07-24
"11894",9.9931640625,2019-07-25
"11895",9.36328125,2019-07-26
"11896",9.9228515625,2019-07-27
"11897",6.443359375,2019-07-28
"11898",11.5234375,2019-07-29
"11899",9.4228515625,2019-07-30
"11900",8.6533203125,2019-07-31
"11901",7.333984375,2019-08-01
"11902",8.2744140625,2019-08-02
"11903",7.82421875,2019-08-03
"11904",5.603515625,2019-08-04
"11905",5.9443359375,2019-08-05
"11906",4.923828125,2019-08-06
"11907",8.0439453125,2019-08-07
"11908",8.7236328125,2019-08-08
"11909",10.8037109375,2019-08-09
"11910",8.833984375,2019-08-10
"11911",10.263671875,2019-08-11
"11912",9.744140625,2019-08-12
"11913",7.1640625,2019-08-13
"11914",5.263671875,2019-08-14
"11915",4.32421875,2019-08-15
"11916",9.43359375,2019-08-16
"11917",9.8740234375,2019-08-17
"11918",7.244140625,2019-08-18
"11919",7.494140625,2019-08-19
"11920",8.7138671875,2019-08-20
"11921",9.583984375,2019-08-21
"11922",10.25390625,2019-08-22
"11923",7.8642578125,2019-08-23
"11924",5.8037109375,2019-08-24
"11925",7.994140625,2019-08-25
"11926",7.7138671875,2019-08-26
"11927",7.6240234375,2019-08-27
"11928",6.984375,2019-08-28
"11929",9.1640625,2019-08-29
"11930",4.7138671875,2019-08-30
"11931",4.0439453125,2019-08-31
"11932",6.7470703125,2019-09-01
"11933",2.5966796875,2019-09-02
"11934",10.9267578125,2019-09-03
"11935",4.556640625,2019-09-04
"11936",9.5966796875,2019-09-05
"11937",8.4169921875,2019-09-06
"11938",7.046875,2019-09-07
"11939",8.02734375,2019-09-08
"11940",9.77734375,2019-09-09
"11941",6.3974609375,2019-09-10
"11942",4.2470703125,2019-09-11
"11943",3.197265625,2019-09-12
"11944",7.2265625,2019-09-13
"11945",6.9169921875,2019-09-14
"11946",5.9765625,2019-09-15
"11947",12.9072265625,2019-09-16
"11948",6.0166015625,2019-09-17
"11949",3.466796875,2019-09-18
"11950",3.037109375,2019-09-19
"11951",11.38671875,2019-09-20
"11952",9.27734375,2019-09-21
"11953",8.9873046875,2019-09-22
"11954",10.38671875,2019-09-23
"11955",7.9072265625,2019-09-24
"11956",7.4072265625,2019-09-25
"11957",4.5673828125,2019-09-26
"11958",5.38671875,2019-09-27
"11959",10.4873046875,2019-09-28
"11960",6.287109375,2019-09-29
"11961",8.8369140625,2019-09-30
"11962",7.1181640625,2019-10-01
"11963",4.5576171875,2019-10-02
"11964",8.6279296875,2019-10-03
"11965",5.91796875,2019-10-04
"11966",4.9580078125,2019-10-05
"11967",11.517578125,2019-10-06
"11968",11.9677734375,2019-10-07
"11969",8.158203125,2019-10-08
"11970",7.568359375,2019-10-09
"11971",5.7275390625,2019-10-10
"11972",5.427734375,2019-10-11
"11973",4.1083984375,2019-10-12
"11974",6.078125,2019-10-13
"11975",11.4482421875,2019-10-14
"11976",9.068359375,2019-10-15
"11977",10.9775390625,2019-10-16
"11978",7.34765625,2019-10-17
"11979",7.16796875,2019-10-18
"11980",9.6279296875,2019-10-19
"11981",8.6083984375,2019-10-20
"11982",6.078125,2019-10-21
"11983",4.517578125,2019-10-22
"11984",3.9775390625,2019-10-23
"11985",2.84765625,2019-10-24
"11986",9.8876953125,2019-10-25
"11987",9.8779296875,2019-10-26
"11988",9.59765625,2019-10-27
"11989",9.41796875,2019-10-28
"11990",5.3876953125,2019-10-29
"11991",6.517578125,2019-10-30
"11992",10.5576171875,2019-10-31
"11993",13.796875,2019-11-01
"11994",15.0673828125,2019-11-02
"11995",10.107421875,2019-11-03
"11996",10.5966796875,2019-11-04
"11997",8.6865234375,2019-11-05
"11998",6.5166015625,2019-11-06
"11999",9.806640625,2019-11-07
"12000",11.5771484375,2019-11-08
"12001",7.126953125,2019-11-09
"12002",8.2373046875,2019-11-10
"12003",4.126953125,2019-11-11
"12004",8.63671875,2019-11-12
"12005",8.466796875,2019-11-13
"12006",10.0673828125,2019-11-14
"12007",10.2373046875,2019-11-15
"12008",10.857421875,2019-11-16
"12009",8.607421875,2019-11-17
"12010",4.7666015625,2019-11-18
"12011",3.95703125,2019-11-19
"12012",3.5771484375,2019-11-20
"12013",12.216796875,2019-11-21
"12014",10.52734375,2019-11-22
"12015",10.607421875,2019-11-23
"12016",9.216796875,2019-11-24
"12017",4.1171875,2019-11-25
"12018",8.6767578125,2019-11-26
"12019",6.9970703125,2019-11-27
"12020",8.857421875,2019-11-28
"12021",12.7666015625,2019-11-29
"12022",9.6171875,2019-11-30
"12023",9.4013671875,2019-12-01
"12024",15.041015625,2019-12-02
"12025",11.5908203125,2019-12-03
"12026",11.310546875,2019-12-04
"12027",5.220703125,2019-12-05
"12028",8.9013671875,2019-12-06
"12029",8.62109375,2019-12-07
"12030",4.53125,2019-12-08
"12031",11.6513671875,2019-12-09
"12032",14.041015625,2019-12-10
"12033",10.5712890625,2019-12-11
"12034",12.021484375,2019-12-12
"12035",10.310546875,2019-12-13
"12036",11.2607421875,2019-12-14
"12037",8.2314453125,2019-12-15
"12038",6.701171875,2019-12-16
"12039",5.1806640625,2019-12-17
"12040",5.8408203125,2019-12-18
"12041",5.390625,2019-12-19
"12042",12.5810546875,2019-12-20
"12043",14.44140625,2019-12-21
"12044",11.9609375,2019-12-22
"12045",7.0810546875,2019-12-23
"12046",12.5107421875,2019-12-24
"12047",7.220703125,2019-12-25
"12048",11.7109375,2019-12-26
"12049",7.9306640625,2019-12-27
"12050",10.060546875,2019-12-28
"12051",10.3505859375,2019-12-29
"12052",10.6005859375,2019-12-30
"12053",11.220703125,2019-12-31
"12054",7.955078125,2020-01-01
"12055",8.28515625,2020-01-02
"12056",4.1650390625,2020-01-03
"12057",15.705078125,2020-01-04
"12058",13.705078125,2020-01-05
"12059",15.7451171875,2020-01-06
"12060",16.4951171875,2020-01-07
"12061",13.4345703125,2020-01-08
"12062",10.525390625,2020-01-09
"12063",19.9150390625,2020-01-10
"12064",11.9951171875,2020-01-11
"12065",10.544921875,2020-01-12
"12066",7.53515625,2020-01-13
"12067",12.955078125,2020-01-14
"12068",14.2451171875,2020-01-15
"12069",13.4453125,2020-01-16
"12070",11.8154296875,2020-01-17
"12071",11.4052734375,2020-01-18
"12072",12.6953125,2020-01-19
"12073",12.205078125,2020-01-20
"12074",12.7451171875,2020-01-21
"12075",9.1953125,2020-01-22
"12076",13.39453125,2020-01-23
"12077",9.9453125,2020-01-24
"12078",13.03515625,2020-01-25
"12079",14.6552734375,2020-01-26
"12080",15.875,2020-01-27
"12081",14.375,2020-01-28
"12082",6.3251953125,2020-01-29
"12083",7.03515625,2020-01-30
"12084",28.365234375,2020-01-31
"12085",24.27734375,2020-02-01
"12086",12.95703125,2020-02-02
"12087",13.056640625,2020-02-03
"12088",12.537109375,2020-02-04
"12089",10.88671875,2020-02-05
"12090",11.20703125,2020-02-06
"12091",15.3271484375,2020-02-07
"12092",14.3466796875,2020-02-08
"12093",15.4072265625,2020-02-09
"12094",15.9970703125,2020-02-10
"12095",14.5166015625,2020-02-11
"12096",16.77734375,2020-02-12
"12097",17.4970703125,2020-02-13
"12098",17.876953125,2020-02-14
"12099",16.27734375,2020-02-15
"12100",14.88671875,2020-02-16
"12101",10.4267578125,2020-02-17
"12102",12.947265625,2020-02-18
"12103",10.0068359375,2020-02-19
"12104",11.4365234375,2020-02-20
"12105",12.2265625,2020-02-21
"12106",12.3173828125,2020-02-22
"12107",9.1474609375,2020-02-23
"12108",13.8271484375,2020-02-24
"12109",11.716796875,2020-02-25
"12110",14.2568359375,2020-02-26
"12111",12.02734375,2020-02-27
"12112",11.3369140625,2020-02-28
"12113",13.697265625,2020-02-29
"12114",6.3818359375,2020-03-01
"12115",17.9619140625,2020-03-02
"12116",14.8916015625,2020-03-03
"12117",14.431640625,2020-03-04
"12118",14.83203125,2020-03-05
"12119",12.9521484375,2020-03-06
"12120",13.591796875,2020-03-07
"12121",10.6923828125,2020-03-08
"12122",11.0615234375,2020-03-09
"12123",9.4921875,2020-03-10
"12124",8.572265625,2020-03-11
"12125",12.822265625,2020-03-12
"12126",14.5615234375,2020-03-13
"12127",9.822265625,2020-03-14
"12128",9.6015625,2020-03-15
"12129",6.9521484375,2020-03-16
"12130",8.072265625,2020-03-17
"12131",8.0517578125,2020-03-18
"12132",8.7021484375,2020-03-19
"12133",13.8916015625,2020-03-20
"12134",13.841796875,2020-03-21
"12135",13.341796875,2020-03-22
"12136",10.841796875,2020-03-23
"12137",14.76171875,2020-03-24
"12138",15.7021484375,2020-03-25
"12139",10.7119140625,2020-03-26
"12140",10.091796875,2020-03-27
"12141",6.6015625,2020-03-28
"12142",12.3115234375,2020-03-29
"12143",13.732421875,2020-03-30
"12144",11.5419921875,2020-03-31
"12145",12.201171875,2020-04-01
"12146",16.1806640625,2020-04-02
"12147",14.05078125,2020-04-03
"12148",11.0908203125,2020-04-04
"12149",11.7314453125,2020-04-05
"12150",11.9208984375,2020-04-06
"12151",12.640625,2020-04-07
"12152",12.5908203125,2020-04-08
"12153",9.8408203125,2020-04-09
"12154",7.6611328125,2020-04-10
"12155",13.5009765625,2020-04-11
"12156",9.80078125,2020-04-12
"12157",7.1708984375,2020-04-13
"12158",6.37109375,2020-04-14
"12159",6.2509765625,2020-04-15
"12160",13.630859375,2020-04-16
"12161",11.03125,2020-04-17
"12162",10.810546875,2020-04-18
"12163",8.771484375,2020-04-19
"12164",16.9111328125,2020-04-20
"12165",13.4609375,2020-04-21
"12166",12.1611328125,2020-04-22
"12167",13.310546875,2020-04-23
"12168",15.4111328125,2020-04-24
"12169",11.0009765625,2020-04-25
"12170",18.3310546875,2020-04-26
"12171",13.111328125,2020-04-27
"12172",14.6005859375,2020-04-28
"12173",13.2109375,2020-04-29
"12174",9.560546875,2020-04-30
"12175",10.53515625,2020-05-01
"12176",13.4150390625,2020-05-02
"12177",12.6748046875,2020-05-03
"12178",10.21484375,2020-05-04
"12179",7.134765625,2020-05-05
"12180",6.0146484375,2020-05-06
"12181",10.0048828125,2020-05-07
"12182",9.544921875,2020-05-08
"12183",10.9345703125,2020-05-09
"12184",9.2353515625,2020-05-10
"12185",7.8447265625,2020-05-11
"12186",5.974609375,2020-05-12
"12187",11.0146484375,2020-05-13
"12188",8.10546875,2020-05-14
"12189",6.455078125,2020-05-15
"12190",5.4951171875,2020-05-16
"12191",6.275390625,2020-05-17
"12192",7.5849609375,2020-05-18
"12193",6.2451171875,2020-05-19
"12194",9.0048828125,2020-05-20
"12195",8.9248046875,2020-05-21
"12196",7.9951171875,2020-05-22
"12197",11.375,2020-05-23
"12198",10.474609375,2020-05-24
"12199",8.224609375,2020-05-25
"12200",6.96484375,2020-05-26
"12201",9.544921875,2020-05-27
"12202",9.1845703125,2020-05-28
"12203",7.8251953125,2020-05-29
"12204",6.21484375,2020-05-30
"12205",10.6845703125,2020-05-31
"12206",11.44140625,2020-06-01
"12207",9.701171875,2020-06-02
"12208",11.810546875,2020-06-03
"12209",9.3310546875,2020-06-04
"12210",7.1708984375,2020-06-05
"12211",7.451171875,2020-06-06
"12212",8.451171875,2020-06-07
"12213",7.1806640625,2020-06-08
"12214",5.87109375,2020-06-09
"12215",5.361328125,2020-06-10
"12216",5.220703125,2020-06-11
"12217",6.6708984375,2020-06-12
"12218",10.3310546875,2020-06-13
"12219",9.861328125,2020-06-14
"12220",7.2109375,2020-06-15
"12221",5.970703125,2020-06-16
"12222",8.9814453125,2020-06-17
"12223",7.7509765625,2020-06-18
"12224",5.4912109375,2020-06-19
"12225",9.8212890625,2020-06-20
"12226",11.0810546875,2020-06-21
"12227",11.291015625,2020-06-22
"12228",9.4306640625,2020-06-23
"12229",7.380859375,2020-06-24
"12230",7.62109375,2020-06-25
"12231",8.0712890625,2020-06-26
"12232",5.62109375,2020-06-27
"12233",5.8310546875,2020-06-28
"12234",5.470703125,2020-06-29
"12235",5.1513671875,2020-06-30
"12236",5.4931640625,2020-07-01
"12237",9.033203125,2020-07-02
"12238",10.142578125,2020-07-03
"12239",9.623046875,2020-07-04
"12240",9.462890625,2020-07-05
"12241",9.392578125,2020-07-06
"12242",6.8427734375,2020-07-07
"12243",5.943359375,2020-07-08
"12244",5.79296875,2020-07-09
"12245",5.462890625,2020-07-10
"12246",9.2431640625,2020-07-11
"12247",9.4326171875,2020-07-12
"12248",9.052734375,2020-07-13
"12249",8.5927734375,2020-07-14
"12250",7.0830078125,2020-07-15
"12251",6.1826171875,2020-07-16
"12252",5.86328125,2020-07-17
"12253",4.8232421875,2020-07-18
"12254",10.033203125,2020-07-19
"12255",8.61328125,2020-07-20
"12256",9.052734375,2020-07-21
"12257",7.892578125,2020-07-22
"12258",6.953125,2020-07-23
"12259",6.212890625,2020-07-24
"12260",11.462890625,2020-07-25
"12261",9.6630859375,2020-07-26
"12262",10.3134765625,2020-07-27
"12263",8.61328125,2020-07-28
"12264",6.5234375,2020-07-29
"12265",11.0732421875,2020-07-30
"12266",8.142578125,2020-07-31
"12267",6.423828125,2020-08-01
"12268",4.8837890625,2020-08-02
"12269",4.82421875,2020-08-03
"12270",9.1943359375,2020-08-04
"12271",5.82421875,2020-08-05
"12272",10.0341796875,2020-08-06
"12273",8.9638671875,2020-08-07
"12274",9.7744140625,2020-08-08
"12275",11.7841796875,2020-08-09
"12276",9.7939453125,2020-08-10
"12277",10.1640625,2020-08-11
"12278",12.34375,2020-08-12
"12279",11.57421875,2020-08-13
"12280",12.353515625,2020-08-14
"12281",11.583984375,2020-08-15
"12282",10.8037109375,2020-08-16
"12283",7.3837890625,2020-08-17
"12284",6.744140625,2020-08-18
"12285",9.68359375,2020-08-19
"12286",11.0439453125,2020-08-20
"12287",10.25390625,2020-08-21
"12288",8.7041015625,2020-08-22
"12289",8.4638671875,2020-08-23
"12290",6.7138671875,2020-08-24
"12291",6.3837890625,2020-08-25
"12292",6.234375,2020-08-26
"12293",4.904296875,2020-08-27
"12294",6.75390625,2020-08-28
"12295",6.673828125,2020-08-29
"12296",11.263671875,2020-08-30
"12297",7.353515625,2020-08-31
"12298",6.4072265625,2020-09-01
"12299",9.876953125,2020-09-02
"12300",7.20703125,2020-09-03
"12301",8.88671875,2020-09-04
"12302",6.037109375,2020-09-05
"12303",4.787109375,2020-09-06
"12304",5.0771484375,2020-09-07
"12305",11.0869140625,2020-09-08
"12306",9.7265625,2020-09-09
"12307",10.63671875,2020-09-10
"12308",9.1474609375,2020-09-11
"12309",7.95703125,2020-09-12
"12310",11.7373046875,2020-09-13
"12311",9.4365234375,2020-09-14
"12312",9.9873046875,2020-09-15
"12313",7.2568359375,2020-09-16
"12314",8.9267578125,2020-09-17
"12315",12.0966796875,2020-09-18
"12316",15.4267578125,2020-09-19
"12317",14.2470703125,2020-09-20
"12318",6.0068359375,2020-09-21
"12319",9.5068359375,2020-09-22
"12320",10.4072265625,2020-09-23
"12321",8.357421875,2020-09-24
"12322",7.4765625,2020-09-25
"12323",7.046875,2020-09-26
"12324",6.95703125,2020-09-27
"12325",6.27734375,2020-09-28
"12326",13.6865234375,2020-09-29
"12327",12.2470703125,2020-09-30
"12328",12.1279296875,2020-10-01
"12329",7.73828125,2020-10-02
"12330",6.2880859375,2020-10-03
"12331",14.48828125,2020-10-04
"12332",9.6982421875,2020-10-05
"12333",9.998046875,2020-10-06
"12334",12.6181640625,2020-10-07
"12335",11.087890625,2020-10-08
"12336",11.4482421875,2020-10-09
"12337",9.578125,2020-10-10
"12338",9.587890625,2020-10-11
"12339",10.84765625,2020-10-12
"12340",9.748046875,2020-10-13
"12341",9.41796875,2020-10-14
"12342",7.9482421875,2020-10-15
"12343",12.8583984375,2020-10-16
"12344",15.658203125,2020-10-17
"12345",9.6279296875,2020-10-18
"12346",9.9580078125,2020-10-19
"12347",7.908203125,2020-10-20
"12348",7.16796875,2020-10-21
"12349",7.8876953125,2020-10-22
"12350",16.34765625,2020-10-23
"12351",9.267578125,2020-10-24
"12352",6.59765625,2020-10-25
"12353",6.748046875,2020-10-26
"12354",8.1484375,2020-10-27
"12355",10.5576171875,2020-10-28
"12356",10.9775390625,2020-10-29
"12357",9.9677734375,2020-10-30
"12358",10.4384765625,2020-10-31
"12359",11.38671875,2020-11-01
"12360",9.306640625,2020-11-02
"12361",7.697265625,2020-11-03
"12362",13.546875,2020-11-04
"12363",7.6767578125,2020-11-05
"12364",9.0673828125,2020-11-06
"12365",8.8271484375,2020-11-07
"12366",6.8369140625,2020-11-08
"12367",4.966796875,2020-11-09
"12368",10.6767578125,2020-11-10
"12369",9.0166015625,2020-11-11
"12370",12.6171875,2020-11-12
"12371",10.95703125,2020-11-13
"12372",9.0068359375,2020-11-14
"12373",5.626953125,2020-11-15
"12374",10.2568359375,2020-11-16
"12375",9.1669921875,2020-11-17
"12376",4.45703125,2020-11-18
"12377",3.546875,2020-11-19
"12378",12.7666015625,2020-11-20
"12379",11.3369140625,2020-11-21
"12380",13.70703125,2020-11-22
"12381",12.4072265625,2020-11-23
"12382",12.3671875,2020-11-24
"12383",6.20703125,2020-11-25
"12384",6.4970703125,2020-11-26
"12385",7.4169921875,2020-11-27
"12386",6.2373046875,2020-11-28
"12387",11.1171875,2020-11-29
"12388",9.6865234375,2020-11-30
"12389",13.8310546875,2020-12-01
"12390",8.951171875,2020-12-02
"12391",10.12109375,2020-12-03
"12392",6.630859375,2020-12-04
"12393",19.8212890625,2020-12-05
"12394",9.80078125,2020-12-06
"12395",11.28125,2020-12-07
"12396",8.6708984375,2020-12-08
"12397",7.37109375,2020-12-09
"12398",7.5908203125,2020-12-10
"12399",7.6005859375,2020-12-11
"12400",6.771484375,2020-12-12
"12401",19.7314453125,2020-12-13
"12402",14.380859375,2020-12-14
"12403",15.041015625,2020-12-15
"12404",17.2412109375,2020-12-16
"12405",13.470703125,2020-12-17
"12406",9.310546875,2020-12-18
"12407",9.9609375,2020-12-19
"12408",13.021484375,2020-12-20
"12409",17.951171875,2020-12-21
"12410",12.0107421875,2020-12-22
"12411",12.021484375,2020-12-23
"12412",12.55078125,2020-12-24
"12413",12.87109375,2020-12-25
"12414",9.7314453125,2020-12-26
"12415",7.0107421875,2020-12-27
"12416",8.19140625,2020-12-28
"12417",9.111328125,2020-12-29
"12418",12.380859375,2020-12-30
"12419",12.1513671875,2020-12-31
"12420",10.6748046875,2021-01-01
"12421",11.35546875,2021-01-02
"12422",13.5654296875,2021-01-03
"12423",14.724609375,2021-01-04
"12424",12.9150390625,2021-01-05
"12425",10.53515625,2021-01-06
"12426",12.1650390625,2021-01-07
"12427",11.6650390625,2021-01-08
"12428",10.1650390625,2021-01-09
"12429",6.7646484375,2021-01-10
"12430",9.89453125,2021-01-11
"12431",14.705078125,2021-01-12
"12432",11.3251953125,2021-01-13
"12433",12.9453125,2021-01-14
"12434",10.775390625,2021-01-15
"12435",8.7548828125,2021-01-16
"12436",12.3154296875,2021-01-17
"12437",12.85546875,2021-01-18
"12438",12.625,2021-01-19
"12439",8.9150390625,2021-01-20
"12440",5.474609375,2021-01-21
"12441",7.884765625,2021-01-22
"12442",4.974609375,2021-01-23
"12443",10.71484375,2021-01-24
"12444",22.6953125,2021-01-25
"12445",19.474609375,2021-01-26
"12446",14.60546875,2021-01-27
"12447",20.9951171875,2021-01-28
"12448",19.205078125,2021-01-29
"12449",15.1552734375,2021-01-30
"12450",13.794921875,2021-01-31
"12451",16.107421875,2021-02-01
"12452",11.88671875,2021-02-02
"12453",11.107421875,2021-02-03
"12454",10.0966796875,2021-02-04
"12455",10.3173828125,2021-02-05
"12456",15.376953125,2021-02-06
"12457",14.70703125,2021-02-07
"12458",12.7373046875,2021-02-08
"12459",8.0068359375,2021-02-09
"12460",5.63671875,2021-02-10
"12461",7.52734375,2021-02-11
"12462",15.037109375,2021-02-12
"12463",13.1669921875,2021-02-13
"12464",13.306640625,2021-02-14
"12465",12.7470703125,2021-02-15
"12466",10.056640625,2021-02-16
"12467",8.4765625,2021-02-17
"12468",10.3671875,2021-02-18
"12469",10.2265625,2021-02-19
"12470",16.306640625,2021-02-20
"12471",16.287109375,2021-02-21
"12472",13.9765625,2021-02-22
"12473",10.0068359375,2021-02-23
"12474",9.7373046875,2021-02-24
"12475",9.88671875,2021-02-25
"12476",12.296875,2021-02-26
"12477",10.8271484375,2021-02-27
"12478",9.2265625,2021-02-28
"12479",13.08203125,2021-03-01
"12480",12.1123046875,2021-03-02
"12481",11.7421875,2021-03-03
"12482",7.9921875,2021-03-04
"12483",8.5419921875,2021-03-05
"12484",8.1318359375,2021-03-06
"12485",10.1923828125,2021-03-07
"12486",12.3115234375,2021-03-08
"12487",13.8115234375,2021-03-09
"12488",11.181640625,2021-03-10
"12489",15.6015625,2021-03-11
"12490",10.322265625,2021-03-12
"12491",17.8818359375,2021-03-13
"12492",8.3720703125,2021-03-14
"12493",8.732421875,2021-03-15
"12494",12.5419921875,2021-03-16
"12495",12.3623046875,2021-03-17
"12496",11.7919921875,2021-03-18
"12497",12.2021484375,2021-03-19
"12498",14.7822265625,2021-03-20
"12499",16.8818359375,2021-03-21
"12500",17.6923828125,2021-03-22
"12501",16.9423828125,2021-03-23
"12502",14.58203125,2021-03-24
"12503",12.2724609375,2021-03-25
"12504",15.1923828125,2021-03-26
"12505",14.6318359375,2021-03-27
"12506",13.26171875,2021-03-28
"12507",12.51171875,2021-03-29
"12508",10.841796875,2021-03-30
"12509",8.322265625,2021-03-31
"12510",8.361328125,2021-04-01
"12511",8.9013671875,2021-04-02
"12512",10.521484375,2021-04-03
"12513",10.5712890625,2021-04-04
"12514",11.791015625,2021-04-05
"12515",12.310546875,2021-04-06
"12516",9.310546875,2021-04-07
"12517",6.4609375,2021-04-08
"12518",14.2314453125,2021-04-09
"12519",10.1005859375,2021-04-10
"12520",9.140625,2021-04-11
"12521",8.3212890625,2021-04-12
"12522",5.2607421875,2021-04-13
"12523",12.4208984375,2021-04-14
"12524",10.021484375,2021-04-15
"12525",12.3408203125,2021-04-16
"12526",12.6611328125,2021-04-17
"12527",9.8408203125,2021-04-18
"12528",9.12109375,2021-04-19
"12529",8.0908203125,2021-04-20
"12530",11.390625,2021-04-21
"12531",12.4111328125,2021-04-22
"12532",11.380859375,2021-04-23
"12533",11.880859375,2021-04-24
"12534",11.2509765625,2021-04-25
"12535",8.7607421875,2021-04-26
"12536",8.1005859375,2021-04-27
"12537",8.361328125,2021-04-28
"12538",7.890625,2021-04-29
"12539",6.4609375,2021-04-30
"12540",7.8251953125,2021-05-01
"12541",12.7451171875,2021-05-02
"12542",12.7451171875,2021-05-03
"12543",11.974609375,2021-05-04
"12544",7.89453125,2021-05-05
"12545",6.85546875,2021-05-06
"12546",7.6845703125,2021-05-07
"12547",15.21484375,2021-05-08
"12548",14.4052734375,2021-05-09
"12549",11.78515625,2021-05-10
"12550",8.4853515625,2021-05-11
"12551",8.474609375,2021-05-12
"12552",7.4853515625,2021-05-13
"12553",9.8046875,2021-05-14
"12554",10.5146484375,2021-05-15
"12555",8.4248046875,2021-05-16
"12556",8.0048828125,2021-05-17
"12557",7.3251953125,2021-05-18
"12558",7.2451171875,2021-05-19
"12559",6.955078125,2021-05-20
"12560",6.474609375,2021-05-21
"12561",6.205078125,2021-05-22
"12562",5.0546875,2021-05-23
"12563",7.474609375,2021-05-24
"12564",10.7646484375,2021-05-25
"12565",11.1953125,2021-05-26
"12566",9.8447265625,2021-05-27
"12567",11.044921875,2021-05-28
"12568",9.7451171875,2021-05-29
"12569",6.775390625,2021-05-30
"12570",4.89453125,2021-05-31
"12571",6.87109375,2021-06-01
"12572",12.4111328125,2021-06-02
"12573",13.630859375,2021-06-03
"12574",12.5810546875,2021-06-04
"12575",12.6005859375,2021-06-05
"12576",10.890625,2021-06-06
"12577",9.4013671875,2021-06-07
"12578",9.55078125,2021-06-08
"12579",8.4013671875,2021-06-09
"12580",8.5712890625,2021-06-10
"12581",8.9814453125,2021-06-11
"12582",8.130859375,2021-06-12
"12583",6.7314453125,2021-06-13
"12584",10.7607421875,2021-06-14
"12585",13.2314453125,2021-06-15
"12586",8.470703125,2021-06-16
"12587",11.4814453125,2021-06-17
"12588",9.021484375,2021-06-18
"12589",9.12109375,2021-06-19
"12590",8.720703125,2021-06-20
"12591",8.1806640625,2021-06-21
"12592",8.611328125,2021-06-22
"12593",10.5908203125,2021-06-23
"12594",10.5107421875,2021-06-24
"12595",10.201171875,2021-06-25
"12596",9.4111328125,2021-06-26
"12597",8.791015625,2021-06-27
"12598",7.6806640625,2021-06-28
"12599",7.791015625,2021-06-29
"12600",6.4111328125,2021-06-30
"12601",10.1025390625,2021-07-01
"12602",8.0126953125,2021-07-02
"12603",8.0234375,2021-07-03
"12604",9.2529296875,2021-07-04
"12605",8.22265625,2021-07-05
"12606",7.3330078125,2021-07-06
"12607",6.5029296875,2021-07-07
"12608",6.36328125,2021-07-08
"12609",8.4833984375,2021-07-09
"12610",8.953125,2021-07-10
"12611",6.123046875,2021-07-11
"12612",8.2333984375,2021-07-12
"12613",8.0029296875,2021-07-13
"12614",14.6826171875,2021-07-14
"12615",10.6328125,2021-07-15
"12616",8.2333984375,2021-07-16
"12617",10.892578125,2021-07-17
"12618",9.4326171875,2021-07-18
"12619",9.2333984375,2021-07-19
"12620",8.3427734375,2021-07-20
"12621",7.1826171875,2021-07-21
"12622",8.04296875,2021-07-22
"12623",11.783203125,2021-07-23
"12624",8.8525390625,2021-07-24
"12625",10.3828125,2021-07-25
"12626",8.1328125,2021-07-26
"12627",5.4033203125,2021-07-27
"12628",11.0634765625,2021-07-28
"12629",7.8330078125,2021-07-29
"12630",7.29296875,2021-07-30
"12631",8.642578125,2021-07-31
"12632",9.9736328125,2021-08-01
"12633",7.0341796875,2021-08-02
"12634",9.744140625,2021-08-03
"12635",10.064453125,2021-08-04
"12636",10.1640625,2021-08-05
"12637",10.7236328125,2021-08-06
"12638",10.5439453125,2021-08-07
"12639",8.09375,2021-08-08
"12640",6.494140625,2021-08-09
"12641",4.923828125,2021-08-10
"12642",11.734375,2021-08-11
"12643",9.0341796875,2021-08-12
"12644",9.9541015625,2021-08-13
"12645",7.064453125,2021-08-14
"12646",5.833984375,2021-08-15
"12647",6.8037109375,2021-08-16
"12648",9.484375,2021-08-17
"12649",7.9140625,2021-08-18
"12650",5.34375,2021-08-19
"12651",4.244140625,2021-08-20
"12652",8.8935546875,2021-08-21
"12653",7.4443359375,2021-08-22
"12654",7.763671875,2021-08-23
"12655",7.7744140625,2021-08-24
"12656",7.763671875,2021-08-25
"12657",8.333984375,2021-08-26
"12658",5.18359375,2021-08-27
"12659",8.8837890625,2021-08-28
"12660",10.25390625,2021-08-29
"12661",7.57421875,2021-08-30
"12662",4.583984375,2021-08-31
"12663",5.947265625,2021-09-01
"12664",3.7373046875,2021-09-02
"12665",9.9970703125,2021-09-03
"12666",8.447265625,2021-09-04
"12667",8.376953125,2021-09-05
"12668",9.107421875,2021-09-06
"12669",9.4873046875,2021-09-07
"12670",6.2470703125,2021-09-08
"12671",3.6474609375,2021-09-09
"12672",2.787109375,2021-09-10
"12673",4.5869140625,2021-09-11
"12674",8.6171875,2021-09-12
"12675",7.1767578125,2021-09-13
"12676",6.056640625,2021-09-14
"12677",4.95703125,2021-09-15
"12678",4.8974609375,2021-09-16
"12679",8.5966796875,2021-09-17
"12680",8.13671875,2021-09-18
"12681",5.8271484375,2021-09-19
"12682",9.0869140625,2021-09-20
"12683",7.607421875,2021-09-21
"12684",9.037109375,2021-09-22
"12685",8.0966796875,2021-09-23
"12686",4.63671875,2021-09-24
"12687",8.056640625,2021-09-25
"12688",7.2265625,2021-09-26
"12689",4.466796875,2021-09-27
"12690",7.806640625,2021-09-28
"12691",11.27734375,2021-09-29
"12692",11.5673828125,2021-09-30
"12693",10.9677734375,2021-10-01
"12694",9.517578125,2021-10-02
"12695",11.078125,2021-10-03
"12696",9.3876953125,2021-10-04
"12697",8.0283203125,2021-10-05
"12698",3.91796875,2021-10-06
"12699",7.8984375,2021-10-07
"12700",6.068359375,2021-10-08
"12701",5.73828125,2021-10-09
"12702",9.2275390625,2021-10-10
"12703",7.6982421875,2021-10-11
"12704",6.2578125,2021-10-12
"12705",7.7783203125,2021-10-13
"12706",9.7578125,2021-10-14
"12707",11.908203125,2021-10-15
"12708",9.5078125,2021-10-16
"12709",7.4580078125,2021-10-17
"12710",9.9677734375,2021-10-18
"12711",8.9384765625,2021-10-19
"12712",6.408203125,2021-10-20
"12713",13.5380859375,2021-10-21
"12714",10.8681640625,2021-10-22
"12715",10.828125,2021-10-23
"12716",8.748046875,2021-10-24
"12717",7.9580078125,2021-10-25
"12718",4.34765625,2021-10-26
"12719",8.73828125,2021-10-27
"12720",15.8876953125,2021-10-28
"12721",10.248046875,2021-10-29
"12722",7.7978515625,2021-10-30
"12723",6.2783203125,2021-10-31
"12724",4.7265625,2021-11-01
"12725",8.4765625,2021-11-02
"12726",18.9365234375,2021-11-03
"12727",11.27734375,2021-11-04
"12728",8.2265625,2021-11-05
"12729",17.5166015625,2021-11-06
"12730",12.8173828125,2021-11-07
"12731",9.45703125,2021-11-08
"12732",8.947265625,2021-11-09
"12733",11.716796875,2021-11-10
"12734",12.947265625,2021-11-11
"12735",10.7373046875,2021-11-12
"12736",10.6865234375,2021-11-13
"12737",9.556640625,2021-11-14
"12738",7.947265625,2021-11-15
"12739",9.697265625,2021-11-16
"12740",7.0966796875,2021-11-17
"12741",4.6865234375,2021-11-18
"12742",17.63671875,2021-11-19
"12743",17.95703125,2021-11-20
"12744",10.5869140625,2021-11-21
"12745",10.45703125,2021-11-22
"12746",8.70703125,2021-11-23
"12747",17.607421875,2021-11-24
"12748",16.38671875,2021-11-25
"12749",11.857421875,2021-11-26
"12750",11.3466796875,2021-11-27
"12751",11.9365234375,2021-11-28
"12752",9.787109375,2021-11-29
"12753",8.4169921875,2021-11-30
"12754",12.19140625,2021-12-01
"12755",14.880859375,2021-12-02
"12756",10.771484375,2021-12-03
"12757",10.87109375,2021-12-04
"12758",15.03125,2021-12-05
"12759",13.9111328125,2021-12-06
"12760",11.9814453125,2021-12-07
"12761",8.6005859375,2021-12-08
"12762",8.060546875,2021-12-09
"12763",9.8505859375,2021-12-10
"12764",8.4013671875,2021-12-11
"12765",6.291015625,2021-12-12
"12766",12.44140625,2021-12-13
"12767",13.640625,2021-12-14
"12768",16.19140625,2021-12-15
"12769",9.78125,2021-12-16
"12770",8.380859375,2021-12-17
"12771",14.44140625,2021-12-18
"12772",10.8505859375,2021-12-19
"12773",10.111328125,2021-12-20
"12774",13.451171875,2021-12-21
"12775",13.37109375,2021-12-22
"12776",13.451171875,2021-12-23
"12777",13.041015625,2021-12-24
"12778",12.9609375,2021-12-25
"12779",12.3212890625,2021-12-26
"12780",11.4208984375,2021-12-27
"12781",11.3505859375,2021-12-28
"12782",11.140625,2021-12-29
"12783",11.470703125,2021-12-30
"12784",7.4912109375,2021-12-31
"12785",12.21484375,2022-01-01
"12786",11.9951171875,2022-01-02
"12787",14.89453125,2022-01-03
"12788",13.3447265625,2022-01-04
"12789",11.4052734375,2022-01-05
"12790",12.9150390625,2022-01-06
"12791",12.5849609375,2022-01-07
"12792",12.9052734375,2022-01-08
"12793",12.8154296875,2022-01-09
"12794",7.044921875,2022-01-10
"12795",15.025390625,2022-01-11
"12796",13.794921875,2022-01-12
"12797",13.8154296875,2022-01-13
"12798",14.1748046875,2022-01-14
"12799",12.5654296875,2022-01-15
"12800",15.4853515625,2022-01-16
"12801",17.3447265625,2022-01-17
"12802",17.96484375,2022-01-18
"12803",13.7646484375,2022-01-19
"12804",18.1845703125,2022-01-20
"12805",21.294921875,2022-01-21
"12806",26.875,2022-01-22
"12807",24.4345703125,2022-01-23
"12808",21.4052734375,2022-01-24
"12809",21.5146484375,2022-01-25
"12810",23.2548828125,2022-01-26
"12811",23.64453125,2022-01-27
"12812",18.85546875,2022-01-28
"12813",17.2451171875,2022-01-29
"12814",19.455078125,2022-01-30
"12815",25.5146484375,2022-01-31
"12816",20.876953125,2022-02-01
"12817",9.9765625,2022-02-02
"12818",11.2470703125,2022-02-03
"12819",12.8173828125,2022-02-04
"12820",12.6572265625,2022-02-05
"12821",11.02734375,2022-02-06
"12822",10.716796875,2022-02-07
"12823",12.947265625,2022-02-08
"12824",15.0966796875,2022-02-09
"12825",13.287109375,2022-02-10
"12826",13.2265625,2022-02-11
"12827",12.197265625,2022-02-12
"12828",8.4970703125,2022-02-13
"12829",15.0068359375,2022-02-14
"12830",16.857421875,2022-02-15
"12831",18.7666015625,2022-02-16
"12832",15.5068359375,2022-02-17
"12833",14.0966796875,2022-02-18
"12834",13.1474609375,2022-02-19
"12835",13.88671875,2022-02-20
"12836",14.8466796875,2022-02-21
"12837",11.1572265625,2022-02-22
"12838",11.5771484375,2022-02-23
"12839",13.1767578125,2022-02-24
"12840",14.5966796875,2022-02-25
"12841",14.537109375,2022-02-26
"12842",14.6171875,2022-02-27
"12843",14.3369140625,2022-02-28
"12844",17.1220703125,2022-03-01
"12845",16.01171875,2022-03-02
"12846",11.181640625,2022-03-03
"12847",16.1123046875,2022-03-04
"12848",15.40234375,2022-03-05
"12849",14.9423828125,2022-03-06
"12850",13.1123046875,2022-03-07
"12851",12.072265625,2022-03-08
"12852",11.5224609375,2022-03-09
"12853",12.5224609375,2022-03-10
"12854",9.8515625,2022-03-11
"12855",7.572265625,2022-03-12
"12856",5.1015625,2022-03-13
"12857",6.58203125,2022-03-14
"12858",17.1318359375,2022-03-15
"12859",17.3115234375,2022-03-16
"12860",18.7119140625,2022-03-17
"12861",15.1220703125,2022-03-18
"12862",15.431640625,2022-03-19
"12863",13.912109375,2022-03-20
"12864",14.1220703125,2022-03-21
"12865",11.931640625,2022-03-22
"12866",15.822265625,2022-03-23
"12867",12.3720703125,2022-03-24
"12868",11.2119140625,2022-03-25
"12869",10.662109375,2022-03-26
"12870",7.572265625,2022-03-27
"12871",7.8017578125,2022-03-28
"12872",13.1015625,2022-03-29
"12873",13.841796875,2022-03-30
"12874",11.51171875,2022-03-31
"12875",11.4208984375,2022-04-01
"12876",9.8505859375,2022-04-02
"12877",10.041015625,2022-04-03
"12878",7.9111328125,2022-04-04
"12879",6.28125,2022-04-05
"12880",11.9912109375,2022-04-06
"12881",13.4013671875,2022-04-07
"12882",12.810546875,2022-04-08
"12883",9.6806640625,2022-04-09
"12884",8.2109375,2022-04-10
"12885",10.310546875,2022-04-11
"12886",11.62109375,2022-04-12
"12887",10.640625,2022-04-13
"12888",8.791015625,2022-04-14
"12889",10.78125,2022-04-15
"12890",10.041015625,2022-04-16
"12891",13.3505859375,2022-04-17
"12892",15.2314453125,2022-04-18
"12893",12.7314453125,2022-04-19
"12894",13.0107421875,2022-04-20
"12895",15.611328125,2022-04-21
"12896",10.7314453125,2022-04-22
"12897",9.470703125,2022-04-23
"12898",11.890625,2022-04-24
"12899",15.8408203125,2022-04-25
"12900",16.3310546875,2022-04-26
"12901",16.611328125,2022-04-27
"12902",15.3310546875,2022-04-28
"12903",15.701171875,2022-04-29
"12904",14.1806640625,2022-04-30
"12905",12.21484375,2022-05-01
"12906",12.275390625,2022-05-02
"12907",11.53515625,2022-05-03
"12908",13.3349609375,2022-05-04
"12909",9.884765625,2022-05-05
"12910",9.6845703125,2022-05-06
"12911",10.1552734375,2022-05-07
"12912",8.6552734375,2022-05-08
"12913",8.8046875,2022-05-09
"12914",8.455078125,2022-05-10
"12915",10.10546875,2022-05-11
"12916",11.205078125,2022-05-12
"12917",11.0146484375,2022-05-13
"12918",12.705078125,2022-05-14
"12919",12.5947265625,2022-05-15
"12920",12.5048828125,2022-05-16
"12921",11.125,2022-05-17
"12922",10.2353515625,2022-05-18
"12923",10.28515625,2022-05-19
"12924",8.875,2022-05-20
"12925",8.2646484375,2022-05-21
"12926",10.89453125,2022-05-22
"12927",13.3046875,2022-05-23
"12928",12.0751953125,2022-05-24
"12929",15.525390625,2022-05-25
"12930",13.28515625,2022-05-26
"12931",12.134765625,2022-05-27
"12932",12.0751953125,2022-05-28
"12933",10.625,2022-05-29
"12934",9.0146484375,2022-05-30
"12935",11.634765625,2022-05-31
"12936",10.7109375,2022-06-01
"12937",9.8505859375,2022-06-02
"12938",12.2314453125,2022-06-03
"12939",12.19140625,2022-06-04
"12940",8.880859375,2022-06-05
"12941",9.3408203125,2022-06-06
"12942",10.380859375,2022-06-07
"12943",10.791015625,2022-06-08
"12944",8.9609375,2022-06-09
"12945",8.0908203125,2022-06-10
"12946",9.8310546875,2022-06-11
"12947",9.611328125,2022-06-12
"12948",9.44140625,2022-06-13
"12949",7.771484375,2022-06-14
"12950",11.28125,2022-06-15
"12951",11.220703125,2022-06-16
"12952",10.630859375,2022-06-17
"12953",8.7314453125,2022-06-18
"12954",10.37109375,2022-06-19
"12955",9.19140625,2022-06-20
"12956",10.630859375,2022-06-21
"12957",10.380859375,2022-06-22
"12958",9.05078125,2022-06-23
"12959",7.5810546875,2022-06-24
"12960",11.521484375,2022-06-25
"12961",10.390625,2022-06-26
"12962",10.390625,2022-06-27
"12963",7.521484375,2022-06-28
"12964",7.03125,2022-06-29
"12965",10.361328125,2022-06-30
"12966",10.6328125,2022-07-01
"12967",7.6025390625,2022-07-02
"12968",7.47265625,2022-07-03
"12969",7.4033203125,2022-07-04
"12970",7.72265625,2022-07-05
"12971",7.5634765625,2022-07-06
"12972",8.4326171875,2022-07-07
"12973",9.4033203125,2022-07-08
"12974",8.9130859375,2022-07-09
"12975",7.3330078125,2022-07-10
"12976",5.962890625,2022-07-11
"12977",9.8134765625,2022-07-12
"12978",10.2333984375,2022-07-13
"12979",8.462890625,2022-07-14
"12980",6.552734375,2022-07-15
"12981",4.6728515625,2022-07-16
"12982",11.2529296875,2022-07-17
"12983",10.203125,2022-07-18
"12984",6.873046875,2022-07-19
"12985",5.693359375,2022-07-20
"12986",7.0029296875,2022-07-21
"12987",8.0234375,2022-07-22
"12988",10.0234375,2022-07-23
"12989",7.6328125,2022-07-24
"12990",11.5234375,2022-07-25
"12991",8.7529296875,2022-07-26
"12992",7.373046875,2022-07-27
"12993",6.0634765625,2022-07-28
"12994",5.86328125,2022-07-29
"12995",5.5126953125,2022-07-30
"12996",10.3525390625,2022-07-31
"12997",8.7841796875,2022-08-01
"12998",7.9736328125,2022-08-02
"12999",10.18359375,2022-08-03
"13000",8.173828125,2022-08-04
"13001",7.18359375,2022-08-05
"13002",9.814453125,2022-08-06
"13003",8.494140625,2022-08-07
"13004",7.2236328125,2022-08-08
"13005",5.9638671875,2022-08-09
"13006",8.244140625,2022-08-10
"13007",6.1240234375,2022-08-11
"13008",11.5439453125,2022-08-12
"13009",10.4736328125,2022-08-13
"13010",8.853515625,2022-08-14
"13011",10.583984375,2022-08-15
"13012",9.75390625,2022-08-16
"13013",7.734375,2022-08-17
"13014",12.82421875,2022-08-18
"13015",9.763671875,2022-08-19
"13016",10.3037109375,2022-08-20
"13017",11.6240234375,2022-08-21
"13018",8.083984375,2022-08-22
"13019",7.9638671875,2022-08-23
"13020",8.603515625,2022-08-24
"13021",8.84375,2022-08-25
"13022",9.07421875,2022-08-26
"13023",7.4736328125,2022-08-27
"13024",6.0341796875,2022-08-28
"13025",8.82421875,2022-08-29
"13026",8.8740234375,2022-08-30
"13027",7.603515625,2022-08-31
"13028",8.306640625,2022-09-01
"13029",10.3466796875,2022-09-02
"13030",6.447265625,2022-09-03
"13031",7.716796875,2022-09-04
"13032",6.107421875,2022-09-05
"13033",6.63671875,2022-09-06
"13034",14.466796875,2022-09-07
"13035",10.4267578125,2022-09-08
"13036",11.2666015625,2022-09-09
"13037",9.9365234375,2022-09-10
"13038",8.8466796875,2022-09-11
"13039",9.9873046875,2022-09-12
"13040",7.2568359375,2022-09-13
"13041",8.6865234375,2022-09-14
"13042",8.5166015625,2022-09-15
"13043",9.9169921875,2022-09-16
"13044",9.6171875,2022-09-17
"13045",9.7265625,2022-09-18
"13046",9.5068359375,2022-09-19
"13047",5.8369140625,2022-09-20
"13048",10.607421875,2022-09-21
"13049",11.5673828125,2022-09-22
"13050",9.716796875,2022-09-23
"13051",11.7568359375,2022-09-24
"13052",7.20703125,2022-09-25
"13053",12.6865234375,2022-09-26
"13054",8.0068359375,2022-09-27
"13055",8.2568359375,2022-09-28
"13056",9.966796875,2022-09-29
"13057",9.4072265625,2022-09-30
"13058",7.8779296875,2022-10-01
"13059",6.337890625,2022-10-02
"13060",7.2578125,2022-10-03
"13061",15.5380859375,2022-10-04
"13062",14.6884765625,2022-10-05
"13063",10.658203125,2022-10-06
"13064",10.908203125,2022-10-07
"13065",9.48828125,2022-10-08
"13066",7.23828125,2022-10-09
"13067",5.4775390625,2022-10-10
"13068",8.2578125,2022-10-11
"13069",12.818359375,2022-10-12
"13070",12.267578125,2022-10-13
"13071",11.2880859375,2022-10-14
"13072",10.7578125,2022-10-15
"13073",10.7080078125,2022-10-16
"13074",11.59765625,2022-10-17
"13075",15.09765625,2022-10-18
"13076",15.5576171875,2022-10-19
"13077",13.818359375,2022-10-20
"13078",13.578125,2022-10-21
"13079",13.1884765625,2022-10-22
"13080",14.5078125,2022-10-23
"13081",13.2978515625,2022-10-24
"13082",12.767578125,2022-10-25
"13083",14.7080078125,2022-10-26
"13084",12.3076171875,2022-10-27
"13085",12.2275390625,2022-10-28
"13086",11.908203125,2022-10-29
"13087",20.828125,2022-10-30
"13088",13.6884765625,2022-10-31
"13089",8.697265625,2022-11-01
"13090",9.5771484375,2022-11-02
"13091",11.2470703125,2022-11-03
"13092",10.4765625,2022-11-04
"13093",8.9873046875,2022-11-05
"13094",9.1572265625,2022-11-06
"13095",11.0166015625,2022-11-07
"13096",11.466796875,2022-11-08
"13097",12.63671875,2022-11-09
"13098",15.3974609375,2022-11-10
"13099",15.2265625,2022-11-11
"13100",18.046875,2022-11-12
"13101",12.5673828125,2022-11-13
"13102",8.806640625,2022-11-14
"13103",10.52734375,2022-11-15
"13104",8.296875,2022-11-16
"13105",7.5966796875,2022-11-17
"13106",10.197265625,2022-11-18
"13107",19.056640625,2022-11-19
"13108",10.447265625,2022-11-20
"13109",8.376953125,2022-11-21
"13110",7.52734375,2022-11-22
"13111",10.20703125,2022-11-23
"13112",8.3271484375,2022-11-24
"13113",6.0869140625,2022-11-25
"13114",12.1572265625,2022-11-26
"13115",11.287109375,2022-11-27
"13116",10.0771484375,2022-11-28
"13117",10.4970703125,2022-11-29
"13118",11.0869140625,2022-11-30
"13119",11.8310546875,2022-12-01
"13120",8.1513671875,2022-12-02
"13121",7.19140625,2022-12-03
"13122",8.03125,2022-12-04
"13123",12.6513671875,2022-12-05
"13124",10.9306640625,2022-12-06
"13125",13.3212890625,2022-12-07
"13126",9.1806640625,2022-12-08
"13127",8.0712890625,2022-12-09
"13128",5.9609375,2022-12-10
"13129",13.62109375,2022-12-11
"13130",9.310546875,2022-12-12
"13131",9.4306640625,2022-12-13
"13132",8.130859375,2022-12-14
"13133",8.701171875,2022-12-15
"13134",9.2109375,2022-12-16
"13135",8.0107421875,2022-12-17
"13136",10.1513671875,2022-12-18
"13137",10.37109375,2022-12-19
"13138",16.9208984375,2022-12-20
"13139",18.37109375,2022-12-21
"13140",16.1806640625,2022-12-22
"13141",14.2607421875,2022-12-23
"13142",13.390625,2022-12-24
"13143",14.2509765625,2022-12-25
"13144",15.7509765625,2022-12-26
"13145",16.78125,2022-12-27
"13146",17.0908203125,2022-12-28
"13147",11.0009765625,2022-12-29
"13148",11.951171875,2022-12-30
"13149",11.9111328125,2022-12-31
