"","precip","time"
"1",0,1980-01-01
"2",0,1980-01-02
"3",0,1980-01-03
"4",0.015625,1980-01-04
"5",0,1980-01-05
"6",0,1980-01-06
"7",0,1980-01-07
"8",0,1980-01-08
"9",0,1980-01-09
"10",0.0009765625,1980-01-10
"11",0.076171875,1980-01-11
"12",0.1611328125,1980-01-12
"13",0,1980-01-13
"14",0.001953125,1980-01-14
"15",0,1980-01-15
"16",0,1980-01-16
"17",0.001953125,1980-01-17
"18",0.037109375,1980-01-18
"19",0.7548828125,1980-01-19
"20",0.14453125,1980-01-20
"21",0.03515625,1980-01-21
"22",0,1980-01-22
"23",0,1980-01-23
"24",0,1980-01-24
"25",0.015625,1980-01-25
"26",0,1980-01-26
"27",0.0009765625,1980-01-27
"28",0,1980-01-28
"29",0.5361328125,1980-01-29
"30",0.0048828125,1980-01-30
"31",0,1980-01-31
"32",0,1980-02-01
"33",0.0009765625,1980-02-02
"34",0,1980-02-03
"35",0,1980-02-04
"36",0,1980-02-05
"37",0,1980-02-06
"38",0,1980-02-07
"39",0,1980-02-08
"40",0,1980-02-09
"41",0,1980-02-10
"42",0,1980-02-11
"43",0,1980-02-12
"44",0.0478515625,1980-02-13
"45",0,1980-02-14
"46",0.0009765625,1980-02-15
"47",0,1980-02-16
"48",0,1980-02-17
"49",0,1980-02-18
"50",0,1980-02-19
"51",0,1980-02-20
"52",0.0009765625,1980-02-21
"53",0.75,1980-02-22
"54",0,1980-02-23
"55",0.0185546875,1980-02-24
"56",0,1980-02-25
"57",0.2509765625,1980-02-26
"58",0.263671875,1980-02-27
"59",0,1980-02-28
"60",0,1980-02-29
"61",0,1980-03-01
"62",0.2744140625,1980-03-02
"63",0,1980-03-03
"64",0,1980-03-04
"65",0.0126953125,1980-03-05
"66",0,1980-03-06
"67",0,1980-03-07
"68",0.189453125,1980-03-08
"69",0.0166015625,1980-03-09
"70",0,1980-03-10
"71",0,1980-03-11
"72",0,1980-03-12
"73",0,1980-03-13
"74",0,1980-03-14
"75",0.1640625,1980-03-15
"76",0.0009765625,1980-03-16
"77",0,1980-03-17
"78",0,1980-03-18
"79",0,1980-03-19
"80",0,1980-03-20
"81",0,1980-03-21
"82",0,1980-03-22
"83",0,1980-03-23
"84",0,1980-03-24
"85",0.052734375,1980-03-25
"86",0,1980-03-26
"87",0.0166015625,1980-03-27
"88",0,1980-03-28
"89",0,1980-03-29
"90",0.0009765625,1980-03-30
"91",0,1980-03-31
"92",0,1980-04-01
"93",0,1980-04-02
"94",0,1980-04-03
"95",0,1980-04-04
"96",0,1980-04-05
"97",0,1980-04-06
"98",0,1980-04-07
"99",0,1980-04-08
"100",0,1980-04-09
"101",0,1980-04-10
"102",0,1980-04-11
"103",0,1980-04-12
"104",0,1980-04-13
"105",0,1980-04-14
"106",1.9443359375,1980-04-15
"107",2.2001953125,1980-04-16
"108",0.2705078125,1980-04-17
"109",22.3955078125,1980-04-18
"110",2.7666015625,1980-04-19
"111",0.0380859375,1980-04-20
"112",11.99609375,1980-04-21
"113",2.169921875,1980-04-22
"114",2.6591796875,1980-04-23
"115",0.9580078125,1980-04-24
"116",1.7568359375,1980-04-25
"117",0.6376953125,1980-04-26
"118",0.1953125,1980-04-27
"119",0.0126953125,1980-04-28
"120",0,1980-04-29
"121",0.00390625,1980-04-30
"122",0.00390625,1980-05-01
"123",0.0009765625,1980-05-02
"124",0,1980-05-03
"125",0,1980-05-04
"126",0,1980-05-05
"127",0,1980-05-06
"128",6.2978515625,1980-05-07
"129",0.701171875,1980-05-08
"130",0,1980-05-09
"131",0.28125,1980-05-10
"132",11.4658203125,1980-05-11
"133",1.978515625,1980-05-12
"134",0.0380859375,1980-05-13
"135",0.00390625,1980-05-14
"136",0.09765625,1980-05-15
"137",0.212890625,1980-05-16
"138",0.021484375,1980-05-17
"139",0.0986328125,1980-05-18
"140",2.197265625,1980-05-19
"141",6.5029296875,1980-05-20
"142",0,1980-05-21
"143",0,1980-05-22
"144",0.0009765625,1980-05-23
"145",0,1980-05-24
"146",0.001953125,1980-05-25
"147",0.19921875,1980-05-26
"148",1.07421875,1980-05-27
"149",0,1980-05-28
"150",0.322265625,1980-05-29
"151",4.2080078125,1980-05-30
"152",8.0283203125,1980-05-31
"153",1.173828125,1980-06-01
"154",2.44921875,1980-06-02
"155",13.1669921875,1980-06-03
"156",9.49609375,1980-06-04
"157",0.482421875,1980-06-05
"158",1.2041015625,1980-06-06
"159",0.63671875,1980-06-07
"160",1.2900390625,1980-06-08
"161",1.8544921875,1980-06-09
"162",1.3271484375,1980-06-10
"163",2.0146484375,1980-06-11
"164",0.3828125,1980-06-12
"165",0.9697265625,1980-06-13
"166",0,1980-06-14
"167",15.1787109375,1980-06-15
"168",0.228515625,1980-06-16
"169",10.037109375,1980-06-17
"170",0.49609375,1980-06-18
"171",2.328125,1980-06-19
"172",0,1980-06-20
"173",0,1980-06-21
"174",0.0537109375,1980-06-22
"175",0.556640625,1980-06-23
"176",0.89453125,1980-06-24
"177",0.0009765625,1980-06-25
"178",0.0458984375,1980-06-26
"179",8.1298828125,1980-06-27
"180",18.138671875,1980-06-28
"181",5.837890625,1980-06-29
"182",0.6767578125,1980-06-30
"183",1.8310546875,1980-07-01
"184",4.87109375,1980-07-02
"185",3.46484375,1980-07-03
"186",3.25390625,1980-07-04
"187",2.98046875,1980-07-05
"188",0.654296875,1980-07-06
"189",3.53125,1980-07-07
"190",3.91015625,1980-07-08
"191",1.0126953125,1980-07-09
"192",0.8583984375,1980-07-10
"193",4.6201171875,1980-07-11
"194",1.3046875,1980-07-12
"195",6.0791015625,1980-07-13
"196",1.271484375,1980-07-14
"197",6.6767578125,1980-07-15
"198",2.9638671875,1980-07-16
"199",3.66015625,1980-07-17
"200",0.962890625,1980-07-18
"201",1.20703125,1980-07-19
"202",1.3037109375,1980-07-20
"203",0.9677734375,1980-07-21
"204",0.580078125,1980-07-22
"205",0.1259765625,1980-07-23
"206",0.201171875,1980-07-24
"207",0.03515625,1980-07-25
"208",0,1980-07-26
"209",2.03515625,1980-07-27
"210",9.21484375,1980-07-28
"211",5.7119140625,1980-07-29
"212",0.654296875,1980-07-30
"213",0.060546875,1980-07-31
"214",0.958984375,1980-08-01
"215",3.416015625,1980-08-02
"216",0,1980-08-03
"217",0,1980-08-04
"218",0,1980-08-05
"219",2.0810546875,1980-08-06
"220",6.001953125,1980-08-07
"221",0.607421875,1980-08-08
"222",0,1980-08-09
"223",0,1980-08-10
"224",0.923828125,1980-08-11
"225",0.162109375,1980-08-12
"226",1.5224609375,1980-08-13
"227",0.7158203125,1980-08-14
"228",4.83203125,1980-08-15
"229",0.0009765625,1980-08-16
"230",0,1980-08-17
"231",0.0068359375,1980-08-18
"232",0,1980-08-19
"233",1.6826171875,1980-08-20
"234",4.4814453125,1980-08-21
"235",0.1083984375,1980-08-22
"236",0.201171875,1980-08-23
"237",1.7587890625,1980-08-24
"238",3.7470703125,1980-08-25
"239",0.1044921875,1980-08-26
"240",0.0009765625,1980-08-27
"241",0.0185546875,1980-08-28
"242",0.0546875,1980-08-29
"243",0,1980-08-30
"244",4.25,1980-08-31
"245",2.591796875,1980-09-01
"246",0.8388671875,1980-09-02
"247",0,1980-09-03
"248",0,1980-09-04
"249",0,1980-09-05
"250",0.0009765625,1980-09-06
"251",0.001953125,1980-09-07
"252",0.00390625,1980-09-08
"253",1.662109375,1980-09-09
"254",1.0966796875,1980-09-10
"255",0,1980-09-11
"256",0.015625,1980-09-12
"257",0.173828125,1980-09-13
"258",0.4033203125,1980-09-14
"259",3.640625,1980-09-15
"260",0.69921875,1980-09-16
"261",2.216796875,1980-09-17
"262",2.6708984375,1980-09-18
"263",1.513671875,1980-09-19
"264",0,1980-09-20
"265",0.1982421875,1980-09-21
"266",0,1980-09-22
"267",1.0859375,1980-09-23
"268",0.193359375,1980-09-24
"269",1.890625,1980-09-25
"270",0,1980-09-26
"271",0,1980-09-27
"272",0,1980-09-28
"273",0,1980-09-29
"274",0,1980-09-30
"275",0,1980-10-01
"276",0,1980-10-02
"277",0,1980-10-03
"278",0,1980-10-04
"279",6.33984375,1980-10-05
"280",31.9619140625,1980-10-06
"281",0.6943359375,1980-10-07
"282",0.7041015625,1980-10-08
"283",2.1240234375,1980-10-09
"284",0,1980-10-10
"285",3.5126953125,1980-10-11
"286",14.3212890625,1980-10-12
"287",2.1005859375,1980-10-13
"288",0,1980-10-14
"289",0,1980-10-15
"290",0.13671875,1980-10-16
"291",0,1980-10-17
"292",2.8564453125,1980-10-18
"293",0,1980-10-19
"294",0.083984375,1980-10-20
"295",0,1980-10-21
"296",0.0361328125,1980-10-22
"297",2.67578125,1980-10-23
"298",0.041015625,1980-10-24
"299",0.0009765625,1980-10-25
"300",0,1980-10-26
"301",3.9794921875,1980-10-27
"302",0.8974609375,1980-10-28
"303",0.0625,1980-10-29
"304",0.0166015625,1980-10-30
"305",0.6513671875,1980-10-31
"306",0.3935546875,1980-11-01
"307",0,1980-11-02
"308",0.7978515625,1980-11-03
"309",1.7138671875,1980-11-04
"310",13.5263671875,1980-11-05
"311",2.7080078125,1980-11-06
"312",0.140625,1980-11-07
"313",0.2470703125,1980-11-08
"314",0,1980-11-09
"315",0,1980-11-10
"316",0,1980-11-11
"317",0,1980-11-12
"318",0,1980-11-13
"319",0,1980-11-14
"320",0,1980-11-15
"321",0,1980-11-16
"322",0,1980-11-17
"323",0.2744140625,1980-11-18
"324",0.1171875,1980-11-19
"325",0,1980-11-20
"326",0,1980-11-21
"327",0,1980-11-22
"328",0.001953125,1980-11-23
"329",0,1980-11-24
"330",0,1980-11-25
"331",0.4423828125,1980-11-26
"332",0.0947265625,1980-11-27
"333",0,1980-11-28
"334",0,1980-11-29
"335",0,1980-11-30
"336",0,1980-12-01
"337",3.185546875,1980-12-02
"338",2.169921875,1980-12-03
"339",0.025390625,1980-12-04
"340",0,1980-12-05
"341",0,1980-12-06
"342",0,1980-12-07
"343",0,1980-12-08
"344",0,1980-12-09
"345",0,1980-12-10
"346",0,1980-12-11
"347",0.2177734375,1980-12-12
"348",0,1980-12-13
"349",4.44921875,1980-12-14
"350",0.197265625,1980-12-15
"351",1.2294921875,1980-12-16
"352",1.1669921875,1980-12-17
"353",0.2158203125,1980-12-18
"354",0,1980-12-19
"355",0,1980-12-20
"356",0,1980-12-21
"357",0,1980-12-22
"358",0,1980-12-23
"359",0,1980-12-24
"360",0,1980-12-25
"361",0,1980-12-26
"362",0,1980-12-27
"363",0.0068359375,1980-12-28
"364",0,1980-12-29
"365",0,1980-12-30
"366",0.0009765625,1980-12-31
"367",0,1981-01-01
"368",0,1981-01-02
"369",0.0029296875,1981-01-03
"370",0,1981-01-04
"371",0,1981-01-05
"372",0,1981-01-06
"373",0,1981-01-07
"374",0.07421875,1981-01-08
"375",0.001953125,1981-01-09
"376",0,1981-01-10
"377",0,1981-01-11
"378",0,1981-01-12
"379",0,1981-01-13
"380",0,1981-01-14
"381",0,1981-01-15
"382",0.0556640625,1981-01-16
"383",0.0244140625,1981-01-17
"384",0,1981-01-18
"385",0,1981-01-19
"386",0,1981-01-20
"387",0,1981-01-21
"388",0,1981-01-22
"389",0,1981-01-23
"390",0,1981-01-24
"391",0,1981-01-25
"392",0.0107421875,1981-01-26
"393",17.2802734375,1981-01-27
"394",0,1981-01-28
"395",0.0009765625,1981-01-29
"396",0,1981-01-30
"397",0,1981-01-31
"398",0,1981-02-01
"399",0,1981-02-02
"400",0.1337890625,1981-02-03
"401",0.638671875,1981-02-04
"402",0.6708984375,1981-02-05
"403",0.0537109375,1981-02-06
"404",0,1981-02-07
"405",0,1981-02-08
"406",0,1981-02-09
"407",0.005859375,1981-02-10
"408",0.005859375,1981-02-11
"409",0,1981-02-12
"410",3.7734375,1981-02-13
"411",10.98828125,1981-02-14
"412",0,1981-02-15
"413",0,1981-02-16
"414",0,1981-02-17
"415",0,1981-02-18
"416",0,1981-02-19
"417",0,1981-02-20
"418",0.0009765625,1981-02-21
"419",0,1981-02-22
"420",0,1981-02-23
"421",0,1981-02-24
"422",0,1981-02-25
"423",0,1981-02-26
"424",0,1981-02-27
"425",1.3193359375,1981-02-28
"426",21.1904296875,1981-03-01
"427",11.5029296875,1981-03-02
"428",6.19140625,1981-03-03
"429",0.5087890625,1981-03-04
"430",0,1981-03-05
"431",0,1981-03-06
"432",1.1865234375,1981-03-07
"433",6.041015625,1981-03-08
"434",2.0703125,1981-03-09
"435",0,1981-03-10
"436",0,1981-03-11
"437",0,1981-03-12
"438",0.2275390625,1981-03-13
"439",0.0048828125,1981-03-14
"440",0.0009765625,1981-03-15
"441",0,1981-03-16
"442",0,1981-03-17
"443",0,1981-03-18
"444",0.48046875,1981-03-19
"445",0.728515625,1981-03-20
"446",0,1981-03-21
"447",0.0263671875,1981-03-22
"448",0,1981-03-23
"449",0,1981-03-24
"450",0,1981-03-25
"451",0,1981-03-26
"452",0.01171875,1981-03-27
"453",0,1981-03-28
"454",0.4697265625,1981-03-29
"455",0,1981-03-30
"456",0,1981-03-31
"457",0,1981-04-01
"458",0.0009765625,1981-04-02
"459",0,1981-04-03
"460",0.2001953125,1981-04-04
"461",0.2451171875,1981-04-05
"462",0,1981-04-06
"463",0,1981-04-07
"464",0,1981-04-08
"465",0,1981-04-09
"466",0,1981-04-10
"467",0.0029296875,1981-04-11
"468",4.0537109375,1981-04-12
"469",0.990234375,1981-04-13
"470",0.10546875,1981-04-14
"471",0.2890625,1981-04-15
"472",0,1981-04-16
"473",0,1981-04-17
"474",0.0888671875,1981-04-18
"475",0,1981-04-19
"476",0,1981-04-20
"477",0,1981-04-21
"478",0,1981-04-22
"479",0.0009765625,1981-04-23
"480",0.2275390625,1981-04-24
"481",0,1981-04-25
"482",0,1981-04-26
"483",0.1396484375,1981-04-27
"484",0,1981-04-28
"485",0,1981-04-29
"486",0,1981-04-30
"487",0,1981-05-01
"488",0,1981-05-02
"489",0,1981-05-03
"490",0.0009765625,1981-05-04
"491",0,1981-05-05
"492",6.2841796875,1981-05-06
"493",1.771484375,1981-05-07
"494",1.08984375,1981-05-08
"495",9.1435546875,1981-05-09
"496",0,1981-05-10
"497",0,1981-05-11
"498",0.0048828125,1981-05-12
"499",0,1981-05-13
"500",0,1981-05-14
"501",0,1981-05-15
"502",0,1981-05-16
"503",0,1981-05-17
"504",0.9326171875,1981-05-18
"505",1.9765625,1981-05-19
"506",0,1981-05-20
"507",0,1981-05-21
"508",0,1981-05-22
"509",0.4052734375,1981-05-23
"510",3.9130859375,1981-05-24
"511",1.4716796875,1981-05-25
"512",0.1708984375,1981-05-26
"513",18.3369140625,1981-05-27
"514",0.8193359375,1981-05-28
"515",3.8271484375,1981-05-29
"516",7.1103515625,1981-05-30
"517",11.8330078125,1981-05-31
"518",14.5693359375,1981-06-01
"519",1.87109375,1981-06-02
"520",2.935546875,1981-06-03
"521",7.9267578125,1981-06-04
"522",1.6083984375,1981-06-05
"523",3.62890625,1981-06-06
"524",1.2900390625,1981-06-07
"525",2.1796875,1981-06-08
"526",0.7978515625,1981-06-09
"527",9.7802734375,1981-06-10
"528",6.908203125,1981-06-11
"529",1.1171875,1981-06-12
"530",0.0966796875,1981-06-13
"531",4.7685546875,1981-06-14
"532",2.4140625,1981-06-15
"533",2.8017578125,1981-06-16
"534",0.0224609375,1981-06-17
"535",2.53125,1981-06-18
"536",0.5703125,1981-06-19
"537",1.6025390625,1981-06-20
"538",0.958984375,1981-06-21
"539",17.697265625,1981-06-22
"540",21.80859375,1981-06-23
"541",10.0068359375,1981-06-24
"542",7.4970703125,1981-06-25
"543",8.7021484375,1981-06-26
"544",4.9873046875,1981-06-27
"545",0.6318359375,1981-06-28
"546",0.1416015625,1981-06-29
"547",0.0654296875,1981-06-30
"548",5.908203125,1981-07-01
"549",6.1552734375,1981-07-02
"550",4.7431640625,1981-07-03
"551",7.9111328125,1981-07-04
"552",0.4736328125,1981-07-05
"553",3.2744140625,1981-07-06
"554",0,1981-07-07
"555",0.2890625,1981-07-08
"556",1.140625,1981-07-09
"557",0.0107421875,1981-07-10
"558",8.3369140625,1981-07-11
"559",1.369140625,1981-07-12
"560",6.447265625,1981-07-13
"561",0.2021484375,1981-07-14
"562",0,1981-07-15
"563",0.0009765625,1981-07-16
"564",0.0009765625,1981-07-17
"565",0,1981-07-18
"566",0,1981-07-19
"567",0.255859375,1981-07-20
"568",7.9306640625,1981-07-21
"569",2.787109375,1981-07-22
"570",0,1981-07-23
"571",7.0126953125,1981-07-24
"572",0.765625,1981-07-25
"573",4.9111328125,1981-07-26
"574",0.0517578125,1981-07-27
"575",0.2119140625,1981-07-28
"576",5.3984375,1981-07-29
"577",0.2568359375,1981-07-30
"578",0,1981-07-31
"579",0.228515625,1981-08-01
"580",0.0576171875,1981-08-02
"581",8.5078125,1981-08-03
"582",0.5498046875,1981-08-04
"583",0.2451171875,1981-08-05
"584",0.0146484375,1981-08-06
"585",0.001953125,1981-08-07
"586",12.83203125,1981-08-08
"587",4.6611328125,1981-08-09
"588",1.263671875,1981-08-10
"589",0.4541015625,1981-08-11
"590",3.1689453125,1981-08-12
"591",5.48828125,1981-08-13
"592",12.95703125,1981-08-14
"593",0.0810546875,1981-08-15
"594",0,1981-08-16
"595",8.66015625,1981-08-17
"596",1.6650390625,1981-08-18
"597",4.7109375,1981-08-19
"598",0.2880859375,1981-08-20
"599",6.869140625,1981-08-21
"600",7.087890625,1981-08-22
"601",0.111328125,1981-08-23
"602",0,1981-08-24
"603",0,1981-08-25
"604",0.00390625,1981-08-26
"605",0.228515625,1981-08-27
"606",0.00390625,1981-08-28
"607",0.0986328125,1981-08-29
"608",6.8359375,1981-08-30
"609",5.546875,1981-08-31
"610",1.2646484375,1981-09-01
"611",1.21484375,1981-09-02
"612",0.0146484375,1981-09-03
"613",0,1981-09-04
"614",0.0029296875,1981-09-05
"615",0,1981-09-06
"616",0,1981-09-07
"617",0,1981-09-08
"618",0,1981-09-09
"619",0,1981-09-10
"620",0,1981-09-11
"621",0,1981-09-12
"622",0,1981-09-13
"623",0,1981-09-14
"624",0,1981-09-15
"625",0,1981-09-16
"626",0,1981-09-17
"627",0,1981-09-18
"628",0,1981-09-19
"629",0,1981-09-20
"630",0,1981-09-21
"631",0,1981-09-22
"632",1.6279296875,1981-09-23
"633",2.599609375,1981-09-24
"634",2.6884765625,1981-09-25
"635",0.912109375,1981-09-26
"636",6.1748046875,1981-09-27
"637",0.5693359375,1981-09-28
"638",0,1981-09-29
"639",0,1981-09-30
"640",0,1981-10-01
"641",0.09375,1981-10-02
"642",5.21875,1981-10-03
"643",1.1396484375,1981-10-04
"644",0,1981-10-05
"645",0,1981-10-06
"646",0,1981-10-07
"647",0,1981-10-08
"648",0,1981-10-09
"649",0,1981-10-10
"650",0,1981-10-11
"651",0,1981-10-12
"652",0.0615234375,1981-10-13
"653",0.279296875,1981-10-14
"654",0.005859375,1981-10-15
"655",0,1981-10-16
"656",0,1981-10-17
"657",0.138671875,1981-10-18
"658",0.4970703125,1981-10-19
"659",0.740234375,1981-10-20
"660",5.458984375,1981-10-21
"661",0,1981-10-22
"662",0.0029296875,1981-10-23
"663",0,1981-10-24
"664",0,1981-10-25
"665",0,1981-10-26
"666",2.916015625,1981-10-27
"667",6.0546875,1981-10-28
"668",0,1981-10-29
"669",0,1981-10-30
"670",0,1981-10-31
"671",0.0009765625,1981-11-01
"672",0.0009765625,1981-11-02
"673",0.029296875,1981-11-03
"674",2.2939453125,1981-11-04
"675",0,1981-11-05
"676",0.0087890625,1981-11-06
"677",0.0009765625,1981-11-07
"678",0,1981-11-08
"679",18.78125,1981-11-09
"680",5.8603515625,1981-11-10
"681",0.0341796875,1981-11-11
"682",0.06640625,1981-11-12
"683",0,1981-11-13
"684",0.1591796875,1981-11-14
"685",2.94921875,1981-11-15
"686",1.087890625,1981-11-16
"687",0.0517578125,1981-11-17
"688",0.0009765625,1981-11-18
"689",0.0888671875,1981-11-19
"690",0,1981-11-20
"691",0,1981-11-21
"692",0,1981-11-22
"693",1.2783203125,1981-11-23
"694",0,1981-11-24
"695",0,1981-11-25
"696",2.1142578125,1981-11-26
"697",0,1981-11-27
"698",0,1981-11-28
"699",0,1981-11-29
"700",0,1981-11-30
"701",0,1981-12-01
"702",0,1981-12-02
"703",0,1981-12-03
"704",0,1981-12-04
"705",0,1981-12-05
"706",0,1981-12-06
"707",0,1981-12-07
"708",0,1981-12-08
"709",0,1981-12-09
"710",0,1981-12-10
"711",1.384765625,1981-12-11
"712",1.4248046875,1981-12-12
"713",4.1494140625,1981-12-13
"714",0,1981-12-14
"715",0,1981-12-15
"716",0,1981-12-16
"717",0.033203125,1981-12-17
"718",0,1981-12-18
"719",0.001953125,1981-12-19
"720",0,1981-12-20
"721",0,1981-12-21
"722",0,1981-12-22
"723",0,1981-12-23
"724",0,1981-12-24
"725",0,1981-12-25
"726",0,1981-12-26
"727",0,1981-12-27
"728",0,1981-12-28
"729",0,1981-12-29
"730",0.0009765625,1981-12-30
"731",0,1981-12-31
"732",0,1982-01-01
"733",0,1982-01-02
"734",0,1982-01-03
"735",0.005859375,1982-01-04
"736",0.0439453125,1982-01-05
"737",0.7119140625,1982-01-06
"738",3.533203125,1982-01-07
"739",1.6484375,1982-01-08
"740",0.0244140625,1982-01-09
"741",0,1982-01-10
"742",2.9375,1982-01-11
"743",0.00390625,1982-01-12
"744",0,1982-01-13
"745",0,1982-01-14
"746",0,1982-01-15
"747",0.0009765625,1982-01-16
"748",0,1982-01-17
"749",0,1982-01-18
"750",0,1982-01-19
"751",0,1982-01-20
"752",0,1982-01-21
"753",0,1982-01-22
"754",0,1982-01-23
"755",0.001953125,1982-01-24
"756",2.552734375,1982-01-25
"757",0.0087890625,1982-01-26
"758",0,1982-01-27
"759",0,1982-01-28
"760",0,1982-01-29
"761",0.01171875,1982-01-30
"762",0.5341796875,1982-01-31
"763",0,1982-02-01
"764",0,1982-02-02
"765",0,1982-02-03
"766",0,1982-02-04
"767",0,1982-02-05
"768",0,1982-02-06
"769",0,1982-02-07
"770",0.0244140625,1982-02-08
"771",0,1982-02-09
"772",1.7607421875,1982-02-10
"773",0,1982-02-11
"774",0,1982-02-12
"775",0,1982-02-13
"776",0.990234375,1982-02-14
"777",3.5927734375,1982-02-15
"778",0.33984375,1982-02-16
"779",0.001953125,1982-02-17
"780",0.904296875,1982-02-18
"781",1.2197265625,1982-02-19
"782",0.296875,1982-02-20
"783",0,1982-02-21
"784",0.017578125,1982-02-22
"785",0,1982-02-23
"786",0,1982-02-24
"787",0,1982-02-25
"788",0.005859375,1982-02-26
"789",0,1982-02-27
"790",0,1982-02-28
"791",0.00390625,1982-03-01
"792",0.044921875,1982-03-02
"793",0,1982-03-03
"794",0,1982-03-04
"795",0,1982-03-05
"796",0.61328125,1982-03-06
"797",0.421875,1982-03-07
"798",3.296875,1982-03-08
"799",0,1982-03-09
"800",0.099609375,1982-03-10
"801",0.0673828125,1982-03-11
"802",0.501953125,1982-03-12
"803",1.4677734375,1982-03-13
"804",0,1982-03-14
"805",0,1982-03-15
"806",0,1982-03-16
"807",0,1982-03-17
"808",0,1982-03-18
"809",0,1982-03-19
"810",0,1982-03-20
"811",0,1982-03-21
"812",20.7666015625,1982-03-22
"813",1.408203125,1982-03-23
"814",0,1982-03-24
"815",0,1982-03-25
"816",0,1982-03-26
"817",2.4638671875,1982-03-27
"818",0.32421875,1982-03-28
"819",0.09765625,1982-03-29
"820",0.0478515625,1982-03-30
"821",0,1982-03-31
"822",0.0009765625,1982-04-01
"823",0.0009765625,1982-04-02
"824",0,1982-04-03
"825",0,1982-04-04
"826",0,1982-04-05
"827",0,1982-04-06
"828",0,1982-04-07
"829",0.0029296875,1982-04-08
"830",0.0087890625,1982-04-09
"831",0,1982-04-10
"832",0,1982-04-11
"833",0.00390625,1982-04-12
"834",0.00390625,1982-04-13
"835",0.5927734375,1982-04-14
"836",0.9404296875,1982-04-15
"837",14.9775390625,1982-04-16
"838",0,1982-04-17
"839",0,1982-04-18
"840",0.00390625,1982-04-19
"841",0,1982-04-20
"842",0,1982-04-21
"843",0,1982-04-22
"844",5.5859375,1982-04-23
"845",1.380859375,1982-04-24
"846",2.966796875,1982-04-25
"847",7.580078125,1982-04-26
"848",13.4033203125,1982-04-27
"849",5.853515625,1982-04-28
"850",0.560546875,1982-04-29
"851",0,1982-04-30
"852",0.1787109375,1982-05-01
"853",0.48828125,1982-05-02
"854",0.529296875,1982-05-03
"855",11.9140625,1982-05-04
"856",2.857421875,1982-05-05
"857",2.7236328125,1982-05-06
"858",2.384765625,1982-05-07
"859",0.150390625,1982-05-08
"860",0,1982-05-09
"861",0,1982-05-10
"862",0.51953125,1982-05-11
"863",0.7236328125,1982-05-12
"864",1.4716796875,1982-05-13
"865",0,1982-05-14
"866",0,1982-05-15
"867",0,1982-05-16
"868",0,1982-05-17
"869",0.2431640625,1982-05-18
"870",0.021484375,1982-05-19
"871",0.923828125,1982-05-20
"872",1.0341796875,1982-05-21
"873",0.1181640625,1982-05-22
"874",0,1982-05-23
"875",0.03515625,1982-05-24
"876",3.009765625,1982-05-25
"877",1.248046875,1982-05-26
"878",5.51171875,1982-05-27
"879",1.6552734375,1982-05-28
"880",0.1064453125,1982-05-29
"881",3.6220703125,1982-05-30
"882",6.1396484375,1982-05-31
"883",0.6689453125,1982-06-01
"884",1.365234375,1982-06-02
"885",0.4248046875,1982-06-03
"886",0.0615234375,1982-06-04
"887",0,1982-06-05
"888",0,1982-06-06
"889",0,1982-06-07
"890",0,1982-06-08
"891",0,1982-06-09
"892",12.0615234375,1982-06-10
"893",2.525390625,1982-06-11
"894",7.453125,1982-06-12
"895",0.33203125,1982-06-13
"896",0.00390625,1982-06-14
"897",18.517578125,1982-06-15
"898",0.9833984375,1982-06-16
"899",3.232421875,1982-06-17
"900",5.244140625,1982-06-18
"901",0,1982-06-19
"902",14.703125,1982-06-20
"903",2.1591796875,1982-06-21
"904",0.5048828125,1982-06-22
"905",0.1455078125,1982-06-23
"906",0.2822265625,1982-06-24
"907",0.044921875,1982-06-25
"908",0.2216796875,1982-06-26
"909",2.513671875,1982-06-27
"910",0,1982-06-28
"911",0,1982-06-29
"912",0.0439453125,1982-06-30
"913",0.0009765625,1982-07-01
"914",2.375,1982-07-02
"915",6.8056640625,1982-07-03
"916",1.2314453125,1982-07-04
"917",1.423828125,1982-07-05
"918",1.8671875,1982-07-06
"919",2.3955078125,1982-07-07
"920",2.6005859375,1982-07-08
"921",2.5712890625,1982-07-09
"922",0.0224609375,1982-07-10
"923",1.8994140625,1982-07-11
"924",2.099609375,1982-07-12
"925",1.2578125,1982-07-13
"926",0.12890625,1982-07-14
"927",0.009765625,1982-07-15
"928",0,1982-07-16
"929",2.548828125,1982-07-17
"930",0.619140625,1982-07-18
"931",3.3544921875,1982-07-19
"932",0,1982-07-20
"933",0,1982-07-21
"934",0.1416015625,1982-07-22
"935",0,1982-07-23
"936",1.033203125,1982-07-24
"937",3.20703125,1982-07-25
"938",0,1982-07-26
"939",0.0146484375,1982-07-27
"940",2.0732421875,1982-07-28
"941",3.2626953125,1982-07-29
"942",3.73046875,1982-07-30
"943",0.392578125,1982-07-31
"944",1.705078125,1982-08-01
"945",0,1982-08-02
"946",0.814453125,1982-08-03
"947",0,1982-08-04
"948",0.0166015625,1982-08-05
"949",0,1982-08-06
"950",0,1982-08-07
"951",0,1982-08-08
"952",3.4658203125,1982-08-09
"953",9.2978515625,1982-08-10
"954",12.0302734375,1982-08-11
"955",0.9521484375,1982-08-12
"956",0.98046875,1982-08-13
"957",0,1982-08-14
"958",2.0654296875,1982-08-15
"959",0,1982-08-16
"960",0.017578125,1982-08-17
"961",0,1982-08-18
"962",0,1982-08-19
"963",0,1982-08-20
"964",0,1982-08-21
"965",0,1982-08-22
"966",0,1982-08-23
"967",0,1982-08-24
"968",0,1982-08-25
"969",0,1982-08-26
"970",0,1982-08-27
"971",0,1982-08-28
"972",0,1982-08-29
"973",0.74609375,1982-08-30
"974",0,1982-08-31
"975",0,1982-09-01
"976",0,1982-09-02
"977",1.5078125,1982-09-03
"978",0,1982-09-04
"979",0,1982-09-05
"980",3.37890625,1982-09-06
"981",0.0361328125,1982-09-07
"982",1.8779296875,1982-09-08
"983",3.83984375,1982-09-09
"984",0.0009765625,1982-09-10
"985",0.171875,1982-09-11
"986",0.0107421875,1982-09-12
"987",0.0048828125,1982-09-13
"988",0.001953125,1982-09-14
"989",0,1982-09-15
"990",0,1982-09-16
"991",0.009765625,1982-09-17
"992",0.205078125,1982-09-18
"993",1.947265625,1982-09-19
"994",0.5380859375,1982-09-20
"995",0.00390625,1982-09-21
"996",0.0029296875,1982-09-22
"997",0,1982-09-23
"998",0,1982-09-24
"999",0,1982-09-25
"1000",0,1982-09-26
"1001",0,1982-09-27
"1002",0.3173828125,1982-09-28
"1003",5.107421875,1982-09-29
"1004",0,1982-09-30
"1005",0,1982-10-01
"1006",0,1982-10-02
"1007",0,1982-10-03
"1008",0,1982-10-04
"1009",0,1982-10-05
"1010",0,1982-10-06
"1011",0.943359375,1982-10-07
"1012",0.94921875,1982-10-08
"1013",0.49609375,1982-10-09
"1014",0,1982-10-10
"1015",0.3837890625,1982-10-11
"1016",2.82421875,1982-10-12
"1017",0,1982-10-13
"1018",0.00390625,1982-10-14
"1019",0.9462890625,1982-10-15
"1020",1.0634765625,1982-10-16
"1021",0.0390625,1982-10-17
"1022",0.01953125,1982-10-18
"1023",0.3271484375,1982-10-19
"1024",1.4072265625,1982-10-20
"1025",1.1376953125,1982-10-21
"1026",0.5224609375,1982-10-22
"1027",0,1982-10-23
"1028",0,1982-10-24
"1029",0,1982-10-25
"1030",0.05078125,1982-10-26
"1031",0.2421875,1982-10-27
"1032",0,1982-10-28
"1033",0.0029296875,1982-10-29
"1034",0.2431640625,1982-10-30
"1035",0.9775390625,1982-10-31
"1036",0.564453125,1982-11-01
"1037",0,1982-11-02
"1038",0,1982-11-03
"1039",0,1982-11-04
"1040",0,1982-11-05
"1041",0,1982-11-06
"1042",0,1982-11-07
"1043",0,1982-11-08
"1044",0,1982-11-09
"1045",0.001953125,1982-11-10
"1046",0,1982-11-11
"1047",0,1982-11-12
"1048",0,1982-11-13
"1049",0,1982-11-14
"1050",0,1982-11-15
"1051",0.0048828125,1982-11-16
"1052",0.2158203125,1982-11-17
"1053",0.345703125,1982-11-18
"1054",0.0087890625,1982-11-19
"1055",0,1982-11-20
"1056",0,1982-11-21
"1057",0,1982-11-22
"1058",0,1982-11-23
"1059",0,1982-11-24
"1060",0,1982-11-25
"1061",0,1982-11-26
"1062",0,1982-11-27
"1063",0,1982-11-28
"1064",0,1982-11-29
"1065",0,1982-11-30
"1066",0.66796875,1982-12-01
"1067",0,1982-12-02
"1068",0,1982-12-03
"1069",0.01171875,1982-12-04
"1070",0,1982-12-05
"1071",0.015625,1982-12-06
"1072",0.138671875,1982-12-07
"1073",0,1982-12-08
"1074",0,1982-12-09
"1075",0,1982-12-10
"1076",0,1982-12-11
"1077",0,1982-12-12
"1078",1.8603515625,1982-12-13
"1079",0.1953125,1982-12-14
"1080",0,1982-12-15
"1081",0,1982-12-16
"1082",0,1982-12-17
"1083",0,1982-12-18
"1084",0,1982-12-19
"1085",0,1982-12-20
"1086",0,1982-12-21
"1087",0,1982-12-22
"1088",0,1982-12-23
"1089",0,1982-12-24
"1090",0,1982-12-25
"1091",0.6494140625,1982-12-26
"1092",0.1123046875,1982-12-27
"1093",3.5205078125,1982-12-28
"1094",0,1982-12-29
"1095",0.1357421875,1982-12-30
"1096",0,1982-12-31
"1097",0,1983-01-01
"1098",0,1983-01-02
"1099",0,1983-01-03
"1100",0.0009765625,1983-01-04
"1101",0.0302734375,1983-01-05
"1102",0,1983-01-06
"1103",0,1983-01-07
"1104",0,1983-01-08
"1105",0.37109375,1983-01-09
"1106",0.9609375,1983-01-10
"1107",2.068359375,1983-01-11
"1108",1.0830078125,1983-01-12
"1109",0,1983-01-13
"1110",0.033203125,1983-01-14
"1111",0,1983-01-15
"1112",0,1983-01-16
"1113",0.0029296875,1983-01-17
"1114",0,1983-01-18
"1115",0,1983-01-19
"1116",0,1983-01-20
"1117",0,1983-01-21
"1118",0.0078125,1983-01-22
"1119",0.0703125,1983-01-23
"1120",0,1983-01-24
"1121",0,1983-01-25
"1122",0.1787109375,1983-01-26
"1123",0,1983-01-27
"1124",0,1983-01-28
"1125",0.0029296875,1983-01-29
"1126",0.0009765625,1983-01-30
"1127",0,1983-01-31
"1128",0.01953125,1983-02-01
"1129",1.7041015625,1983-02-02
"1130",0.005859375,1983-02-03
"1131",0,1983-02-04
"1132",0,1983-02-05
"1133",0,1983-02-06
"1134",0,1983-02-07
"1135",0,1983-02-08
"1136",0,1983-02-09
"1137",0.0009765625,1983-02-10
"1138",0.01171875,1983-02-11
"1139",0.0859375,1983-02-12
"1140",0.0009765625,1983-02-13
"1141",0.009765625,1983-02-14
"1142",0,1983-02-15
"1143",0.3876953125,1983-02-16
"1144",2.3486328125,1983-02-17
"1145",0.005859375,1983-02-18
"1146",0.0009765625,1983-02-19
"1147",0,1983-02-20
"1148",0,1983-02-21
"1149",0.87890625,1983-02-22
"1150",0,1983-02-23
"1151",0.0009765625,1983-02-24
"1152",0,1983-02-25
"1153",0.0029296875,1983-02-26
"1154",0,1983-02-27
"1155",0.1767578125,1983-02-28
"1156",39.359375,1983-03-01
"1157",3.14453125,1983-03-02
"1158",0.765625,1983-03-03
"1159",8.046875,1983-03-04
"1160",0,1983-03-05
"1161",2.345703125,1983-03-06
"1162",3.05859375,1983-03-07
"1163",3.08984375,1983-03-08
"1164",0.0126953125,1983-03-09
"1165",0,1983-03-10
"1166",0,1983-03-11
"1167",0,1983-03-12
"1168",0.0576171875,1983-03-13
"1169",0.525390625,1983-03-14
"1170",2.4833984375,1983-03-15
"1171",0,1983-03-16
"1172",0,1983-03-17
"1173",0,1983-03-18
"1174",0,1983-03-19
"1175",9.4384765625,1983-03-20
"1176",3.4345703125,1983-03-21
"1177",2.6103515625,1983-03-22
"1178",1.658203125,1983-03-23
"1179",0,1983-03-24
"1180",0,1983-03-25
"1181",0.0009765625,1983-03-26
"1182",0,1983-03-27
"1183",0,1983-03-28
"1184",0,1983-03-29
"1185",0.0146484375,1983-03-30
"1186",0,1983-03-31
"1187",2.2578125,1983-04-01
"1188",0.0380859375,1983-04-02
"1189",3.7685546875,1983-04-03
"1190",6.9326171875,1983-04-04
"1191",0.5185546875,1983-04-05
"1192",0.03125,1983-04-06
"1193",0,1983-04-07
"1194",0.6796875,1983-04-08
"1195",12.0634765625,1983-04-09
"1196",26.3857421875,1983-04-10
"1197",7.328125,1983-04-11
"1198",2.75390625,1983-04-12
"1199",0.11328125,1983-04-13
"1200",0,1983-04-14
"1201",0.974609375,1983-04-15
"1202",0.203125,1983-04-16
"1203",0,1983-04-17
"1204",0,1983-04-18
"1205",0.0009765625,1983-04-19
"1206",0.0107421875,1983-04-20
"1207",0,1983-04-21
"1208",0,1983-04-22
"1209",20.4091796875,1983-04-23
"1210",7.2890625,1983-04-24
"1211",8.5458984375,1983-04-25
"1212",0,1983-04-26
"1213",0,1983-04-27
"1214",0,1983-04-28
"1215",1.255859375,1983-04-29
"1216",0.83203125,1983-04-30
"1217",0,1983-05-01
"1218",1.328125,1983-05-02
"1219",20.12890625,1983-05-03
"1220",1.3251953125,1983-05-04
"1221",0,1983-05-05
"1222",0,1983-05-06
"1223",4.5341796875,1983-05-07
"1224",0.275390625,1983-05-08
"1225",0.0205078125,1983-05-09
"1226",0,1983-05-10
"1227",0,1983-05-11
"1228",0,1983-05-12
"1229",0,1983-05-13
"1230",6.7109375,1983-05-14
"1231",7.265625,1983-05-15
"1232",2.0693359375,1983-05-16
"1233",0,1983-05-17
"1234",0,1983-05-18
"1235",0,1983-05-19
"1236",0,1983-05-20
"1237",0.0654296875,1983-05-21
"1238",0,1983-05-22
"1239",0.0732421875,1983-05-23
"1240",0.0302734375,1983-05-24
"1241",0.3212890625,1983-05-25
"1242",0.0302734375,1983-05-26
"1243",1.2568359375,1983-05-27
"1244",0.9072265625,1983-05-28
"1245",3.669921875,1983-05-29
"1246",4.3603515625,1983-05-30
"1247",0.2294921875,1983-05-31
"1248",0.3935546875,1983-06-01
"1249",3.48046875,1983-06-02
"1250",0,1983-06-03
"1251",0,1983-06-04
"1252",0.0009765625,1983-06-05
"1253",1.2890625,1983-06-06
"1254",7.185546875,1983-06-07
"1255",1.2939453125,1983-06-08
"1256",0.0361328125,1983-06-09
"1257",6.990234375,1983-06-10
"1258",0.763671875,1983-06-11
"1259",0.5849609375,1983-06-12
"1260",1.92578125,1983-06-13
"1261",0,1983-06-14
"1262",0.001953125,1983-06-15
"1263",0.00390625,1983-06-16
"1264",0,1983-06-17
"1265",0,1983-06-18
"1266",0,1983-06-19
"1267",0,1983-06-20
"1268",0,1983-06-21
"1269",0,1983-06-22
"1270",0.00390625,1983-06-23
"1271",0,1983-06-24
"1272",1.78125,1983-06-25
"1273",0,1983-06-26
"1274",0,1983-06-27
"1275",1.1552734375,1983-06-28
"1276",1.7177734375,1983-06-29
"1277",10.9853515625,1983-06-30
"1278",2.1923828125,1983-07-01
"1279",3.3291015625,1983-07-02
"1280",3.8525390625,1983-07-03
"1281",3.0361328125,1983-07-04
"1282",12.5439453125,1983-07-05
"1283",9.462890625,1983-07-06
"1284",2.5166015625,1983-07-07
"1285",0.005859375,1983-07-08
"1286",0,1983-07-09
"1287",0.15234375,1983-07-10
"1288",2.533203125,1983-07-11
"1289",7.576171875,1983-07-12
"1290",2.029296875,1983-07-13
"1291",3.0703125,1983-07-14
"1292",3.5947265625,1983-07-15
"1293",1.2099609375,1983-07-16
"1294",0.52734375,1983-07-17
"1295",1.9873046875,1983-07-18
"1296",1.3837890625,1983-07-19
"1297",0,1983-07-20
"1298",0.7578125,1983-07-21
"1299",0.166015625,1983-07-22
"1300",0,1983-07-23
"1301",0,1983-07-24
"1302",0,1983-07-25
"1303",2.140625,1983-07-26
"1304",23.5634765625,1983-07-27
"1305",8.6181640625,1983-07-28
"1306",2.515625,1983-07-29
"1307",5.4453125,1983-07-30
"1308",4.4814453125,1983-07-31
"1309",0.6162109375,1983-08-01
"1310",1.9130859375,1983-08-02
"1311",0.0224609375,1983-08-03
"1312",0.693359375,1983-08-04
"1313",0.0009765625,1983-08-05
"1314",3.1396484375,1983-08-06
"1315",0.0068359375,1983-08-07
"1316",2.181640625,1983-08-08
"1317",3.1650390625,1983-08-09
"1318",1.580078125,1983-08-10
"1319",0.3642578125,1983-08-11
"1320",0.0009765625,1983-08-12
"1321",0,1983-08-13
"1322",0,1983-08-14
"1323",2.150390625,1983-08-15
"1324",21.9833984375,1983-08-16
"1325",1.5791015625,1983-08-17
"1326",1.1923828125,1983-08-18
"1327",0,1983-08-19
"1328",0.5615234375,1983-08-20
"1329",0.076171875,1983-08-21
"1330",5.552734375,1983-08-22
"1331",0.00390625,1983-08-23
"1332",6.04296875,1983-08-24
"1333",10.78125,1983-08-25
"1334",2.185546875,1983-08-26
"1335",0,1983-08-27
"1336",0,1983-08-28
"1337",0.791015625,1983-08-29
"1338",5.7509765625,1983-08-30
"1339",0.6611328125,1983-08-31
"1340",1.298828125,1983-09-01
"1341",0.7666015625,1983-09-02
"1342",5.9306640625,1983-09-03
"1343",1.451171875,1983-09-04
"1344",6.1328125,1983-09-05
"1345",0.6455078125,1983-09-06
"1346",0,1983-09-07
"1347",8.4130859375,1983-09-08
"1348",1.4501953125,1983-09-09
"1349",1.15625,1983-09-10
"1350",1.9052734375,1983-09-11
"1351",0.0546875,1983-09-12
"1352",2.3115234375,1983-09-13
"1353",1.6689453125,1983-09-14
"1354",1.8984375,1983-09-15
"1355",0,1983-09-16
"1356",0,1983-09-17
"1357",0.0107421875,1983-09-18
"1358",0.033203125,1983-09-19
"1359",0,1983-09-20
"1360",0.0400390625,1983-09-21
"1361",0.0029296875,1983-09-22
"1362",0,1983-09-23
"1363",0.0107421875,1983-09-24
"1364",0,1983-09-25
"1365",0.0029296875,1983-09-26
"1366",0,1983-09-27
"1367",0.0478515625,1983-09-28
"1368",1.6416015625,1983-09-29
"1369",0,1983-09-30
"1370",0,1983-10-01
"1371",0,1983-10-02
"1372",0,1983-10-03
"1373",0,1983-10-04
"1374",1.97265625,1983-10-05
"1375",0,1983-10-06
"1376",0,1983-10-07
"1377",0,1983-10-08
"1378",0.8779296875,1983-10-09
"1379",0.0029296875,1983-10-10
"1380",0.08984375,1983-10-11
"1381",2.6376953125,1983-10-12
"1382",0,1983-10-13
"1383",11.08984375,1983-10-14
"1384",11.5283203125,1983-10-15
"1385",0.8408203125,1983-10-16
"1386",0,1983-10-17
"1387",1,1983-10-18
"1388",1.0029296875,1983-10-19
"1389",0,1983-10-20
"1390",0,1983-10-21
"1391",2.0810546875,1983-10-22
"1392",0,1983-10-23
"1393",3.025390625,1983-10-24
"1394",0,1983-10-25
"1395",0,1983-10-26
"1396",0,1983-10-27
"1397",0,1983-10-28
"1398",0,1983-10-29
"1399",0.3837890625,1983-10-30
"1400",0,1983-10-31
"1401",0,1983-11-01
"1402",0,1983-11-02
"1403",0,1983-11-03
"1404",0.3193359375,1983-11-04
"1405",0,1983-11-05
"1406",0,1983-11-06
"1407",0.0283203125,1983-11-07
"1408",3.1455078125,1983-11-08
"1409",0.6728515625,1983-11-09
"1410",0.1259765625,1983-11-10
"1411",0,1983-11-11
"1412",0,1983-11-12
"1413",0,1983-11-13
"1414",0.595703125,1983-11-14
"1415",0.1953125,1983-11-15
"1416",4.9423828125,1983-11-16
"1417",1.63671875,1983-11-17
"1418",0.01171875,1983-11-18
"1419",0,1983-11-19
"1420",0.7275390625,1983-11-20
"1421",0.0703125,1983-11-21
"1422",1.0205078125,1983-11-22
"1423",0,1983-11-23
"1424",2.3369140625,1983-11-24
"1425",4.708984375,1983-11-25
"1426",0,1983-11-26
"1427",0,1983-11-27
"1428",0,1983-11-28
"1429",0,1983-11-29
"1430",0.44140625,1983-11-30
"1431",0,1983-12-01
"1432",0,1983-12-02
"1433",0,1983-12-03
"1434",0,1983-12-04
"1435",0.0673828125,1983-12-05
"1436",7.8876953125,1983-12-06
"1437",0.1787109375,1983-12-07
"1438",0,1983-12-08
"1439",0,1983-12-09
"1440",0.0185546875,1983-12-10
"1441",0,1983-12-11
"1442",0,1983-12-12
"1443",0,1983-12-13
"1444",0,1983-12-14
"1445",0,1983-12-15
"1446",0,1983-12-16
"1447",0,1983-12-17
"1448",0.0009765625,1983-12-18
"1449",0,1983-12-19
"1450",0,1983-12-20
"1451",0,1983-12-21
"1452",0.0009765625,1983-12-22
"1453",0,1983-12-23
"1454",0,1983-12-24
"1455",0.001953125,1983-12-25
"1456",2.1328125,1983-12-26
"1457",0.0009765625,1983-12-27
"1458",0.0048828125,1983-12-28
"1459",0,1983-12-29
"1460",0,1983-12-30
"1461",0.525390625,1983-12-31
"1462",0.2763671875,1984-01-01
"1463",0.171875,1984-01-02
"1464",0.3134765625,1984-01-03
"1465",0,1984-01-04
"1466",0,1984-01-05
"1467",0.0009765625,1984-01-06
"1468",0,1984-01-07
"1469",0,1984-01-08
"1470",0,1984-01-09
"1471",0,1984-01-10
"1472",0,1984-01-11
"1473",0.0009765625,1984-01-12
"1474",0.0009765625,1984-01-13
"1475",0,1984-01-14
"1476",0,1984-01-15
"1477",0.015625,1984-01-16
"1478",0.1044921875,1984-01-17
"1479",0.1474609375,1984-01-18
"1480",0,1984-01-19
"1481",0,1984-01-20
"1482",0,1984-01-21
"1483",0,1984-01-22
"1484",0,1984-01-23
"1485",0.044921875,1984-01-24
"1486",0.4765625,1984-01-25
"1487",0.4248046875,1984-01-26
"1488",0.1328125,1984-01-27
"1489",0,1984-01-28
"1490",0,1984-01-29
"1491",0,1984-01-30
"1492",0,1984-01-31
"1493",0,1984-02-01
"1494",0.0009765625,1984-02-02
"1495",0,1984-02-03
"1496",0,1984-02-04
"1497",0,1984-02-05
"1498",0,1984-02-06
"1499",0.0068359375,1984-02-07
"1500",0,1984-02-08
"1501",0,1984-02-09
"1502",0,1984-02-10
"1503",0,1984-02-11
"1504",0,1984-02-12
"1505",0.00390625,1984-02-13
"1506",0.009765625,1984-02-14
"1507",0,1984-02-15
"1508",0.005859375,1984-02-16
"1509",0,1984-02-17
"1510",0.0068359375,1984-02-18
"1511",0,1984-02-19
"1512",0.4794921875,1984-02-20
"1513",0,1984-02-21
"1514",0,1984-02-22
"1515",0,1984-02-23
"1516",0,1984-02-24
"1517",0,1984-02-25
"1518",0.05078125,1984-02-26
"1519",0.447265625,1984-02-27
"1520",0.1826171875,1984-02-28
"1521",0,1984-02-29
"1522",0.0634765625,1984-03-01
"1523",0,1984-03-02
"1524",0,1984-03-03
"1525",0.0009765625,1984-03-04
"1526",0,1984-03-05
"1527",0,1984-03-06
"1528",0,1984-03-07
"1529",0,1984-03-08
"1530",0,1984-03-09
"1531",1.1015625,1984-03-10
"1532",3.318359375,1984-03-11
"1533",0,1984-03-12
"1534",2.5439453125,1984-03-13
"1535",0.287109375,1984-03-14
"1536",0,1984-03-15
"1537",0.06640625,1984-03-16
"1538",0,1984-03-17
"1539",0.0107421875,1984-03-18
"1540",0,1984-03-19
"1541",0.0068359375,1984-03-20
"1542",0.0107421875,1984-03-21
"1543",0,1984-03-22
"1544",0,1984-03-23
"1545",0.9814453125,1984-03-24
"1546",9.330078125,1984-03-25
"1547",2.728515625,1984-03-26
"1548",1.208984375,1984-03-27
"1549",0,1984-03-28
"1550",0,1984-03-29
"1551",0,1984-03-30
"1552",0,1984-03-31
"1553",0,1984-04-01
"1554",0,1984-04-02
"1555",0,1984-04-03
"1556",0,1984-04-04
"1557",0,1984-04-05
"1558",2.6064453125,1984-04-06
"1559",3.6669921875,1984-04-07
"1560",0.025390625,1984-04-08
"1561",0.5283203125,1984-04-09
"1562",0,1984-04-10
"1563",0.0009765625,1984-04-11
"1564",0.0283203125,1984-04-12
"1565",0.0009765625,1984-04-13
"1566",0,1984-04-14
"1567",2.3876953125,1984-04-15
"1568",0.8720703125,1984-04-16
"1569",0,1984-04-17
"1570",0.3271484375,1984-04-18
"1571",0,1984-04-19
"1572",0,1984-04-20
"1573",0,1984-04-21
"1574",2.228515625,1984-04-22
"1575",2.0234375,1984-04-23
"1576",1.45703125,1984-04-24
"1577",0.7236328125,1984-04-25
"1578",0.1552734375,1984-04-26
"1579",0.64453125,1984-04-27
"1580",0,1984-04-28
"1581",0.0537109375,1984-04-29
"1582",0.0009765625,1984-04-30
"1583",0,1984-05-01
"1584",0.0234375,1984-05-02
"1585",2.2158203125,1984-05-03
"1586",2.734375,1984-05-04
"1587",0.0986328125,1984-05-05
"1588",0.361328125,1984-05-06
"1589",0.607421875,1984-05-07
"1590",0.005859375,1984-05-08
"1591",0.005859375,1984-05-09
"1592",2.2734375,1984-05-10
"1593",3.4091796875,1984-05-11
"1594",3.375,1984-05-12
"1595",1.5654296875,1984-05-13
"1596",1.048828125,1984-05-14
"1597",0.408203125,1984-05-15
"1598",0.5712890625,1984-05-16
"1599",0.517578125,1984-05-17
"1600",1.6640625,1984-05-18
"1601",2.6005859375,1984-05-19
"1602",0.0966796875,1984-05-20
"1603",2.3916015625,1984-05-21
"1604",10.1220703125,1984-05-22
"1605",2.0947265625,1984-05-23
"1606",0,1984-05-24
"1607",0.5166015625,1984-05-25
"1608",0.7060546875,1984-05-26
"1609",0,1984-05-27
"1610",0.0927734375,1984-05-28
"1611",0.75390625,1984-05-29
"1612",0,1984-05-30
"1613",0.0771484375,1984-05-31
"1614",0.2451171875,1984-06-01
"1615",0,1984-06-02
"1616",0.81640625,1984-06-03
"1617",0.01953125,1984-06-04
"1618",0,1984-06-05
"1619",0.0009765625,1984-06-06
"1620",0.505859375,1984-06-07
"1621",7.5234375,1984-06-08
"1622",2.36328125,1984-06-09
"1623",0.0126953125,1984-06-10
"1624",0,1984-06-11
"1625",0,1984-06-12
"1626",0,1984-06-13
"1627",0.4658203125,1984-06-14
"1628",2.525390625,1984-06-15
"1629",11.1201171875,1984-06-16
"1630",0.1083984375,1984-06-17
"1631",0.8798828125,1984-06-18
"1632",0,1984-06-19
"1633",0,1984-06-20
"1634",0.0009765625,1984-06-21
"1635",0,1984-06-22
"1636",2.2529296875,1984-06-23
"1637",8.0673828125,1984-06-24
"1638",4.953125,1984-06-25
"1639",2.1044921875,1984-06-26
"1640",3.2626953125,1984-06-27
"1641",1.150390625,1984-06-28
"1642",0.087890625,1984-06-29
"1643",0.7724609375,1984-06-30
"1644",1.6513671875,1984-07-01
"1645",5.84375,1984-07-02
"1646",3.5478515625,1984-07-03
"1647",0.74609375,1984-07-04
"1648",0,1984-07-05
"1649",1.4853515625,1984-07-06
"1650",5.943359375,1984-07-07
"1651",1.640625,1984-07-08
"1652",14.5244140625,1984-07-09
"1653",14.51171875,1984-07-10
"1654",3.3896484375,1984-07-11
"1655",2.556640625,1984-07-12
"1656",7.943359375,1984-07-13
"1657",2.193359375,1984-07-14
"1658",0.05859375,1984-07-15
"1659",1.943359375,1984-07-16
"1660",0.2099609375,1984-07-17
"1661",0.642578125,1984-07-18
"1662",0.87890625,1984-07-19
"1663",0,1984-07-20
"1664",2.7841796875,1984-07-21
"1665",1.330078125,1984-07-22
"1666",0.5810546875,1984-07-23
"1667",1.041015625,1984-07-24
"1668",0,1984-07-25
"1669",0,1984-07-26
"1670",0,1984-07-27
"1671",0.71484375,1984-07-28
"1672",0.8232421875,1984-07-29
"1673",1.9296875,1984-07-30
"1674",0.986328125,1984-07-31
"1675",0.73828125,1984-08-01
"1676",0.3681640625,1984-08-02
"1677",1.8505859375,1984-08-03
"1678",5.5966796875,1984-08-04
"1679",3.6318359375,1984-08-05
"1680",5.3564453125,1984-08-06
"1681",1.4775390625,1984-08-07
"1682",3.12109375,1984-08-08
"1683",7.3310546875,1984-08-09
"1684",18.0947265625,1984-08-10
"1685",5.986328125,1984-08-11
"1686",0.1005859375,1984-08-12
"1687",0,1984-08-13
"1688",0.1611328125,1984-08-14
"1689",1.8505859375,1984-08-15
"1690",5.912109375,1984-08-16
"1691",4.1630859375,1984-08-17
"1692",7.2744140625,1984-08-18
"1693",3.939453125,1984-08-19
"1694",6.9462890625,1984-08-20
"1695",3.63671875,1984-08-21
"1696",5.05859375,1984-08-22
"1697",1.1708984375,1984-08-23
"1698",4.8984375,1984-08-24
"1699",8.3046875,1984-08-25
"1700",3.439453125,1984-08-26
"1701",2.685546875,1984-08-27
"1702",1.2724609375,1984-08-28
"1703",0.052734375,1984-08-29
"1704",0.3623046875,1984-08-30
"1705",1.69140625,1984-08-31
"1706",0.9248046875,1984-09-01
"1707",7.6435546875,1984-09-02
"1708",14.7841796875,1984-09-03
"1709",5.12890625,1984-09-04
"1710",0.3818359375,1984-09-05
"1711",0.3369140625,1984-09-06
"1712",1.73828125,1984-09-07
"1713",0.3798828125,1984-09-08
"1714",0.7529296875,1984-09-09
"1715",0.9658203125,1984-09-10
"1716",2.119140625,1984-09-11
"1717",0.017578125,1984-09-12
"1718",0,1984-09-13
"1719",0,1984-09-14
"1720",2.2060546875,1984-09-15
"1721",7.7939453125,1984-09-16
"1722",2.6669921875,1984-09-17
"1723",0.60546875,1984-09-18
"1724",0.5791015625,1984-09-19
"1725",0,1984-09-20
"1726",2.7529296875,1984-09-21
"1727",3.111328125,1984-09-22
"1728",3.2626953125,1984-09-23
"1729",0.7021484375,1984-09-24
"1730",0.224609375,1984-09-25
"1731",0.1806640625,1984-09-26
"1732",1.087890625,1984-09-27
"1733",0.685546875,1984-09-28
"1734",0.0263671875,1984-09-29
"1735",0,1984-09-30
"1736",0.6259765625,1984-10-01
"1737",4.263671875,1984-10-02
"1738",7.4609375,1984-10-03
"1739",0.2783203125,1984-10-04
"1740",0,1984-10-05
"1741",0,1984-10-06
"1742",0,1984-10-07
"1743",0.177734375,1984-10-08
"1744",6.162109375,1984-10-09
"1745",0.001953125,1984-10-10
"1746",0,1984-10-11
"1747",0.0009765625,1984-10-12
"1748",0.005859375,1984-10-13
"1749",0,1984-10-14
"1750",0.0009765625,1984-10-15
"1751",0.3203125,1984-10-16
"1752",0.072265625,1984-10-17
"1753",0.1845703125,1984-10-18
"1754",0.0126953125,1984-10-19
"1755",0,1984-10-20
"1756",0.0029296875,1984-10-21
"1757",0,1984-10-22
"1758",0.0009765625,1984-10-23
"1759",0.140625,1984-10-24
"1760",0.18359375,1984-10-25
"1761",0.009765625,1984-10-26
"1762",0,1984-10-27
"1763",0,1984-10-28
"1764",0.0078125,1984-10-29
"1765",0,1984-10-30
"1766",0.029296875,1984-10-31
"1767",20.724609375,1984-11-01
"1768",0.6591796875,1984-11-02
"1769",0.177734375,1984-11-03
"1770",0.15234375,1984-11-04
"1771",0.671875,1984-11-05
"1772",0,1984-11-06
"1773",0,1984-11-07
"1774",0,1984-11-08
"1775",0.0771484375,1984-11-09
"1776",5.318359375,1984-11-10
"1777",1.3818359375,1984-11-11
"1778",0.74609375,1984-11-12
"1779",0.2333984375,1984-11-13
"1780",0.001953125,1984-11-14
"1781",0.0029296875,1984-11-15
"1782",0.0009765625,1984-11-16
"1783",0,1984-11-17
"1784",0.0205078125,1984-11-18
"1785",0.6669921875,1984-11-19
"1786",0.0478515625,1984-11-20
"1787",0,1984-11-21
"1788",1.80859375,1984-11-22
"1789",0.880859375,1984-11-23
"1790",0.25390625,1984-11-24
"1791",0.0009765625,1984-11-25
"1792",0,1984-11-26
"1793",0.1064453125,1984-11-27
"1794",0,1984-11-28
"1795",0,1984-11-29
"1796",0,1984-11-30
"1797",0,1984-12-01
"1798",0.0126953125,1984-12-02
"1799",0.736328125,1984-12-03
"1800",0.0048828125,1984-12-04
"1801",0,1984-12-05
"1802",0.1318359375,1984-12-06
"1803",0,1984-12-07
"1804",0,1984-12-08
"1805",0.0029296875,1984-12-09
"1806",0.0712890625,1984-12-10
"1807",4.1865234375,1984-12-11
"1808",0.1083984375,1984-12-12
"1809",0.0849609375,1984-12-13
"1810",0.2041015625,1984-12-14
"1811",0.1640625,1984-12-15
"1812",0,1984-12-16
"1813",0,1984-12-17
"1814",0,1984-12-18
"1815",0,1984-12-19
"1816",0.5927734375,1984-12-20
"1817",0.001953125,1984-12-21
"1818",0,1984-12-22
"1819",0.001953125,1984-12-23
"1820",0,1984-12-24
"1821",0.0380859375,1984-12-25
"1822",0,1984-12-26
"1823",0.037109375,1984-12-27
"1824",0.001953125,1984-12-28
"1825",0.0029296875,1984-12-29
"1826",3.8310546875,1984-12-30
"1827",0.1748046875,1984-12-31
"1828",0.03515625,1985-01-01
"1829",3.6630859375,1985-01-02
"1830",0.966796875,1985-01-03
"1831",0.01171875,1985-01-04
"1832",0,1985-01-05
"1833",0.2001953125,1985-01-06
"1834",0,1985-01-07
"1835",0,1985-01-08
"1836",0,1985-01-09
"1837",0,1985-01-10
"1838",0,1985-01-11
"1839",0,1985-01-12
"1840",0,1985-01-13
"1841",0,1985-01-14
"1842",0,1985-01-15
"1843",0,1985-01-16
"1844",0,1985-01-17
"1845",0,1985-01-18
"1846",0,1985-01-19
"1847",0,1985-01-20
"1848",0,1985-01-21
"1849",0,1985-01-22
"1850",0,1985-01-23
"1851",0,1985-01-24
"1852",0,1985-01-25
"1853",0,1985-01-26
"1854",0,1985-01-27
"1855",0,1985-01-28
"1856",0,1985-01-29
"1857",0.00390625,1985-01-30
"1858",0,1985-01-31
"1859",0,1985-02-01
"1860",0,1985-02-02
"1861",0,1985-02-03
"1862",0,1985-02-04
"1863",0,1985-02-05
"1864",0.1015625,1985-02-06
"1865",0.7734375,1985-02-07
"1866",0,1985-02-08
"1867",0,1985-02-09
"1868",0,1985-02-10
"1869",0,1985-02-11
"1870",0.1103515625,1985-02-12
"1871",0,1985-02-13
"1872",0,1985-02-14
"1873",0,1985-02-15
"1874",0,1985-02-16
"1875",0,1985-02-17
"1876",0,1985-02-18
"1877",0,1985-02-19
"1878",0,1985-02-20
"1879",0,1985-02-21
"1880",0,1985-02-22
"1881",0,1985-02-23
"1882",0,1985-02-24
"1883",0,1985-02-25
"1884",0.0078125,1985-02-26
"1885",0,1985-02-27
"1886",0.00390625,1985-02-28
"1887",0,1985-03-01
"1888",0,1985-03-02
"1889",0.001953125,1985-03-03
"1890",0.095703125,1985-03-04
"1891",0,1985-03-05
"1892",0,1985-03-06
"1893",0,1985-03-07
"1894",0,1985-03-08
"1895",0,1985-03-09
"1896",0,1985-03-10
"1897",0,1985-03-11
"1898",0,1985-03-12
"1899",0,1985-03-13
"1900",0,1985-03-14
"1901",18.9716796875,1985-03-15
"1902",6.4697265625,1985-03-16
"1903",0,1985-03-17
"1904",0.0693359375,1985-03-18
"1905",0,1985-03-19
"1906",0,1985-03-20
"1907",0,1985-03-21
"1908",0,1985-03-22
"1909",0.0869140625,1985-03-23
"1910",0,1985-03-24
"1911",0,1985-03-25
"1912",0,1985-03-26
"1913",0,1985-03-27
"1914",0,1985-03-28
"1915",0,1985-03-29
"1916",0,1985-03-30
"1917",0,1985-03-31
"1918",1.0478515625,1985-04-01
"1919",0,1985-04-02
"1920",0.46484375,1985-04-03
"1921",0,1985-04-04
"1922",0.0537109375,1985-04-05
"1923",0,1985-04-06
"1924",0,1985-04-07
"1925",0.060546875,1985-04-08
"1926",0.140625,1985-04-09
"1927",0,1985-04-10
"1928",0,1985-04-11
"1929",0,1985-04-12
"1930",0.0595703125,1985-04-13
"1931",38.7666015625,1985-04-14
"1932",0.6669921875,1985-04-15
"1933",3.7177734375,1985-04-16
"1934",8.873046875,1985-04-17
"1935",0,1985-04-18
"1936",0.0498046875,1985-04-19
"1937",0,1985-04-20
"1938",0,1985-04-21
"1939",0,1985-04-22
"1940",0,1985-04-23
"1941",0,1985-04-24
"1942",0,1985-04-25
"1943",0,1985-04-26
"1944",0,1985-04-27
"1945",0,1985-04-28
"1946",0,1985-04-29
"1947",0,1985-04-30
"1948",0,1985-05-01
"1949",0,1985-05-02
"1950",0,1985-05-03
"1951",0,1985-05-04
"1952",0.7021484375,1985-05-05
"1953",2.3701171875,1985-05-06
"1954",2.0478515625,1985-05-07
"1955",0.7802734375,1985-05-08
"1956",1.46875,1985-05-09
"1957",0.2841796875,1985-05-10
"1958",1.9169921875,1985-05-11
"1959",0,1985-05-12
"1960",0,1985-05-13
"1961",0.7158203125,1985-05-14
"1962",4.2470703125,1985-05-15
"1963",2.546875,1985-05-16
"1964",2.697265625,1985-05-17
"1965",4.6904296875,1985-05-18
"1966",0,1985-05-19
"1967",0,1985-05-20
"1968",0,1985-05-21
"1969",0,1985-05-22
"1970",0.2197265625,1985-05-23
"1971",0.00390625,1985-05-24
"1972",0,1985-05-25
"1973",0,1985-05-26
"1974",0.1767578125,1985-05-27
"1975",1.8837890625,1985-05-28
"1976",2.921875,1985-05-29
"1977",2.634765625,1985-05-30
"1978",0.5048828125,1985-05-31
"1979",0.84765625,1985-06-01
"1980",3.3681640625,1985-06-02
"1981",11.525390625,1985-06-03
"1982",6.6142578125,1985-06-04
"1983",0.4130859375,1985-06-05
"1984",0.1044921875,1985-06-06
"1985",0,1985-06-07
"1986",0.4189453125,1985-06-08
"1987",1.853515625,1985-06-09
"1988",1.8095703125,1985-06-10
"1989",2.337890625,1985-06-11
"1990",3.3515625,1985-06-12
"1991",0.0908203125,1985-06-13
"1992",0.984375,1985-06-14
"1993",0.474609375,1985-06-15
"1994",0.6630859375,1985-06-16
"1995",0.1923828125,1985-06-17
"1996",4.775390625,1985-06-18
"1997",3.416015625,1985-06-19
"1998",0.3681640625,1985-06-20
"1999",1.1064453125,1985-06-21
"2000",0.30859375,1985-06-22
"2001",0.453125,1985-06-23
"2002",5.626953125,1985-06-24
"2003",2.9912109375,1985-06-25
"2004",2.4228515625,1985-06-26
"2005",0.1435546875,1985-06-27
"2006",0.044921875,1985-06-28
"2007",0.03125,1985-06-29
"2008",0.0244140625,1985-06-30
"2009",0.00390625,1985-07-01
"2010",0,1985-07-02
"2011",0.689453125,1985-07-03
"2012",0.1240234375,1985-07-04
"2013",0,1985-07-05
"2014",0,1985-07-06
"2015",0.9677734375,1985-07-07
"2016",0.7080078125,1985-07-08
"2017",0.65625,1985-07-09
"2018",0,1985-07-10
"2019",0,1985-07-11
"2020",0.0244140625,1985-07-12
"2021",0,1985-07-13
"2022",1.779296875,1985-07-14
"2023",12.3134765625,1985-07-15
"2024",4.84765625,1985-07-16
"2025",0.8916015625,1985-07-17
"2026",0.619140625,1985-07-18
"2027",0,1985-07-19
"2028",4.4990234375,1985-07-20
"2029",11.537109375,1985-07-21
"2030",3.2900390625,1985-07-22
"2031",0.08984375,1985-07-23
"2032",0,1985-07-24
"2033",0.0576171875,1985-07-25
"2034",0,1985-07-26
"2035",0.0654296875,1985-07-27
"2036",0.685546875,1985-07-28
"2037",3.57421875,1985-07-29
"2038",1.1669921875,1985-07-30
"2039",1.591796875,1985-07-31
"2040",0,1985-08-01
"2041",5.0263671875,1985-08-02
"2042",0.625,1985-08-03
"2043",9.005859375,1985-08-04
"2044",2.4677734375,1985-08-05
"2045",15.3857421875,1985-08-06
"2046",9.9345703125,1985-08-07
"2047",0.28515625,1985-08-08
"2048",0,1985-08-09
"2049",4.6669921875,1985-08-10
"2050",4.31640625,1985-08-11
"2051",2.36328125,1985-08-12
"2052",0.4833984375,1985-08-13
"2053",3.1328125,1985-08-14
"2054",8.7646484375,1985-08-15
"2055",1.2080078125,1985-08-16
"2056",0,1985-08-17
"2057",0,1985-08-18
"2058",0,1985-08-19
"2059",0.123046875,1985-08-20
"2060",10.447265625,1985-08-21
"2061",1.8388671875,1985-08-22
"2062",6.0634765625,1985-08-23
"2063",0,1985-08-24
"2064",0.0048828125,1985-08-25
"2065",7.2841796875,1985-08-26
"2066",0,1985-08-27
"2067",2.51953125,1985-08-28
"2068",0,1985-08-29
"2069",0.095703125,1985-08-30
"2070",0.029296875,1985-08-31
"2071",9.056640625,1985-09-01
"2072",0.2001953125,1985-09-02
"2073",0,1985-09-03
"2074",0.30078125,1985-09-04
"2075",0,1985-09-05
"2076",0.056640625,1985-09-06
"2077",0,1985-09-07
"2078",0.05859375,1985-09-08
"2079",0,1985-09-09
"2080",22.9658203125,1985-09-10
"2081",0.236328125,1985-09-11
"2082",0.126953125,1985-09-12
"2083",0.6083984375,1985-09-13
"2084",0,1985-09-14
"2085",0.0849609375,1985-09-15
"2086",0.3681640625,1985-09-16
"2087",0.197265625,1985-09-17
"2088",1.65234375,1985-09-18
"2089",0.1904296875,1985-09-19
"2090",0,1985-09-20
"2091",0,1985-09-21
"2092",0,1985-09-22
"2093",0,1985-09-23
"2094",0.0302734375,1985-09-24
"2095",8.2412109375,1985-09-25
"2096",1.150390625,1985-09-26
"2097",0.720703125,1985-09-27
"2098",0,1985-09-28
"2099",0,1985-09-29
"2100",0,1985-09-30
"2101",0,1985-10-01
"2102",0,1985-10-02
"2103",0,1985-10-03
"2104",0.1220703125,1985-10-04
"2105",0,1985-10-05
"2106",0,1985-10-06
"2107",0,1985-10-07
"2108",0,1985-10-08
"2109",0,1985-10-09
"2110",0,1985-10-10
"2111",0.69921875,1985-10-11
"2112",0,1985-10-12
"2113",0,1985-10-13
"2114",0,1985-10-14
"2115",2.501953125,1985-10-15
"2116",1.8740234375,1985-10-16
"2117",1.4951171875,1985-10-17
"2118",1.0107421875,1985-10-18
"2119",0,1985-10-19
"2120",0,1985-10-20
"2121",0,1985-10-21
"2122",6.6044921875,1985-10-22
"2123",6.3759765625,1985-10-23
"2124",3.478515625,1985-10-24
"2125",0.3291015625,1985-10-25
"2126",0,1985-10-26
"2127",0,1985-10-27
"2128",3.1884765625,1985-10-28
"2129",3.4794921875,1985-10-29
"2130",0,1985-10-30
"2131",0.001953125,1985-10-31
"2132",0,1985-11-01
"2133",0,1985-11-02
"2134",0,1985-11-03
"2135",0,1985-11-04
"2136",0,1985-11-05
"2137",0,1985-11-06
"2138",0,1985-11-07
"2139",0,1985-11-08
"2140",0,1985-11-09
"2141",1.255859375,1985-11-10
"2142",3.4404296875,1985-11-11
"2143",0.01953125,1985-11-12
"2144",0,1985-11-13
"2145",1.1591796875,1985-11-14
"2146",0,1985-11-15
"2147",0.0498046875,1985-11-16
"2148",0,1985-11-17
"2149",0.099609375,1985-11-18
"2150",0.1005859375,1985-11-19
"2151",0,1985-11-20
"2152",0,1985-11-21
"2153",0,1985-11-22
"2154",0,1985-11-23
"2155",0.9443359375,1985-11-24
"2156",0.029296875,1985-11-25
"2157",0.109375,1985-11-26
"2158",0.203125,1985-11-27
"2159",0.0126953125,1985-11-28
"2160",0.1357421875,1985-11-29
"2161",0.404296875,1985-11-30
"2162",0,1985-12-01
"2163",0,1985-12-02
"2164",0,1985-12-03
"2165",0,1985-12-04
"2166",0,1985-12-05
"2167",0.7763671875,1985-12-06
"2168",0.1005859375,1985-12-07
"2169",3.59765625,1985-12-08
"2170",1.236328125,1985-12-09
"2171",0.6611328125,1985-12-10
"2172",0,1985-12-11
"2173",0,1985-12-12
"2174",0.0595703125,1985-12-13
"2175",0,1985-12-14
"2176",0,1985-12-15
"2177",0.5087890625,1985-12-16
"2178",0,1985-12-17
"2179",0,1985-12-18
"2180",0,1985-12-19
"2181",0.43359375,1985-12-20
"2182",1.103515625,1985-12-21
"2183",0.2021484375,1985-12-22
"2184",0.783203125,1985-12-23
"2185",0,1985-12-24
"2186",0,1985-12-25
"2187",1.0732421875,1985-12-26
"2188",0.7490234375,1985-12-27
"2189",0,1985-12-28
"2190",0,1985-12-29
"2191",0,1985-12-30
"2192",0.0341796875,1985-12-31
"2193",0,1986-01-01
"2194",0,1986-01-02
"2195",4.8505859375,1986-01-03
"2196",0.001953125,1986-01-04
"2197",1.8720703125,1986-01-05
"2198",0,1986-01-06
"2199",0.0009765625,1986-01-07
"2200",0.001953125,1986-01-08
"2201",0,1986-01-09
"2202",0.0078125,1986-01-10
"2203",0.001953125,1986-01-11
"2204",0,1986-01-12
"2205",0.001953125,1986-01-13
"2206",0.0009765625,1986-01-14
"2207",0.6865234375,1986-01-15
"2208",0.2490234375,1986-01-16
"2209",0.009765625,1986-01-17
"2210",0,1986-01-18
"2211",0.001953125,1986-01-19
"2212",0,1986-01-20
"2213",0,1986-01-21
"2214",0.0009765625,1986-01-22
"2215",0,1986-01-23
"2216",0,1986-01-24
"2217",0,1986-01-25
"2218",0,1986-01-26
"2219",0,1986-01-27
"2220",0.0029296875,1986-01-28
"2221",0.2734375,1986-01-29
"2222",0,1986-01-30
"2223",0,1986-01-31
"2224",0,1986-02-01
"2225",0,1986-02-02
"2226",0,1986-02-03
"2227",0,1986-02-04
"2228",0.001953125,1986-02-05
"2229",0,1986-02-06
"2230",0,1986-02-07
"2231",0,1986-02-08
"2232",0,1986-02-09
"2233",0,1986-02-10
"2234",0,1986-02-11
"2235",0.001953125,1986-02-12
"2236",0,1986-02-13
"2237",0.0009765625,1986-02-14
"2238",0.81640625,1986-02-15
"2239",0.6064453125,1986-02-16
"2240",0.0361328125,1986-02-17
"2241",0.0185546875,1986-02-18
"2242",0.0087890625,1986-02-19
"2243",0.001953125,1986-02-20
"2244",0.0068359375,1986-02-21
"2245",0.005859375,1986-02-22
"2246",0,1986-02-23
"2247",0,1986-02-24
"2248",0.0009765625,1986-02-25
"2249",0,1986-02-26
"2250",0,1986-02-27
"2251",0,1986-02-28
"2252",0.0048828125,1986-03-01
"2253",0,1986-03-02
"2254",0.001953125,1986-03-03
"2255",0,1986-03-04
"2256",0.0009765625,1986-03-05
"2257",0,1986-03-06
"2258",0.1171875,1986-03-07
"2259",0.294921875,1986-03-08
"2260",0.0791015625,1986-03-09
"2261",0.9287109375,1986-03-10
"2262",0,1986-03-11
"2263",0.001953125,1986-03-12
"2264",0,1986-03-13
"2265",0.0654296875,1986-03-14
"2266",0.001953125,1986-03-15
"2267",0.0107421875,1986-03-16
"2268",0.0029296875,1986-03-17
"2269",0,1986-03-18
"2270",0.0087890625,1986-03-19
"2271",0,1986-03-20
"2272",0,1986-03-21
"2273",0,1986-03-22
"2274",0,1986-03-23
"2275",0,1986-03-24
"2276",0,1986-03-25
"2277",0.001953125,1986-03-26
"2278",0,1986-03-27
"2279",0.0009765625,1986-03-28
"2280",0.009765625,1986-03-29
"2281",0.0400390625,1986-03-30
"2282",0.0029296875,1986-03-31
"2283",0.15234375,1986-04-01
"2284",0,1986-04-02
"2285",0,1986-04-03
"2286",0,1986-04-04
"2287",0.0107421875,1986-04-05
"2288",0,1986-04-06
"2289",0,1986-04-07
"2290",0,1986-04-08
"2291",0.0009765625,1986-04-09
"2292",0.3427734375,1986-04-10
"2293",0.1005859375,1986-04-11
"2294",0.001953125,1986-04-12
"2295",0.0009765625,1986-04-13
"2296",0,1986-04-14
"2297",7.9375,1986-04-15
"2298",11.080078125,1986-04-16
"2299",3.7080078125,1986-04-17
"2300",0.287109375,1986-04-18
"2301",0,1986-04-19
"2302",0.9091796875,1986-04-20
"2303",0.716796875,1986-04-21
"2304",2.892578125,1986-04-22
"2305",2.974609375,1986-04-23
"2306",10.115234375,1986-04-24
"2307",3.0576171875,1986-04-25
"2308",0.5712890625,1986-04-26
"2309",1.3818359375,1986-04-27
"2310",2.6953125,1986-04-28
"2311",0.431640625,1986-04-29
"2312",0.3916015625,1986-04-30
"2313",0.458984375,1986-05-01
"2314",0.671875,1986-05-02
"2315",0.0107421875,1986-05-03
"2316",0.0029296875,1986-05-04
"2317",0.00390625,1986-05-05
"2318",0.001953125,1986-05-06
"2319",0.7001953125,1986-05-07
"2320",0.166015625,1986-05-08
"2321",0.875,1986-05-09
"2322",1.1826171875,1986-05-10
"2323",0.091796875,1986-05-11
"2324",0.048828125,1986-05-12
"2325",0,1986-05-13
"2326",0.1171875,1986-05-14
"2327",7.705078125,1986-05-15
"2328",10.2353515625,1986-05-16
"2329",2.0224609375,1986-05-17
"2330",3.423828125,1986-05-18
"2331",1.91015625,1986-05-19
"2332",0.08984375,1986-05-20
"2333",0.8427734375,1986-05-21
"2334",0.0283203125,1986-05-22
"2335",3.5966796875,1986-05-23
"2336",3.083984375,1986-05-24
"2337",0.759765625,1986-05-25
"2338",0.0126953125,1986-05-26
"2339",0.4736328125,1986-05-27
"2340",1.123046875,1986-05-28
"2341",0.146484375,1986-05-29
"2342",0.3623046875,1986-05-30
"2343",0.0126953125,1986-05-31
"2344",0.056640625,1986-06-01
"2345",0.0009765625,1986-06-02
"2346",0.6259765625,1986-06-03
"2347",0.5126953125,1986-06-04
"2348",1.072265625,1986-06-05
"2349",0.2080078125,1986-06-06
"2350",0,1986-06-07
"2351",1.146484375,1986-06-08
"2352",1.203125,1986-06-09
"2353",0.8525390625,1986-06-10
"2354",0.484375,1986-06-11
"2355",2.5751953125,1986-06-12
"2356",0,1986-06-13
"2357",0.0126953125,1986-06-14
"2358",0.0380859375,1986-06-15
"2359",0.201171875,1986-06-16
"2360",4.619140625,1986-06-17
"2361",5.4560546875,1986-06-18
"2362",2.703125,1986-06-19
"2363",1.0263671875,1986-06-20
"2364",0.2333984375,1986-06-21
"2365",1.1943359375,1986-06-22
"2366",0.4873046875,1986-06-23
"2367",0.8828125,1986-06-24
"2368",0.6201171875,1986-06-25
"2369",4.1884765625,1986-06-26
"2370",0.8056640625,1986-06-27
"2371",0.5849609375,1986-06-28
"2372",3.3603515625,1986-06-29
"2373",0.0498046875,1986-06-30
"2374",0.265625,1986-07-01
"2375",16.7392578125,1986-07-02
"2376",13.8427734375,1986-07-03
"2377",24.224609375,1986-07-04
"2378",11.4326171875,1986-07-05
"2379",1.84375,1986-07-06
"2380",6.337890625,1986-07-07
"2381",6.59375,1986-07-08
"2382",2.2666015625,1986-07-09
"2383",0.3681640625,1986-07-10
"2384",0.7392578125,1986-07-11
"2385",0.26171875,1986-07-12
"2386",0.03125,1986-07-13
"2387",0.0029296875,1986-07-14
"2388",0.01171875,1986-07-15
"2389",2.7275390625,1986-07-16
"2390",4.375,1986-07-17
"2391",1.4365234375,1986-07-18
"2392",3.0009765625,1986-07-19
"2393",2.369140625,1986-07-20
"2394",0,1986-07-21
"2395",0.251953125,1986-07-22
"2396",6.3623046875,1986-07-23
"2397",4.1259765625,1986-07-24
"2398",6.3779296875,1986-07-25
"2399",0.1552734375,1986-07-26
"2400",0.001953125,1986-07-27
"2401",0.5126953125,1986-07-28
"2402",3.1640625,1986-07-29
"2403",2.1416015625,1986-07-30
"2404",0.0009765625,1986-07-31
"2405",0,1986-08-01
"2406",1.3017578125,1986-08-02
"2407",16.142578125,1986-08-03
"2408",4.283203125,1986-08-04
"2409",1.3154296875,1986-08-05
"2410",0.75,1986-08-06
"2411",0.251953125,1986-08-07
"2412",0,1986-08-08
"2413",0.267578125,1986-08-09
"2414",1.55078125,1986-08-10
"2415",4.046875,1986-08-11
"2416",9.443359375,1986-08-12
"2417",0.8408203125,1986-08-13
"2418",10.0791015625,1986-08-14
"2419",16.8935546875,1986-08-15
"2420",2.423828125,1986-08-16
"2421",1.3056640625,1986-08-17
"2422",0,1986-08-18
"2423",0.1279296875,1986-08-19
"2424",0.1845703125,1986-08-20
"2425",1.615234375,1986-08-21
"2426",0.005859375,1986-08-22
"2427",0,1986-08-23
"2428",1.435546875,1986-08-24
"2429",1.755859375,1986-08-25
"2430",1.2978515625,1986-08-26
"2431",0.150390625,1986-08-27
"2432",0.087890625,1986-08-28
"2433",2.82421875,1986-08-29
"2434",7.1376953125,1986-08-30
"2435",4.3408203125,1986-08-31
"2436",2.9853515625,1986-09-01
"2437",0.1337890625,1986-09-02
"2438",0.0869140625,1986-09-03
"2439",0,1986-09-04
"2440",2.8369140625,1986-09-05
"2441",1.8984375,1986-09-06
"2442",0.017578125,1986-09-07
"2443",0,1986-09-08
"2444",0.0009765625,1986-09-09
"2445",0,1986-09-10
"2446",0.01171875,1986-09-11
"2447",20.900390625,1986-09-12
"2448",2.080078125,1986-09-13
"2449",0.1533203125,1986-09-14
"2450",0.52734375,1986-09-15
"2451",4.201171875,1986-09-16
"2452",4.1015625,1986-09-17
"2453",0.583984375,1986-09-18
"2454",2.4462890625,1986-09-19
"2455",7.8603515625,1986-09-20
"2456",2.564453125,1986-09-21
"2457",0,1986-09-22
"2458",0.0615234375,1986-09-23
"2459",0.703125,1986-09-24
"2460",1.9794921875,1986-09-25
"2461",0.125,1986-09-26
"2462",0.0244140625,1986-09-27
"2463",0.208984375,1986-09-28
"2464",0.037109375,1986-09-29
"2465",0.0615234375,1986-09-30
"2466",0,1986-10-01
"2467",0.056640625,1986-10-02
"2468",0.298828125,1986-10-03
"2469",0,1986-10-04
"2470",0,1986-10-05
"2471",3.21484375,1986-10-06
"2472",0.00390625,1986-10-07
"2473",0.001953125,1986-10-08
"2474",1.1630859375,1986-10-09
"2475",0.32421875,1986-10-10
"2476",2.5302734375,1986-10-11
"2477",0.5810546875,1986-10-12
"2478",0,1986-10-13
"2479",4.482421875,1986-10-14
"2480",1.0185546875,1986-10-15
"2481",0.1650390625,1986-10-16
"2482",0.0029296875,1986-10-17
"2483",1.6455078125,1986-10-18
"2484",6.4833984375,1986-10-19
"2485",0.7392578125,1986-10-20
"2486",0,1986-10-21
"2487",12.2724609375,1986-10-22
"2488",4.25390625,1986-10-23
"2489",10.419921875,1986-10-24
"2490",1.94140625,1986-10-25
"2491",0.654296875,1986-10-26
"2492",0.111328125,1986-10-27
"2493",0.00390625,1986-10-28
"2494",2.93359375,1986-10-29
"2495",0.0361328125,1986-10-30
"2496",1.7587890625,1986-10-31
"2497",0.3046875,1986-11-01
"2498",0.0009765625,1986-11-02
"2499",0,1986-11-03
"2500",0,1986-11-04
"2501",0.001953125,1986-11-05
"2502",3.28515625,1986-11-06
"2503",0,1986-11-07
"2504",0,1986-11-08
"2505",0,1986-11-09
"2506",0,1986-11-10
"2507",0.5625,1986-11-11
"2508",0,1986-11-12
"2509",0,1986-11-13
"2510",0,1986-11-14
"2511",0.69921875,1986-11-15
"2512",0.193359375,1986-11-16
"2513",0.599609375,1986-11-17
"2514",7.1484375,1986-11-18
"2515",0.0654296875,1986-11-19
"2516",0,1986-11-20
"2517",0.0009765625,1986-11-21
"2518",0,1986-11-22
"2519",0,1986-11-23
"2520",0,1986-11-24
"2521",0,1986-11-25
"2522",0,1986-11-26
"2523",0,1986-11-27
"2524",0,1986-11-28
"2525",0,1986-11-29
"2526",0.001953125,1986-11-30
"2527",0,1986-12-01
"2528",0.2197265625,1986-12-02
"2529",0.0029296875,1986-12-03
"2530",0.0068359375,1986-12-04
"2531",0.0029296875,1986-12-05
"2532",0.349609375,1986-12-06
"2533",14.240234375,1986-12-07
"2534",1.1416015625,1986-12-08
"2535",0,1986-12-09
"2536",0.0029296875,1986-12-10
"2537",0.5283203125,1986-12-11
"2538",1.1181640625,1986-12-12
"2539",0.0458984375,1986-12-13
"2540",0.0048828125,1986-12-14
"2541",0.0009765625,1986-12-15
"2542",7.8623046875,1986-12-16
"2543",0.197265625,1986-12-17
"2544",0,1986-12-18
"2545",0.0078125,1986-12-19
"2546",0,1986-12-20
"2547",0.33203125,1986-12-21
"2548",0.005859375,1986-12-22
"2549",0,1986-12-23
"2550",0,1986-12-24
"2551",0,1986-12-25
"2552",0.0009765625,1986-12-26
"2553",0,1986-12-27
"2554",0,1986-12-28
"2555",0,1986-12-29
"2556",0,1986-12-30
"2557",0.0146484375,1986-12-31
"2558",0,1987-01-01
"2559",0.0869140625,1987-01-02
"2560",0.2607421875,1987-01-03
"2561",0.005859375,1987-01-04
"2562",0.0068359375,1987-01-05
"2563",0,1987-01-06
"2564",0,1987-01-07
"2565",0.037109375,1987-01-08
"2566",0,1987-01-09
"2567",0.0009765625,1987-01-10
"2568",0.0380859375,1987-01-11
"2569",0.13671875,1987-01-12
"2570",0.0087890625,1987-01-13
"2571",0.2294921875,1987-01-14
"2572",0.00390625,1987-01-15
"2573",0,1987-01-16
"2574",0.0009765625,1987-01-17
"2575",0,1987-01-18
"2576",0,1987-01-19
"2577",0.0009765625,1987-01-20
"2578",0.33984375,1987-01-21
"2579",0,1987-01-22
"2580",0,1987-01-23
"2581",0.20703125,1987-01-24
"2582",3.4150390625,1987-01-25
"2583",0.8701171875,1987-01-26
"2584",0,1987-01-27
"2585",0.0009765625,1987-01-28
"2586",0,1987-01-29
"2587",0.0009765625,1987-01-30
"2588",0,1987-01-31
"2589",0,1987-02-01
"2590",0,1987-02-02
"2591",0,1987-02-03
"2592",0,1987-02-04
"2593",0,1987-02-05
"2594",0,1987-02-06
"2595",0.0263671875,1987-02-07
"2596",0.0185546875,1987-02-08
"2597",0.00390625,1987-02-09
"2598",0.001953125,1987-02-10
"2599",0,1987-02-11
"2600",0,1987-02-12
"2601",0.0009765625,1987-02-13
"2602",0,1987-02-14
"2603",0,1987-02-15
"2604",0,1987-02-16
"2605",0,1987-02-17
"2606",0.0009765625,1987-02-18
"2607",4.8525390625,1987-02-19
"2608",2.2890625,1987-02-20
"2609",0,1987-02-21
"2610",0.02734375,1987-02-22
"2611",0.0537109375,1987-02-23
"2612",0.0751953125,1987-02-24
"2613",0,1987-02-25
"2614",0.0009765625,1987-02-26
"2615",0.0048828125,1987-02-27
"2616",9.3828125,1987-02-28
"2617",0.0126953125,1987-03-01
"2618",0.0087890625,1987-03-02
"2619",0.0107421875,1987-03-03
"2620",0,1987-03-04
"2621",0,1987-03-05
"2622",0.001953125,1987-03-06
"2623",0,1987-03-07
"2624",0.154296875,1987-03-08
"2625",0,1987-03-09
"2626",0.0009765625,1987-03-10
"2627",0.00390625,1987-03-11
"2628",0.00390625,1987-03-12
"2629",0,1987-03-13
"2630",0.001953125,1987-03-14
"2631",0.0029296875,1987-03-15
"2632",0.001953125,1987-03-16
"2633",0,1987-03-17
"2634",0,1987-03-18
"2635",0,1987-03-19
"2636",0.755859375,1987-03-20
"2637",0.240234375,1987-03-21
"2638",0,1987-03-22
"2639",0.0048828125,1987-03-23
"2640",0.001953125,1987-03-24
"2641",0.0048828125,1987-03-25
"2642",0.0048828125,1987-03-26
"2643",0.0048828125,1987-03-27
"2644",4.46484375,1987-03-28
"2645",2.0205078125,1987-03-29
"2646",0.7080078125,1987-03-30
"2647",0.1533203125,1987-03-31
"2648",0.009765625,1987-04-01
"2649",0,1987-04-02
"2650",0.00390625,1987-04-03
"2651",0.0009765625,1987-04-04
"2652",0,1987-04-05
"2653",0.9384765625,1987-04-06
"2654",1.353515625,1987-04-07
"2655",0.044921875,1987-04-08
"2656",0.0078125,1987-04-09
"2657",0,1987-04-10
"2658",0,1987-04-11
"2659",0,1987-04-12
"2660",2.1064453125,1987-04-13
"2661",0.0087890625,1987-04-14
"2662",0.0029296875,1987-04-15
"2663",0,1987-04-16
"2664",0,1987-04-17
"2665",0,1987-04-18
"2666",0.3623046875,1987-04-19
"2667",0.0458984375,1987-04-20
"2668",0,1987-04-21
"2669",0,1987-04-22
"2670",0,1987-04-23
"2671",0,1987-04-24
"2672",0.0048828125,1987-04-25
"2673",0,1987-04-26
"2674",0.4443359375,1987-04-27
"2675",11.4072265625,1987-04-28
"2676",0.537109375,1987-04-29
"2677",0.009765625,1987-04-30
"2678",0.0009765625,1987-05-01
"2679",19.248046875,1987-05-02
"2680",3.39453125,1987-05-03
"2681",2.416015625,1987-05-04
"2682",0.013671875,1987-05-05
"2683",0.001953125,1987-05-06
"2684",0.0048828125,1987-05-07
"2685",0.0048828125,1987-05-08
"2686",0.1162109375,1987-05-09
"2687",0.6474609375,1987-05-10
"2688",0.0166015625,1987-05-11
"2689",13.591796875,1987-05-12
"2690",0.41015625,1987-05-13
"2691",5.078125,1987-05-14
"2692",4.583984375,1987-05-15
"2693",6.263671875,1987-05-16
"2694",3.4052734375,1987-05-17
"2695",0.2548828125,1987-05-18
"2696",0,1987-05-19
"2697",0.001953125,1987-05-20
"2698",0,1987-05-21
"2699",0.193359375,1987-05-22
"2700",3.2568359375,1987-05-23
"2701",0.6240234375,1987-05-24
"2702",4.7265625,1987-05-25
"2703",8.7978515625,1987-05-26
"2704",5.650390625,1987-05-27
"2705",0.59765625,1987-05-28
"2706",0.4033203125,1987-05-29
"2707",3.5029296875,1987-05-30
"2708",0.1484375,1987-05-31
"2709",0.0830078125,1987-06-01
"2710",0.3876953125,1987-06-02
"2711",1.2412109375,1987-06-03
"2712",0.0048828125,1987-06-04
"2713",0.0009765625,1987-06-05
"2714",0,1987-06-06
"2715",0,1987-06-07
"2716",0,1987-06-08
"2717",0.7978515625,1987-06-09
"2718",1.1630859375,1987-06-10
"2719",0.5751953125,1987-06-11
"2720",3.7587890625,1987-06-12
"2721",0.232421875,1987-06-13
"2722",0,1987-06-14
"2723",0.3115234375,1987-06-15
"2724",0.0068359375,1987-06-16
"2725",0.0009765625,1987-06-17
"2726",0.162109375,1987-06-18
"2727",0.6845703125,1987-06-19
"2728",0.9580078125,1987-06-20
"2729",0.83203125,1987-06-21
"2730",15.18359375,1987-06-22
"2731",3.0458984375,1987-06-23
"2732",5.5185546875,1987-06-24
"2733",2.9609375,1987-06-25
"2734",1.1455078125,1987-06-26
"2735",3.1328125,1987-06-27
"2736",0.9072265625,1987-06-28
"2737",0.0087890625,1987-06-29
"2738",0.4345703125,1987-06-30
"2739",0.3095703125,1987-07-01
"2740",1.060546875,1987-07-02
"2741",0.34375,1987-07-03
"2742",0.0009765625,1987-07-04
"2743",0,1987-07-05
"2744",0,1987-07-06
"2745",0,1987-07-07
"2746",0.001953125,1987-07-08
"2747",0.001953125,1987-07-09
"2748",2.64453125,1987-07-10
"2749",0.8115234375,1987-07-11
"2750",0.38671875,1987-07-12
"2751",0.498046875,1987-07-13
"2752",4.6748046875,1987-07-14
"2753",8.0810546875,1987-07-15
"2754",4.826171875,1987-07-16
"2755",11.1748046875,1987-07-17
"2756",12.7275390625,1987-07-18
"2757",13.80078125,1987-07-19
"2758",11.2802734375,1987-07-20
"2759",1.1640625,1987-07-21
"2760",0.4404296875,1987-07-22
"2761",0,1987-07-23
"2762",0,1987-07-24
"2763",0.16015625,1987-07-25
"2764",14.126953125,1987-07-26
"2765",6.09765625,1987-07-27
"2766",0.15625,1987-07-28
"2767",0.064453125,1987-07-29
"2768",0,1987-07-30
"2769",13.892578125,1987-07-31
"2770",5.2001953125,1987-08-01
"2771",4.6572265625,1987-08-02
"2772",0.2529296875,1987-08-03
"2773",1.0830078125,1987-08-04
"2774",2.755859375,1987-08-05
"2775",0.6552734375,1987-08-06
"2776",0.1640625,1987-08-07
"2777",2.0361328125,1987-08-08
"2778",5.2568359375,1987-08-09
"2779",2.3779296875,1987-08-10
"2780",0,1987-08-11
"2781",0.0029296875,1987-08-12
"2782",0.00390625,1987-08-13
"2783",0,1987-08-14
"2784",0.12109375,1987-08-15
"2785",0.5107421875,1987-08-16
"2786",0.3818359375,1987-08-17
"2787",1.0400390625,1987-08-18
"2788",1.591796875,1987-08-19
"2789",0.04296875,1987-08-20
"2790",0.0048828125,1987-08-21
"2791",0.0703125,1987-08-22
"2792",10.2978515625,1987-08-23
"2793",1.884765625,1987-08-24
"2794",0.0712890625,1987-08-25
"2795",0.0009765625,1987-08-26
"2796",0,1987-08-27
"2797",0.046875,1987-08-28
"2798",0,1987-08-29
"2799",0,1987-08-30
"2800",0.8349609375,1987-08-31
"2801",0.060546875,1987-09-01
"2802",0.009765625,1987-09-02
"2803",0.1181640625,1987-09-03
"2804",0.021484375,1987-09-04
"2805",0.103515625,1987-09-05
"2806",0.578125,1987-09-06
"2807",0.283203125,1987-09-07
"2808",0.82421875,1987-09-08
"2809",0.4208984375,1987-09-09
"2810",0.3212890625,1987-09-10
"2811",0,1987-09-11
"2812",0.0029296875,1987-09-12
"2813",0.0048828125,1987-09-13
"2814",0.107421875,1987-09-14
"2815",0.037109375,1987-09-15
"2816",0,1987-09-16
"2817",0,1987-09-17
"2818",0.0009765625,1987-09-18
"2819",0,1987-09-19
"2820",2.0390625,1987-09-20
"2821",0.0927734375,1987-09-21
"2822",0,1987-09-22
"2823",0,1987-09-23
"2824",0.0009765625,1987-09-24
"2825",0.001953125,1987-09-25
"2826",0.001953125,1987-09-26
"2827",0.0146484375,1987-09-27
"2828",2.5751953125,1987-09-28
"2829",2.4501953125,1987-09-29
"2830",1.2783203125,1987-09-30
"2831",0.1455078125,1987-10-01
"2832",0,1987-10-02
"2833",0,1987-10-03
"2834",3.32421875,1987-10-04
"2835",0.0546875,1987-10-05
"2836",0.01171875,1987-10-06
"2837",0,1987-10-07
"2838",0,1987-10-08
"2839",0.0029296875,1987-10-09
"2840",0.5810546875,1987-10-10
"2841",1.2939453125,1987-10-11
"2842",1.7236328125,1987-10-12
"2843",0.072265625,1987-10-13
"2844",0.0322265625,1987-10-14
"2845",0.0009765625,1987-10-15
"2846",11.68359375,1987-10-16
"2847",0.49609375,1987-10-17
"2848",6.736328125,1987-10-18
"2849",3.8779296875,1987-10-19
"2850",1.2958984375,1987-10-20
"2851",1.1181640625,1987-10-21
"2852",0.3388671875,1987-10-22
"2853",1.8056640625,1987-10-23
"2854",0.0009765625,1987-10-24
"2855",0,1987-10-25
"2856",0,1987-10-26
"2857",0,1987-10-27
"2858",0.1826171875,1987-10-28
"2859",0.001953125,1987-10-29
"2860",0,1987-10-30
"2861",0.0009765625,1987-10-31
"2862",0,1987-11-01
"2863",0.076171875,1987-11-02
"2864",0.3603515625,1987-11-03
"2865",0.00390625,1987-11-04
"2866",0,1987-11-05
"2867",0.001953125,1987-11-06
"2868",0.001953125,1987-11-07
"2869",0,1987-11-08
"2870",0.0361328125,1987-11-09
"2871",0.029296875,1987-11-10
"2872",0.2119140625,1987-11-11
"2873",0,1987-11-12
"2874",0,1987-11-13
"2875",0,1987-11-14
"2876",0,1987-11-15
"2877",0.0009765625,1987-11-16
"2878",0.392578125,1987-11-17
"2879",0,1987-11-18
"2880",1.171875,1987-11-19
"2881",0,1987-11-20
"2882",0.9541015625,1987-11-21
"2883",0.0048828125,1987-11-22
"2884",0.9462890625,1987-11-23
"2885",0.7001953125,1987-11-24
"2886",1.001953125,1987-11-25
"2887",0.2646484375,1987-11-26
"2888",0.0068359375,1987-11-27
"2889",0.001953125,1987-11-28
"2890",0,1987-11-29
"2891",0,1987-11-30
"2892",23.5546875,1987-12-01
"2893",2.298828125,1987-12-02
"2894",0.3037109375,1987-12-03
"2895",0,1987-12-04
"2896",0.0166015625,1987-12-05
"2897",0,1987-12-06
"2898",0,1987-12-07
"2899",0.3173828125,1987-12-08
"2900",9.7333984375,1987-12-09
"2901",0.15234375,1987-12-10
"2902",0.0029296875,1987-12-11
"2903",0,1987-12-12
"2904",0,1987-12-13
"2905",0,1987-12-14
"2906",0,1987-12-15
"2907",0,1987-12-16
"2908",0.0009765625,1987-12-17
"2909",0.0009765625,1987-12-18
"2910",0,1987-12-19
"2911",0.0009765625,1987-12-20
"2912",0,1987-12-21
"2913",0,1987-12-22
"2914",0.001953125,1987-12-23
"2915",0,1987-12-24
"2916",0,1987-12-25
"2917",0.025390625,1987-12-26
"2918",0.0126953125,1987-12-27
"2919",0.10546875,1987-12-28
"2920",0.0029296875,1987-12-29
"2921",0.0029296875,1987-12-30
"2922",0,1987-12-31
"2923",0,1988-01-01
"2924",0,1988-01-02
"2925",0,1988-01-03
"2926",0,1988-01-04
"2927",0,1988-01-05
"2928",0,1988-01-06
"2929",0.009765625,1988-01-07
"2930",0,1988-01-08
"2931",0,1988-01-09
"2932",0,1988-01-10
"2933",0,1988-01-11
"2934",0.044921875,1988-01-12
"2935",2.08203125,1988-01-13
"2936",11.10546875,1988-01-14
"2937",0.517578125,1988-01-15
"2938",0,1988-01-16
"2939",0.2177734375,1988-01-17
"2940",0,1988-01-18
"2941",0.0078125,1988-01-19
"2942",0,1988-01-20
"2943",0,1988-01-21
"2944",0,1988-01-22
"2945",12.533203125,1988-01-23
"2946",2.69921875,1988-01-24
"2947",0.4033203125,1988-01-25
"2948",0,1988-01-26
"2949",0,1988-01-27
"2950",0,1988-01-28
"2951",0,1988-01-29
"2952",0,1988-01-30
"2953",0,1988-01-31
"2954",0,1988-02-01
"2955",0,1988-02-02
"2956",0,1988-02-03
"2957",0,1988-02-04
"2958",1.4228515625,1988-02-05
"2959",8.259765625,1988-02-06
"2960",1.5126953125,1988-02-07
"2961",0.140625,1988-02-08
"2962",0,1988-02-09
"2963",0,1988-02-10
"2964",0.6201171875,1988-02-11
"2965",1.1240234375,1988-02-12
"2966",0,1988-02-13
"2967",0,1988-02-14
"2968",0,1988-02-15
"2969",0,1988-02-16
"2970",0,1988-02-17
"2971",0,1988-02-18
"2972",0,1988-02-19
"2973",0,1988-02-20
"2974",0,1988-02-21
"2975",0,1988-02-22
"2976",0,1988-02-23
"2977",0.0205078125,1988-02-24
"2978",0,1988-02-25
"2979",0,1988-02-26
"2980",0,1988-02-27
"2981",0,1988-02-28
"2982",0,1988-02-29
"2983",0,1988-03-01
"2984",0,1988-03-02
"2985",0.00390625,1988-03-03
"2986",0.1923828125,1988-03-04
"2987",0,1988-03-05
"2988",0,1988-03-06
"2989",0,1988-03-07
"2990",0.01171875,1988-03-08
"2991",0,1988-03-09
"2992",0,1988-03-10
"2993",2.671875,1988-03-11
"2994",0.5205078125,1988-03-12
"2995",3.576171875,1988-03-13
"2996",0.33203125,1988-03-14
"2997",0,1988-03-15
"2998",0,1988-03-16
"2999",0,1988-03-17
"3000",0,1988-03-18
"3001",0,1988-03-19
"3002",0,1988-03-20
"3003",0,1988-03-21
"3004",0,1988-03-22
"3005",0,1988-03-23
"3006",0,1988-03-24
"3007",0,1988-03-25
"3008",0,1988-03-26
"3009",0,1988-03-27
"3010",2.5849609375,1988-03-28
"3011",0,1988-03-29
"3012",0.6083984375,1988-03-30
"3013",0.494140625,1988-03-31
"3014",0,1988-04-01
"3015",0,1988-04-02
"3016",0,1988-04-03
"3017",0,1988-04-04
"3018",0,1988-04-05
"3019",0.0029296875,1988-04-06
"3020",0.015625,1988-04-07
"3021",0.1396484375,1988-04-08
"3022",0.619140625,1988-04-09
"3023",0,1988-04-10
"3024",0,1988-04-11
"3025",0,1988-04-12
"3026",0,1988-04-13
"3027",0.1064453125,1988-04-14
"3028",0.2802734375,1988-04-15
"3029",0,1988-04-16
"3030",0,1988-04-17
"3031",0.0283203125,1988-04-18
"3032",0,1988-04-19
"3033",0,1988-04-20
"3034",0.005859375,1988-04-21
"3035",0.8193359375,1988-04-22
"3036",0.64453125,1988-04-23
"3037",0,1988-04-24
"3038",1.0830078125,1988-04-25
"3039",4.0029296875,1988-04-26
"3040",1.0400390625,1988-04-27
"3041",0,1988-04-28
"3042",0.03515625,1988-04-29
"3043",0.1455078125,1988-04-30
"3044",0,1988-05-01
"3045",0.0234375,1988-05-02
"3046",0.02734375,1988-05-03
"3047",0.1572265625,1988-05-04
"3048",8.3544921875,1988-05-05
"3049",0.6416015625,1988-05-06
"3050",1.0986328125,1988-05-07
"3051",0.16796875,1988-05-08
"3052",1.3818359375,1988-05-09
"3053",0.1318359375,1988-05-10
"3054",0.4931640625,1988-05-11
"3055",0.046875,1988-05-12
"3056",0,1988-05-13
"3057",0,1988-05-14
"3058",11.765625,1988-05-15
"3059",0,1988-05-16
"3060",0.3515625,1988-05-17
"3061",2.921875,1988-05-18
"3062",3.1416015625,1988-05-19
"3063",0.63671875,1988-05-20
"3064",0.3125,1988-05-21
"3065",4.603515625,1988-05-22
"3066",16.3203125,1988-05-23
"3067",7.92578125,1988-05-24
"3068",0.7490234375,1988-05-25
"3069",2.859375,1988-05-26
"3070",1.5712890625,1988-05-27
"3071",2.9833984375,1988-05-28
"3072",0.056640625,1988-05-29
"3073",0,1988-05-30
"3074",0,1988-05-31
"3075",0,1988-06-01
"3076",0,1988-06-02
"3077",0,1988-06-03
"3078",3.45703125,1988-06-04
"3079",7.7998046875,1988-06-05
"3080",5.8251953125,1988-06-06
"3081",1.7685546875,1988-06-07
"3082",0.6845703125,1988-06-08
"3083",3.4072265625,1988-06-09
"3084",2.3173828125,1988-06-10
"3085",0.005859375,1988-06-11
"3086",0.3623046875,1988-06-12
"3087",1.3359375,1988-06-13
"3088",15.51171875,1988-06-14
"3089",9.71484375,1988-06-15
"3090",0.11328125,1988-06-16
"3091",0.0087890625,1988-06-17
"3092",2.6337890625,1988-06-18
"3093",0.3662109375,1988-06-19
"3094",1.03515625,1988-06-20
"3095",1.8486328125,1988-06-21
"3096",1.46875,1988-06-22
"3097",0.447265625,1988-06-23
"3098",0.2705078125,1988-06-24
"3099",0.13671875,1988-06-25
"3100",0,1988-06-26
"3101",0.8994140625,1988-06-27
"3102",0.98046875,1988-06-28
"3103",0,1988-06-29
"3104",1.3671875,1988-06-30
"3105",1.37890625,1988-07-01
"3106",0.3525390625,1988-07-02
"3107",0,1988-07-03
"3108",1.1162109375,1988-07-04
"3109",0.7353515625,1988-07-05
"3110",0.548828125,1988-07-06
"3111",3.7705078125,1988-07-07
"3112",2.6494140625,1988-07-08
"3113",13.599609375,1988-07-09
"3114",6.2431640625,1988-07-10
"3115",1.064453125,1988-07-11
"3116",1.48046875,1988-07-12
"3117",0,1988-07-13
"3118",0.013671875,1988-07-14
"3119",1.193359375,1988-07-15
"3120",7.5078125,1988-07-16
"3121",2.90234375,1988-07-17
"3122",0,1988-07-18
"3123",1.1025390625,1988-07-19
"3124",14.9228515625,1988-07-20
"3125",10.24609375,1988-07-21
"3126",3.361328125,1988-07-22
"3127",0,1988-07-23
"3128",0.2763671875,1988-07-24
"3129",5.9267578125,1988-07-25
"3130",2.5009765625,1988-07-26
"3131",0.2392578125,1988-07-27
"3132",0.0263671875,1988-07-28
"3133",1.216796875,1988-07-29
"3134",0.095703125,1988-07-30
"3135",1.2744140625,1988-07-31
"3136",1.51953125,1988-08-01
"3137",0.0859375,1988-08-02
"3138",0.05859375,1988-08-03
"3139",1.455078125,1988-08-04
"3140",4.404296875,1988-08-05
"3141",2.07421875,1988-08-06
"3142",1.15625,1988-08-07
"3143",0.4404296875,1988-08-08
"3144",1.0791015625,1988-08-09
"3145",0.12109375,1988-08-10
"3146",0,1988-08-11
"3147",0,1988-08-12
"3148",0,1988-08-13
"3149",0.966796875,1988-08-14
"3150",5.25390625,1988-08-15
"3151",2.1953125,1988-08-16
"3152",2.390625,1988-08-17
"3153",6.724609375,1988-08-18
"3154",1.6982421875,1988-08-19
"3155",3.4453125,1988-08-20
"3156",2.9541015625,1988-08-21
"3157",1.5791015625,1988-08-22
"3158",4.0556640625,1988-08-23
"3159",0.3505859375,1988-08-24
"3160",0.1376953125,1988-08-25
"3161",0,1988-08-26
"3162",10.66015625,1988-08-27
"3163",0.833984375,1988-08-28
"3164",0.5908203125,1988-08-29
"3165",0,1988-08-30
"3166",2.1376953125,1988-08-31
"3167",1.248046875,1988-09-01
"3168",0.2255859375,1988-09-02
"3169",2.005859375,1988-09-03
"3170",0.369140625,1988-09-04
"3171",0.0205078125,1988-09-05
"3172",0,1988-09-06
"3173",0.0283203125,1988-09-07
"3174",0,1988-09-08
"3175",0.015625,1988-09-09
"3176",8.169921875,1988-09-10
"3177",0.8623046875,1988-09-11
"3178",8.3984375,1988-09-12
"3179",0.443359375,1988-09-13
"3180",0.4052734375,1988-09-14
"3181",0,1988-09-15
"3182",0,1988-09-16
"3183",6.986328125,1988-09-17
"3184",0.4931640625,1988-09-18
"3185",5.0771484375,1988-09-19
"3186",0,1988-09-20
"3187",0.0283203125,1988-09-21
"3188",0,1988-09-22
"3189",0.376953125,1988-09-23
"3190",3.060546875,1988-09-24
"3191",0.244140625,1988-09-25
"3192",0.009765625,1988-09-26
"3193",0.029296875,1988-09-27
"3194",2.5615234375,1988-09-28
"3195",0.3623046875,1988-09-29
"3196",0.984375,1988-09-30
"3197",1.513671875,1988-10-01
"3198",1.0205078125,1988-10-02
"3199",0.005859375,1988-10-03
"3200",0,1988-10-04
"3201",0.38671875,1988-10-05
"3202",0.0224609375,1988-10-06
"3203",0.1259765625,1988-10-07
"3204",0,1988-10-08
"3205",0.234375,1988-10-09
"3206",0.6796875,1988-10-10
"3207",0.013671875,1988-10-11
"3208",0,1988-10-12
"3209",0,1988-10-13
"3210",0,1988-10-14
"3211",0,1988-10-15
"3212",0.0009765625,1988-10-16
"3213",0.0009765625,1988-10-17
"3214",0.009765625,1988-10-18
"3215",0,1988-10-19
"3216",0.4404296875,1988-10-20
"3217",1.623046875,1988-10-21
"3218",4.6083984375,1988-10-22
"3219",1.111328125,1988-10-23
"3220",0.3447265625,1988-10-24
"3221",0,1988-10-25
"3222",0,1988-10-26
"3223",0,1988-10-27
"3224",0,1988-10-28
"3225",0,1988-10-29
"3226",0,1988-10-30
"3227",0,1988-10-31
"3228",0.0927734375,1988-11-01
"3229",0,1988-11-02
"3230",0,1988-11-03
"3231",0,1988-11-04
"3232",0.08984375,1988-11-05
"3233",0,1988-11-06
"3234",0.025390625,1988-11-07
"3235",0.0322265625,1988-11-08
"3236",0.115234375,1988-11-09
"3237",0.63671875,1988-11-10
"3238",0,1988-11-11
"3239",0,1988-11-12
"3240",0.59765625,1988-11-13
"3241",4.416015625,1988-11-14
"3242",0.466796875,1988-11-15
"3243",0.0068359375,1988-11-16
"3244",0,1988-11-17
"3245",0,1988-11-18
"3246",2.5546875,1988-11-19
"3247",2.5234375,1988-11-20
"3248",12.181640625,1988-11-21
"3249",0,1988-11-22
"3250",0,1988-11-23
"3251",0,1988-11-24
"3252",0.0087890625,1988-11-25
"3253",0.1123046875,1988-11-26
"3254",0.005859375,1988-11-27
"3255",0,1988-11-28
"3256",0,1988-11-29
"3257",0,1988-11-30
"3258",0,1988-12-01
"3259",0,1988-12-02
"3260",0.8076171875,1988-12-03
"3261",8.4306640625,1988-12-04
"3262",1.87109375,1988-12-05
"3263",0.1884765625,1988-12-06
"3264",0,1988-12-07
"3265",0,1988-12-08
"3266",0,1988-12-09
"3267",0.6455078125,1988-12-10
"3268",0.193359375,1988-12-11
"3269",1.0947265625,1988-12-12
"3270",0,1988-12-13
"3271",0,1988-12-14
"3272",0,1988-12-15
"3273",0,1988-12-16
"3274",0,1988-12-17
"3275",0,1988-12-18
"3276",0,1988-12-19
"3277",5.8447265625,1988-12-20
"3278",4.03125,1988-12-21
"3279",0,1988-12-22
"3280",0,1988-12-23
"3281",0,1988-12-24
"3282",2.4189453125,1988-12-25
"3283",0,1988-12-26
"3284",0,1988-12-27
"3285",0.0888671875,1988-12-28
"3286",0,1988-12-29
"3287",0,1988-12-30
"3288",0.001953125,1988-12-31
"3289",0,1989-01-01
"3290",0,1989-01-02
"3291",1.2802734375,1989-01-03
"3292",0,1989-01-04
"3293",0,1989-01-05
"3294",0,1989-01-06
"3295",0,1989-01-07
"3296",0.6181640625,1989-01-08
"3297",0.1748046875,1989-01-09
"3298",0.3369140625,1989-01-10
"3299",0.1591796875,1989-01-11
"3300",0,1989-01-12
"3301",0,1989-01-13
"3302",0,1989-01-14
"3303",0,1989-01-15
"3304",0.05859375,1989-01-16
"3305",0,1989-01-17
"3306",0.064453125,1989-01-18
"3307",0,1989-01-19
"3308",0,1989-01-20
"3309",0,1989-01-21
"3310",0,1989-01-22
"3311",0,1989-01-23
"3312",0,1989-01-24
"3313",0,1989-01-25
"3314",0,1989-01-26
"3315",0,1989-01-27
"3316",0,1989-01-28
"3317",0,1989-01-29
"3318",0,1989-01-30
"3319",0,1989-01-31
"3320",0,1989-02-01
"3321",0,1989-02-02
"3322",0,1989-02-03
"3323",0,1989-02-04
"3324",0,1989-02-05
"3325",0,1989-02-06
"3326",0,1989-02-07
"3327",0,1989-02-08
"3328",0.1162109375,1989-02-09
"3329",0.41796875,1989-02-10
"3330",0,1989-02-11
"3331",0.005859375,1989-02-12
"3332",0,1989-02-13
"3333",0.00390625,1989-02-14
"3334",0,1989-02-15
"3335",0,1989-02-16
"3336",0.0205078125,1989-02-17
"3337",0,1989-02-18
"3338",0,1989-02-19
"3339",0,1989-02-20
"3340",0,1989-02-21
"3341",0,1989-02-22
"3342",0,1989-02-23
"3343",0,1989-02-24
"3344",0,1989-02-25
"3345",0,1989-02-26
"3346",0,1989-02-27
"3347",0,1989-02-28
"3348",0,1989-03-01
"3349",0,1989-03-02
"3350",0,1989-03-03
"3351",0,1989-03-04
"3352",0,1989-03-05
"3353",0.013671875,1989-03-06
"3354",0,1989-03-07
"3355",0.0087890625,1989-03-08
"3356",0,1989-03-09
"3357",0.744140625,1989-03-10
"3358",0,1989-03-11
"3359",0,1989-03-12
"3360",0,1989-03-13
"3361",0,1989-03-14
"3362",0.021484375,1989-03-15
"3363",0.4794921875,1989-03-16
"3364",0,1989-03-17
"3365",0,1989-03-18
"3366",0,1989-03-19
"3367",0.001953125,1989-03-20
"3368",0,1989-03-21
"3369",0.02734375,1989-03-22
"3370",0,1989-03-23
"3371",0.1162109375,1989-03-24
"3372",0,1989-03-25
"3373",0,1989-03-26
"3374",0,1989-03-27
"3375",1.6513671875,1989-03-28
"3376",0.6376953125,1989-03-29
"3377",2.9501953125,1989-03-30
"3378",1.4013671875,1989-03-31
"3379",0,1989-04-01
"3380",0,1989-04-02
"3381",0,1989-04-03
"3382",0.037109375,1989-04-04
"3383",0.4912109375,1989-04-05
"3384",0.0888671875,1989-04-06
"3385",0,1989-04-07
"3386",0,1989-04-08
"3387",0,1989-04-09
"3388",0,1989-04-10
"3389",0,1989-04-11
"3390",5.5732421875,1989-04-12
"3391",0.77734375,1989-04-13
"3392",0,1989-04-14
"3393",0,1989-04-15
"3394",1.2978515625,1989-04-16
"3395",0,1989-04-17
"3396",0.81640625,1989-04-18
"3397",0,1989-04-19
"3398",0,1989-04-20
"3399",0,1989-04-21
"3400",0,1989-04-22
"3401",0,1989-04-23
"3402",0,1989-04-24
"3403",0,1989-04-25
"3404",2.783203125,1989-04-26
"3405",2.8740234375,1989-04-27
"3406",0.5087890625,1989-04-28
"3407",0,1989-04-29
"3408",4.658203125,1989-04-30
"3409",0.666015625,1989-05-01
"3410",0,1989-05-02
"3411",4.935546875,1989-05-03
"3412",2.8935546875,1989-05-04
"3413",1.7060546875,1989-05-05
"3414",1.1103515625,1989-05-06
"3415",0.73046875,1989-05-07
"3416",1.53515625,1989-05-08
"3417",21.7548828125,1989-05-09
"3418",0.3193359375,1989-05-10
"3419",1.0068359375,1989-05-11
"3420",0.5244140625,1989-05-12
"3421",2.220703125,1989-05-13
"3422",0.63671875,1989-05-14
"3423",0.3271484375,1989-05-15
"3424",0.10546875,1989-05-16
"3425",0.056640625,1989-05-17
"3426",0,1989-05-18
"3427",0.0107421875,1989-05-19
"3428",0,1989-05-20
"3429",0,1989-05-21
"3430",6.8974609375,1989-05-22
"3431",1.2265625,1989-05-23
"3432",0.376953125,1989-05-24
"3433",5.025390625,1989-05-25
"3434",0.7333984375,1989-05-26
"3435",0,1989-05-27
"3436",0.16796875,1989-05-28
"3437",14.255859375,1989-05-29
"3438",5.0400390625,1989-05-30
"3439",0.0771484375,1989-05-31
"3440",0,1989-06-01
"3441",0.7802734375,1989-06-02
"3442",0,1989-06-03
"3443",3.9794921875,1989-06-04
"3444",7.8984375,1989-06-05
"3445",1.6826171875,1989-06-06
"3446",0.2763671875,1989-06-07
"3447",2.5986328125,1989-06-08
"3448",10.736328125,1989-06-09
"3449",2.49609375,1989-06-10
"3450",0,1989-06-11
"3451",0.001953125,1989-06-12
"3452",0,1989-06-13
"3453",20.3359375,1989-06-14
"3454",13.2734375,1989-06-15
"3455",16.7490234375,1989-06-16
"3456",0.3818359375,1989-06-17
"3457",1.6015625,1989-06-18
"3458",0.1572265625,1989-06-19
"3459",1.302734375,1989-06-20
"3460",0.853515625,1989-06-21
"3461",0.0927734375,1989-06-22
"3462",4.1533203125,1989-06-23
"3463",0,1989-06-24
"3464",2.458984375,1989-06-25
"3465",0,1989-06-26
"3466",0.02734375,1989-06-27
"3467",0,1989-06-28
"3468",0,1989-06-29
"3469",0.2490234375,1989-06-30
"3470",0.56640625,1989-07-01
"3471",3.9951171875,1989-07-02
"3472",4.91796875,1989-07-03
"3473",10.796875,1989-07-04
"3474",2.46875,1989-07-05
"3475",9.748046875,1989-07-06
"3476",2.93359375,1989-07-07
"3477",1.01953125,1989-07-08
"3478",20.060546875,1989-07-09
"3479",2.4541015625,1989-07-10
"3480",0,1989-07-11
"3481",0.353515625,1989-07-12
"3482",0.8369140625,1989-07-13
"3483",0.595703125,1989-07-14
"3484",0,1989-07-15
"3485",0,1989-07-16
"3486",0.7197265625,1989-07-17
"3487",0.80078125,1989-07-18
"3488",1.5634765625,1989-07-19
"3489",1.3994140625,1989-07-20
"3490",0.0947265625,1989-07-21
"3491",2.9287109375,1989-07-22
"3492",9.83984375,1989-07-23
"3493",0,1989-07-24
"3494",0.0654296875,1989-07-25
"3495",0.0498046875,1989-07-26
"3496",0,1989-07-27
"3497",1.6396484375,1989-07-28
"3498",9.8544921875,1989-07-29
"3499",0.2529296875,1989-07-30
"3500",20.69921875,1989-07-31
"3501",0.654296875,1989-08-01
"3502",3.0625,1989-08-02
"3503",0,1989-08-03
"3504",1.46484375,1989-08-04
"3505",12.8017578125,1989-08-05
"3506",1.3154296875,1989-08-06
"3507",11.478515625,1989-08-07
"3508",4.451171875,1989-08-08
"3509",2.55859375,1989-08-09
"3510",3.33203125,1989-08-10
"3511",0.294921875,1989-08-11
"3512",0,1989-08-12
"3513",0.0283203125,1989-08-13
"3514",0.0537109375,1989-08-14
"3515",0.8740234375,1989-08-15
"3516",1.7021484375,1989-08-16
"3517",0.6103515625,1989-08-17
"3518",0.0546875,1989-08-18
"3519",1.556640625,1989-08-19
"3520",3.1181640625,1989-08-20
"3521",1.787109375,1989-08-21
"3522",3.990234375,1989-08-22
"3523",0.2177734375,1989-08-23
"3524",0,1989-08-24
"3525",3.10546875,1989-08-25
"3526",3.380859375,1989-08-26
"3527",1.3486328125,1989-08-27
"3528",7.12890625,1989-08-28
"3529",3.1201171875,1989-08-29
"3530",0.830078125,1989-08-30
"3531",2.875,1989-08-31
"3532",0.2763671875,1989-09-01
"3533",0.037109375,1989-09-02
"3534",0,1989-09-03
"3535",0.16796875,1989-09-04
"3536",0.2734375,1989-09-05
"3537",0.0546875,1989-09-06
"3538",0.0546875,1989-09-07
"3539",0,1989-09-08
"3540",0.3447265625,1989-09-09
"3541",3.6455078125,1989-09-10
"3542",12.3193359375,1989-09-11
"3543",4.6611328125,1989-09-12
"3544",2.1455078125,1989-09-13
"3545",0,1989-09-14
"3546",0.001953125,1989-09-15
"3547",0,1989-09-16
"3548",9.009765625,1989-09-17
"3549",0.994140625,1989-09-18
"3550",7.095703125,1989-09-19
"3551",0.994140625,1989-09-20
"3552",0,1989-09-21
"3553",2.9423828125,1989-09-22
"3554",0.283203125,1989-09-23
"3555",0.0234375,1989-09-24
"3556",5.1240234375,1989-09-25
"3557",0.7890625,1989-09-26
"3558",0.005859375,1989-09-27
"3559",0,1989-09-28
"3560",0,1989-09-29
"3561",3.701171875,1989-09-30
"3562",0.2021484375,1989-10-01
"3563",0.62109375,1989-10-02
"3564",0.1806640625,1989-10-03
"3565",2.0361328125,1989-10-04
"3566",0.4130859375,1989-10-05
"3567",1.5244140625,1989-10-06
"3568",0.23828125,1989-10-07
"3569",3.4677734375,1989-10-08
"3570",1.701171875,1989-10-09
"3571",3.3759765625,1989-10-10
"3572",3.6240234375,1989-10-11
"3573",1.41796875,1989-10-12
"3574",0.8359375,1989-10-13
"3575",0.0888671875,1989-10-14
"3576",0,1989-10-15
"3577",0,1989-10-16
"3578",0,1989-10-17
"3579",0.08984375,1989-10-18
"3580",0.1142578125,1989-10-19
"3581",0.12890625,1989-10-20
"3582",0,1989-10-21
"3583",0,1989-10-22
"3584",0,1989-10-23
"3585",0.443359375,1989-10-24
"3586",0,1989-10-25
"3587",2.181640625,1989-10-26
"3588",1.4716796875,1989-10-27
"3589",0.0478515625,1989-10-28
"3590",0,1989-10-29
"3591",1.291015625,1989-10-30
"3592",1.3779296875,1989-10-31
"3593",0.013671875,1989-11-01
"3594",0.0126953125,1989-11-02
"3595",0.0673828125,1989-11-03
"3596",0,1989-11-04
"3597",4.59765625,1989-11-05
"3598",2.27734375,1989-11-06
"3599",0.8154296875,1989-11-07
"3600",0.4072265625,1989-11-08
"3601",0,1989-11-09
"3602",0.021484375,1989-11-10
"3603",0.0126953125,1989-11-11
"3604",0,1989-11-12
"3605",0,1989-11-13
"3606",0,1989-11-14
"3607",0.6591796875,1989-11-15
"3608",0.623046875,1989-11-16
"3609",0,1989-11-17
"3610",0,1989-11-18
"3611",0.0556640625,1989-11-19
"3612",0,1989-11-20
"3613",0.02734375,1989-11-21
"3614",0,1989-11-22
"3615",0,1989-11-23
"3616",0,1989-11-24
"3617",0,1989-11-25
"3618",0,1989-11-26
"3619",0,1989-11-27
"3620",0,1989-11-28
"3621",0,1989-11-29
"3622",0,1989-11-30
"3623",0,1989-12-01
"3624",0.126953125,1989-12-02
"3625",0,1989-12-03
"3626",0,1989-12-04
"3627",0,1989-12-05
"3628",0,1989-12-06
"3629",0,1989-12-07
"3630",0,1989-12-08
"3631",0,1989-12-09
"3632",0,1989-12-10
"3633",0,1989-12-11
"3634",0,1989-12-12
"3635",0,1989-12-13
"3636",0,1989-12-14
"3637",0,1989-12-15
"3638",0,1989-12-16
"3639",0,1989-12-17
"3640",0,1989-12-18
"3641",0,1989-12-19
"3642",0,1989-12-20
"3643",0,1989-12-21
"3644",0,1989-12-22
"3645",0.0224609375,1989-12-23
"3646",0,1989-12-24
"3647",0,1989-12-25
"3648",0,1989-12-26
"3649",0,1989-12-27
"3650",0,1989-12-28
"3651",0,1989-12-29
"3652",0,1989-12-30
"3653",0,1989-12-31
"3654",0,1990-01-01
"3655",0,1990-01-02
"3656",0.962890625,1990-01-03
"3657",0,1990-01-04
"3658",0.015625,1990-01-05
"3659",0,1990-01-06
"3660",0,1990-01-07
"3661",0,1990-01-08
"3662",0,1990-01-09
"3663",2.6064453125,1990-01-10
"3664",0,1990-01-11
"3665",0,1990-01-12
"3666",0,1990-01-13
"3667",0,1990-01-14
"3668",0,1990-01-15
"3669",0,1990-01-16
"3670",0,1990-01-17
"3671",1.4873046875,1990-01-18
"3672",0,1990-01-19
"3673",0,1990-01-20
"3674",0,1990-01-21
"3675",0,1990-01-22
"3676",0,1990-01-23
"3677",0,1990-01-24
"3678",0,1990-01-25
"3679",0,1990-01-26
"3680",0,1990-01-27
"3681",0.0283203125,1990-01-28
"3682",0,1990-01-29
"3683",0.041015625,1990-01-30
"3684",1.607421875,1990-01-31
"3685",0.4404296875,1990-02-01
"3686",0.193359375,1990-02-02
"3687",0,1990-02-03
"3688",0.8583984375,1990-02-04
"3689",0.107421875,1990-02-05
"3690",0.1875,1990-02-06
"3691",1.0205078125,1990-02-07
"3692",3.3857421875,1990-02-08
"3693",4.71875,1990-02-09
"3694",1.39453125,1990-02-10
"3695",0.076171875,1990-02-11
"3696",0,1990-02-12
"3697",0.0205078125,1990-02-13
"3698",0,1990-02-14
"3699",0,1990-02-15
"3700",0.6875,1990-02-16
"3701",0.44140625,1990-02-17
"3702",0,1990-02-18
"3703",0.6005859375,1990-02-19
"3704",0,1990-02-20
"3705",0,1990-02-21
"3706",0.0185546875,1990-02-22
"3707",0,1990-02-23
"3708",0,1990-02-24
"3709",0,1990-02-25
"3710",3.654296875,1990-02-26
"3711",3.1298828125,1990-02-27
"3712",0.4794921875,1990-02-28
"3713",0,1990-03-01
"3714",0.001953125,1990-03-02
"3715",0,1990-03-03
"3716",0,1990-03-04
"3717",0,1990-03-05
"3718",0,1990-03-06
"3719",0,1990-03-07
"3720",0,1990-03-08
"3721",0,1990-03-09
"3722",0,1990-03-10
"3723",0.078125,1990-03-11
"3724",0.1455078125,1990-03-12
"3725",0.01953125,1990-03-13
"3726",0,1990-03-14
"3727",0.0498046875,1990-03-15
"3728",0,1990-03-16
"3729",0,1990-03-17
"3730",0,1990-03-18
"3731",0,1990-03-19
"3732",0,1990-03-20
"3733",0,1990-03-21
"3734",0,1990-03-22
"3735",0,1990-03-23
"3736",0,1990-03-24
"3737",0,1990-03-25
"3738",0,1990-03-26
"3739",2.2138671875,1990-03-27
"3740",0.2666015625,1990-03-28
"3741",0,1990-03-29
"3742",0,1990-03-30
"3743",0,1990-03-31
"3744",0,1990-04-01
"3745",0,1990-04-02
"3746",0,1990-04-03
"3747",0,1990-04-04
"3748",0,1990-04-05
"3749",0,1990-04-06
"3750",0,1990-04-07
"3751",0,1990-04-08
"3752",0,1990-04-09
"3753",0,1990-04-10
"3754",0,1990-04-11
"3755",0.060546875,1990-04-12
"3756",3.3544921875,1990-04-13
"3757",2.0888671875,1990-04-14
"3758",0,1990-04-15
"3759",0.0234375,1990-04-16
"3760",1.2255859375,1990-04-17
"3761",0.3818359375,1990-04-18
"3762",0,1990-04-19
"3763",0,1990-04-20
"3764",0.4638671875,1990-04-21
"3765",0.1044921875,1990-04-22
"3766",0.0458984375,1990-04-23
"3767",0.3232421875,1990-04-24
"3768",2.744140625,1990-04-25
"3769",0.3974609375,1990-04-26
"3770",0,1990-04-27
"3771",0.0087890625,1990-04-28
"3772",2.40234375,1990-04-29
"3773",0.1640625,1990-04-30
"3774",0.0283203125,1990-05-01
"3775",0.060546875,1990-05-02
"3776",0.173828125,1990-05-03
"3777",0,1990-05-04
"3778",0,1990-05-05
"3779",0,1990-05-06
"3780",0.080078125,1990-05-07
"3781",0,1990-05-08
"3782",0,1990-05-09
"3783",0.0546875,1990-05-10
"3784",0,1990-05-11
"3785",0.0283203125,1990-05-12
"3786",0,1990-05-13
"3787",0.0908203125,1990-05-14
"3788",0,1990-05-15
"3789",1.57421875,1990-05-16
"3790",6.8017578125,1990-05-17
"3791",0.255859375,1990-05-18
"3792",2.056640625,1990-05-19
"3793",2.62890625,1990-05-20
"3794",0.2890625,1990-05-21
"3795",0,1990-05-22
"3796",0.431640625,1990-05-23
"3797",1.123046875,1990-05-24
"3798",0.75390625,1990-05-25
"3799",0.7626953125,1990-05-26
"3800",0.0146484375,1990-05-27
"3801",0.291015625,1990-05-28
"3802",0.1181640625,1990-05-29
"3803",0.001953125,1990-05-30
"3804",0.705078125,1990-05-31
"3805",2.6767578125,1990-06-01
"3806",6.486328125,1990-06-02
"3807",4.33203125,1990-06-03
"3808",0.2939453125,1990-06-04
"3809",1.37890625,1990-06-05
"3810",0.03125,1990-06-06
"3811",0,1990-06-07
"3812",0,1990-06-08
"3813",0.2470703125,1990-06-09
"3814",0.0126953125,1990-06-10
"3815",0,1990-06-11
"3816",0.1748046875,1990-06-12
"3817",0.1611328125,1990-06-13
"3818",0.046875,1990-06-14
"3819",0.0693359375,1990-06-15
"3820",17.26953125,1990-06-16
"3821",2.7392578125,1990-06-17
"3822",0.7998046875,1990-06-18
"3823",1.2509765625,1990-06-19
"3824",0.1533203125,1990-06-20
"3825",0.1064453125,1990-06-21
"3826",0,1990-06-22
"3827",0,1990-06-23
"3828",9.44140625,1990-06-24
"3829",2.0859375,1990-06-25
"3830",8.2470703125,1990-06-26
"3831",16.7275390625,1990-06-27
"3832",7.505859375,1990-06-28
"3833",5.037109375,1990-06-29
"3834",6.3779296875,1990-06-30
"3835",19.314453125,1990-07-01
"3836",8.6123046875,1990-07-02
"3837",4.0595703125,1990-07-03
"3838",2.2998046875,1990-07-04
"3839",9.0166015625,1990-07-05
"3840",4.8583984375,1990-07-06
"3841",1.0068359375,1990-07-07
"3842",0,1990-07-08
"3843",0,1990-07-09
"3844",1.134765625,1990-07-10
"3845",0.75,1990-07-11
"3846",13.15625,1990-07-12
"3847",0.2431640625,1990-07-13
"3848",1.046875,1990-07-14
"3849",0.2451171875,1990-07-15
"3850",0.189453125,1990-07-16
"3851",2.25,1990-07-17
"3852",3.0107421875,1990-07-18
"3853",5.0341796875,1990-07-19
"3854",3.0595703125,1990-07-20
"3855",9.318359375,1990-07-21
"3856",0.5234375,1990-07-22
"3857",0.296875,1990-07-23
"3858",0.693359375,1990-07-24
"3859",11.970703125,1990-07-25
"3860",9.4853515625,1990-07-26
"3861",1.1494140625,1990-07-27
"3862",1.197265625,1990-07-28
"3863",1.1337890625,1990-07-29
"3864",2.9873046875,1990-07-30
"3865",0.2041015625,1990-07-31
"3866",0.2861328125,1990-08-01
"3867",0.634765625,1990-08-02
"3868",0,1990-08-03
"3869",5.87890625,1990-08-04
"3870",10.8896484375,1990-08-05
"3871",2.4072265625,1990-08-06
"3872",2.73828125,1990-08-07
"3873",0.912109375,1990-08-08
"3874",6.4541015625,1990-08-09
"3875",2.7294921875,1990-08-10
"3876",1.9736328125,1990-08-11
"3877",3.931640625,1990-08-12
"3878",2.1787109375,1990-08-13
"3879",7.50390625,1990-08-14
"3880",11.947265625,1990-08-15
"3881",2.923828125,1990-08-16
"3882",1.4736328125,1990-08-17
"3883",0,1990-08-18
"3884",0.00390625,1990-08-19
"3885",1.40625,1990-08-20
"3886",3.6005859375,1990-08-21
"3887",3.0146484375,1990-08-22
"3888",0.92578125,1990-08-23
"3889",1.6064453125,1990-08-24
"3890",0.4697265625,1990-08-25
"3891",0.0185546875,1990-08-26
"3892",0,1990-08-27
"3893",0.6328125,1990-08-28
"3894",4.8251953125,1990-08-29
"3895",1.3125,1990-08-30
"3896",2.5009765625,1990-08-31
"3897",0.0498046875,1990-09-01
"3898",3.6943359375,1990-09-02
"3899",0.234375,1990-09-03
"3900",0,1990-09-04
"3901",0.6279296875,1990-09-05
"3902",0.3740234375,1990-09-06
"3903",0.73046875,1990-09-07
"3904",0.0458984375,1990-09-08
"3905",0.0009765625,1990-09-09
"3906",0.0654296875,1990-09-10
"3907",2.87109375,1990-09-11
"3908",23.30859375,1990-09-12
"3909",0.4853515625,1990-09-13
"3910",0.185546875,1990-09-14
"3911",0.4853515625,1990-09-15
"3912",0,1990-09-16
"3913",0.4345703125,1990-09-17
"3914",0,1990-09-18
"3915",0,1990-09-19
"3916",0.15234375,1990-09-20
"3917",3.0751953125,1990-09-21
"3918",0,1990-09-22
"3919",0,1990-09-23
"3920",0.6689453125,1990-09-24
"3921",9.3408203125,1990-09-25
"3922",0.7890625,1990-09-26
"3923",0,1990-09-27
"3924",0.001953125,1990-09-28
"3925",0,1990-09-29
"3926",0,1990-09-30
"3927",0.125,1990-10-01
"3928",0,1990-10-02
"3929",0.02734375,1990-10-03
"3930",0,1990-10-04
"3931",4.2978515625,1990-10-05
"3932",0,1990-10-06
"3933",0.0029296875,1990-10-07
"3934",0,1990-10-08
"3935",0.7490234375,1990-10-09
"3936",0,1990-10-10
"3937",0.4892578125,1990-10-11
"3938",0.2578125,1990-10-12
"3939",0.0615234375,1990-10-13
"3940",0.251953125,1990-10-14
"3941",2.4443359375,1990-10-15
"3942",3.501953125,1990-10-16
"3943",0.013671875,1990-10-17
"3944",0.0029296875,1990-10-18
"3945",8.533203125,1990-10-19
"3946",5.7646484375,1990-10-20
"3947",6.908203125,1990-10-21
"3948",1.390625,1990-10-22
"3949",0,1990-10-23
"3950",0,1990-10-24
"3951",0.02734375,1990-10-25
"3952",0.0625,1990-10-26
"3953",0,1990-10-27
"3954",0,1990-10-28
"3955",0,1990-10-29
"3956",0.0458984375,1990-10-30
"3957",0.8623046875,1990-10-31
"3958",0.8974609375,1990-11-01
"3959",0,1990-11-02
"3960",0,1990-11-03
"3961",0,1990-11-04
"3962",0,1990-11-05
"3963",0,1990-11-06
"3964",0.029296875,1990-11-07
"3965",0,1990-11-08
"3966",0.0224609375,1990-11-09
"3967",0.369140625,1990-11-10
"3968",0,1990-11-11
"3969",0,1990-11-12
"3970",0,1990-11-13
"3971",0,1990-11-14
"3972",0,1990-11-15
"3973",0.4462890625,1990-11-16
"3974",0.4326171875,1990-11-17
"3975",0.1474609375,1990-11-18
"3976",0.0244140625,1990-11-19
"3977",0,1990-11-20
"3978",0,1990-11-21
"3979",0.578125,1990-11-22
"3980",0,1990-11-23
"3981",0,1990-11-24
"3982",0,1990-11-25
"3983",0,1990-11-26
"3984",0,1990-11-27
"3985",0,1990-11-28
"3986",0,1990-11-29
"3987",0,1990-11-30
"3988",0.1298828125,1990-12-01
"3989",0,1990-12-02
"3990",0,1990-12-03
"3991",0,1990-12-04
"3992",2.439453125,1990-12-05
"3993",28.154296875,1990-12-06
"3994",11.4111328125,1990-12-07
"3995",1.0947265625,1990-12-08
"3996",2.169921875,1990-12-09
"3997",9.947265625,1990-12-10
"3998",0.486328125,1990-12-11
"3999",0,1990-12-12
"4000",0.005859375,1990-12-13
"4001",0.0126953125,1990-12-14
"4002",0,1990-12-15
"4003",0.01953125,1990-12-16
"4004",0.0205078125,1990-12-17
"4005",0,1990-12-18
"4006",0.0654296875,1990-12-19
"4007",0,1990-12-20
"4008",0,1990-12-21
"4009",6.2705078125,1990-12-22
"4010",0.0693359375,1990-12-23
"4011",0.0830078125,1990-12-24
"4012",0,1990-12-25
"4013",0,1990-12-26
"4014",0,1990-12-27
"4015",0,1990-12-28
"4016",0.578125,1990-12-29
"4017",0,1990-12-30
"4018",0.01953125,1990-12-31
"4019",0.056640625,1991-01-01
"4020",0,1991-01-02
"4021",0,1991-01-03
"4022",0.306640625,1991-01-04
"4023",2.974609375,1991-01-05
"4024",0.77734375,1991-01-06
"4025",0.3759765625,1991-01-07
"4026",0,1991-01-08
"4027",0,1991-01-09
"4028",0,1991-01-10
"4029",0,1991-01-11
"4030",0,1991-01-12
"4031",0,1991-01-13
"4032",0,1991-01-14
"4033",0,1991-01-15
"4034",0,1991-01-16
"4035",0,1991-01-17
"4036",0,1991-01-18
"4037",0,1991-01-19
"4038",0,1991-01-20
"4039",0,1991-01-21
"4040",2.7705078125,1991-01-22
"4041",0,1991-01-23
"4042",0.18359375,1991-01-24
"4043",0.5029296875,1991-01-25
"4044",1.9853515625,1991-01-26
"4045",0,1991-01-27
"4046",1,1991-01-28
"4047",0.0654296875,1991-01-29
"4048",0,1991-01-30
"4049",0,1991-01-31
"4050",0,1991-02-01
"4051",0,1991-02-02
"4052",0,1991-02-03
"4053",0.0205078125,1991-02-04
"4054",0,1991-02-05
"4055",0,1991-02-06
"4056",0,1991-02-07
"4057",0,1991-02-08
"4058",0,1991-02-09
"4059",0,1991-02-10
"4060",0,1991-02-11
"4061",0,1991-02-12
"4062",0,1991-02-13
"4063",0,1991-02-14
"4064",0,1991-02-15
"4065",0.0009765625,1991-02-16
"4066",0,1991-02-17
"4067",0,1991-02-18
"4068",0,1991-02-19
"4069",0,1991-02-20
"4070",0,1991-02-21
"4071",0,1991-02-22
"4072",0,1991-02-23
"4073",0,1991-02-24
"4074",0,1991-02-25
"4075",0,1991-02-26
"4076",0,1991-02-27
"4077",0,1991-02-28
"4078",0,1991-03-01
"4079",0,1991-03-02
"4080",0,1991-03-03
"4081",0,1991-03-04
"4082",0,1991-03-05
"4083",0,1991-03-06
"4084",0,1991-03-07
"4085",0,1991-03-08
"4086",0.013671875,1991-03-09
"4087",0,1991-03-10
"4088",0.2763671875,1991-03-11
"4089",0,1991-03-12
"4090",0,1991-03-13
"4091",0,1991-03-14
"4092",0,1991-03-15
"4093",0,1991-03-16
"4094",0,1991-03-17
"4095",0,1991-03-18
"4096",0.2392578125,1991-03-19
"4097",0.408203125,1991-03-20
"4098",0.02734375,1991-03-21
"4099",0.1005859375,1991-03-22
"4100",0,1991-03-23
"4101",0,1991-03-24
"4102",0.6181640625,1991-03-25
"4103",3.0771484375,1991-03-26
"4104",0,1991-03-27
"4105",0,1991-03-28
"4106",0.7255859375,1991-03-29
"4107",1.2763671875,1991-03-30
"4108",0.875,1991-03-31
"4109",4.98828125,1991-04-01
"4110",0.267578125,1991-04-02
"4111",0,1991-04-03
"4112",0,1991-04-04
"4113",0.025390625,1991-04-05
"4114",0.0283203125,1991-04-06
"4115",0,1991-04-07
"4116",0.1181640625,1991-04-08
"4117",0,1991-04-09
"4118",0,1991-04-10
"4119",0,1991-04-11
"4120",0.0009765625,1991-04-12
"4121",0.84375,1991-04-13
"4122",5.3388671875,1991-04-14
"4123",0.9794921875,1991-04-15
"4124",0.5615234375,1991-04-16
"4125",0.0126953125,1991-04-17
"4126",0.111328125,1991-04-18
"4127",0.5693359375,1991-04-19
"4128",0,1991-04-20
"4129",0,1991-04-21
"4130",0.0595703125,1991-04-22
"4131",1.53515625,1991-04-23
"4132",4.8974609375,1991-04-24
"4133",5.052734375,1991-04-25
"4134",0.0849609375,1991-04-26
"4135",0,1991-04-27
"4136",0,1991-04-28
"4137",0.0576171875,1991-04-29
"4138",0.1640625,1991-04-30
"4139",0.9765625,1991-05-01
"4140",2.1337890625,1991-05-02
"4141",0.0849609375,1991-05-03
"4142",0,1991-05-04
"4143",0.0087890625,1991-05-05
"4144",16.3876953125,1991-05-06
"4145",0.8544921875,1991-05-07
"4146",0.4345703125,1991-05-08
"4147",0,1991-05-09
"4148",0,1991-05-10
"4149",0,1991-05-11
"4150",1.2763671875,1991-05-12
"4151",0.048828125,1991-05-13
"4152",0.0908203125,1991-05-14
"4153",0.08203125,1991-05-15
"4154",0,1991-05-16
"4155",0,1991-05-17
"4156",0,1991-05-18
"4157",0,1991-05-19
"4158",0.029296875,1991-05-20
"4159",0.0595703125,1991-05-21
"4160",0.03125,1991-05-22
"4161",0.4365234375,1991-05-23
"4162",0.2421875,1991-05-24
"4163",1.396484375,1991-05-25
"4164",2.2216796875,1991-05-26
"4165",0,1991-05-27
"4166",0.0576171875,1991-05-28
"4167",0.1103515625,1991-05-29
"4168",0,1991-05-30
"4169",0,1991-05-31
"4170",6.080078125,1991-06-01
"4171",11.0673828125,1991-06-02
"4172",3.7021484375,1991-06-03
"4173",1.396484375,1991-06-04
"4174",1.2529296875,1991-06-05
"4175",14.697265625,1991-06-06
"4176",0.5361328125,1991-06-07
"4177",3.9248046875,1991-06-08
"4178",21.30078125,1991-06-09
"4179",7.62890625,1991-06-10
"4180",1.4228515625,1991-06-11
"4181",0.1181640625,1991-06-12
"4182",0.1025390625,1991-06-13
"4183",0.7978515625,1991-06-14
"4184",3.05078125,1991-06-15
"4185",0.884765625,1991-06-16
"4186",1.2158203125,1991-06-17
"4187",0,1991-06-18
"4188",0.076171875,1991-06-19
"4189",1.5166015625,1991-06-20
"4190",6.21484375,1991-06-21
"4191",0.4951171875,1991-06-22
"4192",0.22265625,1991-06-23
"4193",0.39453125,1991-06-24
"4194",0.7958984375,1991-06-25
"4195",0.5986328125,1991-06-26
"4196",1.001953125,1991-06-27
"4197",7.298828125,1991-06-28
"4198",9.78515625,1991-06-29
"4199",0.9189453125,1991-06-30
"4200",1.9365234375,1991-07-01
"4201",1.00390625,1991-07-02
"4202",0,1991-07-03
"4203",6.470703125,1991-07-04
"4204",6.0263671875,1991-07-05
"4205",0.0341796875,1991-07-06
"4206",2.919921875,1991-07-07
"4207",4.0732421875,1991-07-08
"4208",4.962890625,1991-07-09
"4209",0.8251953125,1991-07-10
"4210",0.2001953125,1991-07-11
"4211",1.6748046875,1991-07-12
"4212",0.6806640625,1991-07-13
"4213",0.4990234375,1991-07-14
"4214",1.2744140625,1991-07-15
"4215",0,1991-07-16
"4216",0.0927734375,1991-07-17
"4217",0.8994140625,1991-07-18
"4218",0.541015625,1991-07-19
"4219",0.890625,1991-07-20
"4220",1.1025390625,1991-07-21
"4221",4.796875,1991-07-22
"4222",0.435546875,1991-07-23
"4223",0,1991-07-24
"4224",0,1991-07-25
"4225",0.46484375,1991-07-26
"4226",2.93359375,1991-07-27
"4227",6.11328125,1991-07-28
"4228",1.9404296875,1991-07-29
"4229",2.3671875,1991-07-30
"4230",1.783203125,1991-07-31
"4231",2.1416015625,1991-08-01
"4232",0.0498046875,1991-08-02
"4233",1.2802734375,1991-08-03
"4234",0.025390625,1991-08-04
"4235",0.2041015625,1991-08-05
"4236",3.517578125,1991-08-06
"4237",5.791015625,1991-08-07
"4238",3.79296875,1991-08-08
"4239",2.7294921875,1991-08-09
"4240",1.443359375,1991-08-10
"4241",0.5517578125,1991-08-11
"4242",0.2001953125,1991-08-12
"4243",0.7685546875,1991-08-13
"4244",2.4765625,1991-08-14
"4245",0.30078125,1991-08-15
"4246",0.810546875,1991-08-16
"4247",0,1991-08-17
"4248",0,1991-08-18
"4249",0.29296875,1991-08-19
"4250",3.9443359375,1991-08-20
"4251",3.908203125,1991-08-21
"4252",3.8505859375,1991-08-22
"4253",6.546875,1991-08-23
"4254",2.640625,1991-08-24
"4255",2.083984375,1991-08-25
"4256",0.734375,1991-08-26
"4257",3.1484375,1991-08-27
"4258",1.2431640625,1991-08-28
"4259",4.4033203125,1991-08-29
"4260",6.3974609375,1991-08-30
"4261",0,1991-08-31
"4262",0.89453125,1991-09-01
"4263",0.0458984375,1991-09-02
"4264",0,1991-09-03
"4265",0.0146484375,1991-09-04
"4266",0,1991-09-05
"4267",0.0283203125,1991-09-06
"4268",1.1162109375,1991-09-07
"4269",0.8115234375,1991-09-08
"4270",0.0419921875,1991-09-09
"4271",5.1845703125,1991-09-10
"4272",1.4384765625,1991-09-11
"4273",0.0634765625,1991-09-12
"4274",0,1991-09-13
"4275",6.2392578125,1991-09-14
"4276",9.48828125,1991-09-15
"4277",6.6591796875,1991-09-16
"4278",11.43359375,1991-09-17
"4279",12.7900390625,1991-09-18
"4280",6.9697265625,1991-09-19
"4281",1.7373046875,1991-09-20
"4282",2.1611328125,1991-09-21
"4283",0.0009765625,1991-09-22
"4284",0,1991-09-23
"4285",0.328125,1991-09-24
"4286",0.26953125,1991-09-25
"4287",2.2060546875,1991-09-26
"4288",0.1201171875,1991-09-27
"4289",0,1991-09-28
"4290",0,1991-09-29
"4291",0.115234375,1991-09-30
"4292",0,1991-10-01
"4293",0.6962890625,1991-10-02
"4294",0.0302734375,1991-10-03
"4295",0,1991-10-04
"4296",0.470703125,1991-10-05
"4297",0,1991-10-06
"4298",0.0673828125,1991-10-07
"4299",0.5576171875,1991-10-08
"4300",0,1991-10-09
"4301",0.1533203125,1991-10-10
"4302",0.0927734375,1991-10-11
"4303",0,1991-10-12
"4304",0,1991-10-13
"4305",0,1991-10-14
"4306",0,1991-10-15
"4307",0.0390625,1991-10-16
"4308",0,1991-10-17
"4309",0,1991-10-18
"4310",0,1991-10-19
"4311",0,1991-10-20
"4312",0,1991-10-21
"4313",0,1991-10-22
"4314",0,1991-10-23
"4315",0,1991-10-24
"4316",0,1991-10-25
"4317",0,1991-10-26
"4318",0,1991-10-27
"4319",0.0263671875,1991-10-28
"4320",0,1991-10-29
"4321",0,1991-10-30
"4322",0,1991-10-31
"4323",0,1991-11-01
"4324",0,1991-11-02
"4325",2.0029296875,1991-11-03
"4326",2.3349609375,1991-11-04
"4327",0,1991-11-05
"4328",3.650390625,1991-11-06
"4329",4.091796875,1991-11-07
"4330",1.1416015625,1991-11-08
"4331",0,1991-11-09
"4332",0,1991-11-10
"4333",0,1991-11-11
"4334",0.0068359375,1991-11-12
"4335",0,1991-11-13
"4336",0.19921875,1991-11-14
"4337",0,1991-11-15
"4338",0,1991-11-16
"4339",0,1991-11-17
"4340",0.1328125,1991-11-18
"4341",0.0966796875,1991-11-19
"4342",0,1991-11-20
"4343",0,1991-11-21
"4344",0,1991-11-22
"4345",0,1991-11-23
"4346",0,1991-11-24
"4347",0,1991-11-25
"4348",0,1991-11-26
"4349",0,1991-11-27
"4350",0,1991-11-28
"4351",0.05078125,1991-11-29
"4352",0,1991-11-30
"4353",0,1991-12-01
"4354",0,1991-12-02
"4355",0,1991-12-03
"4356",0.1181640625,1991-12-04
"4357",0.05078125,1991-12-05
"4358",0,1991-12-06
"4359",0,1991-12-07
"4360",0,1991-12-08
"4361",0,1991-12-09
"4362",0,1991-12-10
"4363",0,1991-12-11
"4364",0,1991-12-12
"4365",0,1991-12-13
"4366",0,1991-12-14
"4367",0.3505859375,1991-12-15
"4368",0,1991-12-16
"4369",0.0341796875,1991-12-17
"4370",0.0537109375,1991-12-18
"4371",0.0966796875,1991-12-19
"4372",0.5703125,1991-12-20
"4373",0.3681640625,1991-12-21
"4374",0.0087890625,1991-12-22
"4375",0.0576171875,1991-12-23
"4376",0,1991-12-24
"4377",0,1991-12-25
"4378",0,1991-12-26
"4379",0,1991-12-27
"4380",0,1991-12-28
"4381",0,1991-12-29
"4382",0,1991-12-30
"4383",0,1991-12-31
"4384",0,1992-01-01
"4385",0,1992-01-02
"4386",0,1992-01-03
"4387",0.203125,1992-01-04
"4388",0,1992-01-05
"4389",0,1992-01-06
"4390",0,1992-01-07
"4391",5.5302734375,1992-01-08
"4392",0.060546875,1992-01-09
"4393",0,1992-01-10
"4394",0,1992-01-11
"4395",0,1992-01-12
"4396",0,1992-01-13
"4397",0.083984375,1992-01-14
"4398",0,1992-01-15
"4399",0.0556640625,1992-01-16
"4400",0,1992-01-17
"4401",0,1992-01-18
"4402",0,1992-01-19
"4403",0.1328125,1992-01-20
"4404",0.0703125,1992-01-21
"4405",0.044921875,1992-01-22
"4406",0,1992-01-23
"4407",0,1992-01-24
"4408",0,1992-01-25
"4409",0.0712890625,1992-01-26
"4410",0,1992-01-27
"4411",0.0390625,1992-01-28
"4412",0,1992-01-29
"4413",0,1992-01-30
"4414",0,1992-01-31
"4415",0.1572265625,1992-02-01
"4416",0,1992-02-02
"4417",0.166015625,1992-02-03
"4418",2.40625,1992-02-04
"4419",0.306640625,1992-02-05
"4420",0.3505859375,1992-02-06
"4421",0,1992-02-07
"4422",0,1992-02-08
"4423",0,1992-02-09
"4424",0,1992-02-10
"4425",0,1992-02-11
"4426",2.7119140625,1992-02-12
"4427",0,1992-02-13
"4428",0,1992-02-14
"4429",0,1992-02-15
"4430",0,1992-02-16
"4431",0,1992-02-17
"4432",0,1992-02-18
"4433",0,1992-02-19
"4434",0,1992-02-20
"4435",0,1992-02-21
"4436",0,1992-02-22
"4437",0,1992-02-23
"4438",0,1992-02-24
"4439",0,1992-02-25
"4440",0,1992-02-26
"4441",0,1992-02-27
"4442",0,1992-02-28
"4443",0,1992-02-29
"4444",61.474609375,1992-03-01
"4445",3.958984375,1992-03-02
"4446",0,1992-03-03
"4447",0,1992-03-04
"4448",0,1992-03-05
"4449",0,1992-03-06
"4450",0,1992-03-07
"4451",0,1992-03-08
"4452",0,1992-03-09
"4453",0,1992-03-10
"4454",0,1992-03-11
"4455",0,1992-03-12
"4456",0,1992-03-13
"4457",0.615234375,1992-03-14
"4458",7.6484375,1992-03-15
"4459",0.90625,1992-03-16
"4460",0,1992-03-17
"4461",0,1992-03-18
"4462",0.13671875,1992-03-19
"4463",0,1992-03-20
"4464",1.189453125,1992-03-21
"4465",0.3466796875,1992-03-22
"4466",0,1992-03-23
"4467",0,1992-03-24
"4468",0,1992-03-25
"4469",0.078125,1992-03-26
"4470",2.9599609375,1992-03-27
"4471",0.9228515625,1992-03-28
"4472",0.0556640625,1992-03-29
"4473",0.0576171875,1992-03-30
"4474",0,1992-03-31
"4475",0,1992-04-01
"4476",0,1992-04-02
"4477",0,1992-04-03
"4478",1.421875,1992-04-04
"4479",11.1767578125,1992-04-05
"4480",28.1630859375,1992-04-06
"4481",0.4208984375,1992-04-07
"4482",0,1992-04-08
"4483",0,1992-04-09
"4484",0,1992-04-10
"4485",0.8564453125,1992-04-11
"4486",0.8349609375,1992-04-12
"4487",0,1992-04-13
"4488",0.638671875,1992-04-14
"4489",3.53515625,1992-04-15
"4490",0,1992-04-16
"4491",0,1992-04-17
"4492",0.2509765625,1992-04-18
"4493",1.498046875,1992-04-19
"4494",14.169921875,1992-04-20
"4495",0.2958984375,1992-04-21
"4496",0.1728515625,1992-04-22
"4497",0.001953125,1992-04-23
"4498",0.6357421875,1992-04-24
"4499",0.7763671875,1992-04-25
"4500",0.06640625,1992-04-26
"4501",2.853515625,1992-04-27
"4502",3.8994140625,1992-04-28
"4503",0,1992-04-29
"4504",0,1992-04-30
"4505",0.1298828125,1992-05-01
"4506",0,1992-05-02
"4507",0.4296875,1992-05-03
"4508",1.119140625,1992-05-04
"4509",0,1992-05-05
"4510",0.060546875,1992-05-06
"4511",3.27734375,1992-05-07
"4512",13.77734375,1992-05-08
"4513",0,1992-05-09
"4514",0,1992-05-10
"4515",19.1123046875,1992-05-11
"4516",3.41015625,1992-05-12
"4517",6.11328125,1992-05-13
"4518",6.865234375,1992-05-14
"4519",0.0927734375,1992-05-15
"4520",0.56640625,1992-05-16
"4521",0,1992-05-17
"4522",1.751953125,1992-05-18
"4523",0,1992-05-19
"4524",2.3046875,1992-05-20
"4525",1.115234375,1992-05-21
"4526",0.6318359375,1992-05-22
"4527",0.16796875,1992-05-23
"4528",0,1992-05-24
"4529",5.9892578125,1992-05-25
"4530",1.3671875,1992-05-26
"4531",0.228515625,1992-05-27
"4532",0.201171875,1992-05-28
"4533",0.0009765625,1992-05-29
"4534",0,1992-05-30
"4535",0.7529296875,1992-05-31
"4536",0.431640625,1992-06-01
"4537",8.525390625,1992-06-02
"4538",1.546875,1992-06-03
"4539",3.15625,1992-06-04
"4540",4.1220703125,1992-06-05
"4541",0.4365234375,1992-06-06
"4542",1.1328125,1992-06-07
"4543",1.498046875,1992-06-08
"4544",3.109375,1992-06-09
"4545",10.0966796875,1992-06-10
"4546",6.6806640625,1992-06-11
"4547",0,1992-06-12
"4548",0,1992-06-13
"4549",0,1992-06-14
"4550",0.0546875,1992-06-15
"4551",0.0341796875,1992-06-16
"4552",5.513671875,1992-06-17
"4553",4.8076171875,1992-06-18
"4554",14.7314453125,1992-06-19
"4555",0.2177734375,1992-06-20
"4556",0,1992-06-21
"4557",10.7861328125,1992-06-22
"4558",4.8798828125,1992-06-23
"4559",1.4267578125,1992-06-24
"4560",0.099609375,1992-06-25
"4561",0.4716796875,1992-06-26
"4562",0,1992-06-27
"4563",1.025390625,1992-06-28
"4564",0.177734375,1992-06-29
"4565",0.65234375,1992-06-30
"4566",0.154296875,1992-07-01
"4567",0.4453125,1992-07-02
"4568",0,1992-07-03
"4569",2.53515625,1992-07-04
"4570",0.5283203125,1992-07-05
"4571",7.7509765625,1992-07-06
"4572",0.4794921875,1992-07-07
"4573",1.85546875,1992-07-08
"4574",1.810546875,1992-07-09
"4575",0.0439453125,1992-07-10
"4576",14.326171875,1992-07-11
"4577",2.564453125,1992-07-12
"4578",1.25390625,1992-07-13
"4579",0.12890625,1992-07-14
"4580",0.03125,1992-07-15
"4581",0.0615234375,1992-07-16
"4582",0,1992-07-17
"4583",1.8232421875,1992-07-18
"4584",5.4296875,1992-07-19
"4585",4.8857421875,1992-07-20
"4586",0,1992-07-21
"4587",0.81640625,1992-07-22
"4588",2.5966796875,1992-07-23
"4589",1.07421875,1992-07-24
"4590",0.45703125,1992-07-25
"4591",0.3896484375,1992-07-26
"4592",0.3955078125,1992-07-27
"4593",0.126953125,1992-07-28
"4594",0.0107421875,1992-07-29
"4595",0.478515625,1992-07-30
"4596",0.3291015625,1992-07-31
"4597",0,1992-08-01
"4598",0,1992-08-02
"4599",0.6572265625,1992-08-03
"4600",5.146484375,1992-08-04
"4601",0.0361328125,1992-08-05
"4602",0.455078125,1992-08-06
"4603",2.498046875,1992-08-07
"4604",8.4091796875,1992-08-08
"4605",0,1992-08-09
"4606",3.8251953125,1992-08-10
"4607",0.5654296875,1992-08-11
"4608",14.7333984375,1992-08-12
"4609",3.189453125,1992-08-13
"4610",7.6865234375,1992-08-14
"4611",1.154296875,1992-08-15
"4612",0,1992-08-16
"4613",2.3125,1992-08-17
"4614",5.232421875,1992-08-18
"4615",5.6044921875,1992-08-19
"4616",0.462890625,1992-08-20
"4617",0,1992-08-21
"4618",0,1992-08-22
"4619",2.2236328125,1992-08-23
"4620",0.060546875,1992-08-24
"4621",0.470703125,1992-08-25
"4622",2.1025390625,1992-08-26
"4623",3.5302734375,1992-08-27
"4624",0.3662109375,1992-08-28
"4625",2.1865234375,1992-08-29
"4626",10.853515625,1992-08-30
"4627",6.455078125,1992-08-31
"4628",3.138671875,1992-09-01
"4629",0.318359375,1992-09-02
"4630",3.70703125,1992-09-03
"4631",0.76953125,1992-09-04
"4632",4.794921875,1992-09-05
"4633",3.638671875,1992-09-06
"4634",1.638671875,1992-09-07
"4635",0.1337890625,1992-09-08
"4636",0,1992-09-09
"4637",0.1083984375,1992-09-10
"4638",3.541015625,1992-09-11
"4639",1.4140625,1992-09-12
"4640",0,1992-09-13
"4641",10.7998046875,1992-09-14
"4642",10.57421875,1992-09-15
"4643",4.0908203125,1992-09-16
"4644",3.9287109375,1992-09-17
"4645",8.89453125,1992-09-18
"4646",8.375,1992-09-19
"4647",0,1992-09-20
"4648",0,1992-09-21
"4649",11.0634765625,1992-09-22
"4650",0.1875,1992-09-23
"4651",11.4052734375,1992-09-24
"4652",22.5244140625,1992-09-25
"4653",0.1279296875,1992-09-26
"4654",0,1992-09-27
"4655",4.0478515625,1992-09-28
"4656",2.41015625,1992-09-29
"4657",0,1992-09-30
"4658",0.2216796875,1992-10-01
"4659",0,1992-10-02
"4660",0.2265625,1992-10-03
"4661",11.6005859375,1992-10-04
"4662",0,1992-10-05
"4663",0,1992-10-06
"4664",1.2939453125,1992-10-07
"4665",27.5078125,1992-10-08
"4666",14.4736328125,1992-10-09
"4667",0.8994140625,1992-10-10
"4668",0.9091796875,1992-10-11
"4669",0.02734375,1992-10-12
"4670",0,1992-10-13
"4671",0,1992-10-14
"4672",0,1992-10-15
"4673",0,1992-10-16
"4674",11.501953125,1992-10-17
"4675",1.232421875,1992-10-18
"4676",0.7685546875,1992-10-19
"4677",0.0869140625,1992-10-20
"4678",0.02734375,1992-10-21
"4679",0,1992-10-22
"4680",0,1992-10-23
"4681",0,1992-10-24
"4682",0,1992-10-25
"4683",0.0009765625,1992-10-26
"4684",0,1992-10-27
"4685",0,1992-10-28
"4686",0.71875,1992-10-29
"4687",7.2587890625,1992-10-30
"4688",0.021484375,1992-10-31
"4689",0.0927734375,1992-11-01
"4690",0,1992-11-02
"4691",0.7373046875,1992-11-03
"4692",0,1992-11-04
"4693",0,1992-11-05
"4694",0,1992-11-06
"4695",0,1992-11-07
"4696",0,1992-11-08
"4697",5.470703125,1992-11-09
"4698",2.2861328125,1992-11-10
"4699",3.5029296875,1992-11-11
"4700",0.029296875,1992-11-12
"4701",0.0341796875,1992-11-13
"4702",0.0009765625,1992-11-14
"4703",0,1992-11-15
"4704",0.1826171875,1992-11-16
"4705",0.9853515625,1992-11-17
"4706",11.767578125,1992-11-18
"4707",12.5830078125,1992-11-19
"4708",1.068359375,1992-11-20
"4709",1.22265625,1992-11-21
"4710",9.0419921875,1992-11-22
"4711",0.2099609375,1992-11-23
"4712",0.0556640625,1992-11-24
"4713",5.482421875,1992-11-25
"4714",0.3798828125,1992-11-26
"4715",0.0361328125,1992-11-27
"4716",0.2724609375,1992-11-28
"4717",0.0029296875,1992-11-29
"4718",0.0009765625,1992-11-30
"4719",0,1992-12-01
"4720",0.05859375,1992-12-02
"4721",13.6064453125,1992-12-03
"4722",2.01953125,1992-12-04
"4723",3.6142578125,1992-12-05
"4724",0.92578125,1992-12-06
"4725",0.0908203125,1992-12-07
"4726",0,1992-12-08
"4727",0,1992-12-09
"4728",0,1992-12-10
"4729",0,1992-12-11
"4730",1.7646484375,1992-12-12
"4731",6.56640625,1992-12-13
"4732",0,1992-12-14
"4733",1.00390625,1992-12-15
"4734",0.3671875,1992-12-16
"4735",2.052734375,1992-12-17
"4736",13.2734375,1992-12-18
"4737",0.673828125,1992-12-19
"4738",0.1396484375,1992-12-20
"4739",0.1103515625,1992-12-21
"4740",0,1992-12-22
"4741",0,1992-12-23
"4742",4.0087890625,1992-12-24
"4743",10.2265625,1992-12-25
"4744",0.0068359375,1992-12-26
"4745",0.099609375,1992-12-27
"4746",0.001953125,1992-12-28
"4747",0.03515625,1992-12-29
"4748",0,1992-12-30
"4749",0.0009765625,1992-12-31
"4750",0,1993-01-01
"4751",0.0087890625,1993-01-02
"4752",0,1993-01-03
"4753",0,1993-01-04
"4754",0,1993-01-05
"4755",0.0009765625,1993-01-06
"4756",0,1993-01-07
"4757",0.017578125,1993-01-08
"4758",0,1993-01-09
"4759",0.0009765625,1993-01-10
"4760",0,1993-01-11
"4761",0,1993-01-12
"4762",0.0009765625,1993-01-13
"4763",0,1993-01-14
"4764",0,1993-01-15
"4765",0,1993-01-16
"4766",0,1993-01-17
"4767",0,1993-01-18
"4768",0,1993-01-19
"4769",0,1993-01-20
"4770",6.2724609375,1993-01-21
"4771",0.0224609375,1993-01-22
"4772",0,1993-01-23
"4773",2.46484375,1993-01-24
"4774",0.1376953125,1993-01-25
"4775",2.05859375,1993-01-26
"4776",0.017578125,1993-01-27
"4777",0,1993-01-28
"4778",0,1993-01-29
"4779",0,1993-01-30
"4780",0,1993-01-31
"4781",0,1993-02-01
"4782",0,1993-02-02
"4783",0,1993-02-03
"4784",0,1993-02-04
"4785",0.0009765625,1993-02-05
"4786",0.001953125,1993-02-06
"4787",0,1993-02-07
"4788",0,1993-02-08
"4789",0,1993-02-09
"4790",0,1993-02-10
"4791",0,1993-02-11
"4792",0,1993-02-12
"4793",0,1993-02-13
"4794",0.0009765625,1993-02-14
"4795",0,1993-02-15
"4796",0,1993-02-16
"4797",0,1993-02-17
"4798",0.0009765625,1993-02-18
"4799",0,1993-02-19
"4800",0.3251953125,1993-02-20
"4801",0.3173828125,1993-02-21
"4802",0.341796875,1993-02-22
"4803",0.474609375,1993-02-23
"4804",0.0107421875,1993-02-24
"4805",0,1993-02-25
"4806",1.427734375,1993-02-26
"4807",1.4189453125,1993-02-27
"4808",3.89453125,1993-02-28
"4809",0.82421875,1993-03-01
"4810",0.5830078125,1993-03-02
"4811",0.1357421875,1993-03-03
"4812",0,1993-03-04
"4813",0.0048828125,1993-03-05
"4814",0,1993-03-06
"4815",0,1993-03-07
"4816",0.0126953125,1993-03-08
"4817",0,1993-03-09
"4818",0,1993-03-10
"4819",0.0009765625,1993-03-11
"4820",0,1993-03-12
"4821",0.0009765625,1993-03-13
"4822",0,1993-03-14
"4823",0.0087890625,1993-03-15
"4824",0.9677734375,1993-03-16
"4825",3.6962890625,1993-03-17
"4826",5.103515625,1993-03-18
"4827",0.099609375,1993-03-19
"4828",0,1993-03-20
"4829",0.541015625,1993-03-21
"4830",1.4990234375,1993-03-22
"4831",0.0087890625,1993-03-23
"4832",0,1993-03-24
"4833",0,1993-03-25
"4834",0.55078125,1993-03-26
"4835",0.537109375,1993-03-27
"4836",0.591796875,1993-03-28
"4837",0.0732421875,1993-03-29
"4838",0,1993-03-30
"4839",0.001953125,1993-03-31
"4840",0.01171875,1993-04-01
"4841",0.0283203125,1993-04-02
"4842",0.0068359375,1993-04-03
"4843",0,1993-04-04
"4844",0.0478515625,1993-04-05
"4845",0.11328125,1993-04-06
"4846",0.1064453125,1993-04-07
"4847",0.103515625,1993-04-08
"4848",0,1993-04-09
"4849",0,1993-04-10
"4850",0.1044921875,1993-04-11
"4851",0.0458984375,1993-04-12
"4852",0.216796875,1993-04-13
"4853",0.04296875,1993-04-14
"4854",0.0029296875,1993-04-15
"4855",0,1993-04-16
"4856",0.015625,1993-04-17
"4857",0.001953125,1993-04-18
"4858",0.00390625,1993-04-19
"4859",0,1993-04-20
"4860",0,1993-04-21
"4861",0,1993-04-22
"4862",0,1993-04-23
"4863",0.0009765625,1993-04-24
"4864",0,1993-04-25
"4865",0.009765625,1993-04-26
"4866",0.048828125,1993-04-27
"4867",0.1298828125,1993-04-28
"4868",0.03515625,1993-04-29
"4869",0,1993-04-30
"4870",0,1993-05-01
"4871",0,1993-05-02
"4872",0,1993-05-03
"4873",0,1993-05-04
"4874",0.0625,1993-05-05
"4875",4.8896484375,1993-05-06
"4876",0.177734375,1993-05-07
"4877",3.7392578125,1993-05-08
"4878",0.0205078125,1993-05-09
"4879",0,1993-05-10
"4880",0.498046875,1993-05-11
"4881",0,1993-05-12
"4882",1.1572265625,1993-05-13
"4883",0.2919921875,1993-05-14
"4884",0.39453125,1993-05-15
"4885",0.3515625,1993-05-16
"4886",0,1993-05-17
"4887",0,1993-05-18
"4888",0,1993-05-19
"4889",0,1993-05-20
"4890",6.900390625,1993-05-21
"4891",3.4306640625,1993-05-22
"4892",0.8134765625,1993-05-23
"4893",0.494140625,1993-05-24
"4894",8.5771484375,1993-05-25
"4895",1.521484375,1993-05-26
"4896",0.7314453125,1993-05-27
"4897",0,1993-05-28
"4898",0,1993-05-29
"4899",3.9521484375,1993-05-30
"4900",2.0712890625,1993-05-31
"4901",0,1993-06-01
"4902",0.16796875,1993-06-02
"4903",0.9716796875,1993-06-03
"4904",1.1015625,1993-06-04
"4905",1.19921875,1993-06-05
"4906",0.033203125,1993-06-06
"4907",2.365234375,1993-06-07
"4908",0.4677734375,1993-06-08
"4909",0.5947265625,1993-06-09
"4910",5.0498046875,1993-06-10
"4911",1.6728515625,1993-06-11
"4912",5.24609375,1993-06-12
"4913",1.927734375,1993-06-13
"4914",0.4814453125,1993-06-14
"4915",0.099609375,1993-06-15
"4916",0.09765625,1993-06-16
"4917",0.0126953125,1993-06-17
"4918",0.2197265625,1993-06-18
"4919",3.98046875,1993-06-19
"4920",4.4482421875,1993-06-20
"4921",4.41015625,1993-06-21
"4922",1.2265625,1993-06-22
"4923",0.234375,1993-06-23
"4924",0.203125,1993-06-24
"4925",0.052734375,1993-06-25
"4926",0.0068359375,1993-06-26
"4927",0,1993-06-27
"4928",0.0029296875,1993-06-28
"4929",0.12890625,1993-06-29
"4930",0.298828125,1993-06-30
"4931",1.1259765625,1993-07-01
"4932",0.0244140625,1993-07-02
"4933",4.3173828125,1993-07-03
"4934",1.40625,1993-07-04
"4935",1.732421875,1993-07-05
"4936",0.7822265625,1993-07-06
"4937",18.908203125,1993-07-07
"4938",19.857421875,1993-07-08
"4939",3.15234375,1993-07-09
"4940",3.267578125,1993-07-10
"4941",1.984375,1993-07-11
"4942",0.0576171875,1993-07-12
"4943",0,1993-07-13
"4944",0.77734375,1993-07-14
"4945",0.6220703125,1993-07-15
"4946",2.3349609375,1993-07-16
"4947",0,1993-07-17
"4948",0.05078125,1993-07-18
"4949",0.34765625,1993-07-19
"4950",0.79296875,1993-07-20
"4951",0.0732421875,1993-07-21
"4952",0.08203125,1993-07-22
"4953",0.47265625,1993-07-23
"4954",1.94140625,1993-07-24
"4955",0.8310546875,1993-07-25
"4956",0.0830078125,1993-07-26
"4957",0,1993-07-27
"4958",0,1993-07-28
"4959",2.61328125,1993-07-29
"4960",4.1796875,1993-07-30
"4961",5.2841796875,1993-07-31
"4962",0.041015625,1993-08-01
"4963",1.435546875,1993-08-02
"4964",5.896484375,1993-08-03
"4965",0,1993-08-04
"4966",0,1993-08-05
"4967",0,1993-08-06
"4968",0.08203125,1993-08-07
"4969",3.0439453125,1993-08-08
"4970",0.2041015625,1993-08-09
"4971",11.396484375,1993-08-10
"4972",1.5546875,1993-08-11
"4973",0,1993-08-12
"4974",1.8701171875,1993-08-13
"4975",17.7958984375,1993-08-14
"4976",34.6826171875,1993-08-15
"4977",2.8134765625,1993-08-16
"4978",0.8427734375,1993-08-17
"4979",0.609375,1993-08-18
"4980",0.0908203125,1993-08-19
"4981",2.37890625,1993-08-20
"4982",0.0224609375,1993-08-21
"4983",0.0419921875,1993-08-22
"4984",0.001953125,1993-08-23
"4985",0,1993-08-24
"4986",0,1993-08-25
"4987",0.2392578125,1993-08-26
"4988",0,1993-08-27
"4989",0,1993-08-28
"4990",0.3955078125,1993-08-29
"4991",0,1993-08-30
"4992",9.5791015625,1993-08-31
"4993",3.578125,1993-09-01
"4994",4.400390625,1993-09-02
"4995",0.1796875,1993-09-03
"4996",0,1993-09-04
"4997",0,1993-09-05
"4998",0.1650390625,1993-09-06
"4999",6.203125,1993-09-07
"5000",0.314453125,1993-09-08
"5001",1.052734375,1993-09-09
"5002",0,1993-09-10
"5003",0.6474609375,1993-09-11
"5004",0.4599609375,1993-09-12
"5005",1.3623046875,1993-09-13
"5006",0.91796875,1993-09-14
"5007",0.7001953125,1993-09-15
"5008",0,1993-09-16
"5009",0.2294921875,1993-09-17
"5010",0.509765625,1993-09-18
"5011",13.716796875,1993-09-19
"5012",2.583984375,1993-09-20
"5013",1.484375,1993-09-21
"5014",0,1993-09-22
"5015",2.4287109375,1993-09-23
"5016",0.3408203125,1993-09-24
"5017",0,1993-09-25
"5018",0.05078125,1993-09-26
"5019",1.349609375,1993-09-27
"5020",0.0947265625,1993-09-28
"5021",0,1993-09-29
"5022",2.9287109375,1993-09-30
"5023",1.9814453125,1993-10-01
"5024",0.2529296875,1993-10-02
"5025",8.9443359375,1993-10-03
"5026",8.3203125,1993-10-04
"5027",1.7626953125,1993-10-05
"5028",0.0458984375,1993-10-06
"5029",0.0322265625,1993-10-07
"5030",0,1993-10-08
"5031",0.837890625,1993-10-09
"5032",1.796875,1993-10-10
"5033",0.232421875,1993-10-11
"5034",0.0234375,1993-10-12
"5035",0,1993-10-13
"5036",0,1993-10-14
"5037",0,1993-10-15
"5038",2.07421875,1993-10-16
"5039",4.44921875,1993-10-17
"5040",4.4501953125,1993-10-18
"5041",0.8779296875,1993-10-19
"5042",0,1993-10-20
"5043",0.0048828125,1993-10-21
"5044",0.384765625,1993-10-22
"5045",0.22265625,1993-10-23
"5046",0.0087890625,1993-10-24
"5047",0.1865234375,1993-10-25
"5048",0,1993-10-26
"5049",0,1993-10-27
"5050",12.7470703125,1993-10-28
"5051",1.0166015625,1993-10-29
"5052",0.1123046875,1993-10-30
"5053",0,1993-10-31
"5054",1.09765625,1993-11-01
"5055",12.7802734375,1993-11-02
"5056",1.31640625,1993-11-03
"5057",1.0302734375,1993-11-04
"5058",0,1993-11-05
"5059",0.0009765625,1993-11-06
"5060",0,1993-11-07
"5061",1.21875,1993-11-08
"5062",0,1993-11-09
"5063",0.0009765625,1993-11-10
"5064",0,1993-11-11
"5065",0.0849609375,1993-11-12
"5066",0.033203125,1993-11-13
"5067",0,1993-11-14
"5068",0.1875,1993-11-15
"5069",0.0166015625,1993-11-16
"5070",0.0361328125,1993-11-17
"5071",0.0517578125,1993-11-18
"5072",9.7939453125,1993-11-19
"5073",1.1826171875,1993-11-20
"5074",0,1993-11-21
"5075",0.4892578125,1993-11-22
"5076",0,1993-11-23
"5077",0,1993-11-24
"5078",0,1993-11-25
"5079",0.001953125,1993-11-26
"5080",0.0009765625,1993-11-27
"5081",0,1993-11-28
"5082",0.0009765625,1993-11-29
"5083",0,1993-11-30
"5084",0.0009765625,1993-12-01
"5085",1.1943359375,1993-12-02
"5086",2.654296875,1993-12-03
"5087",0.0458984375,1993-12-04
"5088",0,1993-12-05
"5089",0,1993-12-06
"5090",0.10546875,1993-12-07
"5091",0.001953125,1993-12-08
"5092",0,1993-12-09
"5093",0.0029296875,1993-12-10
"5094",0.9658203125,1993-12-11
"5095",0,1993-12-12
"5096",0.05078125,1993-12-13
"5097",0,1993-12-14
"5098",2.3564453125,1993-12-15
"5099",0,1993-12-16
"5100",0.0048828125,1993-12-17
"5101",0,1993-12-18
"5102",0.0009765625,1993-12-19
"5103",0,1993-12-20
"5104",0,1993-12-21
"5105",1.521484375,1993-12-22
"5106",0,1993-12-23
"5107",0.1318359375,1993-12-24
"5108",0.1513671875,1993-12-25
"5109",0.56640625,1993-12-26
"5110",0.8916015625,1993-12-27
"5111",0,1993-12-28
"5112",0.0029296875,1993-12-29
"5113",0,1993-12-30
"5114",0,1993-12-31
"5115",0,1994-01-01
"5116",0,1994-01-02
"5117",0.013671875,1994-01-03
"5118",2.2890625,1994-01-04
"5119",1.728515625,1994-01-05
"5120",4.4833984375,1994-01-06
"5121",6.4111328125,1994-01-07
"5122",1.4296875,1994-01-08
"5123",0.1650390625,1994-01-09
"5124",0,1994-01-10
"5125",0,1994-01-11
"5126",0,1994-01-12
"5127",0,1994-01-13
"5128",0,1994-01-14
"5129",0,1994-01-15
"5130",6.1025390625,1994-01-16
"5131",0.0029296875,1994-01-17
"5132",0.0615234375,1994-01-18
"5133",0,1994-01-19
"5134",0.1103515625,1994-01-20
"5135",0.0400390625,1994-01-21
"5136",0,1994-01-22
"5137",0,1994-01-23
"5138",0,1994-01-24
"5139",0,1994-01-25
"5140",0,1994-01-26
"5141",0,1994-01-27
"5142",0,1994-01-28
"5143",0,1994-01-29
"5144",0.01953125,1994-01-30
"5145",0,1994-01-31
"5146",0,1994-02-01
"5147",0,1994-02-02
"5148",0,1994-02-03
"5149",1.4033203125,1994-02-04
"5150",0.7373046875,1994-02-05
"5151",0.0048828125,1994-02-06
"5152",0.1796875,1994-02-07
"5153",2.154296875,1994-02-08
"5154",0.0283203125,1994-02-09
"5155",0.0009765625,1994-02-10
"5156",0.2998046875,1994-02-11
"5157",0,1994-02-12
"5158",0,1994-02-13
"5159",0,1994-02-14
"5160",0,1994-02-15
"5161",0,1994-02-16
"5162",0.013671875,1994-02-17
"5163",0,1994-02-18
"5164",0,1994-02-19
"5165",0,1994-02-20
"5166",0,1994-02-21
"5167",0,1994-02-22
"5168",0,1994-02-23
"5169",0.0830078125,1994-02-24
"5170",0,1994-02-25
"5171",0,1994-02-26
"5172",0,1994-02-27
"5173",0.0576171875,1994-02-28
"5174",0,1994-03-01
"5175",0,1994-03-02
"5176",0,1994-03-03
"5177",0,1994-03-04
"5178",0,1994-03-05
"5179",0,1994-03-06
"5180",0,1994-03-07
"5181",0,1994-03-08
"5182",0,1994-03-09
"5183",0,1994-03-10
"5184",0,1994-03-11
"5185",0,1994-03-12
"5186",0,1994-03-13
"5187",0,1994-03-14
"5188",0,1994-03-15
"5189",0,1994-03-16
"5190",0,1994-03-17
"5191",0,1994-03-18
"5192",0,1994-03-19
"5193",0,1994-03-20
"5194",0,1994-03-21
"5195",0,1994-03-22
"5196",0,1994-03-23
"5197",0,1994-03-24
"5198",0,1994-03-25
"5199",0,1994-03-26
"5200",0,1994-03-27
"5201",0,1994-03-28
"5202",0,1994-03-29
"5203",0,1994-03-30
"5204",0,1994-03-31
"5205",0.08984375,1994-04-01
"5206",0.24609375,1994-04-02
"5207",0,1994-04-03
"5208",0,1994-04-04
"5209",0.0224609375,1994-04-05
"5210",0.2216796875,1994-04-06
"5211",0.3369140625,1994-04-07
"5212",0.4267578125,1994-04-08
"5213",0,1994-04-09
"5214",0,1994-04-10
"5215",0.1259765625,1994-04-11
"5216",1.0126953125,1994-04-12
"5217",0.1025390625,1994-04-13
"5218",0.2041015625,1994-04-14
"5219",0,1994-04-15
"5220",0.099609375,1994-04-16
"5221",0.0703125,1994-04-17
"5222",0,1994-04-18
"5223",0,1994-04-19
"5224",0.171875,1994-04-20
"5225",0,1994-04-21
"5226",0,1994-04-22
"5227",0,1994-04-23
"5228",0,1994-04-24
"5229",0,1994-04-25
"5230",0,1994-04-26
"5231",0,1994-04-27
"5232",0.1962890625,1994-04-28
"5233",0.810546875,1994-04-29
"5234",0,1994-04-30
"5235",0,1994-05-01
"5236",0.173828125,1994-05-02
"5237",0.4638671875,1994-05-03
"5238",0.0009765625,1994-05-04
"5239",0,1994-05-05
"5240",0,1994-05-06
"5241",0,1994-05-07
"5242",0.013671875,1994-05-08
"5243",1.8310546875,1994-05-09
"5244",1.1748046875,1994-05-10
"5245",1.919921875,1994-05-11
"5246",0.1279296875,1994-05-12
"5247",1.5791015625,1994-05-13
"5248",2.0107421875,1994-05-14
"5249",0.0927734375,1994-05-15
"5250",0.0087890625,1994-05-16
"5251",0.1005859375,1994-05-17
"5252",1.7451171875,1994-05-18
"5253",0.4580078125,1994-05-19
"5254",0.01171875,1994-05-20
"5255",0,1994-05-21
"5256",0.826171875,1994-05-22
"5257",0.173828125,1994-05-23
"5258",1.87890625,1994-05-24
"5259",5.17578125,1994-05-25
"5260",6.0087890625,1994-05-26
"5261",0.1513671875,1994-05-27
"5262",1.5087890625,1994-05-28
"5263",0.3076171875,1994-05-29
"5264",1.3291015625,1994-05-30
"5265",6.470703125,1994-05-31
"5266",0.0859375,1994-06-01
"5267",0.00390625,1994-06-02
"5268",2.0361328125,1994-06-03
"5269",2.0390625,1994-06-04
"5270",0,1994-06-05
"5271",16.966796875,1994-06-06
"5272",36.84375,1994-06-07
"5273",0.009765625,1994-06-08
"5274",0.3857421875,1994-06-09
"5275",0.072265625,1994-06-10
"5276",0.1083984375,1994-06-11
"5277",0.8642578125,1994-06-12
"5278",1.154296875,1994-06-13
"5279",3.392578125,1994-06-14
"5280",4.1220703125,1994-06-15
"5281",0.9736328125,1994-06-16
"5282",1.6962890625,1994-06-17
"5283",0.2666015625,1994-06-18
"5284",1.0537109375,1994-06-19
"5285",0,1994-06-20
"5286",0.95703125,1994-06-21
"5287",6.1845703125,1994-06-22
"5288",5.658203125,1994-06-23
"5289",7.509765625,1994-06-24
"5290",15.142578125,1994-06-25
"5291",1.521484375,1994-06-26
"5292",0,1994-06-27
"5293",0,1994-06-28
"5294",0,1994-06-29
"5295",0,1994-06-30
"5296",0,1994-07-01
"5297",0,1994-07-02
"5298",0.001953125,1994-07-03
"5299",0.0009765625,1994-07-04
"5300",0.0078125,1994-07-05
"5301",0.0009765625,1994-07-06
"5302",0.0009765625,1994-07-07
"5303",0.0009765625,1994-07-08
"5304",0.0009765625,1994-07-09
"5305",0,1994-07-10
"5306",2.5732421875,1994-07-11
"5307",11.5771484375,1994-07-12
"5308",2.85546875,1994-07-13
"5309",0.0390625,1994-07-14
"5310",0.2001953125,1994-07-15
"5311",0.35546875,1994-07-16
"5312",0.6005859375,1994-07-17
"5313",0.01171875,1994-07-18
"5314",0.6201171875,1994-07-19
"5315",0.0048828125,1994-07-20
"5316",0.2568359375,1994-07-21
"5317",0.01171875,1994-07-22
"5318",0.0009765625,1994-07-23
"5319",0.0068359375,1994-07-24
"5320",0.2060546875,1994-07-25
"5321",0.685546875,1994-07-26
"5322",2.421875,1994-07-27
"5323",1.4326171875,1994-07-28
"5324",12.51171875,1994-07-29
"5325",5.65234375,1994-07-30
"5326",4.3134765625,1994-07-31
"5327",2.3056640625,1994-08-01
"5328",0.4736328125,1994-08-02
"5329",0.38671875,1994-08-03
"5330",0.3583984375,1994-08-04
"5331",0.7001953125,1994-08-05
"5332",1.5966796875,1994-08-06
"5333",4.24609375,1994-08-07
"5334",1.947265625,1994-08-08
"5335",0.232421875,1994-08-09
"5336",0,1994-08-10
"5337",0,1994-08-11
"5338",0,1994-08-12
"5339",4.07421875,1994-08-13
"5340",1.6953125,1994-08-14
"5341",0.7900390625,1994-08-15
"5342",0.080078125,1994-08-16
"5343",2.384765625,1994-08-17
"5344",0.990234375,1994-08-18
"5345",0,1994-08-19
"5346",0.0068359375,1994-08-20
"5347",0.005859375,1994-08-21
"5348",1.697265625,1994-08-22
"5349",1.466796875,1994-08-23
"5350",0.2666015625,1994-08-24
"5351",0.4072265625,1994-08-25
"5352",0.00390625,1994-08-26
"5353",0,1994-08-27
"5354",0,1994-08-28
"5355",0,1994-08-29
"5356",0,1994-08-30
"5357",0.0009765625,1994-08-31
"5358",0,1994-09-01
"5359",0,1994-09-02
"5360",0,1994-09-03
"5361",1.703125,1994-09-04
"5362",4.103515625,1994-09-05
"5363",0.9619140625,1994-09-06
"5364",1.0732421875,1994-09-07
"5365",0.2822265625,1994-09-08
"5366",0,1994-09-09
"5367",0,1994-09-10
"5368",0.0009765625,1994-09-11
"5369",4.0859375,1994-09-12
"5370",0.6630859375,1994-09-13
"5371",0.5322265625,1994-09-14
"5372",0.0859375,1994-09-15
"5373",0.0791015625,1994-09-16
"5374",0.0380859375,1994-09-17
"5375",0.4072265625,1994-09-18
"5376",0.19921875,1994-09-19
"5377",0,1994-09-20
"5378",0,1994-09-21
"5379",0.0078125,1994-09-22
"5380",0.0029296875,1994-09-23
"5381",0.4287109375,1994-09-24
"5382",0.5,1994-09-25
"5383",0.5205078125,1994-09-26
"5384",0.1240234375,1994-09-27
"5385",0.001953125,1994-09-28
"5386",1.8984375,1994-09-29
"5387",0.3603515625,1994-09-30
"5388",0.0361328125,1994-10-01
"5389",4.6337890625,1994-10-02
"5390",3.0078125,1994-10-03
"5391",10.9443359375,1994-10-04
"5392",0.7783203125,1994-10-05
"5393",1.052734375,1994-10-06
"5394",8.8603515625,1994-10-07
"5395",0.1171875,1994-10-08
"5396",0.078125,1994-10-09
"5397",0,1994-10-10
"5398",0.0009765625,1994-10-11
"5399",0,1994-10-12
"5400",0,1994-10-13
"5401",0,1994-10-14
"5402",0.001953125,1994-10-15
"5403",0,1994-10-16
"5404",0.2021484375,1994-10-17
"5405",0.0009765625,1994-10-18
"5406",4.734375,1994-10-19
"5407",0.322265625,1994-10-20
"5408",0.00390625,1994-10-21
"5409",0,1994-10-22
"5410",0,1994-10-23
"5411",0,1994-10-24
"5412",0.0947265625,1994-10-25
"5413",0.7587890625,1994-10-26
"5414",0,1994-10-27
"5415",0.0302734375,1994-10-28
"5416",0.6259765625,1994-10-29
"5417",0.0693359375,1994-10-30
"5418",0.0048828125,1994-10-31
"5419",3.3408203125,1994-11-01
"5420",1.3173828125,1994-11-02
"5421",0.66015625,1994-11-03
"5422",0.220703125,1994-11-04
"5423",1.2373046875,1994-11-05
"5424",0.734375,1994-11-06
"5425",3.255859375,1994-11-07
"5426",0.001953125,1994-11-08
"5427",0,1994-11-09
"5428",0,1994-11-10
"5429",0,1994-11-11
"5430",0,1994-11-12
"5431",0,1994-11-13
"5432",0,1994-11-14
"5433",0,1994-11-15
"5434",0,1994-11-16
"5435",0,1994-11-17
"5436",0,1994-11-18
"5437",0.00390625,1994-11-19
"5438",0.5732421875,1994-11-20
"5439",0.0712890625,1994-11-21
"5440",0.0078125,1994-11-22
"5441",0.0283203125,1994-11-23
"5442",0.3671875,1994-11-24
"5443",0.5458984375,1994-11-25
"5444",0,1994-11-26
"5445",0,1994-11-27
"5446",0,1994-11-28
"5447",0.818359375,1994-11-29
"5448",0,1994-11-30
"5449",0,1994-12-01
"5450",0.0029296875,1994-12-02
"5451",0,1994-12-03
"5452",0,1994-12-04
"5453",0,1994-12-05
"5454",0,1994-12-06
"5455",6.2587890625,1994-12-07
"5456",0,1994-12-08
"5457",0,1994-12-09
"5458",0,1994-12-10
"5459",0,1994-12-11
"5460",0,1994-12-12
"5461",0,1994-12-13
"5462",0,1994-12-14
"5463",0,1994-12-15
"5464",0,1994-12-16
"5465",0.0009765625,1994-12-17
"5466",0,1994-12-18
"5467",0.892578125,1994-12-19
"5468",2.177734375,1994-12-20
"5469",0.8154296875,1994-12-21
"5470",1.8994140625,1994-12-22
"5471",0,1994-12-23
"5472",0.0341796875,1994-12-24
"5473",0,1994-12-25
"5474",0,1994-12-26
"5475",0,1994-12-27
"5476",0,1994-12-28
"5477",0.001953125,1994-12-29
"5478",0,1994-12-30
"5479",0.0009765625,1994-12-31
"5480",0,1995-01-01
"5481",0.0009765625,1995-01-02
"5482",0,1995-01-03
"5483",0,1995-01-04
"5484",0,1995-01-05
"5485",0.1923828125,1995-01-06
"5486",0.013671875,1995-01-07
"5487",0,1995-01-08
"5488",0,1995-01-09
"5489",0,1995-01-10
"5490",0,1995-01-11
"5491",0,1995-01-12
"5492",0.0068359375,1995-01-13
"5493",30.7724609375,1995-01-14
"5494",3.173828125,1995-01-15
"5495",0.119140625,1995-01-16
"5496",0.00390625,1995-01-17
"5497",0,1995-01-18
"5498",0,1995-01-19
"5499",0,1995-01-20
"5500",0.1083984375,1995-01-21
"5501",0.00390625,1995-01-22
"5502",0,1995-01-23
"5503",0,1995-01-24
"5504",0.0009765625,1995-01-25
"5505",0.3681640625,1995-01-26
"5506",5.68359375,1995-01-27
"5507",0,1995-01-28
"5508",0.041015625,1995-01-29
"5509",6.9580078125,1995-01-30
"5510",0,1995-01-31
"5511",0.0009765625,1995-02-01
"5512",0.0078125,1995-02-02
"5513",0.033203125,1995-02-03
"5514",0,1995-02-04
"5515",11.94140625,1995-02-05
"5516",0,1995-02-06
"5517",0,1995-02-07
"5518",0,1995-02-08
"5519",0,1995-02-09
"5520",0.00390625,1995-02-10
"5521",0.0009765625,1995-02-11
"5522",0,1995-02-12
"5523",0,1995-02-13
"5524",0,1995-02-14
"5525",0,1995-02-15
"5526",3.5361328125,1995-02-16
"5527",0,1995-02-17
"5528",0,1995-02-18
"5529",0,1995-02-19
"5530",0,1995-02-20
"5531",0,1995-02-21
"5532",0,1995-02-22
"5533",0,1995-02-23
"5534",0,1995-02-24
"5535",0,1995-02-25
"5536",0,1995-02-26
"5537",0.076171875,1995-02-27
"5538",0.5380859375,1995-02-28
"5539",2.0546875,1995-03-01
"5540",10.8349609375,1995-03-02
"5541",0,1995-03-03
"5542",0,1995-03-04
"5543",0.0107421875,1995-03-05
"5544",0,1995-03-06
"5545",0.2158203125,1995-03-07
"5546",0.021484375,1995-03-08
"5547",0,1995-03-09
"5548",0,1995-03-10
"5549",0.0078125,1995-03-11
"5550",0.2080078125,1995-03-12
"5551",0,1995-03-13
"5552",0.0234375,1995-03-14
"5553",0.0009765625,1995-03-15
"5554",0.025390625,1995-03-16
"5555",0,1995-03-17
"5556",0,1995-03-18
"5557",0.0048828125,1995-03-19
"5558",0.0126953125,1995-03-20
"5559",0,1995-03-21
"5560",0.00390625,1995-03-22
"5561",0.0009765625,1995-03-23
"5562",0.404296875,1995-03-24
"5563",0,1995-03-25
"5564",0,1995-03-26
"5565",0,1995-03-27
"5566",0,1995-03-28
"5567",0,1995-03-29
"5568",0.4248046875,1995-03-30
"5569",0.212890625,1995-03-31
"5570",0.068359375,1995-04-01
"5571",1.4248046875,1995-04-02
"5572",1.203125,1995-04-03
"5573",2.5205078125,1995-04-04
"5574",0.189453125,1995-04-05
"5575",1.73828125,1995-04-06
"5576",2.3232421875,1995-04-07
"5577",0.9248046875,1995-04-08
"5578",0.6728515625,1995-04-09
"5579",0.189453125,1995-04-10
"5580",0.1123046875,1995-04-11
"5581",0,1995-04-12
"5582",0,1995-04-13
"5583",0.0048828125,1995-04-14
"5584",0.005859375,1995-04-15
"5585",2.9716796875,1995-04-16
"5586",0.16015625,1995-04-17
"5587",0.1826171875,1995-04-18
"5588",0.0927734375,1995-04-19
"5589",0.7900390625,1995-04-20
"5590",0.064453125,1995-04-21
"5591",0,1995-04-22
"5592",0,1995-04-23
"5593",0.4697265625,1995-04-24
"5594",0.009765625,1995-04-25
"5595",0.5771484375,1995-04-26
"5596",0,1995-04-27
"5597",0,1995-04-28
"5598",0,1995-04-29
"5599",7.443359375,1995-04-30
"5600",1.2548828125,1995-05-01
"5601",2.857421875,1995-05-02
"5602",16.8037109375,1995-05-03
"5603",1.130859375,1995-05-04
"5604",0.2080078125,1995-05-05
"5605",1.3095703125,1995-05-06
"5606",0.0009765625,1995-05-07
"5607",0,1995-05-08
"5608",0,1995-05-09
"5609",0,1995-05-10
"5610",0.001953125,1995-05-11
"5611",3.2373046875,1995-05-12
"5612",0.8720703125,1995-05-13
"5613",1.8037109375,1995-05-14
"5614",0.2060546875,1995-05-15
"5615",1.013671875,1995-05-16
"5616",0,1995-05-17
"5617",0.0009765625,1995-05-18
"5618",0.0185546875,1995-05-19
"5619",0.609375,1995-05-20
"5620",0.017578125,1995-05-21
"5621",0.0205078125,1995-05-22
"5622",0,1995-05-23
"5623",0,1995-05-24
"5624",16.81640625,1995-05-25
"5625",4.3857421875,1995-05-26
"5626",0.46484375,1995-05-27
"5627",1.572265625,1995-05-28
"5628",1.865234375,1995-05-29
"5629",1.2373046875,1995-05-30
"5630",0,1995-05-31
"5631",0.0048828125,1995-06-01
"5632",0,1995-06-02
"5633",0.00390625,1995-06-03
"5634",0,1995-06-04
"5635",0.4619140625,1995-06-05
"5636",4.958984375,1995-06-06
"5637",4.96875,1995-06-07
"5638",21.994140625,1995-06-08
"5639",2.7666015625,1995-06-09
"5640",2.00390625,1995-06-10
"5641",3.4619140625,1995-06-11
"5642",0.484375,1995-06-12
"5643",1.595703125,1995-06-13
"5644",9.142578125,1995-06-14
"5645",0.4677734375,1995-06-15
"5646",0.2021484375,1995-06-16
"5647",1.439453125,1995-06-17
"5648",1.232421875,1995-06-18
"5649",0.1416015625,1995-06-19
"5650",2.85546875,1995-06-20
"5651",0.228515625,1995-06-21
"5652",0,1995-06-22
"5653",0,1995-06-23
"5654",0,1995-06-24
"5655",0.6103515625,1995-06-25
"5656",0.755859375,1995-06-26
"5657",4.8359375,1995-06-27
"5658",15.4677734375,1995-06-28
"5659",2.7587890625,1995-06-29
"5660",0.2861328125,1995-06-30
"5661",3.759765625,1995-07-01
"5662",1.982421875,1995-07-02
"5663",7.0546875,1995-07-03
"5664",0.3232421875,1995-07-04
"5665",0.025390625,1995-07-05
"5666",0.3193359375,1995-07-06
"5667",0.384765625,1995-07-07
"5668",0.0009765625,1995-07-08
"5669",0,1995-07-09
"5670",1.1015625,1995-07-10
"5671",11.19140625,1995-07-11
"5672",9.4013671875,1995-07-12
"5673",9.806640625,1995-07-13
"5674",7.203125,1995-07-14
"5675",2.609375,1995-07-15
"5676",6.8525390625,1995-07-16
"5677",7.8271484375,1995-07-17
"5678",9.369140625,1995-07-18
"5679",1.71875,1995-07-19
"5680",0.3203125,1995-07-20
"5681",12.7333984375,1995-07-21
"5682",21.0546875,1995-07-22
"5683",6.583984375,1995-07-23
"5684",0.4609375,1995-07-24
"5685",0.140625,1995-07-25
"5686",1.0498046875,1995-07-26
"5687",2.03515625,1995-07-27
"5688",6.5712890625,1995-07-28
"5689",0.3623046875,1995-07-29
"5690",2.47265625,1995-07-30
"5691",9.5498046875,1995-07-31
"5692",1.4111328125,1995-08-01
"5693",6.7236328125,1995-08-02
"5694",1.99609375,1995-08-03
"5695",0.9248046875,1995-08-04
"5696",1.568359375,1995-08-05
"5697",0.0478515625,1995-08-06
"5698",0.732421875,1995-08-07
"5699",0.5849609375,1995-08-08
"5700",0.1416015625,1995-08-09
"5701",0.001953125,1995-08-10
"5702",0.0146484375,1995-08-11
"5703",0.0009765625,1995-08-12
"5704",0,1995-08-13
"5705",0.001953125,1995-08-14
"5706",0.1826171875,1995-08-15
"5707",0.05859375,1995-08-16
"5708",0.0009765625,1995-08-17
"5709",0.015625,1995-08-18
"5710",0.041015625,1995-08-19
"5711",0.001953125,1995-08-20
"5712",0.1875,1995-08-21
"5713",0.01953125,1995-08-22
"5714",0.025390625,1995-08-23
"5715",0.2177734375,1995-08-24
"5716",9.3603515625,1995-08-25
"5717",0.2373046875,1995-08-26
"5718",0.2177734375,1995-08-27
"5719",0.0087890625,1995-08-28
"5720",0.0107421875,1995-08-29
"5721",0.07421875,1995-08-30
"5722",0.2421875,1995-08-31
"5723",1.15625,1995-09-01
"5724",0.0546875,1995-09-02
"5725",0.0009765625,1995-09-03
"5726",3.421875,1995-09-04
"5727",3.3154296875,1995-09-05
"5728",0.4609375,1995-09-06
"5729",0.0185546875,1995-09-07
"5730",0.404296875,1995-09-08
"5731",0.0986328125,1995-09-09
"5732",0.404296875,1995-09-10
"5733",0.109375,1995-09-11
"5734",0.052734375,1995-09-12
"5735",0.001953125,1995-09-13
"5736",11.5166015625,1995-09-14
"5737",0.009765625,1995-09-15
"5738",0.0390625,1995-09-16
"5739",0.0068359375,1995-09-17
"5740",0.001953125,1995-09-18
"5741",0.0791015625,1995-09-19
"5742",0.53125,1995-09-20
"5743",0.4970703125,1995-09-21
"5744",0.7275390625,1995-09-22
"5745",1.9052734375,1995-09-23
"5746",20.314453125,1995-09-24
"5747",0.5048828125,1995-09-25
"5748",0.0009765625,1995-09-26
"5749",0.0146484375,1995-09-27
"5750",0.0009765625,1995-09-28
"5751",0.0224609375,1995-09-29
"5752",0.6689453125,1995-09-30
"5753",0.28515625,1995-10-01
"5754",5.12109375,1995-10-02
"5755",1.6611328125,1995-10-03
"5756",0.0615234375,1995-10-04
"5757",0.6171875,1995-10-05
"5758",0.1240234375,1995-10-06
"5759",0.7890625,1995-10-07
"5760",0.501953125,1995-10-08
"5761",0.0146484375,1995-10-09
"5762",0.4052734375,1995-10-10
"5763",0.7646484375,1995-10-11
"5764",0.6728515625,1995-10-12
"5765",0.0859375,1995-10-13
"5766",0.2822265625,1995-10-14
"5767",0,1995-10-15
"5768",0.001953125,1995-10-16
"5769",0.005859375,1995-10-17
"5770",0.16015625,1995-10-18
"5771",0.2607421875,1995-10-19
"5772",2.3017578125,1995-10-20
"5773",2.1015625,1995-10-21
"5774",1.9169921875,1995-10-22
"5775",0.5146484375,1995-10-23
"5776",0.2861328125,1995-10-24
"5777",0.0126953125,1995-10-25
"5778",0,1995-10-26
"5779",0,1995-10-27
"5780",0.0009765625,1995-10-28
"5781",0,1995-10-29
"5782",0.0009765625,1995-10-30
"5783",0,1995-10-31
"5784",0.0078125,1995-11-01
"5785",2.5400390625,1995-11-02
"5786",0.1318359375,1995-11-03
"5787",1.80859375,1995-11-04
"5788",1.5087890625,1995-11-05
"5789",4.7890625,1995-11-06
"5790",0.05078125,1995-11-07
"5791",0,1995-11-08
"5792",0.0126953125,1995-11-09
"5793",0.548828125,1995-11-10
"5794",0.0361328125,1995-11-11
"5795",0.00390625,1995-11-12
"5796",0.005859375,1995-11-13
"5797",0.5986328125,1995-11-14
"5798",0.052734375,1995-11-15
"5799",0.0029296875,1995-11-16
"5800",0.021484375,1995-11-17
"5801",1.1416015625,1995-11-18
"5802",0.00390625,1995-11-19
"5803",0.0087890625,1995-11-20
"5804",0.03125,1995-11-21
"5805",0.0830078125,1995-11-22
"5806",0,1995-11-23
"5807",0.8046875,1995-11-24
"5808",0.00390625,1995-11-25
"5809",0.0341796875,1995-11-26
"5810",0,1995-11-27
"5811",0,1995-11-28
"5812",0,1995-11-29
"5813",0,1995-11-30
"5814",0.0498046875,1995-12-01
"5815",0,1995-12-02
"5816",0.0029296875,1995-12-03
"5817",0.3662109375,1995-12-04
"5818",1.9873046875,1995-12-05
"5819",0.46875,1995-12-06
"5820",0.0029296875,1995-12-07
"5821",0,1995-12-08
"5822",0.0107421875,1995-12-09
"5823",0.16015625,1995-12-10
"5824",0.0390625,1995-12-11
"5825",0.1083984375,1995-12-12
"5826",0.005859375,1995-12-13
"5827",0,1995-12-14
"5828",0,1995-12-15
"5829",0,1995-12-16
"5830",1.8740234375,1995-12-17
"5831",0.1630859375,1995-12-18
"5832",0.173828125,1995-12-19
"5833",0.095703125,1995-12-20
"5834",0.0029296875,1995-12-21
"5835",0,1995-12-22
"5836",0.001953125,1995-12-23
"5837",0,1995-12-24
"5838",0,1995-12-25
"5839",0,1995-12-26
"5840",0.2265625,1995-12-27
"5841",0.00390625,1995-12-28
"5842",0,1995-12-29
"5843",0,1995-12-30
"5844",1.3671875,1995-12-31
"5845",2.166015625,1996-01-01
"5846",0.1279296875,1996-01-02
"5847",0.0068359375,1996-01-03
"5848",0,1996-01-04
"5849",0,1996-01-05
"5850",0.001953125,1996-01-06
"5851",0.0009765625,1996-01-07
"5852",0.0029296875,1996-01-08
"5853",0.03515625,1996-01-09
"5854",0.068359375,1996-01-10
"5855",0.0048828125,1996-01-11
"5856",0,1996-01-12
"5857",0,1996-01-13
"5858",0,1996-01-14
"5859",0.001953125,1996-01-15
"5860",0,1996-01-16
"5861",0.0009765625,1996-01-17
"5862",0.0009765625,1996-01-18
"5863",0.0048828125,1996-01-19
"5864",0.349609375,1996-01-20
"5865",0.015625,1996-01-21
"5866",0.09375,1996-01-22
"5867",0,1996-01-23
"5868",2.8466796875,1996-01-24
"5869",5.0888671875,1996-01-25
"5870",0.314453125,1996-01-26
"5871",0.0478515625,1996-01-27
"5872",0.0185546875,1996-01-28
"5873",0.015625,1996-01-29
"5874",0.009765625,1996-01-30
"5875",0.0078125,1996-01-31
"5876",0.134765625,1996-02-01
"5877",0.314453125,1996-02-02
"5878",0.0029296875,1996-02-03
"5879",0.0029296875,1996-02-04
"5880",0.00390625,1996-02-05
"5881",0,1996-02-06
"5882",0.0029296875,1996-02-07
"5883",9.884765625,1996-02-08
"5884",0.1943359375,1996-02-09
"5885",0.1064453125,1996-02-10
"5886",0.189453125,1996-02-11
"5887",0.0078125,1996-02-12
"5888",0.001953125,1996-02-13
"5889",0,1996-02-14
"5890",0.0009765625,1996-02-15
"5891",0,1996-02-16
"5892",0,1996-02-17
"5893",0.0029296875,1996-02-18
"5894",0,1996-02-19
"5895",0,1996-02-20
"5896",0,1996-02-21
"5897",0,1996-02-22
"5898",0.01171875,1996-02-23
"5899",0,1996-02-24
"5900",0,1996-02-25
"5901",0,1996-02-26
"5902",0,1996-02-27
"5903",1.6806640625,1996-02-28
"5904",0.24609375,1996-02-29
"5905",0.072265625,1996-03-01
"5906",0.0029296875,1996-03-02
"5907",0.0009765625,1996-03-03
"5908",0.0009765625,1996-03-04
"5909",0,1996-03-05
"5910",0,1996-03-06
"5911",0,1996-03-07
"5912",0,1996-03-08
"5913",0,1996-03-09
"5914",0,1996-03-10
"5915",0,1996-03-11
"5916",0,1996-03-12
"5917",0,1996-03-13
"5918",0,1996-03-14
"5919",0.001953125,1996-03-15
"5920",9.8125,1996-03-16
"5921",0.8203125,1996-03-17
"5922",0.0302734375,1996-03-18
"5923",0.048828125,1996-03-19
"5924",0.0556640625,1996-03-20
"5925",0.2138671875,1996-03-21
"5926",0,1996-03-22
"5927",0.0009765625,1996-03-23
"5928",0,1996-03-24
"5929",0,1996-03-25
"5930",0,1996-03-26
"5931",0.06640625,1996-03-27
"5932",0,1996-03-28
"5933",2.810546875,1996-03-29
"5934",1.189453125,1996-03-30
"5935",0.0615234375,1996-03-31
"5936",0.2021484375,1996-04-01
"5937",0,1996-04-02
"5938",0.021484375,1996-04-03
"5939",0,1996-04-04
"5940",0,1996-04-05
"5941",0.0078125,1996-04-06
"5942",9.9462890625,1996-04-07
"5943",0.357421875,1996-04-08
"5944",0.30859375,1996-04-09
"5945",0.5048828125,1996-04-10
"5946",0.10546875,1996-04-11
"5947",0.0234375,1996-04-12
"5948",1.7216796875,1996-04-13
"5949",1.2490234375,1996-04-14
"5950",0.1748046875,1996-04-15
"5951",0.6005859375,1996-04-16
"5952",0.4375,1996-04-17
"5953",0.0732421875,1996-04-18
"5954",0.375,1996-04-19
"5955",0,1996-04-20
"5956",1.2490234375,1996-04-21
"5957",0.0576171875,1996-04-22
"5958",0.00390625,1996-04-23
"5959",0.173828125,1996-04-24
"5960",2.650390625,1996-04-25
"5961",1.8154296875,1996-04-26
"5962",1.248046875,1996-04-27
"5963",0,1996-04-28
"5964",0,1996-04-29
"5965",0.001953125,1996-04-30
"5966",0,1996-05-01
"5967",0,1996-05-02
"5968",0.037109375,1996-05-03
"5969",0.009765625,1996-05-04
"5970",0.0048828125,1996-05-05
"5971",0,1996-05-06
"5972",0.009765625,1996-05-07
"5973",0.00390625,1996-05-08
"5974",0,1996-05-09
"5975",0.015625,1996-05-10
"5976",0.84765625,1996-05-11
"5977",26.0810546875,1996-05-12
"5978",0.3125,1996-05-13
"5979",0.0224609375,1996-05-14
"5980",0.0009765625,1996-05-15
"5981",0,1996-05-16
"5982",0,1996-05-17
"5983",0.287109375,1996-05-18
"5984",1.515625,1996-05-19
"5985",0.236328125,1996-05-20
"5986",0.6650390625,1996-05-21
"5987",1.431640625,1996-05-22
"5988",1.6640625,1996-05-23
"5989",1.0419921875,1996-05-24
"5990",0.205078125,1996-05-25
"5991",0.095703125,1996-05-26
"5992",0.015625,1996-05-27
"5993",0.0947265625,1996-05-28
"5994",0.6884765625,1996-05-29
"5995",0.0078125,1996-05-30
"5996",0.095703125,1996-05-31
"5997",7.919921875,1996-06-01
"5998",2.017578125,1996-06-02
"5999",9.7841796875,1996-06-03
"6000",5.583984375,1996-06-04
"6001",0.54296875,1996-06-05
"6002",4.65234375,1996-06-06
"6003",3.5283203125,1996-06-07
"6004",0.32421875,1996-06-08
"6005",0.142578125,1996-06-09
"6006",0.0234375,1996-06-10
"6007",0.0263671875,1996-06-11
"6008",0.015625,1996-06-12
"6009",0.0009765625,1996-06-13
"6010",0,1996-06-14
"6011",0.005859375,1996-06-15
"6012",0.0107421875,1996-06-16
"6013",4.724609375,1996-06-17
"6014",4.91015625,1996-06-18
"6015",4.486328125,1996-06-19
"6016",0.076171875,1996-06-20
"6017",0.0263671875,1996-06-21
"6018",6.4951171875,1996-06-22
"6019",14.41015625,1996-06-23
"6020",2.1240234375,1996-06-24
"6021",1.123046875,1996-06-25
"6022",13.6943359375,1996-06-26
"6023",2.3740234375,1996-06-27
"6024",1.28515625,1996-06-28
"6025",12.025390625,1996-06-29
"6026",0.203125,1996-06-30
"6027",2.0126953125,1996-07-01
"6028",1.0400390625,1996-07-02
"6029",0.1513671875,1996-07-03
"6030",10.9931640625,1996-07-04
"6031",6.3447265625,1996-07-05
"6032",4.1474609375,1996-07-06
"6033",0.73046875,1996-07-07
"6034",0.11328125,1996-07-08
"6035",0.5869140625,1996-07-09
"6036",4.51171875,1996-07-10
"6037",6.52734375,1996-07-11
"6038",4.873046875,1996-07-12
"6039",1.45703125,1996-07-13
"6040",1.662109375,1996-07-14
"6041",3.8388671875,1996-07-15
"6042",0.0263671875,1996-07-16
"6043",8.328125,1996-07-17
"6044",0.0830078125,1996-07-18
"6045",7.10546875,1996-07-19
"6046",14.7021484375,1996-07-20
"6047",1.1484375,1996-07-21
"6048",1.861328125,1996-07-22
"6049",0.4052734375,1996-07-23
"6050",4.9140625,1996-07-24
"6051",0.02734375,1996-07-25
"6052",1.5849609375,1996-07-26
"6053",0.021484375,1996-07-27
"6054",0.00390625,1996-07-28
"6055",5.0791015625,1996-07-29
"6056",0.248046875,1996-07-30
"6057",12.2919921875,1996-07-31
"6058",4.751953125,1996-08-01
"6059",5.5654296875,1996-08-02
"6060",5.6728515625,1996-08-03
"6061",10.515625,1996-08-04
"6062",2.265625,1996-08-05
"6063",2.8857421875,1996-08-06
"6064",2.96484375,1996-08-07
"6065",2.2587890625,1996-08-08
"6066",0.095703125,1996-08-09
"6067",0.4599609375,1996-08-10
"6068",0.025390625,1996-08-11
"6069",0.021484375,1996-08-12
"6070",0.1240234375,1996-08-13
"6071",4.767578125,1996-08-14
"6072",0.1953125,1996-08-15
"6073",2.45703125,1996-08-16
"6074",4.0341796875,1996-08-17
"6075",1.4033203125,1996-08-18
"6076",2.6201171875,1996-08-19
"6077",0.0615234375,1996-08-20
"6078",0,1996-08-21
"6079",5.8095703125,1996-08-22
"6080",2.615234375,1996-08-23
"6081",2.0224609375,1996-08-24
"6082",0,1996-08-25
"6083",0,1996-08-26
"6084",16.75390625,1996-08-27
"6085",0.6748046875,1996-08-28
"6086",0,1996-08-29
"6087",0.12109375,1996-08-30
"6088",0,1996-08-31
"6089",0.001953125,1996-09-01
"6090",5.1181640625,1996-09-02
"6091",0.6396484375,1996-09-03
"6092",0.1669921875,1996-09-04
"6093",0.291015625,1996-09-05
"6094",0,1996-09-06
"6095",0,1996-09-07
"6096",0.4375,1996-09-08
"6097",0.8115234375,1996-09-09
"6098",0.01953125,1996-09-10
"6099",0,1996-09-11
"6100",6.3310546875,1996-09-12
"6101",3.6474609375,1996-09-13
"6102",1.1201171875,1996-09-14
"6103",0,1996-09-15
"6104",0,1996-09-16
"6105",0.16015625,1996-09-17
"6106",0,1996-09-18
"6107",2.9541015625,1996-09-19
"6108",7.57421875,1996-09-20
"6109",4.6318359375,1996-09-21
"6110",0.0009765625,1996-09-22
"6111",5.498046875,1996-09-23
"6112",8.1796875,1996-09-24
"6113",0.197265625,1996-09-25
"6114",4.2861328125,1996-09-26
"6115",0.0908203125,1996-09-27
"6116",11.32421875,1996-09-28
"6117",13.6044921875,1996-09-29
"6118",6.9443359375,1996-09-30
"6119",2.7216796875,1996-10-01
"6120",4.2490234375,1996-10-02
"6121",0.7548828125,1996-10-03
"6122",0.07421875,1996-10-04
"6123",0,1996-10-05
"6124",0,1996-10-06
"6125",0,1996-10-07
"6126",0,1996-10-08
"6127",0,1996-10-09
"6128",0,1996-10-10
"6129",0,1996-10-11
"6130",0.3671875,1996-10-12
"6131",0,1996-10-13
"6132",0.0048828125,1996-10-14
"6133",0.0654296875,1996-10-15
"6134",3.6123046875,1996-10-16
"6135",0.048828125,1996-10-17
"6136",0.00390625,1996-10-18
"6137",2.7587890625,1996-10-19
"6138",0.1201171875,1996-10-20
"6139",0,1996-10-21
"6140",0,1996-10-22
"6141",0,1996-10-23
"6142",0,1996-10-24
"6143",6.5263671875,1996-10-25
"6144",0,1996-10-26
"6145",0.0009765625,1996-10-27
"6146",0,1996-10-28
"6147",0.025390625,1996-10-29
"6148",0.083984375,1996-10-30
"6149",0,1996-10-31
"6150",0,1996-11-01
"6151",0,1996-11-02
"6152",0.029296875,1996-11-03
"6153",0.0126953125,1996-11-04
"6154",0,1996-11-05
"6155",0,1996-11-06
"6156",0,1996-11-07
"6157",0,1996-11-08
"6158",0,1996-11-09
"6159",0,1996-11-10
"6160",0,1996-11-11
"6161",0,1996-11-12
"6162",0.017578125,1996-11-13
"6163",0.8955078125,1996-11-14
"6164",0,1996-11-15
"6165",0.033203125,1996-11-16
"6166",3.6826171875,1996-11-17
"6167",0.5830078125,1996-11-18
"6168",0,1996-11-19
"6169",0,1996-11-20
"6170",0,1996-11-21
"6171",0.029296875,1996-11-22
"6172",0,1996-11-23
"6173",0,1996-11-24
"6174",0,1996-11-25
"6175",0.00390625,1996-11-26
"6176",0.0390625,1996-11-27
"6177",0,1996-11-28
"6178",0.0009765625,1996-11-29
"6179",0.408203125,1996-11-30
"6180",1.189453125,1996-12-01
"6181",0.0126953125,1996-12-02
"6182",0,1996-12-03
"6183",0,1996-12-04
"6184",0,1996-12-05
"6185",6.0263671875,1996-12-06
"6186",0.4599609375,1996-12-07
"6187",0.1337890625,1996-12-08
"6188",0.388671875,1996-12-09
"6189",0,1996-12-10
"6190",0,1996-12-11
"6191",0.0009765625,1996-12-12
"6192",0,1996-12-13
"6193",0,1996-12-14
"6194",1.1044921875,1996-12-15
"6195",0.0078125,1996-12-16
"6196",0,1996-12-17
"6197",0,1996-12-18
"6198",0,1996-12-19
"6199",0,1996-12-20
"6200",0,1996-12-21
"6201",0.001953125,1996-12-22
"6202",0.021484375,1996-12-23
"6203",0,1996-12-24
"6204",0.0283203125,1996-12-25
"6205",0,1996-12-26
"6206",0,1996-12-27
"6207",0,1996-12-28
"6208",0,1996-12-29
"6209",0,1996-12-30
"6210",0,1996-12-31
"6211",0,1997-01-01
"6212",0.0009765625,1997-01-02
"6213",0,1997-01-03
"6214",0,1997-01-04
"6215",0,1997-01-05
"6216",0,1997-01-06
"6217",0,1997-01-07
"6218",0,1997-01-08
"6219",0,1997-01-09
"6220",0,1997-01-10
"6221",0,1997-01-11
"6222",0,1997-01-12
"6223",0,1997-01-13
"6224",3.6181640625,1997-01-14
"6225",13.443359375,1997-01-15
"6226",0,1997-01-16
"6227",0,1997-01-17
"6228",0,1997-01-18
"6229",0,1997-01-19
"6230",0,1997-01-20
"6231",0.849609375,1997-01-21
"6232",16.0244140625,1997-01-22
"6233",0,1997-01-23
"6234",0,1997-01-24
"6235",0,1997-01-25
"6236",0,1997-01-26
"6237",2.5068359375,1997-01-27
"6238",0.0625,1997-01-28
"6239",0,1997-01-29
"6240",0,1997-01-30
"6241",0,1997-01-31
"6242",0,1997-02-01
"6243",0,1997-02-02
"6244",0.0029296875,1997-02-03
"6245",0,1997-02-04
"6246",0,1997-02-05
"6247",1.259765625,1997-02-06
"6248",7.4072265625,1997-02-07
"6249",0.1513671875,1997-02-08
"6250",2.103515625,1997-02-09
"6251",1.291015625,1997-02-10
"6252",0.0009765625,1997-02-11
"6253",0,1997-02-12
"6254",0.0009765625,1997-02-13
"6255",0,1997-02-14
"6256",0,1997-02-15
"6257",0,1997-02-16
"6258",0,1997-02-17
"6259",0,1997-02-18
"6260",0,1997-02-19
"6261",0,1997-02-20
"6262",0,1997-02-21
"6263",0,1997-02-22
"6264",0.0263671875,1997-02-23
"6265",0.6435546875,1997-02-24
"6266",0.0009765625,1997-02-25
"6267",0,1997-02-26
"6268",0.005859375,1997-02-27
"6269",0,1997-02-28
"6270",0.2158203125,1997-03-01
"6271",1.1328125,1997-03-02
"6272",0,1997-03-03
"6273",0.001953125,1997-03-04
"6274",0,1997-03-05
"6275",0.0029296875,1997-03-06
"6276",0.0029296875,1997-03-07
"6277",0.0009765625,1997-03-08
"6278",0,1997-03-09
"6279",0,1997-03-10
"6280",0,1997-03-11
"6281",0.265625,1997-03-12
"6282",0.001953125,1997-03-13
"6283",0.013671875,1997-03-14
"6284",0.0126953125,1997-03-15
"6285",0.01171875,1997-03-16
"6286",0.00390625,1997-03-17
"6287",0.232421875,1997-03-18
"6288",0.3173828125,1997-03-19
"6289",0.0615234375,1997-03-20
"6290",0.2685546875,1997-03-21
"6291",0.0458984375,1997-03-22
"6292",0.37109375,1997-03-23
"6293",0.0302734375,1997-03-24
"6294",0.0009765625,1997-03-25
"6295",0.001953125,1997-03-26
"6296",0.009765625,1997-03-27
"6297",0,1997-03-28
"6298",0,1997-03-29
"6299",0,1997-03-30
"6300",0,1997-03-31
"6301",0,1997-04-01
"6302",0.1904296875,1997-04-02
"6303",0.0654296875,1997-04-03
"6304",0.2529296875,1997-04-04
"6305",0.5400390625,1997-04-05
"6306",0.4619140625,1997-04-06
"6307",0.2451171875,1997-04-07
"6308",0,1997-04-08
"6309",0.001953125,1997-04-09
"6310",0,1997-04-10
"6311",0,1997-04-11
"6312",0.072265625,1997-04-12
"6313",0.072265625,1997-04-13
"6314",0,1997-04-14
"6315",0.0009765625,1997-04-15
"6316",0.0068359375,1997-04-16
"6317",0,1997-04-17
"6318",0.095703125,1997-04-18
"6319",0.4931640625,1997-04-19
"6320",0.0732421875,1997-04-20
"6321",0,1997-04-21
"6322",0.033203125,1997-04-22
"6323",0.1826171875,1997-04-23
"6324",0.359375,1997-04-24
"6325",0.00390625,1997-04-25
"6326",0.005859375,1997-04-26
"6327",0.0048828125,1997-04-27
"6328",0.001953125,1997-04-28
"6329",0.017578125,1997-04-29
"6330",0.0859375,1997-04-30
"6331",3.623046875,1997-05-01
"6332",4.4892578125,1997-05-02
"6333",14.2431640625,1997-05-03
"6334",1.05078125,1997-05-04
"6335",0,1997-05-05
"6336",1.4501953125,1997-05-06
"6337",2.4404296875,1997-05-07
"6338",0.0341796875,1997-05-08
"6339",0.806640625,1997-05-09
"6340",0.0126953125,1997-05-10
"6341",0,1997-05-11
"6342",0.0126953125,1997-05-12
"6343",0,1997-05-13
"6344",0,1997-05-14
"6345",0.0009765625,1997-05-15
"6346",0,1997-05-16
"6347",0,1997-05-17
"6348",15.826171875,1997-05-18
"6349",0,1997-05-19
"6350",0.0361328125,1997-05-20
"6351",8.8759765625,1997-05-21
"6352",0.0986328125,1997-05-22
"6353",0.234375,1997-05-23
"6354",0.025390625,1997-05-24
"6355",0.044921875,1997-05-25
"6356",9.7978515625,1997-05-26
"6357",2.27734375,1997-05-27
"6358",3.966796875,1997-05-28
"6359",2.892578125,1997-05-29
"6360",1.52734375,1997-05-30
"6361",0.8115234375,1997-05-31
"6362",0.013671875,1997-06-01
"6363",0,1997-06-02
"6364",0.01953125,1997-06-03
"6365",0,1997-06-04
"6366",0.9443359375,1997-06-05
"6367",17.8583984375,1997-06-06
"6368",0.029296875,1997-06-07
"6369",1.7822265625,1997-06-08
"6370",0.001953125,1997-06-09
"6371",1.16796875,1997-06-10
"6372",0.1845703125,1997-06-11
"6373",5.1240234375,1997-06-12
"6374",18.900390625,1997-06-13
"6375",2.609375,1997-06-14
"6376",1.41015625,1997-06-15
"6377",0,1997-06-16
"6378",0.7197265625,1997-06-17
"6379",0.427734375,1997-06-18
"6380",0,1997-06-19
"6381",0.0712890625,1997-06-20
"6382",0,1997-06-21
"6383",7.3662109375,1997-06-22
"6384",1.5908203125,1997-06-23
"6385",4.88671875,1997-06-24
"6386",2.1083984375,1997-06-25
"6387",0.806640625,1997-06-26
"6388",0.0712890625,1997-06-27
"6389",0.5869140625,1997-06-28
"6390",0.0341796875,1997-06-29
"6391",0.0380859375,1997-06-30
"6392",1.099609375,1997-07-01
"6393",0.095703125,1997-07-02
"6394",0.150390625,1997-07-03
"6395",0,1997-07-04
"6396",0,1997-07-05
"6397",0,1997-07-06
"6398",0,1997-07-07
"6399",1.5732421875,1997-07-08
"6400",5.6171875,1997-07-09
"6401",1.537109375,1997-07-10
"6402",2.7275390625,1997-07-11
"6403",3.23046875,1997-07-12
"6404",0.5322265625,1997-07-13
"6405",0,1997-07-14
"6406",10.7861328125,1997-07-15
"6407",1.9072265625,1997-07-16
"6408",0.9384765625,1997-07-17
"6409",0.001953125,1997-07-18
"6410",0.0009765625,1997-07-19
"6411",0.0087890625,1997-07-20
"6412",0,1997-07-21
"6413",0.08203125,1997-07-22
"6414",0,1997-07-23
"6415",0.2412109375,1997-07-24
"6416",0,1997-07-25
"6417",3.11328125,1997-07-26
"6418",1.30078125,1997-07-27
"6419",1.2958984375,1997-07-28
"6420",0,1997-07-29
"6421",0,1997-07-30
"6422",0.0205078125,1997-07-31
"6423",0,1997-08-01
"6424",0.0009765625,1997-08-02
"6425",0,1997-08-03
"6426",0.001953125,1997-08-04
"6427",0,1997-08-05
"6428",3.33203125,1997-08-06
"6429",13.173828125,1997-08-07
"6430",8.0205078125,1997-08-08
"6431",1.2646484375,1997-08-09
"6432",0.2216796875,1997-08-10
"6433",10.251953125,1997-08-11
"6434",2.0576171875,1997-08-12
"6435",1.4443359375,1997-08-13
"6436",1.8671875,1997-08-14
"6437",0,1997-08-15
"6438",0.060546875,1997-08-16
"6439",4.27734375,1997-08-17
"6440",3.1630859375,1997-08-18
"6441",0.12109375,1997-08-19
"6442",0.2021484375,1997-08-20
"6443",0.0986328125,1997-08-21
"6444",0,1997-08-22
"6445",3.5419921875,1997-08-23
"6446",1.919921875,1997-08-24
"6447",1.5673828125,1997-08-25
"6448",2.5556640625,1997-08-26
"6449",1.7607421875,1997-08-27
"6450",3.166015625,1997-08-28
"6451",0.9765625,1997-08-29
"6452",15.0634765625,1997-08-30
"6453",3.3125,1997-08-31
"6454",1.0751953125,1997-09-01
"6455",7.3427734375,1997-09-02
"6456",1.095703125,1997-09-03
"6457",2.2353515625,1997-09-04
"6458",3.08984375,1997-09-05
"6459",0.5908203125,1997-09-06
"6460",7.7021484375,1997-09-07
"6461",3.314453125,1997-09-08
"6462",0.427734375,1997-09-09
"6463",0.0751953125,1997-09-10
"6464",0.0712890625,1997-09-11
"6465",0,1997-09-12
"6466",2.353515625,1997-09-13
"6467",19.40234375,1997-09-14
"6468",2.1259765625,1997-09-15
"6469",0.0693359375,1997-09-16
"6470",0,1997-09-17
"6471",0.05859375,1997-09-18
"6472",24.4892578125,1997-09-19
"6473",0.3603515625,1997-09-20
"6474",0.08984375,1997-09-21
"6475",0.7294921875,1997-09-22
"6476",0.0537109375,1997-09-23
"6477",0,1997-09-24
"6478",0.5234375,1997-09-25
"6479",12.28515625,1997-09-26
"6480",0.5234375,1997-09-27
"6481",1.0126953125,1997-09-28
"6482",0,1997-09-29
"6483",0,1997-09-30
"6484",0,1997-10-01
"6485",0,1997-10-02
"6486",0.3486328125,1997-10-03
"6487",0.037109375,1997-10-04
"6488",0.060546875,1997-10-05
"6489",2.5810546875,1997-10-06
"6490",0,1997-10-07
"6491",0,1997-10-08
"6492",0,1997-10-09
"6493",0,1997-10-10
"6494",0.42578125,1997-10-11
"6495",0.078125,1997-10-12
"6496",0.494140625,1997-10-13
"6497",0.373046875,1997-10-14
"6498",0,1997-10-15
"6499",0.0498046875,1997-10-16
"6500",0.0126953125,1997-10-17
"6501",0,1997-10-18
"6502",0,1997-10-19
"6503",0,1997-10-20
"6504",0,1997-10-21
"6505",0.037109375,1997-10-22
"6506",0.0009765625,1997-10-23
"6507",0,1997-10-24
"6508",0,1997-10-25
"6509",0.15234375,1997-10-26
"6510",0.3251953125,1997-10-27
"6511",0,1997-10-28
"6512",2.2783203125,1997-10-29
"6513",0,1997-10-30
"6514",18.9404296875,1997-10-31
"6515",2.6611328125,1997-11-01
"6516",0.63671875,1997-11-02
"6517",0.9970703125,1997-11-03
"6518",0.1357421875,1997-11-04
"6519",0,1997-11-05
"6520",0,1997-11-06
"6521",0,1997-11-07
"6522",0,1997-11-08
"6523",0,1997-11-09
"6524",4.9912109375,1997-11-10
"6525",0,1997-11-11
"6526",0.3720703125,1997-11-12
"6527",0,1997-11-13
"6528",10.1630859375,1997-11-14
"6529",0.8076171875,1997-11-15
"6530",0,1997-11-16
"6531",0.0927734375,1997-11-17
"6532",0.240234375,1997-11-18
"6533",0,1997-11-19
"6534",0,1997-11-20
"6535",0.0009765625,1997-11-21
"6536",0,1997-11-22
"6537",0,1997-11-23
"6538",0,1997-11-24
"6539",0,1997-11-25
"6540",0,1997-11-26
"6541",0.7470703125,1997-11-27
"6542",0.0341796875,1997-11-28
"6543",0.349609375,1997-11-29
"6544",0.08984375,1997-11-30
"6545",0.0009765625,1997-12-01
"6546",0.001953125,1997-12-02
"6547",0,1997-12-03
"6548",0.0068359375,1997-12-04
"6549",4.41796875,1997-12-05
"6550",0.07421875,1997-12-06
"6551",0.0263671875,1997-12-07
"6552",6.439453125,1997-12-08
"6553",19.5283203125,1997-12-09
"6554",0,1997-12-10
"6555",0,1997-12-11
"6556",0,1997-12-12
"6557",0.03125,1997-12-13
"6558",0.001953125,1997-12-14
"6559",0.216796875,1997-12-15
"6560",0,1997-12-16
"6561",0,1997-12-17
"6562",0,1997-12-18
"6563",0.1064453125,1997-12-19
"6564",0.0009765625,1997-12-20
"6565",0,1997-12-21
"6566",0.455078125,1997-12-22
"6567",0,1997-12-23
"6568",0,1997-12-24
"6569",0,1997-12-25
"6570",0,1997-12-26
"6571",0,1997-12-27
"6572",0.0009765625,1997-12-28
"6573",0,1997-12-29
"6574",0,1997-12-30
"6575",0.0009765625,1997-12-31
"6576",0,1998-01-01
"6577",0.025390625,1998-01-02
"6578",0.0009765625,1998-01-03
"6579",0,1998-01-04
"6580",0,1998-01-05
"6581",0,1998-01-06
"6582",0.3603515625,1998-01-07
"6583",0,1998-01-08
"6584",0,1998-01-09
"6585",0,1998-01-10
"6586",0,1998-01-11
"6587",0,1998-01-12
"6588",0,1998-01-13
"6589",0,1998-01-14
"6590",0.0087890625,1998-01-15
"6591",0.0244140625,1998-01-16
"6592",0,1998-01-17
"6593",0,1998-01-18
"6594",0,1998-01-19
"6595",0,1998-01-20
"6596",0,1998-01-21
"6597",0,1998-01-22
"6598",0,1998-01-23
"6599",4.4267578125,1998-01-24
"6600",0.0537109375,1998-01-25
"6601",0,1998-01-26
"6602",0,1998-01-27
"6603",0.2119140625,1998-01-28
"6604",0,1998-01-29
"6605",0.0029296875,1998-01-30
"6606",0,1998-01-31
"6607",0,1998-02-01
"6608",0.134765625,1998-02-02
"6609",0,1998-02-03
"6610",0,1998-02-04
"6611",0,1998-02-05
"6612",0,1998-02-06
"6613",2.2431640625,1998-02-07
"6614",4.1611328125,1998-02-08
"6615",0,1998-02-09
"6616",0.0009765625,1998-02-10
"6617",0,1998-02-11
"6618",0.052734375,1998-02-12
"6619",0,1998-02-13
"6620",0,1998-02-14
"6621",0.08984375,1998-02-15
"6622",2.0986328125,1998-02-16
"6623",0.0517578125,1998-02-17
"6624",0,1998-02-18
"6625",0,1998-02-19
"6626",0.1376953125,1998-02-20
"6627",0,1998-02-21
"6628",0,1998-02-22
"6629",0,1998-02-23
"6630",0,1998-02-24
"6631",0,1998-02-25
"6632",0,1998-02-26
"6633",0,1998-02-27
"6634",0,1998-02-28
"6635",0,1998-03-01
"6636",0,1998-03-02
"6637",0.00390625,1998-03-03
"6638",0.001953125,1998-03-04
"6639",0.0009765625,1998-03-05
"6640",0.005859375,1998-03-06
"6641",0.11328125,1998-03-07
"6642",0.001953125,1998-03-08
"6643",0,1998-03-09
"6644",0.0009765625,1998-03-10
"6645",0.0166015625,1998-03-11
"6646",0.001953125,1998-03-12
"6647",0.0048828125,1998-03-13
"6648",1.7021484375,1998-03-14
"6649",0,1998-03-15
"6650",0,1998-03-16
"6651",0,1998-03-17
"6652",0.0009765625,1998-03-18
"6653",0,1998-03-19
"6654",0.083984375,1998-03-20
"6655",0,1998-03-21
"6656",0,1998-03-22
"6657",5.72265625,1998-03-23
"6658",0.025390625,1998-03-24
"6659",0.0009765625,1998-03-25
"6660",0.0009765625,1998-03-26
"6661",0.0009765625,1998-03-27
"6662",0.0927734375,1998-03-28
"6663",0.205078125,1998-03-29
"6664",0,1998-03-30
"6665",0.2587890625,1998-03-31
"6666",0.251953125,1998-04-01
"6667",0,1998-04-02
"6668",0,1998-04-03
"6669",0,1998-04-04
"6670",0,1998-04-05
"6671",0,1998-04-06
"6672",0.0087890625,1998-04-07
"6673",0.4697265625,1998-04-08
"6674",0.6962890625,1998-04-09
"6675",0,1998-04-10
"6676",0.21484375,1998-04-11
"6677",26.921875,1998-04-12
"6678",1.63671875,1998-04-13
"6679",0,1998-04-14
"6680",0,1998-04-15
"6681",0,1998-04-16
"6682",0,1998-04-17
"6683",0,1998-04-18
"6684",3.01953125,1998-04-19
"6685",23.0146484375,1998-04-20
"6686",1.423828125,1998-04-21
"6687",0,1998-04-22
"6688",0,1998-04-23
"6689",0.09765625,1998-04-24
"6690",9.330078125,1998-04-25
"6691",0.9638671875,1998-04-26
"6692",0,1998-04-27
"6693",1.259765625,1998-04-28
"6694",0.322265625,1998-04-29
"6695",1.1953125,1998-04-30
"6696",1.046875,1998-05-01
"6697",0,1998-05-02
"6698",0.00390625,1998-05-03
"6699",0.0703125,1998-05-04
"6700",1.30859375,1998-05-05
"6701",0,1998-05-06
"6702",0.115234375,1998-05-07
"6703",1.580078125,1998-05-08
"6704",0.1376953125,1998-05-09
"6705",0,1998-05-10
"6706",0.9521484375,1998-05-11
"6707",3.197265625,1998-05-12
"6708",1.4658203125,1998-05-13
"6709",0,1998-05-14
"6710",0,1998-05-15
"6711",0.7734375,1998-05-16
"6712",0.2080078125,1998-05-17
"6713",0.0341796875,1998-05-18
"6714",2.994140625,1998-05-19
"6715",8.6240234375,1998-05-20
"6716",0,1998-05-21
"6717",15.1787109375,1998-05-22
"6718",1.31640625,1998-05-23
"6719",1.1376953125,1998-05-24
"6720",0.9658203125,1998-05-25
"6721",0.263671875,1998-05-26
"6722",0,1998-05-27
"6723",0,1998-05-28
"6724",0,1998-05-29
"6725",0.0771484375,1998-05-30
"6726",0.341796875,1998-05-31
"6727",0,1998-06-01
"6728",0.44921875,1998-06-02
"6729",0.9912109375,1998-06-03
"6730",0.1875,1998-06-04
"6731",3.2138671875,1998-06-05
"6732",10.0048828125,1998-06-06
"6733",1.0986328125,1998-06-07
"6734",0.1181640625,1998-06-08
"6735",0,1998-06-09
"6736",0.498046875,1998-06-10
"6737",1.1728515625,1998-06-11
"6738",19.4296875,1998-06-12
"6739",1.349609375,1998-06-13
"6740",0.2998046875,1998-06-14
"6741",3.193359375,1998-06-15
"6742",0.6357421875,1998-06-16
"6743",0,1998-06-17
"6744",0,1998-06-18
"6745",0,1998-06-19
"6746",5.2060546875,1998-06-20
"6747",18.8193359375,1998-06-21
"6748",1.748046875,1998-06-22
"6749",1.966796875,1998-06-23
"6750",2.712890625,1998-06-24
"6751",0.669921875,1998-06-25
"6752",0.4423828125,1998-06-26
"6753",0.072265625,1998-06-27
"6754",7.541015625,1998-06-28
"6755",2.810546875,1998-06-29
"6756",4.8623046875,1998-06-30
"6757",0,1998-07-01
"6758",0.26171875,1998-07-02
"6759",0,1998-07-03
"6760",0,1998-07-04
"6761",1.095703125,1998-07-05
"6762",7.7060546875,1998-07-06
"6763",1.474609375,1998-07-07
"6764",4.095703125,1998-07-08
"6765",5.369140625,1998-07-09
"6766",0.091796875,1998-07-10
"6767",0.04296875,1998-07-11
"6768",0,1998-07-12
"6769",0,1998-07-13
"6770",0,1998-07-14
"6771",0,1998-07-15
"6772",0,1998-07-16
"6773",2.83203125,1998-07-17
"6774",0.0927734375,1998-07-18
"6775",0.0732421875,1998-07-19
"6776",3.458984375,1998-07-20
"6777",2.6494140625,1998-07-21
"6778",0.353515625,1998-07-22
"6779",0.63671875,1998-07-23
"6780",0,1998-07-24
"6781",0,1998-07-25
"6782",0.06640625,1998-07-26
"6783",3.865234375,1998-07-27
"6784",21.7958984375,1998-07-28
"6785",9.1484375,1998-07-29
"6786",4.6875,1998-07-30
"6787",2.5,1998-07-31
"6788",0.0048828125,1998-08-01
"6789",3.361328125,1998-08-02
"6790",2.2744140625,1998-08-03
"6791",0.06640625,1998-08-04
"6792",0.0712890625,1998-08-05
"6793",0,1998-08-06
"6794",3.3779296875,1998-08-07
"6795",0.025390625,1998-08-08
"6796",1.9619140625,1998-08-09
"6797",0.5205078125,1998-08-10
"6798",0,1998-08-11
"6799",1.09765625,1998-08-12
"6800",1.146484375,1998-08-13
"6801",1.3466796875,1998-08-14
"6802",1.306640625,1998-08-15
"6803",0,1998-08-16
"6804",0,1998-08-17
"6805",0.39453125,1998-08-18
"6806",0,1998-08-19
"6807",0.1572265625,1998-08-20
"6808",21.8935546875,1998-08-21
"6809",2.060546875,1998-08-22
"6810",3.8671875,1998-08-23
"6811",0.197265625,1998-08-24
"6812",9.3857421875,1998-08-25
"6813",2.21484375,1998-08-26
"6814",0,1998-08-27
"6815",0.1044921875,1998-08-28
"6816",0.15234375,1998-08-29
"6817",0.0009765625,1998-08-30
"6818",0,1998-08-31
"6819",0,1998-09-01
"6820",0.0439453125,1998-09-02
"6821",4.779296875,1998-09-03
"6822",0.1220703125,1998-09-04
"6823",6.9072265625,1998-09-05
"6824",0.671875,1998-09-06
"6825",0.3154296875,1998-09-07
"6826",0,1998-09-08
"6827",0,1998-09-09
"6828",0,1998-09-10
"6829",0,1998-09-11
"6830",5.5322265625,1998-09-12
"6831",1.4677734375,1998-09-13
"6832",0.779296875,1998-09-14
"6833",1.68359375,1998-09-15
"6834",1.8583984375,1998-09-16
"6835",1.052734375,1998-09-17
"6836",0,1998-09-18
"6837",0.267578125,1998-09-19
"6838",0,1998-09-20
"6839",0,1998-09-21
"6840",0.3505859375,1998-09-22
"6841",0,1998-09-23
"6842",4.203125,1998-09-24
"6843",0,1998-09-25
"6844",0.0009765625,1998-09-26
"6845",0,1998-09-27
"6846",2.5810546875,1998-09-28
"6847",0.1328125,1998-09-29
"6848",0,1998-09-30
"6849",0.017578125,1998-10-01
"6850",0,1998-10-02
"6851",0.552734375,1998-10-03
"6852",0,1998-10-04
"6853",0.15234375,1998-10-05
"6854",10.0654296875,1998-10-06
"6855",1.5166015625,1998-10-07
"6856",0.708984375,1998-10-08
"6857",2.9306640625,1998-10-09
"6858",0.2548828125,1998-10-10
"6859",0.009765625,1998-10-11
"6860",0.365234375,1998-10-12
"6861",0.943359375,1998-10-13
"6862",0,1998-10-14
"6863",0.0576171875,1998-10-15
"6864",0,1998-10-16
"6865",0,1998-10-17
"6866",0.0302734375,1998-10-18
"6867",2.4462890625,1998-10-19
"6868",1.216796875,1998-10-20
"6869",0.5087890625,1998-10-21
"6870",0.046875,1998-10-22
"6871",0.0029296875,1998-10-23
"6872",0,1998-10-24
"6873",0,1998-10-25
"6874",0.0947265625,1998-10-26
"6875",1.6083984375,1998-10-27
"6876",0,1998-10-28
"6877",0,1998-10-29
"6878",0,1998-10-30
"6879",0,1998-10-31
"6880",0,1998-11-01
"6881",0,1998-11-02
"6882",0.0078125,1998-11-03
"6883",0,1998-11-04
"6884",0.3076171875,1998-11-05
"6885",0,1998-11-06
"6886",0.6826171875,1998-11-07
"6887",0,1998-11-08
"6888",0,1998-11-09
"6889",0.09375,1998-11-10
"6890",22.5556640625,1998-11-11
"6891",2.5478515625,1998-11-12
"6892",0.001953125,1998-11-13
"6893",0.0341796875,1998-11-14
"6894",0.7880859375,1998-11-15
"6895",0,1998-11-16
"6896",0,1998-11-17
"6897",0.03515625,1998-11-18
"6898",0,1998-11-19
"6899",0,1998-11-20
"6900",0,1998-11-21
"6901",0,1998-11-22
"6902",0,1998-11-23
"6903",0,1998-11-24
"6904",0,1998-11-25
"6905",0,1998-11-26
"6906",0.0869140625,1998-11-27
"6907",0.0029296875,1998-11-28
"6908",0,1998-11-29
"6909",0.0244140625,1998-11-30
"6910",0,1998-12-01
"6911",0,1998-12-02
"6912",0,1998-12-03
"6913",0.1953125,1998-12-04
"6914",0,1998-12-05
"6915",0,1998-12-06
"6916",0,1998-12-07
"6917",0,1998-12-08
"6918",0,1998-12-09
"6919",0,1998-12-10
"6920",0,1998-12-11
"6921",2.267578125,1998-12-12
"6922",1.5849609375,1998-12-13
"6923",0,1998-12-14
"6924",0.5546875,1998-12-15
"6925",0,1998-12-16
"6926",0,1998-12-17
"6927",0,1998-12-18
"6928",0.005859375,1998-12-19
"6929",9.296875,1998-12-20
"6930",0,1998-12-21
"6931",0.3544921875,1998-12-22
"6932",0.0009765625,1998-12-23
"6933",0,1998-12-24
"6934",0,1998-12-25
"6935",0.1689453125,1998-12-26
"6936",0.015625,1998-12-27
"6937",0,1998-12-28
"6938",0,1998-12-29
"6939",0.0048828125,1998-12-30
"6940",0,1998-12-31
"6941",0,1999-01-01
"6942",0,1999-01-02
"6943",0,1999-01-03
"6944",0.00390625,1999-01-04
"6945",0.3203125,1999-01-05
"6946",0,1999-01-06
"6947",0.7783203125,1999-01-07
"6948",12.1572265625,1999-01-08
"6949",0,1999-01-09
"6950",0,1999-01-10
"6951",0.0439453125,1999-01-11
"6952",0,1999-01-12
"6953",0,1999-01-13
"6954",0,1999-01-14
"6955",0.0009765625,1999-01-15
"6956",0,1999-01-16
"6957",0,1999-01-17
"6958",0,1999-01-18
"6959",0,1999-01-19
"6960",0,1999-01-20
"6961",0,1999-01-21
"6962",0,1999-01-22
"6963",0.017578125,1999-01-23
"6964",0.0107421875,1999-01-24
"6965",0.0009765625,1999-01-25
"6966",0.0087890625,1999-01-26
"6967",0.0029296875,1999-01-27
"6968",0,1999-01-28
"6969",0.37109375,1999-01-29
"6970",0.1103515625,1999-01-30
"6971",0,1999-01-31
"6972",0,1999-02-01
"6973",0,1999-02-02
"6974",0.736328125,1999-02-03
"6975",0.197265625,1999-02-04
"6976",0.005859375,1999-02-05
"6977",2.263671875,1999-02-06
"6978",0.1865234375,1999-02-07
"6979",0,1999-02-08
"6980",0,1999-02-09
"6981",0,1999-02-10
"6982",0,1999-02-11
"6983",0,1999-02-12
"6984",0,1999-02-13
"6985",0,1999-02-14
"6986",0,1999-02-15
"6987",0,1999-02-16
"6988",0.001953125,1999-02-17
"6989",0.7021484375,1999-02-18
"6990",0,1999-02-19
"6991",0,1999-02-20
"6992",0,1999-02-21
"6993",0,1999-02-22
"6994",0,1999-02-23
"6995",0,1999-02-24
"6996",0,1999-02-25
"6997",0,1999-02-26
"6998",0,1999-02-27
"6999",0,1999-02-28
"7000",0.0234375,1999-03-01
"7001",0.0849609375,1999-03-02
"7002",0.0302734375,1999-03-03
"7003",0,1999-03-04
"7004",0.0029296875,1999-03-05
"7005",0.697265625,1999-03-06
"7006",15.70703125,1999-03-07
"7007",0.1025390625,1999-03-08
"7008",0,1999-03-09
"7009",0,1999-03-10
"7010",0,1999-03-11
"7011",0,1999-03-12
"7012",0.140625,1999-03-13
"7013",0,1999-03-14
"7014",0,1999-03-15
"7015",0.140625,1999-03-16
"7016",0,1999-03-17
"7017",16.140625,1999-03-18
"7018",0.3056640625,1999-03-19
"7019",0,1999-03-20
"7020",18.232421875,1999-03-21
"7021",0.61328125,1999-03-22
"7022",0,1999-03-23
"7023",0.0224609375,1999-03-24
"7024",2.3701171875,1999-03-25
"7025",0.1376953125,1999-03-26
"7026",0,1999-03-27
"7027",2.4365234375,1999-03-28
"7028",0.412109375,1999-03-29
"7029",0.6171875,1999-03-30
"7030",0.1103515625,1999-03-31
"7031",0,1999-04-01
"7032",0,1999-04-02
"7033",0.072265625,1999-04-03
"7034",1.7138671875,1999-04-04
"7035",0,1999-04-05
"7036",0.181640625,1999-04-06
"7037",0,1999-04-07
"7038",0,1999-04-08
"7039",0,1999-04-09
"7040",0,1999-04-10
"7041",0,1999-04-11
"7042",0,1999-04-12
"7043",0.0078125,1999-04-13
"7044",0,1999-04-14
"7045",0.001953125,1999-04-15
"7046",0,1999-04-16
"7047",0,1999-04-17
"7048",0,1999-04-18
"7049",0,1999-04-19
"7050",0.66015625,1999-04-20
"7051",0.0322265625,1999-04-21
"7052",0.005859375,1999-04-22
"7053",0,1999-04-23
"7054",0,1999-04-24
"7055",0,1999-04-25
"7056",0.7578125,1999-04-26
"7057",0.2431640625,1999-04-27
"7058",0.3857421875,1999-04-28
"7059",0.1611328125,1999-04-29
"7060",0.203125,1999-04-30
"7061",0,1999-05-01
"7062",0,1999-05-02
"7063",0,1999-05-03
"7064",0,1999-05-04
"7065",0.138671875,1999-05-05
"7066",0,1999-05-06
"7067",0,1999-05-07
"7068",0.2470703125,1999-05-08
"7069",0.4404296875,1999-05-09
"7070",1.30859375,1999-05-10
"7071",0.0673828125,1999-05-11
"7072",13.3564453125,1999-05-12
"7073",0.53515625,1999-05-13
"7074",1.4375,1999-05-14
"7075",6.955078125,1999-05-15
"7076",0.0048828125,1999-05-16
"7077",0,1999-05-17
"7078",5.0771484375,1999-05-18
"7079",0.1201171875,1999-05-19
"7080",0.0654296875,1999-05-20
"7081",4.3876953125,1999-05-21
"7082",0.333984375,1999-05-22
"7083",10.1748046875,1999-05-23
"7084",5.841796875,1999-05-24
"7085",11.1787109375,1999-05-25
"7086",0,1999-05-26
"7087",0.66796875,1999-05-27
"7088",0,1999-05-28
"7089",5.8955078125,1999-05-29
"7090",6.8984375,1999-05-30
"7091",1.7314453125,1999-05-31
"7092",0.0087890625,1999-06-01
"7093",0,1999-06-02
"7094",0.0078125,1999-06-03
"7095",0,1999-06-04
"7096",4.5361328125,1999-06-05
"7097",6.3056640625,1999-06-06
"7098",5.302734375,1999-06-07
"7099",0,1999-06-08
"7100",0.068359375,1999-06-09
"7101",3.07421875,1999-06-10
"7102",0,1999-06-11
"7103",0.06640625,1999-06-12
"7104",23.0576171875,1999-06-13
"7105",7.6923828125,1999-06-14
"7106",2.23828125,1999-06-15
"7107",5.39453125,1999-06-16
"7108",0.216796875,1999-06-17
"7109",6.837890625,1999-06-18
"7110",1.2744140625,1999-06-19
"7111",0.4619140625,1999-06-20
"7112",1.3916015625,1999-06-21
"7113",0.1103515625,1999-06-22
"7114",0,1999-06-23
"7115",0.13671875,1999-06-24
"7116",5.953125,1999-06-25
"7117",1.22265625,1999-06-26
"7118",0.052734375,1999-06-27
"7119",0.068359375,1999-06-28
"7120",0,1999-06-29
"7121",9.2705078125,1999-06-30
"7122",0.19921875,1999-07-01
"7123",1.08203125,1999-07-02
"7124",0,1999-07-03
"7125",0,1999-07-04
"7126",0,1999-07-05
"7127",0.0400390625,1999-07-06
"7128",0,1999-07-07
"7129",3.1640625,1999-07-08
"7130",2.279296875,1999-07-09
"7131",0.1328125,1999-07-10
"7132",0.3359375,1999-07-11
"7133",0.4345703125,1999-07-12
"7134",0.3017578125,1999-07-13
"7135",1.7138671875,1999-07-14
"7136",0.0009765625,1999-07-15
"7137",0,1999-07-16
"7138",0.4462890625,1999-07-17
"7139",5.3408203125,1999-07-18
"7140",38.962890625,1999-07-19
"7141",5.3544921875,1999-07-20
"7142",6.2685546875,1999-07-21
"7143",0.4208984375,1999-07-22
"7144",0.517578125,1999-07-23
"7145",0,1999-07-24
"7146",0.2373046875,1999-07-25
"7147",0.0576171875,1999-07-26
"7148",0.0693359375,1999-07-27
"7149",0,1999-07-28
"7150",0,1999-07-29
"7151",0.8125,1999-07-30
"7152",0.4423828125,1999-07-31
"7153",0,1999-08-01
"7154",0,1999-08-02
"7155",0,1999-08-03
"7156",0,1999-08-04
"7157",0,1999-08-05
"7158",0,1999-08-06
"7159",3.01171875,1999-08-07
"7160",13.748046875,1999-08-08
"7161",3.2978515625,1999-08-09
"7162",2.919921875,1999-08-10
"7163",0,1999-08-11
"7164",1.8447265625,1999-08-12
"7165",6.265625,1999-08-13
"7166",1.94921875,1999-08-14
"7167",0,1999-08-15
"7168",0.7197265625,1999-08-16
"7169",0,1999-08-17
"7170",0,1999-08-18
"7171",0.6455078125,1999-08-19
"7172",0.6630859375,1999-08-20
"7173",0.73046875,1999-08-21
"7174",0.001953125,1999-08-22
"7175",0,1999-08-23
"7176",0.513671875,1999-08-24
"7177",0.0185546875,1999-08-25
"7178",2.310546875,1999-08-26
"7179",0.66015625,1999-08-27
"7180",0,1999-08-28
"7181",0,1999-08-29
"7182",0.0771484375,1999-08-30
"7183",0,1999-08-31
"7184",0.185546875,1999-09-01
"7185",0.1728515625,1999-09-02
"7186",0,1999-09-03
"7187",6.1748046875,1999-09-04
"7188",7.0244140625,1999-09-05
"7189",1.111328125,1999-09-06
"7190",0.4228515625,1999-09-07
"7191",0,1999-09-08
"7192",0.533203125,1999-09-09
"7193",2.44921875,1999-09-10
"7194",0,1999-09-11
"7195",0.26171875,1999-09-12
"7196",0.3056640625,1999-09-13
"7197",0.0654296875,1999-09-14
"7198",0.0869140625,1999-09-15
"7199",9.7744140625,1999-09-16
"7200",9.4404296875,1999-09-17
"7201",1.4599609375,1999-09-18
"7202",0.0693359375,1999-09-19
"7203",0,1999-09-20
"7204",0,1999-09-21
"7205",0,1999-09-22
"7206",0.23046875,1999-09-23
"7207",0.041015625,1999-09-24
"7208",0,1999-09-25
"7209",0,1999-09-26
"7210",0,1999-09-27
"7211",0,1999-09-28
"7212",8.1953125,1999-09-29
"7213",0,1999-09-30
"7214",0.0009765625,1999-10-01
"7215",0.3623046875,1999-10-02
"7216",0,1999-10-03
"7217",0.265625,1999-10-04
"7218",0,1999-10-05
"7219",0,1999-10-06
"7220",0,1999-10-07
"7221",0,1999-10-08
"7222",10.9384765625,1999-10-09
"7223",4.041015625,1999-10-10
"7224",5.99609375,1999-10-11
"7225",0.025390625,1999-10-12
"7226",27.0234375,1999-10-13
"7227",0.0869140625,1999-10-14
"7228",1.6298828125,1999-10-15
"7229",0,1999-10-16
"7230",0,1999-10-17
"7231",0,1999-10-18
"7232",0.033203125,1999-10-19
"7233",0.0927734375,1999-10-20
"7234",0.03125,1999-10-21
"7235",1.4345703125,1999-10-22
"7236",3.732421875,1999-10-23
"7237",0,1999-10-24
"7238",0.2060546875,1999-10-25
"7239",0,1999-10-26
"7240",0.5029296875,1999-10-27
"7241",1.3798828125,1999-10-28
"7242",0,1999-10-29
"7243",0.869140625,1999-10-30
"7244",0.2724609375,1999-10-31
"7245",0.1025390625,1999-11-01
"7246",0,1999-11-02
"7247",0,1999-11-03
"7248",0,1999-11-04
"7249",8.4873046875,1999-11-05
"7250",1.396484375,1999-11-06
"7251",2.3017578125,1999-11-07
"7252",3.396484375,1999-11-08
"7253",5.9638671875,1999-11-09
"7254",1.35546875,1999-11-10
"7255",0.11328125,1999-11-11
"7256",0,1999-11-12
"7257",0,1999-11-13
"7258",0,1999-11-14
"7259",0.40625,1999-11-15
"7260",0.041015625,1999-11-16
"7261",0,1999-11-17
"7262",0,1999-11-18
"7263",0,1999-11-19
"7264",0,1999-11-20
"7265",0,1999-11-21
"7266",1.041015625,1999-11-22
"7267",0,1999-11-23
"7268",0,1999-11-24
"7269",0,1999-11-25
"7270",0,1999-11-26
"7271",0,1999-11-27
"7272",0,1999-11-28
"7273",0,1999-11-29
"7274",0,1999-11-30
"7275",0.0283203125,1999-12-01
"7276",0.0810546875,1999-12-02
"7277",23.5537109375,1999-12-03
"7278",0,1999-12-04
"7279",0,1999-12-05
"7280",0,1999-12-06
"7281",0,1999-12-07
"7282",0.9951171875,1999-12-08
"7283",2.619140625,1999-12-09
"7284",0,1999-12-10
"7285",0.1357421875,1999-12-11
"7286",0.1689453125,1999-12-12
"7287",0,1999-12-13
"7288",0,1999-12-14
"7289",0,1999-12-15
"7290",2.1484375,1999-12-16
"7291",0.080078125,1999-12-17
"7292",0,1999-12-18
"7293",0,1999-12-19
"7294",0,1999-12-20
"7295",0,1999-12-21
"7296",0,1999-12-22
"7297",0,1999-12-23
"7298",0,1999-12-24
"7299",0.212890625,1999-12-25
"7300",0,1999-12-26
"7301",0,1999-12-27
"7302",0,1999-12-28
"7303",0.001953125,1999-12-29
"7304",0,1999-12-30
"7305",0.1015625,1999-12-31
"7306",0.1025390625,2000-01-01
"7307",0,2000-01-02
"7308",0.0009765625,2000-01-03
"7309",0.021484375,2000-01-04
"7310",0,2000-01-05
"7311",0,2000-01-06
"7312",0,2000-01-07
"7313",0.00390625,2000-01-08
"7314",0,2000-01-09
"7315",0,2000-01-10
"7316",0,2000-01-11
"7317",0,2000-01-12
"7318",0,2000-01-13
"7319",0,2000-01-14
"7320",0,2000-01-15
"7321",0.53125,2000-01-16
"7322",0,2000-01-17
"7323",0,2000-01-18
"7324",0,2000-01-19
"7325",0.0693359375,2000-01-20
"7326",0.1708984375,2000-01-21
"7327",0.0126953125,2000-01-22
"7328",0.0810546875,2000-01-23
"7329",3.283203125,2000-01-24
"7330",8.0791015625,2000-01-25
"7331",0.0029296875,2000-01-26
"7332",0.4375,2000-01-27
"7333",0,2000-01-28
"7334",0,2000-01-29
"7335",0,2000-01-30
"7336",0,2000-01-31
"7337",0,2000-02-01
"7338",0,2000-02-02
"7339",0,2000-02-03
"7340",0,2000-02-04
"7341",0,2000-02-05
"7342",0,2000-02-06
"7343",0,2000-02-07
"7344",0.0400390625,2000-02-08
"7345",0,2000-02-09
"7346",0.3154296875,2000-02-10
"7347",0.26953125,2000-02-11
"7348",0,2000-02-12
"7349",0.0048828125,2000-02-13
"7350",0,2000-02-14
"7351",0,2000-02-15
"7352",0,2000-02-16
"7353",0,2000-02-17
"7354",0,2000-02-18
"7355",0.0029296875,2000-02-19
"7356",18.0029296875,2000-02-20
"7357",26.3564453125,2000-02-21
"7358",7.3154296875,2000-02-22
"7359",0.767578125,2000-02-23
"7360",0,2000-02-24
"7361",0,2000-02-25
"7362",0,2000-02-26
"7363",0,2000-02-27
"7364",0,2000-02-28
"7365",0,2000-02-29
"7366",0,2000-03-01
"7367",0,2000-03-02
"7368",0,2000-03-03
"7369",0.111328125,2000-03-04
"7370",0,2000-03-05
"7371",0.02734375,2000-03-06
"7372",0.13671875,2000-03-07
"7373",0,2000-03-08
"7374",0,2000-03-09
"7375",0,2000-03-10
"7376",0,2000-03-11
"7377",0,2000-03-12
"7378",0,2000-03-13
"7379",0,2000-03-14
"7380",0.048828125,2000-03-15
"7381",0,2000-03-16
"7382",0,2000-03-17
"7383",0.8359375,2000-03-18
"7384",0.0732421875,2000-03-19
"7385",0,2000-03-20
"7386",0,2000-03-21
"7387",0,2000-03-22
"7388",20.759765625,2000-03-23
"7389",0,2000-03-24
"7390",0.0009765625,2000-03-25
"7391",0.0009765625,2000-03-26
"7392",0,2000-03-27
"7393",0,2000-03-28
"7394",0,2000-03-29
"7395",0.0166015625,2000-03-30
"7396",0.27734375,2000-03-31
"7397",0.56640625,2000-04-01
"7398",0.0263671875,2000-04-02
"7399",0,2000-04-03
"7400",18.1552734375,2000-04-04
"7401",3.15625,2000-04-05
"7402",0.017578125,2000-04-06
"7403",0.0009765625,2000-04-07
"7404",0.001953125,2000-04-08
"7405",0,2000-04-09
"7406",0,2000-04-10
"7407",0.0146484375,2000-04-11
"7408",0.853515625,2000-04-12
"7409",0,2000-04-13
"7410",1.8779296875,2000-04-14
"7411",3.171875,2000-04-15
"7412",0.875,2000-04-16
"7413",2.8603515625,2000-04-17
"7414",0.4501953125,2000-04-18
"7415",1.7333984375,2000-04-19
"7416",0,2000-04-20
"7417",0,2000-04-21
"7418",0,2000-04-22
"7419",0,2000-04-23
"7420",0,2000-04-24
"7421",0,2000-04-25
"7422",0.01953125,2000-04-26
"7423",0,2000-04-27
"7424",0,2000-04-28
"7425",3.61328125,2000-04-29
"7426",26.1201171875,2000-04-30
"7427",0.1474609375,2000-05-01
"7428",0.0712890625,2000-05-02
"7429",0.3447265625,2000-05-03
"7430",2.3779296875,2000-05-04
"7431",7.4091796875,2000-05-05
"7432",0,2000-05-06
"7433",0.068359375,2000-05-07
"7434",0.0576171875,2000-05-08
"7435",0,2000-05-09
"7436",0,2000-05-10
"7437",0.064453125,2000-05-11
"7438",0.220703125,2000-05-12
"7439",23.30078125,2000-05-13
"7440",3.6083984375,2000-05-14
"7441",3.439453125,2000-05-15
"7442",1.4931640625,2000-05-16
"7443",2.232421875,2000-05-17
"7444",0.2314453125,2000-05-18
"7445",0.9833984375,2000-05-19
"7446",1.3408203125,2000-05-20
"7447",0.54296875,2000-05-21
"7448",0.0869140625,2000-05-22
"7449",0.02734375,2000-05-23
"7450",0,2000-05-24
"7451",2.3701171875,2000-05-25
"7452",11.876953125,2000-05-26
"7453",16.8505859375,2000-05-27
"7454",4.18359375,2000-05-28
"7455",0,2000-05-29
"7456",0.2158203125,2000-05-30
"7457",0.0830078125,2000-05-31
"7458",0.1591796875,2000-06-01
"7459",0,2000-06-02
"7460",1.6064453125,2000-06-03
"7461",6.3388671875,2000-06-04
"7462",5.58984375,2000-06-05
"7463",0.4033203125,2000-06-06
"7464",0.66015625,2000-06-07
"7465",2.0849609375,2000-06-08
"7466",6.00390625,2000-06-09
"7467",0.025390625,2000-06-10
"7468",0,2000-06-11
"7469",0.0029296875,2000-06-12
"7470",0.02734375,2000-06-13
"7471",0.0712890625,2000-06-14
"7472",0,2000-06-15
"7473",6.2646484375,2000-06-16
"7474",0.1328125,2000-06-17
"7475",0.0458984375,2000-06-18
"7476",0,2000-06-19
"7477",5.6123046875,2000-06-20
"7478",2.0478515625,2000-06-21
"7479",17.345703125,2000-06-22
"7480",1.64453125,2000-06-23
"7481",1.453125,2000-06-24
"7482",0.4921875,2000-06-25
"7483",0.0390625,2000-06-26
"7484",2.63671875,2000-06-27
"7485",24.2314453125,2000-06-28
"7486",5.8173828125,2000-06-29
"7487",2.5029296875,2000-06-30
"7488",0.205078125,2000-07-01
"7489",0.06640625,2000-07-02
"7490",0.0537109375,2000-07-03
"7491",0,2000-07-04
"7492",0.0078125,2000-07-05
"7493",7.6611328125,2000-07-06
"7494",3.771484375,2000-07-07
"7495",1.4453125,2000-07-08
"7496",2.5478515625,2000-07-09
"7497",0,2000-07-10
"7498",0,2000-07-11
"7499",11.1015625,2000-07-12
"7500",0,2000-07-13
"7501",1.1875,2000-07-14
"7502",0.2978515625,2000-07-15
"7503",0.2392578125,2000-07-16
"7504",0.072265625,2000-07-17
"7505",0.3486328125,2000-07-18
"7506",8.65234375,2000-07-19
"7507",2.24609375,2000-07-20
"7508",20.361328125,2000-07-21
"7509",0.0458984375,2000-07-22
"7510",0,2000-07-23
"7511",6.3330078125,2000-07-24
"7512",10.7490234375,2000-07-25
"7513",4.6669921875,2000-07-26
"7514",0.5498046875,2000-07-27
"7515",0,2000-07-28
"7516",0,2000-07-29
"7517",0.0029296875,2000-07-30
"7518",0,2000-07-31
"7519",0.3701171875,2000-08-01
"7520",0.0771484375,2000-08-02
"7521",0,2000-08-03
"7522",0,2000-08-04
"7523",0,2000-08-05
"7524",0,2000-08-06
"7525",0.13671875,2000-08-07
"7526",6.546875,2000-08-08
"7527",2.2978515625,2000-08-09
"7528",6.0341796875,2000-08-10
"7529",0,2000-08-11
"7530",0.56640625,2000-08-12
"7531",1.1220703125,2000-08-13
"7532",0.7841796875,2000-08-14
"7533",9.10546875,2000-08-15
"7534",0,2000-08-16
"7535",0,2000-08-17
"7536",0,2000-08-18
"7537",0.6220703125,2000-08-19
"7538",0.7265625,2000-08-20
"7539",0.708984375,2000-08-21
"7540",12.865234375,2000-08-22
"7541",10.0234375,2000-08-23
"7542",1.9599609375,2000-08-24
"7543",0.6171875,2000-08-25
"7544",12.8525390625,2000-08-26
"7545",1.4619140625,2000-08-27
"7546",3.76171875,2000-08-28
"7547",0.3310546875,2000-08-29
"7548",0.2392578125,2000-08-30
"7549",4.751953125,2000-08-31
"7550",2.4287109375,2000-09-01
"7551",8.833984375,2000-09-02
"7552",1.8359375,2000-09-03
"7553",0.013671875,2000-09-04
"7554",0.783203125,2000-09-05
"7555",0.8623046875,2000-09-06
"7556",21.6162109375,2000-09-07
"7557",1.9306640625,2000-09-08
"7558",8.9970703125,2000-09-09
"7559",0.671875,2000-09-10
"7560",3.0732421875,2000-09-11
"7561",0.529296875,2000-09-12
"7562",0.068359375,2000-09-13
"7563",0.3583984375,2000-09-14
"7564",0.068359375,2000-09-15
"7565",0.0009765625,2000-09-16
"7566",0.0439453125,2000-09-17
"7567",0.373046875,2000-09-18
"7568",0,2000-09-19
"7569",0.0908203125,2000-09-20
"7570",0,2000-09-21
"7571",0,2000-09-22
"7572",0.0556640625,2000-09-23
"7573",0.087890625,2000-09-24
"7574",0.0263671875,2000-09-25
"7575",0.0654296875,2000-09-26
"7576",0,2000-09-27
"7577",0,2000-09-28
"7578",0.0576171875,2000-09-29
"7579",0.48046875,2000-09-30
"7580",1.072265625,2000-10-01
"7581",0,2000-10-02
"7582",0,2000-10-03
"7583",0,2000-10-04
"7584",0,2000-10-05
"7585",0.0859375,2000-10-06
"7586",9.03125,2000-10-07
"7587",0,2000-10-08
"7588",0,2000-10-09
"7589",0.7841796875,2000-10-10
"7590",0.06640625,2000-10-11
"7591",0,2000-10-12
"7592",1.546875,2000-10-13
"7593",0.8896484375,2000-10-14
"7594",1.474609375,2000-10-15
"7595",0,2000-10-16
"7596",0.041015625,2000-10-17
"7597",40.435546875,2000-10-18
"7598",32.0537109375,2000-10-19
"7599",0.2734375,2000-10-20
"7600",0,2000-10-21
"7601",0.0732421875,2000-10-22
"7602",0.0947265625,2000-10-23
"7603",0,2000-10-24
"7604",0,2000-10-25
"7605",0.130859375,2000-10-26
"7606",0.0166015625,2000-10-27
"7607",0.283203125,2000-10-28
"7608",0,2000-10-29
"7609",0.3828125,2000-10-30
"7610",0.0576171875,2000-10-31
"7611",5.15625,2000-11-01
"7612",0.615234375,2000-11-02
"7613",0.08203125,2000-11-03
"7614",0,2000-11-04
"7615",0,2000-11-05
"7616",0,2000-11-06
"7617",0,2000-11-07
"7618",0.091796875,2000-11-08
"7619",0,2000-11-09
"7620",0,2000-11-10
"7621",0,2000-11-11
"7622",0.0595703125,2000-11-12
"7623",0.1240234375,2000-11-13
"7624",0.00390625,2000-11-14
"7625",0.0009765625,2000-11-15
"7626",0,2000-11-16
"7627",0,2000-11-17
"7628",0,2000-11-18
"7629",0.001953125,2000-11-19
"7630",0.0078125,2000-11-20
"7631",0.01171875,2000-11-21
"7632",0,2000-11-22
"7633",0,2000-11-23
"7634",0,2000-11-24
"7635",0,2000-11-25
"7636",0,2000-11-26
"7637",0,2000-11-27
"7638",0,2000-11-28
"7639",0.00390625,2000-11-29
"7640",0,2000-11-30
"7641",0.0087890625,2000-12-01
"7642",0,2000-12-02
"7643",0.009765625,2000-12-03
"7644",0.00390625,2000-12-04
"7645",0,2000-12-05
"7646",0,2000-12-06
"7647",0,2000-12-07
"7648",0,2000-12-08
"7649",0,2000-12-09
"7650",0,2000-12-10
"7651",0.662109375,2000-12-11
"7652",0,2000-12-12
"7653",0,2000-12-13
"7654",0,2000-12-14
"7655",0,2000-12-15
"7656",0,2000-12-16
"7657",0,2000-12-17
"7658",0.2333984375,2000-12-18
"7659",0,2000-12-19
"7660",0,2000-12-20
"7661",0.0673828125,2000-12-21
"7662",4.4970703125,2000-12-22
"7663",0.0478515625,2000-12-23
"7664",0.30859375,2000-12-24
"7665",0.0869140625,2000-12-25
"7666",0,2000-12-26
"7667",0,2000-12-27
"7668",0,2000-12-28
"7669",0,2000-12-29
"7670",0,2000-12-30
"7671",0.5185546875,2000-12-31
"7672",0.072265625,2001-01-01
"7673",0,2001-01-02
"7674",0,2001-01-03
"7675",0.0712890625,2001-01-04
"7676",0.001953125,2001-01-05
"7677",0,2001-01-06
"7678",0,2001-01-07
"7679",0,2001-01-08
"7680",0,2001-01-09
"7681",0,2001-01-10
"7682",0.001953125,2001-01-11
"7683",0,2001-01-12
"7684",0,2001-01-13
"7685",0.0029296875,2001-01-14
"7686",0,2001-01-15
"7687",0,2001-01-16
"7688",0,2001-01-17
"7689",0,2001-01-18
"7690",0,2001-01-19
"7691",0,2001-01-20
"7692",0,2001-01-21
"7693",0.0009765625,2001-01-22
"7694",0,2001-01-23
"7695",0,2001-01-24
"7696",0,2001-01-25
"7697",2.10546875,2001-01-26
"7698",0,2001-01-27
"7699",0,2001-01-28
"7700",0,2001-01-29
"7701",0,2001-01-30
"7702",0,2001-01-31
"7703",0,2001-02-01
"7704",0,2001-02-02
"7705",0,2001-02-03
"7706",0.4111328125,2001-02-04
"7707",0.69140625,2001-02-05
"7708",0,2001-02-06
"7709",0,2001-02-07
"7710",0,2001-02-08
"7711",1.39453125,2001-02-09
"7712",0.4970703125,2001-02-10
"7713",0,2001-02-11
"7714",2.6572265625,2001-02-12
"7715",12.82421875,2001-02-13
"7716",0,2001-02-14
"7717",0,2001-02-15
"7718",0,2001-02-16
"7719",0.0009765625,2001-02-17
"7720",0,2001-02-18
"7721",0,2001-02-19
"7722",0,2001-02-20
"7723",0,2001-02-21
"7724",0,2001-02-22
"7725",0,2001-02-23
"7726",0,2001-02-24
"7727",1.607421875,2001-02-25
"7728",0.1005859375,2001-02-26
"7729",0.0009765625,2001-02-27
"7730",0,2001-02-28
"7731",0.0009765625,2001-03-01
"7732",0.0009765625,2001-03-02
"7733",0,2001-03-03
"7734",0,2001-03-04
"7735",0,2001-03-05
"7736",0.0009765625,2001-03-06
"7737",0,2001-03-07
"7738",0.0009765625,2001-03-08
"7739",0,2001-03-09
"7740",0,2001-03-10
"7741",0,2001-03-11
"7742",0.4580078125,2001-03-12
"7743",0.013671875,2001-03-13
"7744",0,2001-03-14
"7745",0,2001-03-15
"7746",7.701171875,2001-03-16
"7747",11.5498046875,2001-03-17
"7748",0.017578125,2001-03-18
"7749",0.0009765625,2001-03-19
"7750",0.0654296875,2001-03-20
"7751",13.8017578125,2001-03-21
"7752",0,2001-03-22
"7753",0,2001-03-23
"7754",4.080078125,2001-03-24
"7755",3.3251953125,2001-03-25
"7756",3.2998046875,2001-03-26
"7757",0.2939453125,2001-03-27
"7758",0.291015625,2001-03-28
"7759",0,2001-03-29
"7760",0,2001-03-30
"7761",0.001953125,2001-03-31
"7762",0,2001-04-01
"7763",0,2001-04-02
"7764",0.0009765625,2001-04-03
"7765",0.001953125,2001-04-04
"7766",0.072265625,2001-04-05
"7767",0.2861328125,2001-04-06
"7768",0.001953125,2001-04-07
"7769",2.947265625,2001-04-08
"7770",0.12109375,2001-04-09
"7771",0.267578125,2001-04-10
"7772",0.8173828125,2001-04-11
"7773",0.01171875,2001-04-12
"7774",0,2001-04-13
"7775",0,2001-04-14
"7776",0,2001-04-15
"7777",0.0732421875,2001-04-16
"7778",0,2001-04-17
"7779",0,2001-04-18
"7780",0,2001-04-19
"7781",0.3466796875,2001-04-20
"7782",1.1953125,2001-04-21
"7783",0.1015625,2001-04-22
"7784",0,2001-04-23
"7785",0.234375,2001-04-24
"7786",0,2001-04-25
"7787",0.3623046875,2001-04-26
"7788",2.9013671875,2001-04-27
"7789",0,2001-04-28
"7790",0,2001-04-29
"7791",0,2001-04-30
"7792",0.0029296875,2001-05-01
"7793",0,2001-05-02
"7794",1.2470703125,2001-05-03
"7795",0.0166015625,2001-05-04
"7796",0.0634765625,2001-05-05
"7797",0,2001-05-06
"7798",0,2001-05-07
"7799",0,2001-05-08
"7800",0.3310546875,2001-05-09
"7801",0.3037109375,2001-05-10
"7802",0.08203125,2001-05-11
"7803",0,2001-05-12
"7804",0.0654296875,2001-05-13
"7805",3.4375,2001-05-14
"7806",7.994140625,2001-05-15
"7807",12.80078125,2001-05-16
"7808",1.369140625,2001-05-17
"7809",0,2001-05-18
"7810",0,2001-05-19
"7811",0.0546875,2001-05-20
"7812",0.0234375,2001-05-21
"7813",0,2001-05-22
"7814",0.0634765625,2001-05-23
"7815",0.0634765625,2001-05-24
"7816",0,2001-05-25
"7817",13.5869140625,2001-05-26
"7818",22.798828125,2001-05-27
"7819",0.703125,2001-05-28
"7820",0.630859375,2001-05-29
"7821",0,2001-05-30
"7822",0,2001-05-31
"7823",0,2001-06-01
"7824",0.4169921875,2001-06-02
"7825",0.5498046875,2001-06-03
"7826",0.14453125,2001-06-04
"7827",0,2001-06-05
"7828",16.9150390625,2001-06-06
"7829",9.4326171875,2001-06-07
"7830",11.4775390625,2001-06-08
"7831",10.4599609375,2001-06-09
"7832",0.265625,2001-06-10
"7833",17.0888671875,2001-06-11
"7834",0.2041015625,2001-06-12
"7835",3.2412109375,2001-06-13
"7836",1.2548828125,2001-06-14
"7837",0,2001-06-15
"7838",0.0009765625,2001-06-16
"7839",0.083984375,2001-06-17
"7840",0.1259765625,2001-06-18
"7841",0.7568359375,2001-06-19
"7842",1.619140625,2001-06-20
"7843",2.759765625,2001-06-21
"7844",0.125,2001-06-22
"7845",0.0029296875,2001-06-23
"7846",0.123046875,2001-06-24
"7847",0.306640625,2001-06-25
"7848",0.359375,2001-06-26
"7849",0.0087890625,2001-06-27
"7850",0.185546875,2001-06-28
"7851",0.560546875,2001-06-29
"7852",0.2822265625,2001-06-30
"7853",0.27734375,2001-07-01
"7854",0.142578125,2001-07-02
"7855",0.0703125,2001-07-03
"7856",0.146484375,2001-07-04
"7857",15.0185546875,2001-07-05
"7858",3.3017578125,2001-07-06
"7859",0.837890625,2001-07-07
"7860",0.2939453125,2001-07-08
"7861",0,2001-07-09
"7862",0,2001-07-10
"7863",0.1171875,2001-07-11
"7864",1.98828125,2001-07-12
"7865",0.494140625,2001-07-13
"7866",1.146484375,2001-07-14
"7867",0.8173828125,2001-07-15
"7868",7.5009765625,2001-07-16
"7869",1.72265625,2001-07-17
"7870",0.4853515625,2001-07-18
"7871",0.0751953125,2001-07-19
"7872",0.5341796875,2001-07-20
"7873",0,2001-07-21
"7874",0,2001-07-22
"7875",5.775390625,2001-07-23
"7876",0.443359375,2001-07-24
"7877",0.1005859375,2001-07-25
"7878",0,2001-07-26
"7879",3.0615234375,2001-07-27
"7880",0,2001-07-28
"7881",0,2001-07-29
"7882",0.2099609375,2001-07-30
"7883",0.0732421875,2001-07-31
"7884",2.1708984375,2001-08-01
"7885",0,2001-08-02
"7886",0.0947265625,2001-08-03
"7887",0,2001-08-04
"7888",7.3046875,2001-08-05
"7889",0,2001-08-06
"7890",0.6982421875,2001-08-07
"7891",2.8193359375,2001-08-08
"7892",0.2744140625,2001-08-09
"7893",0,2001-08-10
"7894",0,2001-08-11
"7895",0,2001-08-12
"7896",1.130859375,2001-08-13
"7897",0.1552734375,2001-08-14
"7898",0.0029296875,2001-08-15
"7899",3.220703125,2001-08-16
"7900",2.275390625,2001-08-17
"7901",4.4873046875,2001-08-18
"7902",0.0498046875,2001-08-19
"7903",3.009765625,2001-08-20
"7904",3.732421875,2001-08-21
"7905",1.7861328125,2001-08-22
"7906",0.630859375,2001-08-23
"7907",0.185546875,2001-08-24
"7908",10.6748046875,2001-08-25
"7909",14.568359375,2001-08-26
"7910",7.1962890625,2001-08-27
"7911",4.0869140625,2001-08-28
"7912",1.0400390625,2001-08-29
"7913",0.8720703125,2001-08-30
"7914",0,2001-08-31
"7915",10.30078125,2001-09-01
"7916",5.7431640625,2001-09-02
"7917",2.9501953125,2001-09-03
"7918",5.234375,2001-09-04
"7919",1.0146484375,2001-09-05
"7920",0.2607421875,2001-09-06
"7921",13.666015625,2001-09-07
"7922",11.8359375,2001-09-08
"7923",2.75,2001-09-09
"7924",0.1162109375,2001-09-10
"7925",0,2001-09-11
"7926",0,2001-09-12
"7927",0.0576171875,2001-09-13
"7928",1.6259765625,2001-09-14
"7929",0.2490234375,2001-09-15
"7930",0.072265625,2001-09-16
"7931",0,2001-09-17
"7932",0,2001-09-18
"7933",0,2001-09-19
"7934",0.046875,2001-09-20
"7935",0.142578125,2001-09-21
"7936",0.73828125,2001-09-22
"7937",1.677734375,2001-09-23
"7938",7.5537109375,2001-09-24
"7939",1.828125,2001-09-25
"7940",0.0126953125,2001-09-26
"7941",0,2001-09-27
"7942",0,2001-09-28
"7943",0,2001-09-29
"7944",0.6396484375,2001-09-30
"7945",2.1396484375,2001-10-01
"7946",1.2158203125,2001-10-02
"7947",3.361328125,2001-10-03
"7948",0.3564453125,2001-10-04
"7949",0.0810546875,2001-10-05
"7950",3.890625,2001-10-06
"7951",2.16015625,2001-10-07
"7952",0.3076171875,2001-10-08
"7953",0.2939453125,2001-10-09
"7954",0.2197265625,2001-10-10
"7955",4.4970703125,2001-10-11
"7956",4.224609375,2001-10-12
"7957",2.16796875,2001-10-13
"7958",3.2041015625,2001-10-14
"7959",0.4091796875,2001-10-15
"7960",0,2001-10-16
"7961",0.4482421875,2001-10-17
"7962",0.7880859375,2001-10-18
"7963",0.041015625,2001-10-19
"7964",0,2001-10-20
"7965",0.001953125,2001-10-21
"7966",1.6904296875,2001-10-22
"7967",1.70703125,2001-10-23
"7968",6.2451171875,2001-10-24
"7969",2.19921875,2001-10-25
"7970",2.63671875,2001-10-26
"7971",0.62109375,2001-10-27
"7972",0,2001-10-28
"7973",0.279296875,2001-10-29
"7974",0.3837890625,2001-10-30
"7975",0.4482421875,2001-10-31
"7976",0,2001-11-01
"7977",0,2001-11-02
"7978",0,2001-11-03
"7979",0.216796875,2001-11-04
"7980",18.08203125,2001-11-05
"7981",2.2119140625,2001-11-06
"7982",0.2060546875,2001-11-07
"7983",0,2001-11-08
"7984",0,2001-11-09
"7985",0,2001-11-10
"7986",0.3271484375,2001-11-11
"7987",0.1796875,2001-11-12
"7988",0.20703125,2001-11-13
"7989",0.0048828125,2001-11-14
"7990",0,2001-11-15
"7991",0,2001-11-16
"7992",0,2001-11-17
"7993",3.607421875,2001-11-18
"7994",0.18359375,2001-11-19
"7995",0,2001-11-20
"7996",0,2001-11-21
"7997",0,2001-11-22
"7998",12.2861328125,2001-11-23
"7999",1.439453125,2001-11-24
"8000",1.3818359375,2001-11-25
"8001",0.7080078125,2001-11-26
"8002",0.072265625,2001-11-27
"8003",0.0166015625,2001-11-28
"8004",0,2001-11-29
"8005",0.10546875,2001-11-30
"8006",0,2001-12-01
"8007",1.6357421875,2001-12-02
"8008",0.4326171875,2001-12-03
"8009",0.2939453125,2001-12-04
"8010",0.0009765625,2001-12-05
"8011",5.630859375,2001-12-06
"8012",0.7109375,2001-12-07
"8013",0,2001-12-08
"8014",0,2001-12-09
"8015",0.2109375,2001-12-10
"8016",0.26171875,2001-12-11
"8017",0,2001-12-12
"8018",0,2001-12-13
"8019",0,2001-12-14
"8020",0,2001-12-15
"8021",0,2001-12-16
"8022",0.0048828125,2001-12-17
"8023",0,2001-12-18
"8024",0,2001-12-19
"8025",0.794921875,2001-12-20
"8026",0.046875,2001-12-21
"8027",0,2001-12-22
"8028",0,2001-12-23
"8029",0.1484375,2001-12-24
"8030",0.3154296875,2001-12-25
"8031",0.1728515625,2001-12-26
"8032",0.0859375,2001-12-27
"8033",0,2001-12-28
"8034",0,2001-12-29
"8035",0.1513671875,2001-12-30
"8036",0.7978515625,2001-12-31
"8037",4.30078125,2002-01-01
"8038",2.7724609375,2002-01-02
"8039",0.083984375,2002-01-03
"8040",0,2002-01-04
"8041",0,2002-01-05
"8042",0,2002-01-06
"8043",0.60546875,2002-01-07
"8044",0,2002-01-08
"8045",0,2002-01-09
"8046",0,2002-01-10
"8047",0,2002-01-11
"8048",0,2002-01-12
"8049",0,2002-01-13
"8050",0,2002-01-14
"8051",0,2002-01-15
"8052",0,2002-01-16
"8053",0.001953125,2002-01-17
"8054",0,2002-01-18
"8055",0,2002-01-19
"8056",0,2002-01-20
"8057",0,2002-01-21
"8058",0,2002-01-22
"8059",0,2002-01-23
"8060",0,2002-01-24
"8061",0,2002-01-25
"8062",0,2002-01-26
"8063",0.935546875,2002-01-27
"8064",0,2002-01-28
"8065",0.029296875,2002-01-29
"8066",0,2002-01-30
"8067",0,2002-01-31
"8068",0,2002-02-01
"8069",0.1376953125,2002-02-02
"8070",0.0498046875,2002-02-03
"8071",0,2002-02-04
"8072",0,2002-02-05
"8073",0,2002-02-06
"8074",0.0009765625,2002-02-07
"8075",0.0322265625,2002-02-08
"8076",0,2002-02-09
"8077",0.00390625,2002-02-10
"8078",0,2002-02-11
"8079",0,2002-02-12
"8080",0,2002-02-13
"8081",0,2002-02-14
"8082",0,2002-02-15
"8083",0,2002-02-16
"8084",0,2002-02-17
"8085",0.0224609375,2002-02-18
"8086",0,2002-02-19
"8087",0.0009765625,2002-02-20
"8088",0.0078125,2002-02-21
"8089",0,2002-02-22
"8090",0,2002-02-23
"8091",0,2002-02-24
"8092",0,2002-02-25
"8093",0,2002-02-26
"8094",0,2002-02-27
"8095",0,2002-02-28
"8096",0.025390625,2002-03-01
"8097",0,2002-03-02
"8098",0.0244140625,2002-03-03
"8099",0,2002-03-04
"8100",0,2002-03-05
"8101",0,2002-03-06
"8102",0,2002-03-07
"8103",0.1484375,2002-03-08
"8104",0.01171875,2002-03-09
"8105",0,2002-03-10
"8106",0,2002-03-11
"8107",0,2002-03-12
"8108",0,2002-03-13
"8109",0,2002-03-14
"8110",0,2002-03-15
"8111",0,2002-03-16
"8112",0,2002-03-17
"8113",0,2002-03-18
"8114",0.0205078125,2002-03-19
"8115",0,2002-03-20
"8116",0,2002-03-21
"8117",0,2002-03-22
"8118",0,2002-03-23
"8119",0,2002-03-24
"8120",0,2002-03-25
"8121",10.9052734375,2002-03-26
"8122",0.7060546875,2002-03-27
"8123",0.1611328125,2002-03-28
"8124",0.0439453125,2002-03-29
"8125",0.08203125,2002-03-30
"8126",0,2002-03-31
"8127",0,2002-04-01
"8128",0,2002-04-02
"8129",0,2002-04-03
"8130",0,2002-04-04
"8131",0,2002-04-05
"8132",0,2002-04-06
"8133",0,2002-04-07
"8134",0.4775390625,2002-04-08
"8135",0.5751953125,2002-04-09
"8136",2.4443359375,2002-04-10
"8137",0,2002-04-11
"8138",0.068359375,2002-04-12
"8139",4.3720703125,2002-04-13
"8140",0.1279296875,2002-04-14
"8141",0,2002-04-15
"8142",0,2002-04-16
"8143",0,2002-04-17
"8144",0,2002-04-18
"8145",0.236328125,2002-04-19
"8146",0,2002-04-20
"8147",0,2002-04-21
"8148",0,2002-04-22
"8149",0.2822265625,2002-04-23
"8150",0.37109375,2002-04-24
"8151",2.3203125,2002-04-25
"8152",0.0087890625,2002-04-26
"8153",0,2002-04-27
"8154",0,2002-04-28
"8155",0,2002-04-29
"8156",0,2002-04-30
"8157",0,2002-05-01
"8158",0,2002-05-02
"8159",0,2002-05-03
"8160",0,2002-05-04
"8161",0.0009765625,2002-05-05
"8162",0.0791015625,2002-05-06
"8163",0.0009765625,2002-05-07
"8164",0,2002-05-08
"8165",9.541015625,2002-05-09
"8166",0.42578125,2002-05-10
"8167",0.0654296875,2002-05-11
"8168",0.009765625,2002-05-12
"8169",0.9619140625,2002-05-13
"8170",1.38671875,2002-05-14
"8171",1.599609375,2002-05-15
"8172",0.828125,2002-05-16
"8173",0,2002-05-17
"8174",14.9921875,2002-05-18
"8175",5.8828125,2002-05-19
"8176",2.6875,2002-05-20
"8177",0.0078125,2002-05-21
"8178",0.0244140625,2002-05-22
"8179",0.8466796875,2002-05-23
"8180",0,2002-05-24
"8181",0,2002-05-25
"8182",0,2002-05-26
"8183",0.54296875,2002-05-27
"8184",0.642578125,2002-05-28
"8185",0.1337890625,2002-05-29
"8186",0.0625,2002-05-30
"8187",0.2119140625,2002-05-31
"8188",0.0380859375,2002-06-01
"8189",0.05859375,2002-06-02
"8190",0,2002-06-03
"8191",0,2002-06-04
"8192",0,2002-06-05
"8193",0.0283203125,2002-06-06
"8194",0.1455078125,2002-06-07
"8195",19.2880859375,2002-06-08
"8196",2.134765625,2002-06-09
"8197",1.7216796875,2002-06-10
"8198",4.099609375,2002-06-11
"8199",0.1328125,2002-06-12
"8200",7.6962890625,2002-06-13
"8201",6.1044921875,2002-06-14
"8202",1.37109375,2002-06-15
"8203",3.7314453125,2002-06-16
"8204",1.04296875,2002-06-17
"8205",0.1220703125,2002-06-18
"8206",0.06640625,2002-06-19
"8207",0.6005859375,2002-06-20
"8208",1.42578125,2002-06-21
"8209",1.734375,2002-06-22
"8210",0.6162109375,2002-06-23
"8211",0.0927734375,2002-06-24
"8212",1.1416015625,2002-06-25
"8213",0.0732421875,2002-06-26
"8214",3.3759765625,2002-06-27
"8215",3.4912109375,2002-06-28
"8216",0,2002-06-29
"8217",0,2002-06-30
"8218",0,2002-07-01
"8219",0,2002-07-02
"8220",15.4072265625,2002-07-03
"8221",3.3134765625,2002-07-04
"8222",4.646484375,2002-07-05
"8223",3.5693359375,2002-07-06
"8224",0.3310546875,2002-07-07
"8225",0.9384765625,2002-07-08
"8226",0.9736328125,2002-07-09
"8227",0.0380859375,2002-07-10
"8228",0,2002-07-11
"8229",0.86328125,2002-07-12
"8230",12.0126953125,2002-07-13
"8231",4.6240234375,2002-07-14
"8232",0,2002-07-15
"8233",1.029296875,2002-07-16
"8234",2.685546875,2002-07-17
"8235",0.369140625,2002-07-18
"8236",0,2002-07-19
"8237",0.095703125,2002-07-20
"8238",0,2002-07-21
"8239",0,2002-07-22
"8240",0.068359375,2002-07-23
"8241",0.30078125,2002-07-24
"8242",0.064453125,2002-07-25
"8243",3.5283203125,2002-07-26
"8244",1.0546875,2002-07-27
"8245",14.49609375,2002-07-28
"8246",5.33203125,2002-07-29
"8247",0.1884765625,2002-07-30
"8248",0.00390625,2002-07-31
"8249",0.2109375,2002-08-01
"8250",0.5126953125,2002-08-02
"8251",19.0009765625,2002-08-03
"8252",0.4697265625,2002-08-04
"8253",0,2002-08-05
"8254",3.9541015625,2002-08-06
"8255",0.66796875,2002-08-07
"8256",0.326171875,2002-08-08
"8257",0.076171875,2002-08-09
"8258",0,2002-08-10
"8259",2.4833984375,2002-08-11
"8260",3.4638671875,2002-08-12
"8261",0.9091796875,2002-08-13
"8262",1.0537109375,2002-08-14
"8263",0.2255859375,2002-08-15
"8264",0,2002-08-16
"8265",0,2002-08-17
"8266",0.1552734375,2002-08-18
"8267",0.021484375,2002-08-19
"8268",2.4814453125,2002-08-20
"8269",0.220703125,2002-08-21
"8270",3.7314453125,2002-08-22
"8271",0.2373046875,2002-08-23
"8272",0.0771484375,2002-08-24
"8273",0,2002-08-25
"8274",0,2002-08-26
"8275",0,2002-08-27
"8276",1.5751953125,2002-08-28
"8277",1.349609375,2002-08-29
"8278",0.6083984375,2002-08-30
"8279",1.107421875,2002-08-31
"8280",0.326171875,2002-09-01
"8281",0.1708984375,2002-09-02
"8282",6.8525390625,2002-09-03
"8283",2.7373046875,2002-09-04
"8284",0.494140625,2002-09-05
"8285",0.0849609375,2002-09-06
"8286",1.310546875,2002-09-07
"8287",1.033203125,2002-09-08
"8288",1.1279296875,2002-09-09
"8289",0.0947265625,2002-09-10
"8290",0,2002-09-11
"8291",0,2002-09-12
"8292",0,2002-09-13
"8293",0,2002-09-14
"8294",0.2958984375,2002-09-15
"8295",3.2275390625,2002-09-16
"8296",1.9423828125,2002-09-17
"8297",1.5576171875,2002-09-18
"8298",0.796875,2002-09-19
"8299",0.0693359375,2002-09-20
"8300",0.001953125,2002-09-21
"8301",0,2002-09-22
"8302",0,2002-09-23
"8303",0.1884765625,2002-09-24
"8304",2.935546875,2002-09-25
"8305",0.791015625,2002-09-26
"8306",1.298828125,2002-09-27
"8307",4.197265625,2002-09-28
"8308",0.623046875,2002-09-29
"8309",0.0966796875,2002-09-30
"8310",0,2002-10-01
"8311",0,2002-10-02
"8312",28.8544921875,2002-10-03
"8313",2.755859375,2002-10-04
"8314",0.1806640625,2002-10-05
"8315",0.01953125,2002-10-06
"8316",0.158203125,2002-10-07
"8317",5.99609375,2002-10-08
"8318",1.4638671875,2002-10-09
"8319",0.1259765625,2002-10-10
"8320",0,2002-10-11
"8321",0,2002-10-12
"8322",2.923828125,2002-10-13
"8323",0.0771484375,2002-10-14
"8324",0.0625,2002-10-15
"8325",0,2002-10-16
"8326",0.0068359375,2002-10-17
"8327",0.0068359375,2002-10-18
"8328",0.013671875,2002-10-19
"8329",0.0009765625,2002-10-20
"8330",0.0146484375,2002-10-21
"8331",0,2002-10-22
"8332",3.265625,2002-10-23
"8333",0.08203125,2002-10-24
"8334",3.33984375,2002-10-25
"8335",0.078125,2002-10-26
"8336",0,2002-10-27
"8337",0,2002-10-28
"8338",0,2002-10-29
"8339",0,2002-10-30
"8340",0,2002-10-31
"8341",0.0009765625,2002-11-01
"8342",1.2021484375,2002-11-02
"8343",0.63671875,2002-11-03
"8344",0.2109375,2002-11-04
"8345",0.0009765625,2002-11-05
"8346",0,2002-11-06
"8347",0.0556640625,2002-11-07
"8348",0,2002-11-08
"8349",0,2002-11-09
"8350",0,2002-11-10
"8351",0,2002-11-11
"8352",2.041015625,2002-11-12
"8353",0,2002-11-13
"8354",0.0107421875,2002-11-14
"8355",0,2002-11-15
"8356",0,2002-11-16
"8357",0,2002-11-17
"8358",0,2002-11-18
"8359",0,2002-11-19
"8360",0.330078125,2002-11-20
"8361",0.0810546875,2002-11-21
"8362",0,2002-11-22
"8363",0,2002-11-23
"8364",1.90625,2002-11-24
"8365",9.1044921875,2002-11-25
"8366",21.216796875,2002-11-26
"8367",0.1533203125,2002-11-27
"8368",0.0830078125,2002-11-28
"8369",0,2002-11-29
"8370",0,2002-11-30
"8371",0,2002-12-01
"8372",0.00390625,2002-12-02
"8373",0,2002-12-03
"8374",1.2373046875,2002-12-04
"8375",0.8095703125,2002-12-05
"8376",0.029296875,2002-12-06
"8377",0,2002-12-07
"8378",0,2002-12-08
"8379",0.0361328125,2002-12-09
"8380",0,2002-12-10
"8381",0,2002-12-11
"8382",0,2002-12-12
"8383",0,2002-12-13
"8384",0,2002-12-14
"8385",0,2002-12-15
"8386",0,2002-12-16
"8387",0,2002-12-17
"8388",0,2002-12-18
"8389",0,2002-12-19
"8390",0,2002-12-20
"8391",0,2002-12-21
"8392",0,2002-12-22
"8393",0,2002-12-23
"8394",0,2002-12-24
"8395",0,2002-12-25
"8396",0,2002-12-26
"8397",0,2002-12-27
"8398",0,2002-12-28
"8399",0,2002-12-29
"8400",0.197265625,2002-12-30
"8401",1.37890625,2002-12-31
"8402",1.3291015625,2003-01-01
"8403",0.0400390625,2003-01-02
"8404",0,2003-01-03
"8405",0,2003-01-04
"8406",0,2003-01-05
"8407",0,2003-01-06
"8408",0,2003-01-07
"8409",0,2003-01-08
"8410",0,2003-01-09
"8411",0,2003-01-10
"8412",0,2003-01-11
"8413",0,2003-01-12
"8414",0,2003-01-13
"8415",0.0009765625,2003-01-14
"8416",0,2003-01-15
"8417",0,2003-01-16
"8418",0,2003-01-17
"8419",0,2003-01-18
"8420",0,2003-01-19
"8421",0.39453125,2003-01-20
"8422",0,2003-01-21
"8423",0,2003-01-22
"8424",0.0048828125,2003-01-23
"8425",0,2003-01-24
"8426",0,2003-01-25
"8427",0,2003-01-26
"8428",2.8212890625,2003-01-27
"8429",0.0009765625,2003-01-28
"8430",0,2003-01-29
"8431",19.373046875,2003-01-30
"8432",0,2003-01-31
"8433",0.001953125,2003-02-01
"8434",0,2003-02-02
"8435",0.0009765625,2003-02-03
"8436",0,2003-02-04
"8437",0.0107421875,2003-02-05
"8438",0,2003-02-06
"8439",0,2003-02-07
"8440",0,2003-02-08
"8441",0,2003-02-09
"8442",0,2003-02-10
"8443",0,2003-02-11
"8444",0,2003-02-12
"8445",0,2003-02-13
"8446",0.2060546875,2003-02-14
"8447",0.1513671875,2003-02-15
"8448",3.1123046875,2003-02-16
"8449",0.015625,2003-02-17
"8450",0.0048828125,2003-02-18
"8451",0.0029296875,2003-02-19
"8452",8.234375,2003-02-20
"8453",11.28515625,2003-02-21
"8454",0.2998046875,2003-02-22
"8455",0.029296875,2003-02-23
"8456",0.0087890625,2003-02-24
"8457",0.0029296875,2003-02-25
"8458",0,2003-02-26
"8459",0,2003-02-27
"8460",0.087890625,2003-02-28
"8461",0.4765625,2003-03-01
"8462",0.0029296875,2003-03-02
"8463",0.0302734375,2003-03-03
"8464",0.0078125,2003-03-04
"8465",0.001953125,2003-03-05
"8466",0,2003-03-06
"8467",0,2003-03-07
"8468",0,2003-03-08
"8469",0,2003-03-09
"8470",0,2003-03-10
"8471",0,2003-03-11
"8472",0,2003-03-12
"8473",0.009765625,2003-03-13
"8474",0,2003-03-14
"8475",0.0341796875,2003-03-15
"8476",0.0107421875,2003-03-16
"8477",0.041015625,2003-03-17
"8478",0,2003-03-18
"8479",4.43359375,2003-03-19
"8480",1.2060546875,2003-03-20
"8481",0.2841796875,2003-03-21
"8482",0.1357421875,2003-03-22
"8483",0.0283203125,2003-03-23
"8484",0.0009765625,2003-03-24
"8485",0.0009765625,2003-03-25
"8486",0,2003-03-26
"8487",0.0009765625,2003-03-27
"8488",0,2003-03-28
"8489",0,2003-03-29
"8490",0.00390625,2003-03-30
"8491",0.0009765625,2003-03-31
"8492",0.0439453125,2003-04-01
"8493",0.072265625,2003-04-02
"8494",0.12890625,2003-04-03
"8495",0,2003-04-04
"8496",0,2003-04-05
"8497",0,2003-04-06
"8498",0,2003-04-07
"8499",5.3173828125,2003-04-08
"8500",0.009765625,2003-04-09
"8501",0.52734375,2003-04-10
"8502",1.095703125,2003-04-11
"8503",0.119140625,2003-04-12
"8504",4.6279296875,2003-04-13
"8505",2.72265625,2003-04-14
"8506",1.4892578125,2003-04-15
"8507",0.0087890625,2003-04-16
"8508",0,2003-04-17
"8509",0,2003-04-18
"8510",0,2003-04-19
"8511",0,2003-04-20
"8512",0,2003-04-21
"8513",0.06640625,2003-04-22
"8514",0.001953125,2003-04-23
"8515",0.0048828125,2003-04-24
"8516",0.001953125,2003-04-25
"8517",0.0048828125,2003-04-26
"8518",0,2003-04-27
"8519",0.0625,2003-04-28
"8520",0.0009765625,2003-04-29
"8521",1.0517578125,2003-04-30
"8522",10.1162109375,2003-05-01
"8523",0.0009765625,2003-05-02
"8524",0.0048828125,2003-05-03
"8525",0.0458984375,2003-05-04
"8526",0,2003-05-05
"8527",0,2003-05-06
"8528",0,2003-05-07
"8529",0.001953125,2003-05-08
"8530",0.0068359375,2003-05-09
"8531",2.486328125,2003-05-10
"8532",26.080078125,2003-05-11
"8533",5.4794921875,2003-05-12
"8534",0.9599609375,2003-05-13
"8535",0.115234375,2003-05-14
"8536",0.15234375,2003-05-15
"8537",0,2003-05-16
"8538",1.1181640625,2003-05-17
"8539",6.294921875,2003-05-18
"8540",4.8564453125,2003-05-19
"8541",14.3271484375,2003-05-20
"8542",0.7763671875,2003-05-21
"8543",0,2003-05-22
"8544",0.4951171875,2003-05-23
"8545",0,2003-05-24
"8546",4.525390625,2003-05-25
"8547",0,2003-05-26
"8548",0.0703125,2003-05-27
"8549",0,2003-05-28
"8550",0,2003-05-29
"8551",0.06640625,2003-05-30
"8552",0.0029296875,2003-05-31
"8553",0.1953125,2003-06-01
"8554",0.04296875,2003-06-02
"8555",1.8916015625,2003-06-03
"8556",1.5283203125,2003-06-04
"8557",16.44140625,2003-06-05
"8558",18.6796875,2003-06-06
"8559",6.2724609375,2003-06-07
"8560",0,2003-06-08
"8561",1.0029296875,2003-06-09
"8562",0,2003-06-10
"8563",0.1142578125,2003-06-11
"8564",4.197265625,2003-06-12
"8565",2.17578125,2003-06-13
"8566",5.6552734375,2003-06-14
"8567",0.7421875,2003-06-15
"8568",0,2003-06-16
"8569",0.1171875,2003-06-17
"8570",0.662109375,2003-06-18
"8571",0.0009765625,2003-06-19
"8572",0.2109375,2003-06-20
"8573",4.2373046875,2003-06-21
"8574",2.4970703125,2003-06-22
"8575",0.068359375,2003-06-23
"8576",0.0283203125,2003-06-24
"8577",0.0009765625,2003-06-25
"8578",0,2003-06-26
"8579",10.158203125,2003-06-27
"8580",5.81640625,2003-06-28
"8581",7.8505859375,2003-06-29
"8582",0,2003-06-30
"8583",0.4052734375,2003-07-01
"8584",0.6826171875,2003-07-02
"8585",1.3505859375,2003-07-03
"8586",3.69140625,2003-07-04
"8587",0.0498046875,2003-07-05
"8588",0.001953125,2003-07-06
"8589",0.3017578125,2003-07-07
"8590",2.4150390625,2003-07-08
"8591",1.265625,2003-07-09
"8592",0.0009765625,2003-07-10
"8593",0.005859375,2003-07-11
"8594",13.40625,2003-07-12
"8595",4.560546875,2003-07-13
"8596",1.5380859375,2003-07-14
"8597",0.0361328125,2003-07-15
"8598",0.69921875,2003-07-16
"8599",0,2003-07-17
"8600",0.00390625,2003-07-18
"8601",0,2003-07-19
"8602",0,2003-07-20
"8603",0.0185546875,2003-07-21
"8604",7.1396484375,2003-07-22
"8605",3.3720703125,2003-07-23
"8606",17.154296875,2003-07-24
"8607",10.5341796875,2003-07-25
"8608",1.146484375,2003-07-26
"8609",0.00390625,2003-07-27
"8610",0.7294921875,2003-07-28
"8611",9.05078125,2003-07-29
"8612",0.7744140625,2003-07-30
"8613",0,2003-07-31
"8614",0.0078125,2003-08-01
"8615",0.0517578125,2003-08-02
"8616",0.0615234375,2003-08-03
"8617",0.224609375,2003-08-04
"8618",10.1796875,2003-08-05
"8619",4.1162109375,2003-08-06
"8620",2.6875,2003-08-07
"8621",1.5439453125,2003-08-08
"8622",2.1083984375,2003-08-09
"8623",1.4267578125,2003-08-10
"8624",9.5234375,2003-08-11
"8625",0.501953125,2003-08-12
"8626",5.6884765625,2003-08-13
"8627",2.2666015625,2003-08-14
"8628",0.052734375,2003-08-15
"8629",0.01953125,2003-08-16
"8630",0.0751953125,2003-08-17
"8631",1.0146484375,2003-08-18
"8632",0.080078125,2003-08-19
"8633",0.2470703125,2003-08-20
"8634",11.6767578125,2003-08-21
"8635",4.439453125,2003-08-22
"8636",1.6005859375,2003-08-23
"8637",11.1953125,2003-08-24
"8638",4.8251953125,2003-08-25
"8639",1.5166015625,2003-08-26
"8640",1.91796875,2003-08-27
"8641",0.349609375,2003-08-28
"8642",0.00390625,2003-08-29
"8643",6.0263671875,2003-08-30
"8644",6.681640625,2003-08-31
"8645",0.41796875,2003-09-01
"8646",0.9248046875,2003-09-02
"8647",0.3740234375,2003-09-03
"8648",0.08984375,2003-09-04
"8649",0.0078125,2003-09-05
"8650",8.2861328125,2003-09-06
"8651",0.0791015625,2003-09-07
"8652",0.00390625,2003-09-08
"8653",0.009765625,2003-09-09
"8654",0.1015625,2003-09-10
"8655",0.73046875,2003-09-11
"8656",1.6865234375,2003-09-12
"8657",0.9013671875,2003-09-13
"8658",9.462890625,2003-09-14
"8659",1.6103515625,2003-09-15
"8660",2.1142578125,2003-09-16
"8661",1.1201171875,2003-09-17
"8662",1.232421875,2003-09-18
"8663",0.263671875,2003-09-19
"8664",0.00390625,2003-09-20
"8665",0.265625,2003-09-21
"8666",0.0478515625,2003-09-22
"8667",0.0400390625,2003-09-23
"8668",0.7802734375,2003-09-24
"8669",1.0185546875,2003-09-25
"8670",1.15234375,2003-09-26
"8671",1.5,2003-09-27
"8672",0.0048828125,2003-09-28
"8673",0.087890625,2003-09-29
"8674",0.359375,2003-09-30
"8675",18.8056640625,2003-10-01
"8676",3.18359375,2003-10-02
"8677",0.4638671875,2003-10-03
"8678",0.19921875,2003-10-04
"8679",1.8740234375,2003-10-05
"8680",0.142578125,2003-10-06
"8681",0.14453125,2003-10-07
"8682",0.6513671875,2003-10-08
"8683",0.1220703125,2003-10-09
"8684",0.2109375,2003-10-10
"8685",0.0673828125,2003-10-11
"8686",0.0126953125,2003-10-12
"8687",0.013671875,2003-10-13
"8688",0,2003-10-14
"8689",0.2822265625,2003-10-15
"8690",0.2705078125,2003-10-16
"8691",0.0009765625,2003-10-17
"8692",0.001953125,2003-10-18
"8693",0.3134765625,2003-10-19
"8694",1.0576171875,2003-10-20
"8695",2.6103515625,2003-10-21
"8696",0.4638671875,2003-10-22
"8697",0.2939453125,2003-10-23
"8698",0.01171875,2003-10-24
"8699",0.416015625,2003-10-25
"8700",0.6376953125,2003-10-26
"8701",0.0771484375,2003-10-27
"8702",2.3095703125,2003-10-28
"8703",1.2509765625,2003-10-29
"8704",0.2509765625,2003-10-30
"8705",7.2197265625,2003-10-31
"8706",0.125,2003-11-01
"8707",0.98828125,2003-11-02
"8708",0,2003-11-03
"8709",0,2003-11-04
"8710",0,2003-11-05
"8711",0,2003-11-06
"8712",0,2003-11-07
"8713",0,2003-11-08
"8714",0,2003-11-09
"8715",0,2003-11-10
"8716",0,2003-11-11
"8717",0,2003-11-12
"8718",0,2003-11-13
"8719",0,2003-11-14
"8720",0,2003-11-15
"8721",0,2003-11-16
"8722",0.0283203125,2003-11-17
"8723",2.90234375,2003-11-18
"8724",0.15234375,2003-11-19
"8725",0,2003-11-20
"8726",0,2003-11-21
"8727",2.8876953125,2003-11-22
"8728",0.4609375,2003-11-23
"8729",0.205078125,2003-11-24
"8730",0,2003-11-25
"8731",0,2003-11-26
"8732",0,2003-11-27
"8733",0,2003-11-28
"8734",0.353515625,2003-11-29
"8735",3.0927734375,2003-11-30
"8736",0.3056640625,2003-12-01
"8737",0.0146484375,2003-12-02
"8738",0,2003-12-03
"8739",0.34375,2003-12-04
"8740",0.1591796875,2003-12-05
"8741",0.0107421875,2003-12-06
"8742",0,2003-12-07
"8743",0.017578125,2003-12-08
"8744",0.009765625,2003-12-09
"8745",0.2626953125,2003-12-10
"8746",0.1845703125,2003-12-11
"8747",0.0234375,2003-12-12
"8748",0.6611328125,2003-12-13
"8749",0.0234375,2003-12-14
"8750",0.001953125,2003-12-15
"8751",0.05078125,2003-12-16
"8752",0.0009765625,2003-12-17
"8753",0.142578125,2003-12-18
"8754",0.1044921875,2003-12-19
"8755",11.662109375,2003-12-20
"8756",1.3740234375,2003-12-21
"8757",1.1298828125,2003-12-22
"8758",0.013671875,2003-12-23
"8759",0,2003-12-24
"8760",0,2003-12-25
"8761",0,2003-12-26
"8762",0,2003-12-27
"8763",0.0009765625,2003-12-28
"8764",0.0048828125,2003-12-29
"8765",0.333984375,2003-12-30
"8766",0.0009765625,2003-12-31
"8767",0,2004-01-01
"8768",0,2004-01-02
"8769",0,2004-01-03
"8770",2.0966796875,2004-01-04
"8771",1.70703125,2004-01-05
"8772",0,2004-01-06
"8773",3.6875,2004-01-07
"8774",0.8955078125,2004-01-08
"8775",0.0673828125,2004-01-09
"8776",0.212890625,2004-01-10
"8777",0.0869140625,2004-01-11
"8778",0,2004-01-12
"8779",0.01171875,2004-01-13
"8780",0.005859375,2004-01-14
"8781",0,2004-01-15
"8782",0.017578125,2004-01-16
"8783",0.0087890625,2004-01-17
"8784",0.001953125,2004-01-18
"8785",0.0166015625,2004-01-19
"8786",0,2004-01-20
"8787",0,2004-01-21
"8788",0.3515625,2004-01-22
"8789",0.0693359375,2004-01-23
"8790",0,2004-01-24
"8791",0,2004-01-25
"8792",0,2004-01-26
"8793",0,2004-01-27
"8794",0.009765625,2004-01-28
"8795",0.0361328125,2004-01-29
"8796",0,2004-01-30
"8797",0,2004-01-31
"8798",0.0048828125,2004-02-01
"8799",0,2004-02-02
"8800",0,2004-02-03
"8801",0,2004-02-04
"8802",0,2004-02-05
"8803",0,2004-02-06
"8804",0,2004-02-07
"8805",0,2004-02-08
"8806",0,2004-02-09
"8807",0,2004-02-10
"8808",2.5234375,2004-02-11
"8809",0.0615234375,2004-02-12
"8810",0,2004-02-13
"8811",0,2004-02-14
"8812",0,2004-02-15
"8813",0,2004-02-16
"8814",0,2004-02-17
"8815",0,2004-02-18
"8816",0,2004-02-19
"8817",0,2004-02-20
"8818",0.1923828125,2004-02-21
"8819",3.9384765625,2004-02-22
"8820",0,2004-02-23
"8821",0,2004-02-24
"8822",0,2004-02-25
"8823",0,2004-02-26
"8824",0,2004-02-27
"8825",0,2004-02-28
"8826",0,2004-02-29
"8827",0,2004-03-01
"8828",0,2004-03-02
"8829",0,2004-03-03
"8830",0,2004-03-04
"8831",0.2939453125,2004-03-05
"8832",3.3017578125,2004-03-06
"8833",0.0302734375,2004-03-07
"8834",0.0458984375,2004-03-08
"8835",1.22265625,2004-03-09
"8836",0.1875,2004-03-10
"8837",0.0634765625,2004-03-11
"8838",0.15234375,2004-03-12
"8839",0.013671875,2004-03-13
"8840",0,2004-03-14
"8841",0,2004-03-15
"8842",0,2004-03-16
"8843",0,2004-03-17
"8844",0,2004-03-18
"8845",0.00390625,2004-03-19
"8846",0.0009765625,2004-03-20
"8847",0,2004-03-21
"8848",0,2004-03-22
"8849",0.0009765625,2004-03-23
"8850",0,2004-03-24
"8851",0.00390625,2004-03-25
"8852",0,2004-03-26
"8853",0,2004-03-27
"8854",0,2004-03-28
"8855",13.1044921875,2004-03-29
"8856",0.0126953125,2004-03-30
"8857",0.0009765625,2004-03-31
"8858",0.3330078125,2004-04-01
"8859",0.12890625,2004-04-02
"8860",0.0029296875,2004-04-03
"8861",0.0009765625,2004-04-04
"8862",0.0048828125,2004-04-05
"8863",0,2004-04-06
"8864",0.0009765625,2004-04-07
"8865",0.0009765625,2004-04-08
"8866",0.0009765625,2004-04-09
"8867",0.068359375,2004-04-10
"8868",0.0859375,2004-04-11
"8869",0.0224609375,2004-04-12
"8870",0.076171875,2004-04-13
"8871",0.046875,2004-04-14
"8872",8.017578125,2004-04-15
"8873",0.3369140625,2004-04-16
"8874",0.001953125,2004-04-17
"8875",0.0126953125,2004-04-18
"8876",0.0009765625,2004-04-19
"8877",0,2004-04-20
"8878",0.00390625,2004-04-21
"8879",0.0224609375,2004-04-22
"8880",7.4443359375,2004-04-23
"8881",0.16796875,2004-04-24
"8882",0.033203125,2004-04-25
"8883",0,2004-04-26
"8884",0.1171875,2004-04-27
"8885",0.0458984375,2004-04-28
"8886",0.2509765625,2004-04-29
"8887",0.5556640625,2004-04-30
"8888",2.5078125,2004-05-01
"8889",0.3125,2004-05-02
"8890",0.751953125,2004-05-03
"8891",5.5390625,2004-05-04
"8892",0.3427734375,2004-05-05
"8893",0.001953125,2004-05-06
"8894",0,2004-05-07
"8895",0,2004-05-08
"8896",0,2004-05-09
"8897",0.001953125,2004-05-10
"8898",0,2004-05-11
"8899",0,2004-05-12
"8900",0.056640625,2004-05-13
"8901",0.2802734375,2004-05-14
"8902",0.6083984375,2004-05-15
"8903",3.27734375,2004-05-16
"8904",1.0224609375,2004-05-17
"8905",16.0263671875,2004-05-18
"8906",0.060546875,2004-05-19
"8907",0.3203125,2004-05-20
"8908",0.060546875,2004-05-21
"8909",0.001953125,2004-05-22
"8910",4.05859375,2004-05-23
"8911",1.25390625,2004-05-24
"8912",2.2880859375,2004-05-25
"8913",0.2109375,2004-05-26
"8914",0.39453125,2004-05-27
"8915",0.3427734375,2004-05-28
"8916",2.275390625,2004-05-29
"8917",0.2392578125,2004-05-30
"8918",0.48046875,2004-05-31
"8919",0.0703125,2004-06-01
"8920",3.0947265625,2004-06-02
"8921",1.1689453125,2004-06-03
"8922",0.1806640625,2004-06-04
"8923",0.005859375,2004-06-05
"8924",0.0009765625,2004-06-06
"8925",2.9267578125,2004-06-07
"8926",0.0625,2004-06-08
"8927",8.990234375,2004-06-09
"8928",1.8115234375,2004-06-10
"8929",0.1318359375,2004-06-11
"8930",10.9970703125,2004-06-12
"8931",7.234375,2004-06-13
"8932",8.19921875,2004-06-14
"8933",5.5087890625,2004-06-15
"8934",0.767578125,2004-06-16
"8935",0.2333984375,2004-06-17
"8936",5.994140625,2004-06-18
"8937",10.8955078125,2004-06-19
"8938",1.7783203125,2004-06-20
"8939",1.23046875,2004-06-21
"8940",0.0595703125,2004-06-22
"8941",0.01171875,2004-06-23
"8942",5.6005859375,2004-06-24
"8943",6.064453125,2004-06-25
"8944",2.2373046875,2004-06-26
"8945",0.1337890625,2004-06-27
"8946",0.0244140625,2004-06-28
"8947",1.0751953125,2004-06-29
"8948",4.6220703125,2004-06-30
"8949",1.4130859375,2004-07-01
"8950",2.759765625,2004-07-02
"8951",0.2021484375,2004-07-03
"8952",2.2041015625,2004-07-04
"8953",1.955078125,2004-07-05
"8954",1.6044921875,2004-07-06
"8955",1.3876953125,2004-07-07
"8956",0.130859375,2004-07-08
"8957",9.685546875,2004-07-09
"8958",0.017578125,2004-07-10
"8959",4.9365234375,2004-07-11
"8960",1.8876953125,2004-07-12
"8961",3.0361328125,2004-07-13
"8962",0.1337890625,2004-07-14
"8963",0.1435546875,2004-07-15
"8964",2.33984375,2004-07-16
"8965",1.5498046875,2004-07-17
"8966",0.162109375,2004-07-18
"8967",0.6357421875,2004-07-19
"8968",0.4345703125,2004-07-20
"8969",0.01171875,2004-07-21
"8970",0.0185546875,2004-07-22
"8971",10.931640625,2004-07-23
"8972",16.3642578125,2004-07-24
"8973",1.2958984375,2004-07-25
"8974",1.7490234375,2004-07-26
"8975",0.6103515625,2004-07-27
"8976",4.255859375,2004-07-28
"8977",4.7900390625,2004-07-29
"8978",0.318359375,2004-07-30
"8979",0.0556640625,2004-07-31
"8980",15.734375,2004-08-01
"8981",4.205078125,2004-08-02
"8982",13.689453125,2004-08-03
"8983",13.81640625,2004-08-04
"8984",7.9345703125,2004-08-05
"8985",2.78125,2004-08-06
"8986",0.4287109375,2004-08-07
"8987",0,2004-08-08
"8988",1.1494140625,2004-08-09
"8989",0.4150390625,2004-08-10
"8990",0.1259765625,2004-08-11
"8991",0.3935546875,2004-08-12
"8992",4.4892578125,2004-08-13
"8993",3.9580078125,2004-08-14
"8994",0.0458984375,2004-08-15
"8995",0.5947265625,2004-08-16
"8996",0.3173828125,2004-08-17
"8997",0.2666015625,2004-08-18
"8998",0.107421875,2004-08-19
"8999",0.7333984375,2004-08-20
"9000",0.05078125,2004-08-21
"9001",0.068359375,2004-08-22
"9002",0.0830078125,2004-08-23
"9003",0.0498046875,2004-08-24
"9004",0,2004-08-25
"9005",6.904296875,2004-08-26
"9006",0.044921875,2004-08-27
"9007",0.287109375,2004-08-28
"9008",6.2705078125,2004-08-29
"9009",3.40234375,2004-08-30
"9010",4.1669921875,2004-08-31
"9011",0.275390625,2004-09-01
"9012",0.29296875,2004-09-02
"9013",0.4775390625,2004-09-03
"9014",0.4287109375,2004-09-04
"9015",0.287109375,2004-09-05
"9016",0.0380859375,2004-09-06
"9017",10.912109375,2004-09-07
"9018",9.857421875,2004-09-08
"9019",1.9013671875,2004-09-09
"9020",1.072265625,2004-09-10
"9021",5.21484375,2004-09-11
"9022",2.0361328125,2004-09-12
"9023",0.828125,2004-09-13
"9024",0.28125,2004-09-14
"9025",0.0791015625,2004-09-15
"9026",0.0029296875,2004-09-16
"9027",0.076171875,2004-09-17
"9028",0,2004-09-18
"9029",0.0009765625,2004-09-19
"9030",0.0048828125,2004-09-20
"9031",0.0009765625,2004-09-21
"9032",0,2004-09-22
"9033",5.0234375,2004-09-23
"9034",0.03515625,2004-09-24
"9035",0.0380859375,2004-09-25
"9036",0.125,2004-09-26
"9037",0.583984375,2004-09-27
"9038",0.1357421875,2004-09-28
"9039",1,2004-09-29
"9040",0.0224609375,2004-09-30
"9041",0.0224609375,2004-10-01
"9042",0.001953125,2004-10-02
"9043",0.048828125,2004-10-03
"9044",0,2004-10-04
"9045",0.0009765625,2004-10-05
"9046",0,2004-10-06
"9047",0.0634765625,2004-10-07
"9048",0.1015625,2004-10-08
"9049",0.0009765625,2004-10-09
"9050",0.001953125,2004-10-10
"9051",0,2004-10-11
"9052",0,2004-10-12
"9053",0.6474609375,2004-10-13
"9054",0.2099609375,2004-10-14
"9055",0.255859375,2004-10-15
"9056",0.0009765625,2004-10-16
"9057",0.0009765625,2004-10-17
"9058",0,2004-10-18
"9059",0.0087890625,2004-10-19
"9060",0,2004-10-20
"9061",1.443359375,2004-10-21
"9062",0.107421875,2004-10-22
"9063",0.0166015625,2004-10-23
"9064",0,2004-10-24
"9065",0,2004-10-25
"9066",0,2004-10-26
"9067",3.4052734375,2004-10-27
"9068",0.068359375,2004-10-28
"9069",0,2004-10-29
"9070",0,2004-10-30
"9071",0,2004-10-31
"9072",0.0029296875,2004-11-01
"9073",2.2255859375,2004-11-02
"9074",0.314453125,2004-11-03
"9075",6.59765625,2004-11-04
"9076",3.921875,2004-11-05
"9077",5.1796875,2004-11-06
"9078",0.87109375,2004-11-07
"9079",0.0390625,2004-11-08
"9080",0,2004-11-09
"9081",0.9794921875,2004-11-10
"9082",5.0859375,2004-11-11
"9083",0.849609375,2004-11-12
"9084",1.1767578125,2004-11-13
"9085",0.9091796875,2004-11-14
"9086",0.1513671875,2004-11-15
"9087",0.0576171875,2004-11-16
"9088",0.009765625,2004-11-17
"9089",0.1201171875,2004-11-18
"9090",0.1494140625,2004-11-19
"9091",0,2004-11-20
"9092",0,2004-11-21
"9093",0,2004-11-22
"9094",0.0009765625,2004-11-23
"9095",0,2004-11-24
"9096",0,2004-11-25
"9097",0,2004-11-26
"9098",0.001953125,2004-11-27
"9099",0.0009765625,2004-11-28
"9100",0,2004-11-29
"9101",3.244140625,2004-11-30
"9102",2.271484375,2004-12-01
"9103",0.0185546875,2004-12-02
"9104",0.0009765625,2004-12-03
"9105",0.0009765625,2004-12-04
"9106",0,2004-12-05
"9107",2.953125,2004-12-06
"9108",2.1689453125,2004-12-07
"9109",2.65234375,2004-12-08
"9110",2.3994140625,2004-12-09
"9111",2.708984375,2004-12-10
"9112",0.1689453125,2004-12-11
"9113",0.4326171875,2004-12-12
"9114",0.6328125,2004-12-13
"9115",0.490234375,2004-12-14
"9116",0.26953125,2004-12-15
"9117",0.005859375,2004-12-16
"9118",0,2004-12-17
"9119",0,2004-12-18
"9120",0,2004-12-19
"9121",0.005859375,2004-12-20
"9122",0.0009765625,2004-12-21
"9123",0.001953125,2004-12-22
"9124",0,2004-12-23
"9125",0,2004-12-24
"9126",0,2004-12-25
"9127",0,2004-12-26
"9128",0,2004-12-27
"9129",0,2004-12-28
"9130",0,2004-12-29
"9131",0,2004-12-30
"9132",0,2004-12-31
"9133",0,2005-01-01
"9134",0.0009765625,2005-01-02
"9135",0.130859375,2005-01-03
"9136",4.7275390625,2005-01-04
"9137",0.900390625,2005-01-05
"9138",0.0673828125,2005-01-06
"9139",0.0087890625,2005-01-07
"9140",0,2005-01-08
"9141",0,2005-01-09
"9142",0,2005-01-10
"9143",0,2005-01-11
"9144",0,2005-01-12
"9145",0,2005-01-13
"9146",0.001953125,2005-01-14
"9147",0.162109375,2005-01-15
"9148",0.06640625,2005-01-16
"9149",0.0224609375,2005-01-17
"9150",0.001953125,2005-01-18
"9151",0,2005-01-19
"9152",0.9697265625,2005-01-20
"9153",0.00390625,2005-01-21
"9154",0,2005-01-22
"9155",0,2005-01-23
"9156",0,2005-01-24
"9157",0,2005-01-25
"9158",0.001953125,2005-01-26
"9159",0.0205078125,2005-01-27
"9160",0.2080078125,2005-01-28
"9161",0.30078125,2005-01-29
"9162",0.001953125,2005-01-30
"9163",0.001953125,2005-01-31
"9164",0.017578125,2005-02-01
"9165",2.634765625,2005-02-02
"9166",1.1875,2005-02-03
"9167",0.208984375,2005-02-04
"9168",0.046875,2005-02-05
"9169",0.001953125,2005-02-06
"9170",0,2005-02-07
"9171",0.052734375,2005-02-08
"9172",2.5517578125,2005-02-09
"9173",0.6435546875,2005-02-10
"9174",0.001953125,2005-02-11
"9175",0.0546875,2005-02-12
"9176",0.0009765625,2005-02-13
"9177",0.0009765625,2005-02-14
"9178",0,2005-02-15
"9179",0.0009765625,2005-02-16
"9180",0,2005-02-17
"9181",0.0244140625,2005-02-18
"9182",0.88671875,2005-02-19
"9183",0.0234375,2005-02-20
"9184",0.0009765625,2005-02-21
"9185",0,2005-02-22
"9186",0.0009765625,2005-02-23
"9187",0.0009765625,2005-02-24
"9188",0.0009765625,2005-02-25
"9189",0,2005-02-26
"9190",0,2005-02-27
"9191",0,2005-02-28
"9192",0,2005-03-01
"9193",0,2005-03-02
"9194",0.0009765625,2005-03-03
"9195",0.005859375,2005-03-04
"9196",4.8251953125,2005-03-05
"9197",0.0498046875,2005-03-06
"9198",0,2005-03-07
"9199",0,2005-03-08
"9200",0,2005-03-09
"9201",0.0009765625,2005-03-10
"9202",0.0009765625,2005-03-11
"9203",0,2005-03-12
"9204",0,2005-03-13
"9205",0.001953125,2005-03-14
"9206",0.0009765625,2005-03-15
"9207",0.2236328125,2005-03-16
"9208",0.0400390625,2005-03-17
"9209",0.0166015625,2005-03-18
"9210",0,2005-03-19
"9211",0.0048828125,2005-03-20
"9212",0.0048828125,2005-03-21
"9213",0,2005-03-22
"9214",0.0009765625,2005-03-23
"9215",0,2005-03-24
"9216",0.005859375,2005-03-25
"9217",0.0087890625,2005-03-26
"9218",0,2005-03-27
"9219",0,2005-03-28
"9220",0.009765625,2005-03-29
"9221",0.8125,2005-03-30
"9222",0.001953125,2005-03-31
"9223",0,2005-04-01
"9224",0,2005-04-02
"9225",3.576171875,2005-04-03
"9226",0.244140625,2005-04-04
"9227",0.009765625,2005-04-05
"9228",0,2005-04-06
"9229",0,2005-04-07
"9230",0.001953125,2005-04-08
"9231",0,2005-04-09
"9232",0.7939453125,2005-04-10
"9233",0.251953125,2005-04-11
"9234",0.0009765625,2005-04-12
"9235",0.0498046875,2005-04-13
"9236",2.1328125,2005-04-14
"9237",0.001953125,2005-04-15
"9238",0,2005-04-16
"9239",0,2005-04-17
"9240",0,2005-04-18
"9241",0.064453125,2005-04-19
"9242",0.001953125,2005-04-20
"9243",0.0009765625,2005-04-21
"9244",0.0478515625,2005-04-22
"9245",0,2005-04-23
"9246",0,2005-04-24
"9247",0.0390625,2005-04-25
"9248",0.0009765625,2005-04-26
"9249",0,2005-04-27
"9250",0,2005-04-28
"9251",0.1044921875,2005-04-29
"9252",0.0576171875,2005-04-30
"9253",0.9052734375,2005-05-01
"9254",0.189453125,2005-05-02
"9255",0.0009765625,2005-05-03
"9256",0,2005-05-04
"9257",0.0517578125,2005-05-05
"9258",0.0234375,2005-05-06
"9259",0.0927734375,2005-05-07
"9260",0,2005-05-08
"9261",0.0009765625,2005-05-09
"9262",0.005859375,2005-05-10
"9263",0.0009765625,2005-05-11
"9264",0.0087890625,2005-05-12
"9265",0.0009765625,2005-05-13
"9266",0.0224609375,2005-05-14
"9267",8.2392578125,2005-05-15
"9268",0.0673828125,2005-05-16
"9269",0.0009765625,2005-05-17
"9270",0.001953125,2005-05-18
"9271",0.0107421875,2005-05-19
"9272",0.0869140625,2005-05-20
"9273",0.037109375,2005-05-21
"9274",0.076171875,2005-05-22
"9275",1.037109375,2005-05-23
"9276",0.099609375,2005-05-24
"9277",0.017578125,2005-05-25
"9278",0.0048828125,2005-05-26
"9279",0.9873046875,2005-05-27
"9280",0.4501953125,2005-05-28
"9281",0.05078125,2005-05-29
"9282",0.0048828125,2005-05-30
"9283",0.115234375,2005-05-31
"9284",0.326171875,2005-06-01
"9285",1.109375,2005-06-02
"9286",0.001953125,2005-06-03
"9287",0.046875,2005-06-04
"9288",0.001953125,2005-06-05
"9289",0,2005-06-06
"9290",0,2005-06-07
"9291",0.0029296875,2005-06-08
"9292",2.5947265625,2005-06-09
"9293",4.2783203125,2005-06-10
"9294",14.8583984375,2005-06-11
"9295",0.3896484375,2005-06-12
"9296",5.0537109375,2005-06-13
"9297",6.615234375,2005-06-14
"9298",14.1044921875,2005-06-15
"9299",6.994140625,2005-06-16
"9300",1.04296875,2005-06-17
"9301",6.7119140625,2005-06-18
"9302",7.5439453125,2005-06-19
"9303",18.08203125,2005-06-20
"9304",24.23828125,2005-06-21
"9305",10.87890625,2005-06-22
"9306",1.0634765625,2005-06-23
"9307",0.21875,2005-06-24
"9308",0.0107421875,2005-06-25
"9309",1.0908203125,2005-06-26
"9310",0.1494140625,2005-06-27
"9311",0.033203125,2005-06-28
"9312",0.029296875,2005-06-29
"9313",0.005859375,2005-06-30
"9314",0.0888671875,2005-07-01
"9315",4.75390625,2005-07-02
"9316",1.6474609375,2005-07-03
"9317",0.083984375,2005-07-04
"9318",0,2005-07-05
"9319",0.1767578125,2005-07-06
"9320",4.9697265625,2005-07-07
"9321",0.4248046875,2005-07-08
"9322",2.001953125,2005-07-09
"9323",1.8681640625,2005-07-10
"9324",0.30859375,2005-07-11
"9325",1.5888671875,2005-07-12
"9326",6.6328125,2005-07-13
"9327",4.0263671875,2005-07-14
"9328",8.67578125,2005-07-15
"9329",3.69140625,2005-07-16
"9330",2.154296875,2005-07-17
"9331",0.5009765625,2005-07-18
"9332",0.0556640625,2005-07-19
"9333",0.005859375,2005-07-20
"9334",0.001953125,2005-07-21
"9335",0.0458984375,2005-07-22
"9336",0.17578125,2005-07-23
"9337",0.6279296875,2005-07-24
"9338",1.642578125,2005-07-25
"9339",4.3564453125,2005-07-26
"9340",2.2744140625,2005-07-27
"9341",1.8876953125,2005-07-28
"9342",0.068359375,2005-07-29
"9343",0.0537109375,2005-07-30
"9344",0.45703125,2005-07-31
"9345",0.1318359375,2005-08-01
"9346",0.0185546875,2005-08-02
"9347",0.0009765625,2005-08-03
"9348",4.09765625,2005-08-04
"9349",0.15625,2005-08-05
"9350",0.09375,2005-08-06
"9351",0.27734375,2005-08-07
"9352",4.0244140625,2005-08-08
"9353",7.591796875,2005-08-09
"9354",5.3271484375,2005-08-10
"9355",2.359375,2005-08-11
"9356",0.4560546875,2005-08-12
"9357",0.0546875,2005-08-13
"9358",1,2005-08-14
"9359",10.1005859375,2005-08-15
"9360",0.6416015625,2005-08-16
"9361",0.0576171875,2005-08-17
"9362",1.3349609375,2005-08-18
"9363",8.18359375,2005-08-19
"9364",3.17578125,2005-08-20
"9365",2.658203125,2005-08-21
"9366",0.5986328125,2005-08-22
"9367",0.5986328125,2005-08-23
"9368",0.0205078125,2005-08-24
"9369",0.0078125,2005-08-25
"9370",0.0068359375,2005-08-26
"9371",0,2005-08-27
"9372",0.0009765625,2005-08-28
"9373",2.1982421875,2005-08-29
"9374",6.6005859375,2005-08-30
"9375",7.4619140625,2005-08-31
"9376",0.4443359375,2005-09-01
"9377",0.71875,2005-09-02
"9378",4.0048828125,2005-09-03
"9379",6.3857421875,2005-09-04
"9380",0,2005-09-05
"9381",0.0205078125,2005-09-06
"9382",0.173828125,2005-09-07
"9383",0.013671875,2005-09-08
"9384",0.0146484375,2005-09-09
"9385",6.6748046875,2005-09-10
"9386",4.38671875,2005-09-11
"9387",0.2021484375,2005-09-12
"9388",0.0166015625,2005-09-13
"9389",0.1982421875,2005-09-14
"9390",2.8056640625,2005-09-15
"9391",3.255859375,2005-09-16
"9392",1.9541015625,2005-09-17
"9393",0.2158203125,2005-09-18
"9394",0.1396484375,2005-09-19
"9395",0.513671875,2005-09-20
"9396",0.0029296875,2005-09-21
"9397",3.4775390625,2005-09-22
"9398",2.1318359375,2005-09-23
"9399",0.23828125,2005-09-24
"9400",0.560546875,2005-09-25
"9401",11.6435546875,2005-09-26
"9402",0.0244140625,2005-09-27
"9403",6.439453125,2005-09-28
"9404",4.9765625,2005-09-29
"9405",0.109375,2005-09-30
"9406",0,2005-10-01
"9407",0.0048828125,2005-10-02
"9408",0.0009765625,2005-10-03
"9409",0.0966796875,2005-10-04
"9410",0.0029296875,2005-10-05
"9411",0.0205078125,2005-10-06
"9412",16.5654296875,2005-10-07
"9413",12.3330078125,2005-10-08
"9414",4.1318359375,2005-10-09
"9415",0.0205078125,2005-10-10
"9416",0.2734375,2005-10-11
"9417",0.0068359375,2005-10-12
"9418",0.01171875,2005-10-13
"9419",0,2005-10-14
"9420",0,2005-10-15
"9421",0.0419921875,2005-10-16
"9422",0.017578125,2005-10-17
"9423",0.001953125,2005-10-18
"9424",8.0830078125,2005-10-19
"9425",3.158203125,2005-10-20
"9426",2.72265625,2005-10-21
"9427",2.23046875,2005-10-22
"9428",1.8095703125,2005-10-23
"9429",6.8203125,2005-10-24
"9430",1.083984375,2005-10-25
"9431",0.130859375,2005-10-26
"9432",0.3251953125,2005-10-27
"9433",0.0517578125,2005-10-28
"9434",11.1337890625,2005-10-29
"9435",3.1396484375,2005-10-30
"9436",0.0126953125,2005-10-31
"9437",0.0078125,2005-11-01
"9438",0.05078125,2005-11-02
"9439",6.7216796875,2005-11-03
"9440",0.013671875,2005-11-04
"9441",0,2005-11-05
"9442",0.0087890625,2005-11-06
"9443",49.193359375,2005-11-07
"9444",11.759765625,2005-11-08
"9445",0.2890625,2005-11-09
"9446",4.5498046875,2005-11-10
"9447",1.2314453125,2005-11-11
"9448",0.095703125,2005-11-12
"9449",0.017578125,2005-11-13
"9450",0.0009765625,2005-11-14
"9451",0.0439453125,2005-11-15
"9452",0.0009765625,2005-11-16
"9453",0,2005-11-17
"9454",0.0009765625,2005-11-18
"9455",0.0234375,2005-11-19
"9456",0,2005-11-20
"9457",0.0048828125,2005-11-21
"9458",0,2005-11-22
"9459",0,2005-11-23
"9460",0,2005-11-24
"9461",0.02734375,2005-11-25
"9462",0.0068359375,2005-11-26
"9463",0.01171875,2005-11-27
"9464",0.0009765625,2005-11-28
"9465",0,2005-11-29
"9466",0.0009765625,2005-11-30
"9467",0.0146484375,2005-12-01
"9468",5.62109375,2005-12-02
"9469",0.857421875,2005-12-03
"9470",0.001953125,2005-12-04
"9471",0.01171875,2005-12-05
"9472",0.2158203125,2005-12-06
"9473",0.1201171875,2005-12-07
"9474",0.677734375,2005-12-08
"9475",0.1279296875,2005-12-09
"9476",0.201171875,2005-12-10
"9477",0.0078125,2005-12-11
"9478",8.166015625,2005-12-12
"9479",1.306640625,2005-12-13
"9480",0.087890625,2005-12-14
"9481",0.748046875,2005-12-15
"9482",3.908203125,2005-12-16
"9483",3.798828125,2005-12-17
"9484",0.162109375,2005-12-18
"9485",0,2005-12-19
"9486",0.0009765625,2005-12-20
"9487",0.0029296875,2005-12-21
"9488",0.0146484375,2005-12-22
"9489",0.115234375,2005-12-23
"9490",0.8310546875,2005-12-24
"9491",0.05078125,2005-12-25
"9492",0.0849609375,2005-12-26
"9493",0,2005-12-27
"9494",0.39453125,2005-12-28
"9495",0,2005-12-29
"9496",0,2005-12-30
"9497",0,2005-12-31
"9498",5.6357421875,2006-01-01
"9499",6.6455078125,2006-01-02
"9500",0.00390625,2006-01-03
"9501",0.0009765625,2006-01-04
"9502",0.001953125,2006-01-05
"9503",0,2006-01-06
"9504",0,2006-01-07
"9505",0,2006-01-08
"9506",0.2666015625,2006-01-09
"9507",0.0517578125,2006-01-10
"9508",0.033203125,2006-01-11
"9509",0.0029296875,2006-01-12
"9510",0.0009765625,2006-01-13
"9511",0.0888671875,2006-01-14
"9512",0.98046875,2006-01-15
"9513",0.1650390625,2006-01-16
"9514",0.0009765625,2006-01-17
"9515",0.0029296875,2006-01-18
"9516",0,2006-01-19
"9517",1.544921875,2006-01-20
"9518",0.0947265625,2006-01-21
"9519",0,2006-01-22
"9520",0,2006-01-23
"9521",0,2006-01-24
"9522",0,2006-01-25
"9523",0.0068359375,2006-01-26
"9524",0.1650390625,2006-01-27
"9525",1.837890625,2006-01-28
"9526",4.0576171875,2006-01-29
"9527",2.79296875,2006-01-30
"9528",0.00390625,2006-01-31
"9529",1.3916015625,2006-02-01
"9530",11.38671875,2006-02-02
"9531",0.0029296875,2006-02-03
"9532",0.1396484375,2006-02-04
"9533",0,2006-02-05
"9534",0,2006-02-06
"9535",0.0009765625,2006-02-07
"9536",0.0009765625,2006-02-08
"9537",8.1552734375,2006-02-09
"9538",0.08203125,2006-02-10
"9539",0.001953125,2006-02-11
"9540",0,2006-02-12
"9541",0.0029296875,2006-02-13
"9542",0,2006-02-14
"9543",0,2006-02-15
"9544",0,2006-02-16
"9545",0,2006-02-17
"9546",0.0078125,2006-02-18
"9547",0.0009765625,2006-02-19
"9548",0,2006-02-20
"9549",0,2006-02-21
"9550",0,2006-02-22
"9551",0.1953125,2006-02-23
"9552",0.998046875,2006-02-24
"9553",0.7763671875,2006-02-25
"9554",0.0009765625,2006-02-26
"9555",0.001953125,2006-02-27
"9556",0,2006-02-28
"9557",0.0009765625,2006-03-01
"9558",0,2006-03-02
"9559",0,2006-03-03
"9560",0,2006-03-04
"9561",0,2006-03-05
"9562",0,2006-03-06
"9563",0,2006-03-07
"9564",0,2006-03-08
"9565",0.001953125,2006-03-09
"9566",0.0048828125,2006-03-10
"9567",0.01171875,2006-03-11
"9568",0,2006-03-12
"9569",10.6220703125,2006-03-13
"9570",0.0029296875,2006-03-14
"9571",0.0009765625,2006-03-15
"9572",0.095703125,2006-03-16
"9573",0.099609375,2006-03-17
"9574",0.04296875,2006-03-18
"9575",0.03515625,2006-03-19
"9576",0,2006-03-20
"9577",0.0009765625,2006-03-21
"9578",0.0009765625,2006-03-22
"9579",0,2006-03-23
"9580",0,2006-03-24
"9581",0,2006-03-25
"9582",0.333984375,2006-03-26
"9583",34.2783203125,2006-03-27
"9584",8.3115234375,2006-03-28
"9585",0.0068359375,2006-03-29
"9586",0.00390625,2006-03-30
"9587",0.0146484375,2006-03-31
"9588",0.7109375,2006-04-01
"9589",0.0341796875,2006-04-02
"9590",5.8828125,2006-04-03
"9591",0.5224609375,2006-04-04
"9592",1.4287109375,2006-04-05
"9593",1.5263671875,2006-04-06
"9594",0.861328125,2006-04-07
"9595",0.3115234375,2006-04-08
"9596",0,2006-04-09
"9597",0.005859375,2006-04-10
"9598",0.041015625,2006-04-11
"9599",0.265625,2006-04-12
"9600",0.0029296875,2006-04-13
"9601",1.509765625,2006-04-14
"9602",0.9140625,2006-04-15
"9603",0.0009765625,2006-04-16
"9604",0.2490234375,2006-04-17
"9605",6.9580078125,2006-04-18
"9606",0.458984375,2006-04-19
"9607",3.6943359375,2006-04-20
"9608",1.3974609375,2006-04-21
"9609",0.0712890625,2006-04-22
"9610",0,2006-04-23
"9611",0.01171875,2006-04-24
"9612",0,2006-04-25
"9613",0,2006-04-26
"9614",0,2006-04-27
"9615",3.724609375,2006-04-28
"9616",1.6787109375,2006-04-29
"9617",0.203125,2006-04-30
"9618",2.2578125,2006-05-01
"9619",1.1884765625,2006-05-02
"9620",4.0009765625,2006-05-03
"9621",0.12890625,2006-05-04
"9622",2.41015625,2006-05-05
"9623",3.087890625,2006-05-06
"9624",14.265625,2006-05-07
"9625",2.1328125,2006-05-08
"9626",2.197265625,2006-05-09
"9627",3.3603515625,2006-05-10
"9628",0.3759765625,2006-05-11
"9629",0.0224609375,2006-05-12
"9630",0.001953125,2006-05-13
"9631",0,2006-05-14
"9632",0,2006-05-15
"9633",0.0009765625,2006-05-16
"9634",0.0673828125,2006-05-17
"9635",0.0244140625,2006-05-18
"9636",0,2006-05-19
"9637",0.2060546875,2006-05-20
"9638",0.00390625,2006-05-21
"9639",0.4814453125,2006-05-22
"9640",0.1455078125,2006-05-23
"9641",0.0087890625,2006-05-24
"9642",0.4541015625,2006-05-25
"9643",0.359375,2006-05-26
"9644",0.5263671875,2006-05-27
"9645",0.0615234375,2006-05-28
"9646",0.611328125,2006-05-29
"9647",0.2109375,2006-05-30
"9648",0.4990234375,2006-05-31
"9649",21.1015625,2006-06-01
"9650",6.640625,2006-06-02
"9651",0.2421875,2006-06-03
"9652",0.75390625,2006-06-04
"9653",0.853515625,2006-06-05
"9654",0,2006-06-06
"9655",0.05078125,2006-06-07
"9656",0.052734375,2006-06-08
"9657",0.0009765625,2006-06-09
"9658",0.078125,2006-06-10
"9659",0.9658203125,2006-06-11
"9660",0.2373046875,2006-06-12
"9661",0.021484375,2006-06-13
"9662",0.005859375,2006-06-14
"9663",0.00390625,2006-06-15
"9664",0.5400390625,2006-06-16
"9665",0.357421875,2006-06-17
"9666",0.03515625,2006-06-18
"9667",0.0595703125,2006-06-19
"9668",0.0068359375,2006-06-20
"9669",0.001953125,2006-06-21
"9670",0.068359375,2006-06-22
"9671",3.1982421875,2006-06-23
"9672",0.5068359375,2006-06-24
"9673",0.0380859375,2006-06-25
"9674",0.001953125,2006-06-26
"9675",1.3798828125,2006-06-27
"9676",0.0185546875,2006-06-28
"9677",0.048828125,2006-06-29
"9678",7.5400390625,2006-06-30
"9679",4.0927734375,2006-07-01
"9680",6.763671875,2006-07-02
"9681",1.228515625,2006-07-03
"9682",0.0693359375,2006-07-04
"9683",0.1767578125,2006-07-05
"9684",1.224609375,2006-07-06
"9685",0.0009765625,2006-07-07
"9686",0.7509765625,2006-07-08
"9687",0.693359375,2006-07-09
"9688",0.005859375,2006-07-10
"9689",2.177734375,2006-07-11
"9690",5.8818359375,2006-07-12
"9691",0.0771484375,2006-07-13
"9692",0.25390625,2006-07-14
"9693",14.67578125,2006-07-15
"9694",2.5966796875,2006-07-16
"9695",1.9423828125,2006-07-17
"9696",0.7900390625,2006-07-18
"9697",0.13671875,2006-07-19
"9698",0,2006-07-20
"9699",0.0078125,2006-07-21
"9700",0.01171875,2006-07-22
"9701",2.076171875,2006-07-23
"9702",0.087890625,2006-07-24
"9703",0.01953125,2006-07-25
"9704",0.0654296875,2006-07-26
"9705",0.001953125,2006-07-27
"9706",0.634765625,2006-07-28
"9707",6.3544921875,2006-07-29
"9708",2.626953125,2006-07-30
"9709",4.39453125,2006-07-31
"9710",0.06640625,2006-08-01
"9711",0.9423828125,2006-08-02
"9712",5.041015625,2006-08-03
"9713",0.0908203125,2006-08-04
"9714",0.078125,2006-08-05
"9715",0.0302734375,2006-08-06
"9716",0.0927734375,2006-08-07
"9717",0.05859375,2006-08-08
"9718",0.0166015625,2006-08-09
"9719",0.0107421875,2006-08-10
"9720",0.0078125,2006-08-11
"9721",0.0009765625,2006-08-12
"9722",0.00390625,2006-08-13
"9723",0.0341796875,2006-08-14
"9724",0.8330078125,2006-08-15
"9725",0.0146484375,2006-08-16
"9726",3.166015625,2006-08-17
"9727",1.513671875,2006-08-18
"9728",0.171875,2006-08-19
"9729",0.0595703125,2006-08-20
"9730",0.03515625,2006-08-21
"9731",2.0712890625,2006-08-22
"9732",0.5478515625,2006-08-23
"9733",2.1904296875,2006-08-24
"9734",0.92578125,2006-08-25
"9735",0.0361328125,2006-08-26
"9736",0.0107421875,2006-08-27
"9737",0.453125,2006-08-28
"9738",0.01171875,2006-08-29
"9739",0,2006-08-30
"9740",0.01171875,2006-08-31
"9741",0,2006-09-01
"9742",0.0009765625,2006-09-02
"9743",5.654296875,2006-09-03
"9744",0.376953125,2006-09-04
"9745",0.001953125,2006-09-05
"9746",5.2421875,2006-09-06
"9747",0.51171875,2006-09-07
"9748",0.30859375,2006-09-08
"9749",1.216796875,2006-09-09
"9750",0.01171875,2006-09-10
"9751",0.001953125,2006-09-11
"9752",0,2006-09-12
"9753",0.0029296875,2006-09-13
"9754",0.126953125,2006-09-14
"9755",0,2006-09-15
"9756",0.00390625,2006-09-16
"9757",0.001953125,2006-09-17
"9758",0,2006-09-18
"9759",0,2006-09-19
"9760",0.51171875,2006-09-20
"9761",0.2509765625,2006-09-21
"9762",0.046875,2006-09-22
"9763",0.40625,2006-09-23
"9764",4.59375,2006-09-24
"9765",0.7431640625,2006-09-25
"9766",0.0068359375,2006-09-26
"9767",0,2006-09-27
"9768",0,2006-09-28
"9769",0,2006-09-29
"9770",0,2006-09-30
"9771",0.001953125,2006-10-01
"9772",0.0224609375,2006-10-02
"9773",0.048828125,2006-10-03
"9774",0,2006-10-04
"9775",0.1884765625,2006-10-05
"9776",0.0009765625,2006-10-06
"9777",0,2006-10-07
"9778",0,2006-10-08
"9779",0,2006-10-09
"9780",0,2006-10-10
"9781",0.0009765625,2006-10-11
"9782",0.001953125,2006-10-12
"9783",0,2006-10-13
"9784",0.0009765625,2006-10-14
"9785",0,2006-10-15
"9786",0,2006-10-16
"9787",0,2006-10-17
"9788",0.3427734375,2006-10-18
"9789",0.5634765625,2006-10-19
"9790",0.0283203125,2006-10-20
"9791",0.01953125,2006-10-21
"9792",0,2006-10-22
"9793",0,2006-10-23
"9794",0.0009765625,2006-10-24
"9795",0.0322265625,2006-10-25
"9796",0.0068359375,2006-10-26
"9797",0,2006-10-27
"9798",0.0546875,2006-10-28
"9799",0.0087890625,2006-10-29
"9800",0,2006-10-30
"9801",0.0146484375,2006-10-31
"9802",0.009765625,2006-11-01
"9803",0.5634765625,2006-11-02
"9804",0.029296875,2006-11-03
"9805",0,2006-11-04
"9806",0.0029296875,2006-11-05
"9807",0,2006-11-06
"9808",0.0009765625,2006-11-07
"9809",0.0009765625,2006-11-08
"9810",0,2006-11-09
"9811",0,2006-11-10
"9812",0.0078125,2006-11-11
"9813",5.2900390625,2006-11-12
"9814",0.587890625,2006-11-13
"9815",0.0068359375,2006-11-14
"9816",0.8046875,2006-11-15
"9817",0.1220703125,2006-11-16
"9818",0.0009765625,2006-11-17
"9819",0,2006-11-18
"9820",0,2006-11-19
"9821",0.009765625,2006-11-20
"9822",0,2006-11-21
"9823",0.08984375,2006-11-22
"9824",0.0029296875,2006-11-23
"9825",0.0009765625,2006-11-24
"9826",0.0009765625,2006-11-25
"9827",0.0048828125,2006-11-26
"9828",0,2006-11-27
"9829",0,2006-11-28
"9830",0,2006-11-29
"9831",0.01171875,2006-11-30
"9832",0.0048828125,2006-12-01
"9833",0.0048828125,2006-12-02
"9834",0,2006-12-03
"9835",0,2006-12-04
"9836",0.0009765625,2006-12-05
"9837",0,2006-12-06
"9838",0,2006-12-07
"9839",0,2006-12-08
"9840",0,2006-12-09
"9841",0,2006-12-10
"9842",0.0478515625,2006-12-11
"9843",0,2006-12-12
"9844",0.001953125,2006-12-13
"9845",1.138671875,2006-12-14
"9846",4.939453125,2006-12-15
"9847",0.05859375,2006-12-16
"9848",0,2006-12-17
"9849",0,2006-12-18
"9850",0,2006-12-19
"9851",0,2006-12-20
"9852",0.0048828125,2006-12-21
"9853",6.880859375,2006-12-22
"9854",0.087890625,2006-12-23
"9855",0.00390625,2006-12-24
"9856",0.1796875,2006-12-25
"9857",0.0390625,2006-12-26
"9858",0.0390625,2006-12-27
"9859",0.00390625,2006-12-28
"9860",0.103515625,2006-12-29
"9861",0.20703125,2006-12-30
"9862",0.001953125,2006-12-31
"9863",0.017578125,2007-01-01
"9864",0.0234375,2007-01-02
"9865",0,2007-01-03
"9866",0,2007-01-04
"9867",0,2007-01-05
"9868",3.10546875,2007-01-06
"9869",1.1357421875,2007-01-07
"9870",0.0224609375,2007-01-08
"9871",0.0009765625,2007-01-09
"9872",0,2007-01-10
"9873",0,2007-01-11
"9874",0,2007-01-12
"9875",0,2007-01-13
"9876",0,2007-01-14
"9877",0,2007-01-15
"9878",0.0009765625,2007-01-16
"9879",0.2431640625,2007-01-17
"9880",0.0009765625,2007-01-18
"9881",0.9287109375,2007-01-19
"9882",25.4931640625,2007-01-20
"9883",5.115234375,2007-01-21
"9884",0.1103515625,2007-01-22
"9885",0.0009765625,2007-01-23
"9886",0.0009765625,2007-01-24
"9887",0,2007-01-25
"9888",0.00390625,2007-01-26
"9889",0.189453125,2007-01-27
"9890",0.0009765625,2007-01-28
"9891",0.0888671875,2007-01-29
"9892",0.00390625,2007-01-30
"9893",0.0048828125,2007-01-31
"9894",0,2007-02-01
"9895",0,2007-02-02
"9896",0,2007-02-03
"9897",0,2007-02-04
"9898",0,2007-02-05
"9899",0.0009765625,2007-02-06
"9900",0,2007-02-07
"9901",0,2007-02-08
"9902",0.0029296875,2007-02-09
"9903",0.001953125,2007-02-10
"9904",0.0009765625,2007-02-11
"9905",0.001953125,2007-02-12
"9906",0,2007-02-13
"9907",0,2007-02-14
"9908",0,2007-02-15
"9909",0.0009765625,2007-02-16
"9910",0.0009765625,2007-02-17
"9911",0.0087890625,2007-02-18
"9912",0.0009765625,2007-02-19
"9913",0.033203125,2007-02-20
"9914",0.05859375,2007-02-21
"9915",0.0048828125,2007-02-22
"9916",0.0009765625,2007-02-23
"9917",0.5244140625,2007-02-24
"9918",0,2007-02-25
"9919",0.0029296875,2007-02-26
"9920",0,2007-02-27
"9921",0.0029296875,2007-02-28
"9922",0,2007-03-01
"9923",0,2007-03-02
"9924",0.0302734375,2007-03-03
"9925",0.0546875,2007-03-04
"9926",0.00390625,2007-03-05
"9927",0.0009765625,2007-03-06
"9928",0.0009765625,2007-03-07
"9929",0.0166015625,2007-03-08
"9930",0.0009765625,2007-03-09
"9931",0,2007-03-10
"9932",0.001953125,2007-03-11
"9933",0.005859375,2007-03-12
"9934",0,2007-03-13
"9935",0,2007-03-14
"9936",0.02734375,2007-03-15
"9937",0.4677734375,2007-03-16
"9938",0.0517578125,2007-03-17
"9939",0.00390625,2007-03-18
"9940",0.0107421875,2007-03-19
"9941",0.6787109375,2007-03-20
"9942",0.08984375,2007-03-21
"9943",0.03515625,2007-03-22
"9944",0.8408203125,2007-03-23
"9945",13.548828125,2007-03-24
"9946",0.1123046875,2007-03-25
"9947",0.009765625,2007-03-26
"9948",0,2007-03-27
"9949",4.91015625,2007-03-28
"9950",1.7412109375,2007-03-29
"9951",0.5263671875,2007-03-30
"9952",0.1357421875,2007-03-31
"9953",0.01171875,2007-04-01
"9954",0.0048828125,2007-04-02
"9955",0.00390625,2007-04-03
"9956",0.0009765625,2007-04-04
"9957",0,2007-04-05
"9958",0,2007-04-06
"9959",0,2007-04-07
"9960",0.0048828125,2007-04-08
"9961",0,2007-04-09
"9962",0,2007-04-10
"9963",0.0009765625,2007-04-11
"9964",0,2007-04-12
"9965",0,2007-04-13
"9966",0,2007-04-14
"9967",0,2007-04-15
"9968",0,2007-04-16
"9969",0.001953125,2007-04-17
"9970",0.0068359375,2007-04-18
"9971",0.005859375,2007-04-19
"9972",0.013671875,2007-04-20
"9973",0.2158203125,2007-04-21
"9974",0.029296875,2007-04-22
"9975",0.0234375,2007-04-23
"9976",0.001953125,2007-04-24
"9977",0.033203125,2007-04-25
"9978",8.583984375,2007-04-26
"9979",25.3876953125,2007-04-27
"9980",10.6708984375,2007-04-28
"9981",14.232421875,2007-04-29
"9982",1.3505859375,2007-04-30
"9983",0.0478515625,2007-05-01
"9984",0.603515625,2007-05-02
"9985",3.650390625,2007-05-03
"9986",4.8173828125,2007-05-04
"9987",1.58984375,2007-05-05
"9988",0.8056640625,2007-05-06
"9989",1.7236328125,2007-05-07
"9990",2.9169921875,2007-05-08
"9991",0,2007-05-09
"9992",0,2007-05-10
"9993",0,2007-05-11
"9994",0,2007-05-12
"9995",0.0068359375,2007-05-13
"9996",8.3935546875,2007-05-14
"9997",6.7353515625,2007-05-15
"9998",1.3408203125,2007-05-16
"9999",1.76171875,2007-05-17
"10000",2.2939453125,2007-05-18
"10001",2.4423828125,2007-05-19
"10002",0.9580078125,2007-05-20
"10003",3.81640625,2007-05-21
"10004",3.216796875,2007-05-22
"10005",3.1220703125,2007-05-23
"10006",0.037109375,2007-05-24
"10007",0,2007-05-25
"10008",0.0068359375,2007-05-26
"10009",0.04296875,2007-05-27
"10010",12.0400390625,2007-05-28
"10011",5.5029296875,2007-05-29
"10012",8.4462890625,2007-05-30
"10013",7.220703125,2007-05-31
"10014",8.0615234375,2007-06-01
"10015",1.380859375,2007-06-02
"10016",1.0927734375,2007-06-03
"10017",1.96484375,2007-06-04
"10018",2.1435546875,2007-06-05
"10019",0.8759765625,2007-06-06
"10020",1.40234375,2007-06-07
"10021",1.298828125,2007-06-08
"10022",0.8681640625,2007-06-09
"10023",0.3935546875,2007-06-10
"10024",5.2509765625,2007-06-11
"10025",0.041015625,2007-06-12
"10026",0.005859375,2007-06-13
"10027",0.0556640625,2007-06-14
"10028",0.0048828125,2007-06-15
"10029",0.0048828125,2007-06-16
"10030",0,2007-06-17
"10031",3.3681640625,2007-06-18
"10032",4.599609375,2007-06-19
"10033",2.0908203125,2007-06-20
"10034",1.31640625,2007-06-21
"10035",0.9443359375,2007-06-22
"10036",0.00390625,2007-06-23
"10037",0.001953125,2007-06-24
"10038",0.6484375,2007-06-25
"10039",5.173828125,2007-06-26
"10040",0.2958984375,2007-06-27
"10041",0.4189453125,2007-06-28
"10042",0.287109375,2007-06-29
"10043",0.978515625,2007-06-30
"10044",3.169921875,2007-07-01
"10045",0.609375,2007-07-02
"10046",1.6416015625,2007-07-03
"10047",5.58203125,2007-07-04
"10048",7.921875,2007-07-05
"10049",4.90234375,2007-07-06
"10050",4.7236328125,2007-07-07
"10051",0.9609375,2007-07-08
"10052",0.193359375,2007-07-09
"10053",0.0078125,2007-07-10
"10054",0.7119140625,2007-07-11
"10055",0.2392578125,2007-07-12
"10056",0.2802734375,2007-07-13
"10057",0.3876953125,2007-07-14
"10058",3.6220703125,2007-07-15
"10059",0.6162109375,2007-07-16
"10060",8.09765625,2007-07-17
"10061",2.67578125,2007-07-18
"10062",0.0107421875,2007-07-19
"10063",0.0048828125,2007-07-20
"10064",0.001953125,2007-07-21
"10065",0,2007-07-22
"10066",0,2007-07-23
"10067",0,2007-07-24
"10068",0,2007-07-25
"10069",0.0048828125,2007-07-26
"10070",3.5341796875,2007-07-27
"10071",1.236328125,2007-07-28
"10072",10.8955078125,2007-07-29
"10073",0.15625,2007-07-30
"10074",0.0166015625,2007-07-31
"10075",1.7509765625,2007-08-01
"10076",2.017578125,2007-08-02
"10077",3.3251953125,2007-08-03
"10078",1.3212890625,2007-08-04
"10079",1.6669921875,2007-08-05
"10080",0.130859375,2007-08-06
"10081",0.001953125,2007-08-07
"10082",2.6064453125,2007-08-08
"10083",0.8876953125,2007-08-09
"10084",0.10546875,2007-08-10
"10085",0.0224609375,2007-08-11
"10086",1.625,2007-08-12
"10087",0.25390625,2007-08-13
"10088",0,2007-08-14
"10089",0,2007-08-15
"10090",5.03515625,2007-08-16
"10091",1.33984375,2007-08-17
"10092",2.4501953125,2007-08-18
"10093",0.0849609375,2007-08-19
"10094",0.0576171875,2007-08-20
"10095",0.005859375,2007-08-21
"10096",0.0029296875,2007-08-22
"10097",0.001953125,2007-08-23
"10098",0.0068359375,2007-08-24
"10099",0,2007-08-25
"10100",0.0615234375,2007-08-26
"10101",0,2007-08-27
"10102",0.0009765625,2007-08-28
"10103",0.1630859375,2007-08-29
"10104",0,2007-08-30
"10105",2.103515625,2007-08-31
"10106",0.009765625,2007-09-01
"10107",0.048828125,2007-09-02
"10108",0.7197265625,2007-09-03
"10109",0.0009765625,2007-09-04
"10110",0.0029296875,2007-09-05
"10111",0,2007-09-06
"10112",0,2007-09-07
"10113",0.0009765625,2007-09-08
"10114",0.017578125,2007-09-09
"10115",4.6982421875,2007-09-10
"10116",2.7958984375,2007-09-11
"10117",0.08984375,2007-09-12
"10118",0.0693359375,2007-09-13
"10119",5.427734375,2007-09-14
"10120",0.005859375,2007-09-15
"10121",0.0234375,2007-09-16
"10122",2.2978515625,2007-09-17
"10123",0.001953125,2007-09-18
"10124",0.03125,2007-09-19
"10125",2.302734375,2007-09-20
"10126",0.001953125,2007-09-21
"10127",0,2007-09-22
"10128",0,2007-09-23
"10129",0.0009765625,2007-09-24
"10130",0,2007-09-25
"10131",4.185546875,2007-09-26
"10132",3.4423828125,2007-09-27
"10133",2.0751953125,2007-09-28
"10134",0.7001953125,2007-09-29
"10135",0.173828125,2007-09-30
"10136",0.009765625,2007-10-01
"10137",0.0087890625,2007-10-02
"10138",0.0751953125,2007-10-03
"10139",0.0009765625,2007-10-04
"10140",0,2007-10-05
"10141",0.0048828125,2007-10-06
"10142",0,2007-10-07
"10143",0,2007-10-08
"10144",0,2007-10-09
"10145",0,2007-10-10
"10146",2.3046875,2007-10-11
"10147",5.3017578125,2007-10-12
"10148",0.498046875,2007-10-13
"10149",0.228515625,2007-10-14
"10150",0,2007-10-15
"10151",0.0009765625,2007-10-16
"10152",0,2007-10-17
"10153",0,2007-10-18
"10154",0.0009765625,2007-10-19
"10155",0,2007-10-20
"10156",0,2007-10-21
"10157",0.5888671875,2007-10-22
"10158",10.921875,2007-10-23
"10159",0.2509765625,2007-10-24
"10160",0.0634765625,2007-10-25
"10161",0.0146484375,2007-10-26
"10162",0.0009765625,2007-10-27
"10163",3.8203125,2007-10-28
"10164",4.6640625,2007-10-29
"10165",0.8349609375,2007-10-30
"10166",1.046875,2007-10-31
"10167",0.837890625,2007-11-01
"10168",2.5712890625,2007-11-02
"10169",17.7890625,2007-11-03
"10170",1.87109375,2007-11-04
"10171",0.142578125,2007-11-05
"10172",0.021484375,2007-11-06
"10173",0,2007-11-07
"10174",0,2007-11-08
"10175",0,2007-11-09
"10176",0,2007-11-10
"10177",0.001953125,2007-11-11
"10178",0,2007-11-12
"10179",0.0029296875,2007-11-13
"10180",0,2007-11-14
"10181",0,2007-11-15
"10182",0,2007-11-16
"10183",0.0107421875,2007-11-17
"10184",0,2007-11-18
"10185",0,2007-11-19
"10186",1.1337890625,2007-11-20
"10187",10.166015625,2007-11-21
"10188",0.001953125,2007-11-22
"10189",0.0009765625,2007-11-23
"10190",0.00390625,2007-11-24
"10191",0.0009765625,2007-11-25
"10192",0.0009765625,2007-11-26
"10193",0.001953125,2007-11-27
"10194",0,2007-11-28
"10195",0.0009765625,2007-11-29
"10196",0,2007-11-30
"10197",0,2007-12-01
"10198",0.0009765625,2007-12-02
"10199",0.1337890625,2007-12-03
"10200",0.072265625,2007-12-04
"10201",0.0029296875,2007-12-05
"10202",0,2007-12-06
"10203",0.0380859375,2007-12-07
"10204",0.001953125,2007-12-08
"10205",0.0009765625,2007-12-09
"10206",0,2007-12-10
"10207",0.0009765625,2007-12-11
"10208",0,2007-12-12
"10209",0.005859375,2007-12-13
"10210",0,2007-12-14
"10211",0.494140625,2007-12-15
"10212",0.0498046875,2007-12-16
"10213",0.0009765625,2007-12-17
"10214",1.576171875,2007-12-18
"10215",1.8828125,2007-12-19
"10216",0.095703125,2007-12-20
"10217",6.4599609375,2007-12-21
"10218",17.9638671875,2007-12-22
"10219",0.3046875,2007-12-23
"10220",0.00390625,2007-12-24
"10221",0.001953125,2007-12-25
"10222",0.005859375,2007-12-26
"10223",0,2007-12-27
"10224",0,2007-12-28
"10225",0,2007-12-29
"10226",0,2007-12-30
"10227",0,2007-12-31
"10228",0,2008-01-01
"10229",0,2008-01-02
"10230",0,2008-01-03
"10231",0,2008-01-04
"10232",0,2008-01-05
"10233",0,2008-01-06
"10234",0,2008-01-07
"10235",0,2008-01-08
"10236",0,2008-01-09
"10237",0,2008-01-10
"10238",0,2008-01-11
"10239",0,2008-01-12
"10240",0.48046875,2008-01-13
"10241",0.103515625,2008-01-14
"10242",0,2008-01-15
"10243",0,2008-01-16
"10244",0,2008-01-17
"10245",0,2008-01-18
"10246",0.111328125,2008-01-19
"10247",0.0927734375,2008-01-20
"10248",0.0029296875,2008-01-21
"10249",0.013671875,2008-01-22
"10250",0.0048828125,2008-01-23
"10251",2.2978515625,2008-01-24
"10252",0.0009765625,2008-01-25
"10253",0.0234375,2008-01-26
"10254",0,2008-01-27
"10255",0,2008-01-28
"10256",0,2008-01-29
"10257",0,2008-01-30
"10258",0.0546875,2008-01-31
"10259",0.001953125,2008-02-01
"10260",0.0009765625,2008-02-02
"10261",0.0009765625,2008-02-03
"10262",0.0009765625,2008-02-04
"10263",0,2008-02-05
"10264",0.033203125,2008-02-06
"10265",0.037109375,2008-02-07
"10266",0.6181640625,2008-02-08
"10267",0.0390625,2008-02-09
"10268",0.0009765625,2008-02-10
"10269",0,2008-02-11
"10270",0,2008-02-12
"10271",0.0068359375,2008-02-13
"10272",0,2008-02-14
"10273",0.001953125,2008-02-15
"10274",0,2008-02-16
"10275",0,2008-02-17
"10276",0,2008-02-18
"10277",0.0009765625,2008-02-19
"10278",9.0654296875,2008-02-20
"10279",0.046875,2008-02-21
"10280",0.072265625,2008-02-22
"10281",0.208984375,2008-02-23
"10282",0.048828125,2008-02-24
"10283",0.0087890625,2008-02-25
"10284",0.044921875,2008-02-26
"10285",0.001953125,2008-02-27
"10286",0,2008-02-28
"10287",0.005859375,2008-02-29
"10288",0,2008-03-01
"10289",0.0009765625,2008-03-02
"10290",0.001953125,2008-03-03
"10291",0,2008-03-04
"10292",0,2008-03-05
"10293",0,2008-03-06
"10294",0,2008-03-07
"10295",0.0009765625,2008-03-08
"10296",0,2008-03-09
"10297",0,2008-03-10
"10298",0,2008-03-11
"10299",0.0029296875,2008-03-12
"10300",0.0166015625,2008-03-13
"10301",0,2008-03-14
"10302",0,2008-03-15
"10303",0,2008-03-16
"10304",0,2008-03-17
"10305",0.001953125,2008-03-18
"10306",0.001953125,2008-03-19
"10307",0.0087890625,2008-03-20
"10308",0.1796875,2008-03-21
"10309",0.0126953125,2008-03-22
"10310",0,2008-03-23
"10311",0.0029296875,2008-03-24
"10312",1.900390625,2008-03-25
"10313",1.42578125,2008-03-26
"10314",0.2841796875,2008-03-27
"10315",0.1103515625,2008-03-28
"10316",3.498046875,2008-03-29
"10317",0.125,2008-03-30
"10318",0.6005859375,2008-03-31
"10319",0.0546875,2008-04-01
"10320",2.8701171875,2008-04-02
"10321",3.134765625,2008-04-03
"10322",0.369140625,2008-04-04
"10323",0.0556640625,2008-04-05
"10324",0.0009765625,2008-04-06
"10325",0,2008-04-07
"10326",0,2008-04-08
"10327",0.5341796875,2008-04-09
"10328",0.0048828125,2008-04-10
"10329",4.3486328125,2008-04-11
"10330",1.7509765625,2008-04-12
"10331",0.33203125,2008-04-13
"10332",0.033203125,2008-04-14
"10333",0.015625,2008-04-15
"10334",0.0029296875,2008-04-16
"10335",0.0009765625,2008-04-17
"10336",0.001953125,2008-04-18
"10337",0.0029296875,2008-04-19
"10338",0,2008-04-20
"10339",0,2008-04-21
"10340",0,2008-04-22
"10341",0,2008-04-23
"10342",0,2008-04-24
"10343",0.0244140625,2008-04-25
"10344",3.0458984375,2008-04-26
"10345",8.9296875,2008-04-27
"10346",2.2353515625,2008-04-28
"10347",0.0458984375,2008-04-29
"10348",0.57421875,2008-04-30
"10349",1.5185546875,2008-05-01
"10350",0.7333984375,2008-05-02
"10351",0.2890625,2008-05-03
"10352",0.142578125,2008-05-04
"10353",0.0126953125,2008-05-05
"10354",0.5537109375,2008-05-06
"10355",1.2099609375,2008-05-07
"10356",0.453125,2008-05-08
"10357",0.0166015625,2008-05-09
"10358",0.0048828125,2008-05-10
"10359",0.01171875,2008-05-11
"10360",0.0966796875,2008-05-12
"10361",0.056640625,2008-05-13
"10362",0,2008-05-14
"10363",0.0224609375,2008-05-15
"10364",5.48828125,2008-05-16
"10365",16.8662109375,2008-05-17
"10366",2.771484375,2008-05-18
"10367",1.47265625,2008-05-19
"10368",2.5791015625,2008-05-20
"10369",2.1455078125,2008-05-21
"10370",0.033203125,2008-05-22
"10371",0.01171875,2008-05-23
"10372",0.0009765625,2008-05-24
"10373",0.1181640625,2008-05-25
"10374",3.7607421875,2008-05-26
"10375",7.5888671875,2008-05-27
"10376",0.841796875,2008-05-28
"10377",0.107421875,2008-05-29
"10378",0.01171875,2008-05-30
"10379",0.0009765625,2008-05-31
"10380",0.0625,2008-06-01
"10381",0.12109375,2008-06-02
"10382",0.009765625,2008-06-03
"10383",0.001953125,2008-06-04
"10384",2.109375,2008-06-05
"10385",0.470703125,2008-06-06
"10386",0.10546875,2008-06-07
"10387",0.81640625,2008-06-08
"10388",9.0537109375,2008-06-09
"10389",1.0537109375,2008-06-10
"10390",5.9228515625,2008-06-11
"10391",1.45703125,2008-06-12
"10392",8.85546875,2008-06-13
"10393",0.048828125,2008-06-14
"10394",0.005859375,2008-06-15
"10395",0.025390625,2008-06-16
"10396",0.0009765625,2008-06-17
"10397",0.2431640625,2008-06-18
"10398",3.8837890625,2008-06-19
"10399",0.4052734375,2008-06-20
"10400",0.7353515625,2008-06-21
"10401",0.1826171875,2008-06-22
"10402",0.0244140625,2008-06-23
"10403",0.0009765625,2008-06-24
"10404",0.009765625,2008-06-25
"10405",0.681640625,2008-06-26
"10406",0.046875,2008-06-27
"10407",0.001953125,2008-06-28
"10408",0.1064453125,2008-06-29
"10409",5.2880859375,2008-06-30
"10410",2.8720703125,2008-07-01
"10411",1.779296875,2008-07-02
"10412",0.0244140625,2008-07-03
"10413",0.001953125,2008-07-04
"10414",0.029296875,2008-07-05
"10415",0.197265625,2008-07-06
"10416",11.8818359375,2008-07-07
"10417",8.326171875,2008-07-08
"10418",1.91796875,2008-07-09
"10419",4.2080078125,2008-07-10
"10420",0.59375,2008-07-11
"10421",0.177734375,2008-07-12
"10422",0.2509765625,2008-07-13
"10423",10.2470703125,2008-07-14
"10424",4.5654296875,2008-07-15
"10425",0.3095703125,2008-07-16
"10426",1.3623046875,2008-07-17
"10427",5.5107421875,2008-07-18
"10428",1.4404296875,2008-07-19
"10429",6.291015625,2008-07-20
"10430",3.4521484375,2008-07-21
"10431",0.1435546875,2008-07-22
"10432",0.76171875,2008-07-23
"10433",0.001953125,2008-07-24
"10434",0.048828125,2008-07-25
"10435",2.8935546875,2008-07-26
"10436",1.91015625,2008-07-27
"10437",1.642578125,2008-07-28
"10438",0.0166015625,2008-07-29
"10439",4.740234375,2008-07-30
"10440",1.8564453125,2008-07-31
"10441",8.6181640625,2008-08-01
"10442",2.9404296875,2008-08-02
"10443",0.9921875,2008-08-03
"10444",8.2705078125,2008-08-04
"10445",2.7392578125,2008-08-05
"10446",2.5625,2008-08-06
"10447",6.4365234375,2008-08-07
"10448",3.853515625,2008-08-08
"10449",2.8876953125,2008-08-09
"10450",8.94140625,2008-08-10
"10451",2.0966796875,2008-08-11
"10452",3.359375,2008-08-12
"10453",2.8603515625,2008-08-13
"10454",0.3662109375,2008-08-14
"10455",1.1142578125,2008-08-15
"10456",1.73046875,2008-08-16
"10457",1.263671875,2008-08-17
"10458",0.8759765625,2008-08-18
"10459",0.1005859375,2008-08-19
"10460",0.0029296875,2008-08-20
"10461",8.484375,2008-08-21
"10462",1.947265625,2008-08-22
"10463",0.7529296875,2008-08-23
"10464",0.4072265625,2008-08-24
"10465",0.14453125,2008-08-25
"10466",0.1259765625,2008-08-26
"10467",0.0029296875,2008-08-27
"10468",0.0009765625,2008-08-28
"10469",0.001953125,2008-08-29
"10470",3.5703125,2008-08-30
"10471",5.7529296875,2008-08-31
"10472",0.4833984375,2008-09-01
"10473",5.1875,2008-09-02
"10474",0.2529296875,2008-09-03
"10475",0.0048828125,2008-09-04
"10476",0.0029296875,2008-09-05
"10477",0.0009765625,2008-09-06
"10478",0.0986328125,2008-09-07
"10479",0.9423828125,2008-09-08
"10480",0.001953125,2008-09-09
"10481",0.021484375,2008-09-10
"10482",0.412109375,2008-09-11
"10483",0.013671875,2008-09-12
"10484",0.03515625,2008-09-13
"10485",1.017578125,2008-09-14
"10486",4.1376953125,2008-09-15
"10487",1.994140625,2008-09-16
"10488",0.0068359375,2008-09-17
"10489",0.08203125,2008-09-18
"10490",0.337890625,2008-09-19
"10491",0.6318359375,2008-09-20
"10492",0.0234375,2008-09-21
"10493",0.66015625,2008-09-22
"10494",2.818359375,2008-09-23
"10495",0.1123046875,2008-09-24
"10496",0.00390625,2008-09-25
"10497",0.0068359375,2008-09-26
"10498",0.0048828125,2008-09-27
"10499",0.0126953125,2008-09-28
"10500",0.4521484375,2008-09-29
"10501",0.021484375,2008-09-30
"10502",0.0419921875,2008-10-01
"10503",0.0576171875,2008-10-02
"10504",0.041015625,2008-10-03
"10505",0.830078125,2008-10-04
"10506",0.0087890625,2008-10-05
"10507",0.3701171875,2008-10-06
"10508",0.171875,2008-10-07
"10509",0.19140625,2008-10-08
"10510",0.3193359375,2008-10-09
"10511",0.0009765625,2008-10-10
"10512",0.009765625,2008-10-11
"10513",0.048828125,2008-10-12
"10514",0.046875,2008-10-13
"10515",0.0205078125,2008-10-14
"10516",0,2008-10-15
"10517",0,2008-10-16
"10518",0,2008-10-17
"10519",0,2008-10-18
"10520",0.0029296875,2008-10-19
"10521",0.001953125,2008-10-20
"10522",0,2008-10-21
"10523",0,2008-10-22
"10524",0.0068359375,2008-10-23
"10525",0,2008-10-24
"10526",0.0009765625,2008-10-25
"10527",1.0673828125,2008-10-26
"10528",1.1435546875,2008-10-27
"10529",0.0283203125,2008-10-28
"10530",0.001953125,2008-10-29
"10531",0.0556640625,2008-10-30
"10532",0.1123046875,2008-10-31
"10533",0.0478515625,2008-11-01
"10534",13.828125,2008-11-02
"10535",0.1767578125,2008-11-03
"10536",0.001953125,2008-11-04
"10537",1.80078125,2008-11-05
"10538",0.0068359375,2008-11-06
"10539",0.603515625,2008-11-07
"10540",0.72265625,2008-11-08
"10541",0.3017578125,2008-11-09
"10542",0.0615234375,2008-11-10
"10543",0.0009765625,2008-11-11
"10544",0,2008-11-12
"10545",0.064453125,2008-11-13
"10546",0.041015625,2008-11-14
"10547",0.0009765625,2008-11-15
"10548",0,2008-11-16
"10549",0.0009765625,2008-11-17
"10550",1.0244140625,2008-11-18
"10551",0.0361328125,2008-11-19
"10552",0.19921875,2008-11-20
"10553",0.0009765625,2008-11-21
"10554",1.857421875,2008-11-22
"10555",0.0302734375,2008-11-23
"10556",0.001953125,2008-11-24
"10557",3.3017578125,2008-11-25
"10558",1.4033203125,2008-11-26
"10559",0.0615234375,2008-11-27
"10560",2.431640625,2008-11-28
"10561",0.0830078125,2008-11-29
"10562",0.001953125,2008-11-30
"10563",0.00390625,2008-12-01
"10564",0.0009765625,2008-12-02
"10565",0.001953125,2008-12-03
"10566",0.0654296875,2008-12-04
"10567",5.0458984375,2008-12-05
"10568",0.0166015625,2008-12-06
"10569",0.01953125,2008-12-07
"10570",0.0009765625,2008-12-08
"10571",0.4091796875,2008-12-09
"10572",0.0361328125,2008-12-10
"10573",0.037109375,2008-12-11
"10574",4.0888671875,2008-12-12
"10575",5.9287109375,2008-12-13
"10576",2.69921875,2008-12-14
"10577",0.041015625,2008-12-15
"10578",0,2008-12-16
"10579",0.5185546875,2008-12-17
"10580",0.3681640625,2008-12-18
"10581",0.046875,2008-12-19
"10582",0,2008-12-20
"10583",0,2008-12-21
"10584",0.0556640625,2008-12-22
"10585",0.0029296875,2008-12-23
"10586",0,2008-12-24
"10587",0,2008-12-25
"10588",0.15234375,2008-12-26
"10589",0.1416015625,2008-12-27
"10590",0.0380859375,2008-12-28
"10591",0.0615234375,2008-12-29
"10592",0.1865234375,2008-12-30
"10593",0.2939453125,2008-12-31
"10594",0.001953125,2009-01-01
"10595",0.0029296875,2009-01-02
"10596",0,2009-01-03
"10597",0.0009765625,2009-01-04
"10598",0.001953125,2009-01-05
"10599",0,2009-01-06
"10600",0.1240234375,2009-01-07
"10601",0.0673828125,2009-01-08
"10602",0,2009-01-09
"10603",0,2009-01-10
"10604",0,2009-01-11
"10605",0,2009-01-12
"10606",0,2009-01-13
"10607",0,2009-01-14
"10608",0,2009-01-15
"10609",0,2009-01-16
"10610",0,2009-01-17
"10611",0.0009765625,2009-01-18
"10612",0,2009-01-19
"10613",0,2009-01-20
"10614",0,2009-01-21
"10615",0,2009-01-22
"10616",0.0166015625,2009-01-23
"10617",0.1396484375,2009-01-24
"10618",0.0625,2009-01-25
"10619",0.0078125,2009-01-26
"10620",0.0498046875,2009-01-27
"10621",0.0009765625,2009-01-28
"10622",0.0029296875,2009-01-29
"10623",0,2009-01-30
"10624",0,2009-01-31
"10625",0,2009-02-01
"10626",0.0068359375,2009-02-02
"10627",0,2009-02-03
"10628",0.0009765625,2009-02-04
"10629",0.0009765625,2009-02-05
"10630",0,2009-02-06
"10631",0,2009-02-07
"10632",0.0087890625,2009-02-08
"10633",0.0009765625,2009-02-09
"10634",0.001953125,2009-02-10
"10635",0.09765625,2009-02-11
"10636",0,2009-02-12
"10637",0,2009-02-13
"10638",0,2009-02-14
"10639",0,2009-02-15
"10640",0,2009-02-16
"10641",0,2009-02-17
"10642",0,2009-02-18
"10643",0,2009-02-19
"10644",0,2009-02-20
"10645",0.0009765625,2009-02-21
"10646",0,2009-02-22
"10647",0,2009-02-23
"10648",0.0009765625,2009-02-24
"10649",0,2009-02-25
"10650",0.0009765625,2009-02-26
"10651",0,2009-02-27
"10652",0,2009-02-28
"10653",0,2009-03-01
"10654",0.0263671875,2009-03-02
"10655",5.7431640625,2009-03-03
"10656",2.498046875,2009-03-04
"10657",0.3408203125,2009-03-05
"10658",0.1728515625,2009-03-06
"10659",0.244140625,2009-03-07
"10660",0.060546875,2009-03-08
"10661",0.0576171875,2009-03-09
"10662",0.033203125,2009-03-10
"10663",0.0009765625,2009-03-11
"10664",0.0419921875,2009-03-12
"10665",0.0068359375,2009-03-13
"10666",1.4892578125,2009-03-14
"10667",0.1005859375,2009-03-15
"10668",1.826171875,2009-03-16
"10669",0.0478515625,2009-03-17
"10670",0.001953125,2009-03-18
"10671",0.0048828125,2009-03-19
"10672",0.0009765625,2009-03-20
"10673",0.009765625,2009-03-21
"10674",0.0146484375,2009-03-22
"10675",0,2009-03-23
"10676",0.142578125,2009-03-24
"10677",5.34375,2009-03-25
"10678",0.0322265625,2009-03-26
"10679",0.001953125,2009-03-27
"10680",0,2009-03-28
"10681",0.05859375,2009-03-29
"10682",0.0537109375,2009-03-30
"10683",0,2009-03-31
"10684",0.0029296875,2009-04-01
"10685",0,2009-04-02
"10686",0.001953125,2009-04-03
"10687",0.0927734375,2009-04-04
"10688",1.244140625,2009-04-05
"10689",0.2041015625,2009-04-06
"10690",0.580078125,2009-04-07
"10691",0.04296875,2009-04-08
"10692",0,2009-04-09
"10693",0.0068359375,2009-04-10
"10694",0,2009-04-11
"10695",0.0087890625,2009-04-12
"10696",0,2009-04-13
"10697",0,2009-04-14
"10698",0.083984375,2009-04-15
"10699",0.0126953125,2009-04-16
"10700",0.587890625,2009-04-17
"10701",0.005859375,2009-04-18
"10702",0.0126953125,2009-04-19
"10703",0.0078125,2009-04-20
"10704",0,2009-04-21
"10705",0,2009-04-22
"10706",0.21484375,2009-04-23
"10707",21.5146484375,2009-04-24
"10708",4.9345703125,2009-04-25
"10709",10.1083984375,2009-04-26
"10710",6.8671875,2009-04-27
"10711",1.8095703125,2009-04-28
"10712",0.2001953125,2009-04-29
"10713",0.1689453125,2009-04-30
"10714",0.6171875,2009-05-01
"10715",9.392578125,2009-05-02
"10716",0.041015625,2009-05-03
"10717",0.1064453125,2009-05-04
"10718",0.0009765625,2009-05-05
"10719",0.001953125,2009-05-06
"10720",0.08984375,2009-05-07
"10721",0.4892578125,2009-05-08
"10722",1.517578125,2009-05-09
"10723",0.759765625,2009-05-10
"10724",0.01171875,2009-05-11
"10725",0.0517578125,2009-05-12
"10726",1.236328125,2009-05-13
"10727",1.5048828125,2009-05-14
"10728",1.4208984375,2009-05-15
"10729",4.0263671875,2009-05-16
"10730",0.591796875,2009-05-17
"10731",0.150390625,2009-05-18
"10732",0.0009765625,2009-05-19
"10733",0.001953125,2009-05-20
"10734",0.009765625,2009-05-21
"10735",0.0537109375,2009-05-22
"10736",0.001953125,2009-05-23
"10737",1.8837890625,2009-05-24
"10738",12.3017578125,2009-05-25
"10739",2.2744140625,2009-05-26
"10740",0.0859375,2009-05-27
"10741",0.34375,2009-05-28
"10742",0.15234375,2009-05-29
"10743",0.0146484375,2009-05-30
"10744",0.0029296875,2009-05-31
"10745",0.0283203125,2009-06-01
"10746",1.7646484375,2009-06-02
"10747",0.5830078125,2009-06-03
"10748",0,2009-06-04
"10749",3.169921875,2009-06-05
"10750",10.419921875,2009-06-06
"10751",4.8017578125,2009-06-07
"10752",9.6748046875,2009-06-08
"10753",13.6494140625,2009-06-09
"10754",1.4638671875,2009-06-10
"10755",0.017578125,2009-06-11
"10756",0.0029296875,2009-06-12
"10757",3.560546875,2009-06-13
"10758",4.2841796875,2009-06-14
"10759",5.4208984375,2009-06-15
"10760",1.041015625,2009-06-16
"10761",0.2939453125,2009-06-17
"10762",0.1396484375,2009-06-18
"10763",0,2009-06-19
"10764",0.4775390625,2009-06-20
"10765",2.0166015625,2009-06-21
"10766",1.453125,2009-06-22
"10767",0.3310546875,2009-06-23
"10768",6.6279296875,2009-06-24
"10769",1.5625,2009-06-25
"10770",12.98828125,2009-06-26
"10771",3.3310546875,2009-06-27
"10772",0.48828125,2009-06-28
"10773",0.4267578125,2009-06-29
"10774",2.08984375,2009-06-30
"10775",18.173828125,2009-07-01
"10776",7.3525390625,2009-07-02
"10777",3.8515625,2009-07-03
"10778",0.248046875,2009-07-04
"10779",0.2080078125,2009-07-05
"10780",1.7294921875,2009-07-06
"10781",0.001953125,2009-07-07
"10782",0.001953125,2009-07-08
"10783",0.0048828125,2009-07-09
"10784",5.3330078125,2009-07-10
"10785",25.505859375,2009-07-11
"10786",7.775390625,2009-07-12
"10787",5.4296875,2009-07-13
"10788",12.9111328125,2009-07-14
"10789",4.3203125,2009-07-15
"10790",2.6962890625,2009-07-16
"10791",0.017578125,2009-07-17
"10792",0.1328125,2009-07-18
"10793",1.1494140625,2009-07-19
"10794",0.0009765625,2009-07-20
"10795",0,2009-07-21
"10796",5.275390625,2009-07-22
"10797",5.0693359375,2009-07-23
"10798",0.0185546875,2009-07-24
"10799",0.142578125,2009-07-25
"10800",0.01953125,2009-07-26
"10801",2.7451171875,2009-07-27
"10802",3.296875,2009-07-28
"10803",3.1455078125,2009-07-29
"10804",2.2685546875,2009-07-30
"10805",1.3369140625,2009-07-31
"10806",0.7900390625,2009-08-01
"10807",2.16796875,2009-08-02
"10808",0.134765625,2009-08-03
"10809",0.1787109375,2009-08-04
"10810",2.7978515625,2009-08-05
"10811",0.072265625,2009-08-06
"10812",2.359375,2009-08-07
"10813",0.0126953125,2009-08-08
"10814",0.5634765625,2009-08-09
"10815",7.1123046875,2009-08-10
"10816",2.935546875,2009-08-11
"10817",0.9482421875,2009-08-12
"10818",0.1552734375,2009-08-13
"10819",0.1708984375,2009-08-14
"10820",0.0185546875,2009-08-15
"10821",0.93359375,2009-08-16
"10822",2.9208984375,2009-08-17
"10823",0.212890625,2009-08-18
"10824",0.01953125,2009-08-19
"10825",0.1103515625,2009-08-20
"10826",0.8818359375,2009-08-21
"10827",0.3408203125,2009-08-22
"10828",2.0625,2009-08-23
"10829",6.7587890625,2009-08-24
"10830",11.611328125,2009-08-25
"10831",2.1240234375,2009-08-26
"10832",0,2009-08-27
"10833",0.060546875,2009-08-28
"10834",5.4052734375,2009-08-29
"10835",6.02734375,2009-08-30
"10836",2.041015625,2009-08-31
"10837",0.8212890625,2009-09-01
"10838",0.01171875,2009-09-02
"10839",0.880859375,2009-09-03
"10840",4.4150390625,2009-09-04
"10841",1.169921875,2009-09-05
"10842",0.0791015625,2009-09-06
"10843",4.33984375,2009-09-07
"10844",0.1630859375,2009-09-08
"10845",0.0029296875,2009-09-09
"10846",0.00390625,2009-09-10
"10847",0,2009-09-11
"10848",0.013671875,2009-09-12
"10849",0.2080078125,2009-09-13
"10850",0.6416015625,2009-09-14
"10851",0.0009765625,2009-09-15
"10852",0.7626953125,2009-09-16
"10853",9.9931640625,2009-09-17
"10854",0.03125,2009-09-18
"10855",0.6943359375,2009-09-19
"10856",0.27734375,2009-09-20
"10857",0.2431640625,2009-09-21
"10858",15.09765625,2009-09-22
"10859",12.708984375,2009-09-23
"10860",0.8046875,2009-09-24
"10861",2.4755859375,2009-09-25
"10862",10.0107421875,2009-09-26
"10863",0.7685546875,2009-09-27
"10864",0.3095703125,2009-09-28
"10865",0.0673828125,2009-09-29
"10866",0.1416015625,2009-09-30
"10867",0.0107421875,2009-10-01
"10868",0.216796875,2009-10-02
"10869",0.1435546875,2009-10-03
"10870",0.17578125,2009-10-04
"10871",0.1171875,2009-10-05
"10872",0.015625,2009-10-06
"10873",0.00390625,2009-10-07
"10874",0.0029296875,2009-10-08
"10875",0.021484375,2009-10-09
"10876",0,2009-10-10
"10877",0,2009-10-11
"10878",2.5263671875,2009-10-12
"10879",10.9287109375,2009-10-13
"10880",3.0302734375,2009-10-14
"10881",4.1240234375,2009-10-15
"10882",0.76171875,2009-10-16
"10883",0.3876953125,2009-10-17
"10884",0.029296875,2009-10-18
"10885",0.029296875,2009-10-19
"10886",0,2009-10-20
"10887",0,2009-10-21
"10888",0,2009-10-22
"10889",0,2009-10-23
"10890",0,2009-10-24
"10891",0.2353515625,2009-10-25
"10892",0.0009765625,2009-10-26
"10893",0.0009765625,2009-10-27
"10894",0,2009-10-28
"10895",0,2009-10-29
"10896",0,2009-10-30
"10897",0,2009-10-31
"10898",0,2009-11-01
"10899",0.083984375,2009-11-02
"10900",0.125,2009-11-03
"10901",0.0576171875,2009-11-04
"10902",0.1650390625,2009-11-05
"10903",0.0029296875,2009-11-06
"10904",0,2009-11-07
"10905",0,2009-11-08
"10906",0,2009-11-09
"10907",0.0009765625,2009-11-10
"10908",0,2009-11-11
"10909",0,2009-11-12
"10910",0,2009-11-13
"10911",0,2009-11-14
"10912",0,2009-11-15
"10913",0,2009-11-16
"10914",0,2009-11-17
"10915",0.001953125,2009-11-18
"10916",0.0478515625,2009-11-19
"10917",0.9140625,2009-11-20
"10918",2.015625,2009-11-21
"10919",8.46484375,2009-11-22
"10920",0.2216796875,2009-11-23
"10921",0.0029296875,2009-11-24
"10922",0,2009-11-25
"10923",0.2744140625,2009-11-26
"10924",0.009765625,2009-11-27
"10925",4.736328125,2009-11-28
"10926",4.1044921875,2009-11-29
"10927",1.0546875,2009-11-30
"10928",0.005859375,2009-12-01
"10929",0,2009-12-02
"10930",0,2009-12-03
"10931",0,2009-12-04
"10932",0,2009-12-05
"10933",0,2009-12-06
"10934",0,2009-12-07
"10935",7.76171875,2009-12-08
"10936",0.0302734375,2009-12-09
"10937",1.267578125,2009-12-10
"10938",0.4580078125,2009-12-11
"10939",0.0078125,2009-12-12
"10940",0.0009765625,2009-12-13
"10941",0.0009765625,2009-12-14
"10942",0,2009-12-15
"10943",0,2009-12-16
"10944",7.861328125,2009-12-17
"10945",0.4169921875,2009-12-18
"10946",0,2009-12-19
"10947",0,2009-12-20
"10948",0,2009-12-21
"10949",0,2009-12-22
"10950",0,2009-12-23
"10951",0.123046875,2009-12-24
"10952",0.037109375,2009-12-25
"10953",0,2009-12-26
"10954",0,2009-12-27
"10955",0,2009-12-28
"10956",0,2009-12-29
"10957",0,2009-12-30
"10958",0,2009-12-31
"10959",0.0126953125,2010-01-01
"10960",0.0009765625,2010-01-02
"10961",0,2010-01-03
"10962",0,2010-01-04
"10963",0.037109375,2010-01-05
"10964",0.0302734375,2010-01-06
"10965",0,2010-01-07
"10966",0,2010-01-08
"10967",0,2010-01-09
"10968",0.009765625,2010-01-10
"10969",0.048828125,2010-01-11
"10970",12.21484375,2010-01-12
"10971",3.2587890625,2010-01-13
"10972",0.0869140625,2010-01-14
"10973",0,2010-01-15
"10974",0.0537109375,2010-01-16
"10975",0.052734375,2010-01-17
"10976",0.1005859375,2010-01-18
"10977",0,2010-01-19
"10978",0,2010-01-20
"10979",0,2010-01-21
"10980",0,2010-01-22
"10981",0.0029296875,2010-01-23
"10982",0.0048828125,2010-01-24
"10983",0.001953125,2010-01-25
"10984",0.0009765625,2010-01-26
"10985",0.361328125,2010-01-27
"10986",1.71875,2010-01-28
"10987",0.0283203125,2010-01-29
"10988",0.0009765625,2010-01-30
"10989",0,2010-01-31
"10990",0,2010-02-01
"10991",0.001953125,2010-02-02
"10992",0.0537109375,2010-02-03
"10993",0.0751953125,2010-02-04
"10994",0.01171875,2010-02-05
"10995",0,2010-02-06
"10996",0,2010-02-07
"10997",0.0009765625,2010-02-08
"10998",0,2010-02-09
"10999",0.0029296875,2010-02-10
"11000",0.8759765625,2010-02-11
"11001",10.498046875,2010-02-12
"11002",0.0361328125,2010-02-13
"11003",0.0048828125,2010-02-14
"11004",0.0087890625,2010-02-15
"11005",0.001953125,2010-02-16
"11006",0,2010-02-17
"11007",0,2010-02-18
"11008",0.0009765625,2010-02-19
"11009",0,2010-02-20
"11010",0,2010-02-21
"11011",0.0009765625,2010-02-22
"11012",0.001953125,2010-02-23
"11013",0,2010-02-24
"11014",0.0009765625,2010-02-25
"11015",0,2010-02-26
"11016",0,2010-02-27
"11017",0,2010-02-28
"11018",0,2010-03-01
"11019",0,2010-03-02
"11020",0,2010-03-03
"11021",0,2010-03-04
"11022",0,2010-03-05
"11023",0.51953125,2010-03-06
"11024",9.44921875,2010-03-07
"11025",2.4072265625,2010-03-08
"11026",1.3388671875,2010-03-09
"11027",0.08984375,2010-03-10
"11028",0.0322265625,2010-03-11
"11029",0,2010-03-12
"11030",0.0107421875,2010-03-13
"11031",0.6484375,2010-03-14
"11032",3.609375,2010-03-15
"11033",0.0732421875,2010-03-16
"11034",0.0703125,2010-03-17
"11035",0,2010-03-18
"11036",3.189453125,2010-03-19
"11037",0.1611328125,2010-03-20
"11038",0.166015625,2010-03-21
"11039",0,2010-03-22
"11040",0.005859375,2010-03-23
"11041",0.00390625,2010-03-24
"11042",0.001953125,2010-03-25
"11043",0.060546875,2010-03-26
"11044",0.0751953125,2010-03-27
"11045",0.18359375,2010-03-28
"11046",3.4013671875,2010-03-29
"11047",0.0078125,2010-03-30
"11048",0.0009765625,2010-03-31
"11049",0.001953125,2010-04-01
"11050",0,2010-04-02
"11051",0,2010-04-03
"11052",0,2010-04-04
"11053",0.0126953125,2010-04-05
"11054",7.232421875,2010-04-06
"11055",0.4189453125,2010-04-07
"11056",0.7158203125,2010-04-08
"11057",12.9873046875,2010-04-09
"11058",0.4453125,2010-04-10
"11059",1.31640625,2010-04-11
"11060",0.0087890625,2010-04-12
"11061",0.0068359375,2010-04-13
"11062",0.0380859375,2010-04-14
"11063",0.0009765625,2010-04-15
"11064",0,2010-04-16
"11065",0,2010-04-17
"11066",1.2412109375,2010-04-18
"11067",0.2626953125,2010-04-19
"11068",0.375,2010-04-20
"11069",0.12890625,2010-04-21
"11070",0.02734375,2010-04-22
"11071",0.1171875,2010-04-23
"11072",0.9873046875,2010-04-24
"11073",1.0830078125,2010-04-25
"11074",0.0673828125,2010-04-26
"11075",0.6181640625,2010-04-27
"11076",0.0859375,2010-04-28
"11077",1.029296875,2010-04-29
"11078",0.009765625,2010-04-30
"11079",0.0068359375,2010-05-01
"11080",0.046875,2010-05-02
"11081",0,2010-05-03
"11082",1.31640625,2010-05-04
"11083",1.998046875,2010-05-05
"11084",0.912109375,2010-05-06
"11085",0.1298828125,2010-05-07
"11086",0.3984375,2010-05-08
"11087",0.10546875,2010-05-09
"11088",0.302734375,2010-05-10
"11089",0.466796875,2010-05-11
"11090",0.1884765625,2010-05-12
"11091",0,2010-05-13
"11092",0.0009765625,2010-05-14
"11093",0,2010-05-15
"11094",0,2010-05-16
"11095",1.3544921875,2010-05-17
"11096",0.0234375,2010-05-18
"11097",0.0205078125,2010-05-19
"11098",0,2010-05-20
"11099",0.865234375,2010-05-21
"11100",0.01953125,2010-05-22
"11101",0.009765625,2010-05-23
"11102",8.7998046875,2010-05-24
"11103",13.4853515625,2010-05-25
"11104",0.53125,2010-05-26
"11105",0.025390625,2010-05-27
"11106",0.09375,2010-05-28
"11107",11.8525390625,2010-05-29
"11108",4.3876953125,2010-05-30
"11109",0.884765625,2010-05-31
"11110",3.73828125,2010-06-01
"11111",9.3193359375,2010-06-02
"11112",0.0400390625,2010-06-03
"11113",0,2010-06-04
"11114",3.376953125,2010-06-05
"11115",0.47265625,2010-06-06
"11116",0.359375,2010-06-07
"11117",2.193359375,2010-06-08
"11118",7.234375,2010-06-09
"11119",0.400390625,2010-06-10
"11120",0.3271484375,2010-06-11
"11121",0.2158203125,2010-06-12
"11122",0.12109375,2010-06-13
"11123",0.0009765625,2010-06-14
"11124",0.0009765625,2010-06-15
"11125",0.001953125,2010-06-16
"11126",4.802734375,2010-06-17
"11127",1.173828125,2010-06-18
"11128",2.1298828125,2010-06-19
"11129",2.9296875,2010-06-20
"11130",0.240234375,2010-06-21
"11131",0.009765625,2010-06-22
"11132",0.0009765625,2010-06-23
"11133",0.755859375,2010-06-24
"11134",13.0537109375,2010-06-25
"11135",0.501953125,2010-06-26
"11136",0.640625,2010-06-27
"11137",0.2998046875,2010-06-28
"11138",24.5947265625,2010-06-29
"11139",4.990234375,2010-06-30
"11140",0.5595703125,2010-07-01
"11141",0.814453125,2010-07-02
"11142",0.255859375,2010-07-03
"11143",0.0693359375,2010-07-04
"11144",0.119140625,2010-07-05
"11145",0.9599609375,2010-07-06
"11146",1.197265625,2010-07-07
"11147",0.36328125,2010-07-08
"11148",0.048828125,2010-07-09
"11149",7.5634765625,2010-07-10
"11150",2.3828125,2010-07-11
"11151",0.08203125,2010-07-12
"11152",0.068359375,2010-07-13
"11153",13.3681640625,2010-07-14
"11154",2.5234375,2010-07-15
"11155",2.537109375,2010-07-16
"11156",0.578125,2010-07-17
"11157",3.759765625,2010-07-18
"11158",3.1064453125,2010-07-19
"11159",2.408203125,2010-07-20
"11160",0.359375,2010-07-21
"11161",0.6533203125,2010-07-22
"11162",0.05078125,2010-07-23
"11163",0,2010-07-24
"11164",0.03125,2010-07-25
"11165",0.0986328125,2010-07-26
"11166",0.0009765625,2010-07-27
"11167",0.0009765625,2010-07-28
"11168",11.90625,2010-07-29
"11169",0.4609375,2010-07-30
"11170",2.7626953125,2010-07-31
"11171",12.1962890625,2010-08-01
"11172",1.576171875,2010-08-02
"11173",0.103515625,2010-08-03
"11174",6.6728515625,2010-08-04
"11175",2.341796875,2010-08-05
"11176",0.2958984375,2010-08-06
"11177",0.111328125,2010-08-07
"11178",0.6982421875,2010-08-08
"11179",5.767578125,2010-08-09
"11180",9.0009765625,2010-08-10
"11181",0.384765625,2010-08-11
"11182",0.4755859375,2010-08-12
"11183",0.0390625,2010-08-13
"11184",1.787109375,2010-08-14
"11185",6.5439453125,2010-08-15
"11186",3.3193359375,2010-08-16
"11187",0.06640625,2010-08-17
"11188",8.1943359375,2010-08-18
"11189",4.474609375,2010-08-19
"11190",3.982421875,2010-08-20
"11191",6.0712890625,2010-08-21
"11192",0.3828125,2010-08-22
"11193",2.7568359375,2010-08-23
"11194",4.15234375,2010-08-24
"11195",6.3681640625,2010-08-25
"11196",9.169921875,2010-08-26
"11197",1.9814453125,2010-08-27
"11198",0.65234375,2010-08-28
"11199",0.5478515625,2010-08-29
"11200",0.052734375,2010-08-30
"11201",0.09375,2010-08-31
"11202",8.919921875,2010-09-01
"11203",2.33984375,2010-09-02
"11204",4.8408203125,2010-09-03
"11205",41.2900390625,2010-09-04
"11206",4.9296875,2010-09-05
"11207",6.67578125,2010-09-06
"11208",0.04296875,2010-09-07
"11209",0.7314453125,2010-09-08
"11210",3.748046875,2010-09-09
"11211",2.85546875,2010-09-10
"11212",0.15625,2010-09-11
"11213",0.015625,2010-09-12
"11214",0.0869140625,2010-09-13
"11215",17.564453125,2010-09-14
"11216",0.423828125,2010-09-15
"11217",1.666015625,2010-09-16
"11218",0.08203125,2010-09-17
"11219",0,2010-09-18
"11220",0.5205078125,2010-09-19
"11221",0.197265625,2010-09-20
"11222",0.6787109375,2010-09-21
"11223",0.1201171875,2010-09-22
"11224",0.431640625,2010-09-23
"11225",0.0029296875,2010-09-24
"11226",0.0078125,2010-09-25
"11227",0.0185546875,2010-09-26
"11228",0.341796875,2010-09-27
"11229",0.25,2010-09-28
"11230",0.7841796875,2010-09-29
"11231",0.013671875,2010-09-30
"11232",0.0068359375,2010-10-01
"11233",0.0009765625,2010-10-02
"11234",0,2010-10-03
"11235",0.0009765625,2010-10-04
"11236",0.0029296875,2010-10-05
"11237",0,2010-10-06
"11238",0.0498046875,2010-10-07
"11239",0.025390625,2010-10-08
"11240",0.0068359375,2010-10-09
"11241",0,2010-10-10
"11242",0,2010-10-11
"11243",0.6337890625,2010-10-12
"11244",2.53515625,2010-10-13
"11245",0.0654296875,2010-10-14
"11246",7.5341796875,2010-10-15
"11247",1.7412109375,2010-10-16
"11248",0.2197265625,2010-10-17
"11249",0.60546875,2010-10-18
"11250",0.0546875,2010-10-19
"11251",0,2010-10-20
"11252",0,2010-10-21
"11253",0.0029296875,2010-10-22
"11254",1.0166015625,2010-10-23
"11255",0.0029296875,2010-10-24
"11256",0.005859375,2010-10-25
"11257",0,2010-10-26
"11258",0.052734375,2010-10-27
"11259",0.001953125,2010-10-28
"11260",5.5283203125,2010-10-29
"11261",12.7421875,2010-10-30
"11262",0.6337890625,2010-10-31
"11263",1.68359375,2010-11-01
"11264",1.173828125,2010-11-02
"11265",0.26171875,2010-11-03
"11266",0.0205078125,2010-11-04
"11267",0.0009765625,2010-11-05
"11268",0.0009765625,2010-11-06
"11269",0.44140625,2010-11-07
"11270",0.0068359375,2010-11-08
"11271",0.00390625,2010-11-09
"11272",0.005859375,2010-11-10
"11273",0.1123046875,2010-11-11
"11274",3.07421875,2010-11-12
"11275",0.55078125,2010-11-13
"11276",0.6552734375,2010-11-14
"11277",0.0888671875,2010-11-15
"11278",0.0400390625,2010-11-16
"11279",0.009765625,2010-11-17
"11280",0.23046875,2010-11-18
"11281",0.029296875,2010-11-19
"11282",0,2010-11-20
"11283",0.0029296875,2010-11-21
"11284",0.0009765625,2010-11-22
"11285",0.017578125,2010-11-23
"11286",0,2010-11-24
"11287",8.7177734375,2010-11-25
"11288",0.0048828125,2010-11-26
"11289",4.68359375,2010-11-27
"11290",2.330078125,2010-11-28
"11291",0.40234375,2010-11-29
"11292",0.0078125,2010-11-30
"11293",0.09375,2010-12-01
"11294",0.7607421875,2010-12-02
"11295",0.306640625,2010-12-03
"11296",0.0068359375,2010-12-04
"11297",0.060546875,2010-12-05
"11298",0.43359375,2010-12-06
"11299",2.1484375,2010-12-07
"11300",17.5009765625,2010-12-08
"11301",0.29296875,2010-12-09
"11302",0.23828125,2010-12-10
"11303",0.2919921875,2010-12-11
"11304",1.4326171875,2010-12-12
"11305",0.1171875,2010-12-13
"11306",0,2010-12-14
"11307",0.02734375,2010-12-15
"11308",0.0146484375,2010-12-16
"11309",0.43359375,2010-12-17
"11310",0.6904296875,2010-12-18
"11311",4.919921875,2010-12-19
"11312",0.7412109375,2010-12-20
"11313",0.70703125,2010-12-21
"11314",0.0068359375,2010-12-22
"11315",0,2010-12-23
"11316",0.0009765625,2010-12-24
"11317",0.3310546875,2010-12-25
"11318",0.025390625,2010-12-26
"11319",0.083984375,2010-12-27
"11320",0.0009765625,2010-12-28
"11321",0.0234375,2010-12-29
"11322",0.001953125,2010-12-30
"11323",0.0009765625,2010-12-31
"11324",0.1337890625,2011-01-01
"11325",0.05078125,2011-01-02
"11326",0.0009765625,2011-01-03
"11327",0.0009765625,2011-01-04
"11328",0.0009765625,2011-01-05
"11329",0,2011-01-06
"11330",0.0009765625,2011-01-07
"11331",0.1435546875,2011-01-08
"11332",0.1318359375,2011-01-09
"11333",0.0244140625,2011-01-10
"11334",0.0966796875,2011-01-11
"11335",0.25390625,2011-01-12
"11336",0.30078125,2011-01-13
"11337",2.412109375,2011-01-14
"11338",0.0048828125,2011-01-15
"11339",0.0029296875,2011-01-16
"11340",0,2011-01-17
"11341",0,2011-01-18
"11342",0,2011-01-19
"11343",0.0009765625,2011-01-20
"11344",0,2011-01-21
"11345",0,2011-01-22
"11346",0,2011-01-23
"11347",0.00390625,2011-01-24
"11348",0.0087890625,2011-01-25
"11349",0.09765625,2011-01-26
"11350",0,2011-01-27
"11351",0,2011-01-28
"11352",0.0068359375,2011-01-29
"11353",0,2011-01-30
"11354",0,2011-01-31
"11355",0,2011-02-01
"11356",0,2011-02-02
"11357",0,2011-02-03
"11358",0.0078125,2011-02-04
"11359",0.09375,2011-02-05
"11360",0.0244140625,2011-02-06
"11361",0,2011-02-07
"11362",0,2011-02-08
"11363",0,2011-02-09
"11364",0.0009765625,2011-02-10
"11365",3.8486328125,2011-02-11
"11366",0.556640625,2011-02-12
"11367",0.001953125,2011-02-13
"11368",0.0029296875,2011-02-14
"11369",0,2011-02-15
"11370",0.1416015625,2011-02-16
"11371",0,2011-02-17
"11372",2.53125,2011-02-18
"11373",38.4501953125,2011-02-19
"11374",0.09765625,2011-02-20
"11375",0.0166015625,2011-02-21
"11376",0,2011-02-22
"11377",0,2011-02-23
"11378",0,2011-02-24
"11379",0,2011-02-25
"11380",0.0029296875,2011-02-26
"11381",0.0947265625,2011-02-27
"11382",0.01953125,2011-02-28
"11383",0.0029296875,2011-03-01
"11384",0.0009765625,2011-03-02
"11385",0.0009765625,2011-03-03
"11386",0,2011-03-04
"11387",0,2011-03-05
"11388",0,2011-03-06
"11389",0.0009765625,2011-03-07
"11390",20.0888671875,2011-03-08
"11391",3.4482421875,2011-03-09
"11392",0.0166015625,2011-03-10
"11393",0.0009765625,2011-03-11
"11394",0,2011-03-12
"11395",0,2011-03-13
"11396",0.072265625,2011-03-14
"11397",0.0029296875,2011-03-15
"11398",0,2011-03-16
"11399",0,2011-03-17
"11400",0.0068359375,2011-03-18
"11401",0.0029296875,2011-03-19
"11402",0.1748046875,2011-03-20
"11403",58.2236328125,2011-03-21
"11404",0.236328125,2011-03-22
"11405",0.74609375,2011-03-23
"11406",1.8916015625,2011-03-24
"11407",0.21875,2011-03-25
"11408",0.021484375,2011-03-26
"11409",0.0458984375,2011-03-27
"11410",0.03125,2011-03-28
"11411",0,2011-03-29
"11412",0,2011-03-30
"11413",0.1416015625,2011-03-31
"11414",0,2011-04-01
"11415",0.0087890625,2011-04-02
"11416",0.0009765625,2011-04-03
"11417",0.001953125,2011-04-04
"11418",0.0009765625,2011-04-05
"11419",0,2011-04-06
"11420",0.005859375,2011-04-07
"11421",0.021484375,2011-04-08
"11422",1.6572265625,2011-04-09
"11423",2.1376953125,2011-04-10
"11424",2.0517578125,2011-04-11
"11425",0.2724609375,2011-04-12
"11426",0.009765625,2011-04-13
"11427",1.1845703125,2011-04-14
"11428",0.072265625,2011-04-15
"11429",0.009765625,2011-04-16
"11430",0.0009765625,2011-04-17
"11431",0.0078125,2011-04-18
"11432",0.1005859375,2011-04-19
"11433",0.9658203125,2011-04-20
"11434",0.1015625,2011-04-21
"11435",2.0712890625,2011-04-22
"11436",0.162109375,2011-04-23
"11437",0.0087890625,2011-04-24
"11438",0.0009765625,2011-04-25
"11439",0.0478515625,2011-04-26
"11440",0.001953125,2011-04-27
"11441",0,2011-04-28
"11442",0.00390625,2011-04-29
"11443",1.1943359375,2011-04-30
"11444",12.412109375,2011-05-01
"11445",0.15625,2011-05-02
"11446",0.060546875,2011-05-03
"11447",1.658203125,2011-05-04
"11448",0.333984375,2011-05-05
"11449",0.0380859375,2011-05-06
"11450",0.0087890625,2011-05-07
"11451",3.765625,2011-05-08
"11452",0.2568359375,2011-05-09
"11453",0.025390625,2011-05-10
"11454",2.1806640625,2011-05-11
"11455",2.4306640625,2011-05-12
"11456",1.6669921875,2011-05-13
"11457",0.1064453125,2011-05-14
"11458",0.0009765625,2011-05-15
"11459",0,2011-05-16
"11460",0,2011-05-17
"11461",0,2011-05-18
"11462",0.0537109375,2011-05-19
"11463",0.0185546875,2011-05-20
"11464",0.099609375,2011-05-21
"11465",8.8779296875,2011-05-22
"11466",5.2197265625,2011-05-23
"11467",4.23046875,2011-05-24
"11468",0.9619140625,2011-05-25
"11469",0.1328125,2011-05-26
"11470",0.609375,2011-05-27
"11471",0.2861328125,2011-05-28
"11472",0.3681640625,2011-05-29
"11473",2.5751953125,2011-05-30
"11474",0.0078125,2011-05-31
"11475",0.048828125,2011-06-01
"11476",0.046875,2011-06-02
"11477",0.310546875,2011-06-03
"11478",2.5517578125,2011-06-04
"11479",1.0888671875,2011-06-05
"11480",3.2421875,2011-06-06
"11481",0.9365234375,2011-06-07
"11482",0.5703125,2011-06-08
"11483",1.330078125,2011-06-09
"11484",0.8349609375,2011-06-10
"11485",0.0234375,2011-06-11
"11486",0.12890625,2011-06-12
"11487",0.87109375,2011-06-13
"11488",0,2011-06-14
"11489",0.0009765625,2011-06-15
"11490",0.0126953125,2011-06-16
"11491",5.5078125,2011-06-17
"11492",0.748046875,2011-06-18
"11493",0.3037109375,2011-06-19
"11494",2.564453125,2011-06-20
"11495",20.197265625,2011-06-21
"11496",1.123046875,2011-06-22
"11497",1.931640625,2011-06-23
"11498",2.7451171875,2011-06-24
"11499",0.05078125,2011-06-25
"11500",0.0419921875,2011-06-26
"11501",0.01953125,2011-06-27
"11502",0.013671875,2011-06-28
"11503",0.0166015625,2011-06-29
"11504",0.0439453125,2011-06-30
"11505",2.7431640625,2011-07-01
"11506",15.0322265625,2011-07-02
"11507",6.4443359375,2011-07-03
"11508",3.529296875,2011-07-04
"11509",5.6513671875,2011-07-05
"11510",5.2255859375,2011-07-06
"11511",7.5693359375,2011-07-07
"11512",0.5205078125,2011-07-08
"11513",2.6123046875,2011-07-09
"11514",1.8486328125,2011-07-10
"11515",0.9013671875,2011-07-11
"11516",0,2011-07-12
"11517",0.5576171875,2011-07-13
"11518",0.169921875,2011-07-14
"11519",0.0029296875,2011-07-15
"11520",0.0009765625,2011-07-16
"11521",10.25,2011-07-17
"11522",1.2353515625,2011-07-18
"11523",0.3076171875,2011-07-19
"11524",0.021484375,2011-07-20
"11525",0.0244140625,2011-07-21
"11526",0.001953125,2011-07-22
"11527",0.0576171875,2011-07-23
"11528",3.54296875,2011-07-24
"11529",0.6357421875,2011-07-25
"11530",0.162109375,2011-07-26
"11531",0.0166015625,2011-07-27
"11532",0.0009765625,2011-07-28
"11533",0,2011-07-29
"11534",4.4404296875,2011-07-30
"11535",0.0634765625,2011-07-31
"11536",0.0302734375,2011-08-01
"11537",0,2011-08-02
"11538",0.1337890625,2011-08-03
"11539",1.0673828125,2011-08-04
"11540",4.212890625,2011-08-05
"11541",2.466796875,2011-08-06
"11542",3.412109375,2011-08-07
"11543",2.7919921875,2011-08-08
"11544",0.6337890625,2011-08-09
"11545",1.1943359375,2011-08-10
"11546",1.8056640625,2011-08-11
"11547",0.0146484375,2011-08-12
"11548",0,2011-08-13
"11549",0.142578125,2011-08-14
"11550",0.1748046875,2011-08-15
"11551",4.3759765625,2011-08-16
"11552",12.8076171875,2011-08-17
"11553",1.64453125,2011-08-18
"11554",0.8125,2011-08-19
"11555",0.337890625,2011-08-20
"11556",0.0849609375,2011-08-21
"11557",0,2011-08-22
"11558",0,2011-08-23
"11559",0,2011-08-24
"11560",0,2011-08-25
"11561",0.423828125,2011-08-26
"11562",0.3193359375,2011-08-27
"11563",0.142578125,2011-08-28
"11564",0.033203125,2011-08-29
"11565",0.1201171875,2011-08-30
"11566",0.01953125,2011-08-31
"11567",0.0009765625,2011-09-01
"11568",0,2011-09-02
"11569",0,2011-09-03
"11570",0.8056640625,2011-09-04
"11571",0.0771484375,2011-09-05
"11572",2.3720703125,2011-09-06
"11573",3.2919921875,2011-09-07
"11574",0.4638671875,2011-09-08
"11575",1.1748046875,2011-09-09
"11576",0.1630859375,2011-09-10
"11577",2.4716796875,2011-09-11
"11578",0.1904296875,2011-09-12
"11579",0.0078125,2011-09-13
"11580",0.0087890625,2011-09-14
"11581",0.0009765625,2011-09-15
"11582",0,2011-09-16
"11583",0.07421875,2011-09-17
"11584",0,2011-09-18
"11585",0,2011-09-19
"11586",5.98828125,2011-09-20
"11587",0.1865234375,2011-09-21
"11588",0.0009765625,2011-09-22
"11589",0.0361328125,2011-09-23
"11590",0.6142578125,2011-09-24
"11591",0.3916015625,2011-09-25
"11592",0,2011-09-26
"11593",0.060546875,2011-09-27
"11594",5.130859375,2011-09-28
"11595",9.025390625,2011-09-29
"11596",7.0732421875,2011-09-30
"11597",3.498046875,2011-10-01
"11598",0.1142578125,2011-10-02
"11599",0.0048828125,2011-10-03
"11600",0.0673828125,2011-10-04
"11601",19.37109375,2011-10-05
"11602",0.66796875,2011-10-06
"11603",0.462890625,2011-10-07
"11604",0.052734375,2011-10-08
"11605",0.4267578125,2011-10-09
"11606",0.099609375,2011-10-10
"11607",0.19140625,2011-10-11
"11608",0.080078125,2011-10-12
"11609",0.0009765625,2011-10-13
"11610",2.490234375,2011-10-14
"11611",3.708984375,2011-10-15
"11612",0.228515625,2011-10-16
"11613",0.0048828125,2011-10-17
"11614",0,2011-10-18
"11615",0,2011-10-19
"11616",0.0732421875,2011-10-20
"11617",4.2568359375,2011-10-21
"11618",0.0869140625,2011-10-22
"11619",0.0009765625,2011-10-23
"11620",1.5986328125,2011-10-24
"11621",0.2802734375,2011-10-25
"11622",0.0234375,2011-10-26
"11623",0,2011-10-27
"11624",0.3603515625,2011-10-28
"11625",1.4111328125,2011-10-29
"11626",0.099609375,2011-10-30
"11627",0,2011-10-31
"11628",0,2011-11-01
"11629",0,2011-11-02
"11630",0.0068359375,2011-11-03
"11631",0.001953125,2011-11-04
"11632",0.0009765625,2011-11-05
"11633",0.67578125,2011-11-06
"11634",0.015625,2011-11-07
"11635",2.4375,2011-11-08
"11636",0.3232421875,2011-11-09
"11637",0.5712890625,2011-11-10
"11638",0.0009765625,2011-11-11
"11639",0,2011-11-12
"11640",0,2011-11-13
"11641",0.0830078125,2011-11-14
"11642",0.0009765625,2011-11-15
"11643",0.0634765625,2011-11-16
"11644",0.001953125,2011-11-17
"11645",0.0087890625,2011-11-18
"11646",4.28515625,2011-11-19
"11647",0.1435546875,2011-11-20
"11648",0,2011-11-21
"11649",0.3193359375,2011-11-22
"11650",0.0927734375,2011-11-23
"11651",0.0126953125,2011-11-24
"11652",0.3994140625,2011-11-25
"11653",0.9482421875,2011-11-26
"11654",0.0810546875,2011-11-27
"11655",0.0068359375,2011-11-28
"11656",0.3603515625,2011-11-29
"11657",2.341796875,2011-11-30
"11658",0.00390625,2011-12-01
"11659",0,2011-12-02
"11660",0,2011-12-03
"11661",0,2011-12-04
"11662",0,2011-12-05
"11663",0,2011-12-06
"11664",0,2011-12-07
"11665",0,2011-12-08
"11666",12.056640625,2011-12-09
"11667",18.5078125,2011-12-10
"11668",0.0263671875,2011-12-11
"11669",0.0009765625,2011-12-12
"11670",0.0888671875,2011-12-13
"11671",0.001953125,2011-12-14
"11672",0,2011-12-15
"11673",0.0009765625,2011-12-16
"11674",0.048828125,2011-12-17
"11675",16.62109375,2011-12-18
"11676",0.619140625,2011-12-19
"11677",0.1767578125,2011-12-20
"11678",0.0517578125,2011-12-21
"11679",0.01171875,2011-12-22
"11680",0,2011-12-23
"11681",0.0029296875,2011-12-24
"11682",0.0107421875,2011-12-25
"11683",0.0224609375,2011-12-26
"11684",0.015625,2011-12-27
"11685",0.01953125,2011-12-28
"11686",0,2011-12-29
"11687",0,2011-12-30
"11688",0,2011-12-31
"11689",0,2012-01-01
"11690",0,2012-01-02
"11691",0.052734375,2012-01-03
"11692",0.0009765625,2012-01-04
"11693",0,2012-01-05
"11694",0,2012-01-06
"11695",0.0654296875,2012-01-07
"11696",4.1796875,2012-01-08
"11697",0.251953125,2012-01-09
"11698",0.33984375,2012-01-10
"11699",0.0400390625,2012-01-11
"11700",0,2012-01-12
"11701",0,2012-01-13
"11702",0.0009765625,2012-01-14
"11703",0,2012-01-15
"11704",0,2012-01-16
"11705",0,2012-01-17
"11706",0.0498046875,2012-01-18
"11707",0,2012-01-19
"11708",0,2012-01-20
"11709",0,2012-01-21
"11710",0,2012-01-22
"11711",0.0048828125,2012-01-23
"11712",0.02734375,2012-01-24
"11713",0.0107421875,2012-01-25
"11714",0.0009765625,2012-01-26
"11715",0,2012-01-27
"11716",0.0048828125,2012-01-28
"11717",0.3583984375,2012-01-29
"11718",0.0615234375,2012-01-30
"11719",0.169921875,2012-01-31
"11720",0,2012-02-01
"11721",0.04296875,2012-02-02
"11722",0,2012-02-03
"11723",0.0029296875,2012-02-04
"11724",3.0419921875,2012-02-05
"11725",1.18359375,2012-02-06
"11726",0.5126953125,2012-02-07
"11727",0.017578125,2012-02-08
"11728",0.060546875,2012-02-09
"11729",1.1357421875,2012-02-10
"11730",0.966796875,2012-02-11
"11731",0.123046875,2012-02-12
"11732",0.001953125,2012-02-13
"11733",0.0009765625,2012-02-14
"11734",0.0048828125,2012-02-15
"11735",0,2012-02-16
"11736",0,2012-02-17
"11737",0,2012-02-18
"11738",0.005859375,2012-02-19
"11739",0.0400390625,2012-02-20
"11740",0.013671875,2012-02-21
"11741",0,2012-02-22
"11742",0,2012-02-23
"11743",0,2012-02-24
"11744",0,2012-02-25
"11745",0.126953125,2012-02-26
"11746",4.44921875,2012-02-27
"11747",0.0810546875,2012-02-28
"11748",3.2841796875,2012-02-29
"11749",8.5126953125,2012-03-01
"11750",0.560546875,2012-03-02
"11751",0,2012-03-03
"11752",0.341796875,2012-03-04
"11753",0,2012-03-05
"11754",0.00390625,2012-03-06
"11755",0,2012-03-07
"11756",0,2012-03-08
"11757",0.0029296875,2012-03-09
"11758",0,2012-03-10
"11759",0,2012-03-11
"11760",0,2012-03-12
"11761",0.0595703125,2012-03-13
"11762",0,2012-03-14
"11763",7.8818359375,2012-03-15
"11764",0.6640625,2012-03-16
"11765",0.1103515625,2012-03-17
"11766",0.001953125,2012-03-18
"11767",0.04296875,2012-03-19
"11768",0.0107421875,2012-03-20
"11769",8.3271484375,2012-03-21
"11770",0.015625,2012-03-22
"11771",1.623046875,2012-03-23
"11772",0.7841796875,2012-03-24
"11773",3.05859375,2012-03-25
"11774",0.0087890625,2012-03-26
"11775",0.0029296875,2012-03-27
"11776",0.001953125,2012-03-28
"11777",0.05859375,2012-03-29
"11778",0.0009765625,2012-03-30
"11779",0.001953125,2012-03-31
"11780",0.001953125,2012-04-01
"11781",0.0283203125,2012-04-02
"11782",0.1044921875,2012-04-03
"11783",0.0888671875,2012-04-04
"11784",0.0166015625,2012-04-05
"11785",0.0517578125,2012-04-06
"11786",0.0068359375,2012-04-07
"11787",0.6572265625,2012-04-08
"11788",1.017578125,2012-04-09
"11789",0.1533203125,2012-04-10
"11790",0.001953125,2012-04-11
"11791",0,2012-04-12
"11792",0,2012-04-13
"11793",0,2012-04-14
"11794",0,2012-04-15
"11795",0,2012-04-16
"11796",0,2012-04-17
"11797",0.0009765625,2012-04-18
"11798",0,2012-04-19
"11799",0.0009765625,2012-04-20
"11800",0.1240234375,2012-04-21
"11801",17.705078125,2012-04-22
"11802",10.001953125,2012-04-23
"11803",1.140625,2012-04-24
"11804",2.1767578125,2012-04-25
"11805",0.673828125,2012-04-26
"11806",0.189453125,2012-04-27
"11807",0.513671875,2012-04-28
"11808",0.10546875,2012-04-29
"11809",0,2012-04-30
"11810",2.5771484375,2012-05-01
"11811",4.4638671875,2012-05-02
"11812",0.0634765625,2012-05-03
"11813",0.46484375,2012-05-04
"11814",0.1513671875,2012-05-05
"11815",0.015625,2012-05-06
"11816",1.076171875,2012-05-07
"11817",0.1796875,2012-05-08
"11818",0.1318359375,2012-05-09
"11819",0.31640625,2012-05-10
"11820",1.3818359375,2012-05-11
"11821",0.2060546875,2012-05-12
"11822",0.02734375,2012-05-13
"11823",0.8193359375,2012-05-14
"11824",0.021484375,2012-05-15
"11825",0.01171875,2012-05-16
"11826",0.0126953125,2012-05-17
"11827",0.7880859375,2012-05-18
"11828",2.431640625,2012-05-19
"11829",0.109375,2012-05-20
"11830",0.0322265625,2012-05-21
"11831",0.4267578125,2012-05-22
"11832",1.4599609375,2012-05-23
"11833",12.2001953125,2012-05-24
"11834",6.109375,2012-05-25
"11835",3.8740234375,2012-05-26
"11836",2.322265625,2012-05-27
"11837",0.056640625,2012-05-28
"11838",0.2734375,2012-05-29
"11839",0.041015625,2012-05-30
"11840",0.0126953125,2012-05-31
"11841",0.279296875,2012-06-01
"11842",0.2265625,2012-06-02
"11843",1.1962890625,2012-06-03
"11844",9.287109375,2012-06-04
"11845",5.92578125,2012-06-05
"11846",0.5,2012-06-06
"11847",0.033203125,2012-06-07
"11848",0,2012-06-08
"11849",0.0029296875,2012-06-09
"11850",0.02734375,2012-06-10
"11851",0.0146484375,2012-06-11
"11852",0.15625,2012-06-12
"11853",0.708984375,2012-06-13
"11854",11.01953125,2012-06-14
"11855",6.3828125,2012-06-15
"11856",2.8916015625,2012-06-16
"11857",4.826171875,2012-06-17
"11858",3.0107421875,2012-06-18
"11859",1.28125,2012-06-19
"11860",0.013671875,2012-06-20
"11861",26.6357421875,2012-06-21
"11862",16.9072265625,2012-06-22
"11863",2.5615234375,2012-06-23
"11864",2.1962890625,2012-06-24
"11865",4.4365234375,2012-06-25
"11866",2.013671875,2012-06-26
"11867",0.1884765625,2012-06-27
"11868",0.03515625,2012-06-28
"11869",10.1015625,2012-06-29
"11870",5.29296875,2012-06-30
"11871",2.2783203125,2012-07-01
"11872",0.517578125,2012-07-02
"11873",1.0732421875,2012-07-03
"11874",3.623046875,2012-07-04
"11875",0.142578125,2012-07-05
"11876",0.0078125,2012-07-06
"11877",0.00390625,2012-07-07
"11878",0.005859375,2012-07-08
"11879",0.0576171875,2012-07-09
"11880",0.791015625,2012-07-10
"11881",0.3125,2012-07-11
"11882",0.9208984375,2012-07-12
"11883",5.0009765625,2012-07-13
"11884",4.8369140625,2012-07-14
"11885",1.80078125,2012-07-15
"11886",1.7314453125,2012-07-16
"11887",0.04296875,2012-07-17
"11888",2.5322265625,2012-07-18
"11889",0.43359375,2012-07-19
"11890",2.5888671875,2012-07-20
"11891",1.9755859375,2012-07-21
"11892",0.9189453125,2012-07-22
"11893",0,2012-07-23
"11894",0.0517578125,2012-07-24
"11895",0.4619140625,2012-07-25
"11896",5.9208984375,2012-07-26
"11897",5.283203125,2012-07-27
"11898",1.2763671875,2012-07-28
"11899",0.4345703125,2012-07-29
"11900",0.9130859375,2012-07-30
"11901",1.1201171875,2012-07-31
"11902",0.0087890625,2012-08-01
"11903",0,2012-08-02
"11904",0.2685546875,2012-08-03
"11905",1.7314453125,2012-08-04
"11906",2.564453125,2012-08-05
"11907",1.3701171875,2012-08-06
"11908",0.140625,2012-08-07
"11909",1.0966796875,2012-08-08
"11910",1.357421875,2012-08-09
"11911",0.0888671875,2012-08-10
"11912",0.287109375,2012-08-11
"11913",0.0791015625,2012-08-12
"11914",0.0068359375,2012-08-13
"11915",3.5908203125,2012-08-14
"11916",1.8330078125,2012-08-15
"11917",4.7744140625,2012-08-16
"11918",16.2412109375,2012-08-17
"11919",0.91796875,2012-08-18
"11920",1.509765625,2012-08-19
"11921",0.3486328125,2012-08-20
"11922",0.6416015625,2012-08-21
"11923",0.193359375,2012-08-22
"11924",5.6630859375,2012-08-23
"11925",14.484375,2012-08-24
"11926",0.890625,2012-08-25
"11927",2.20703125,2012-08-26
"11928",0.0048828125,2012-08-27
"11929",0.1513671875,2012-08-28
"11930",0.4111328125,2012-08-29
"11931",2.083984375,2012-08-30
"11932",0.0673828125,2012-08-31
"11933",0.0322265625,2012-09-01
"11934",0,2012-09-02
"11935",0.0732421875,2012-09-03
"11936",0.01953125,2012-09-04
"11937",3.833984375,2012-09-05
"11938",3.8369140625,2012-09-06
"11939",8.1533203125,2012-09-07
"11940",0.2724609375,2012-09-08
"11941",0.0791015625,2012-09-09
"11942",0.0029296875,2012-09-10
"11943",0.1416015625,2012-09-11
"11944",0.0283203125,2012-09-12
"11945",1.169921875,2012-09-13
"11946",0.4638671875,2012-09-14
"11947",0.0908203125,2012-09-15
"11948",0.0849609375,2012-09-16
"11949",0.27734375,2012-09-17
"11950",0.615234375,2012-09-18
"11951",0.4453125,2012-09-19
"11952",0.546875,2012-09-20
"11953",0.0244140625,2012-09-21
"11954",0.078125,2012-09-22
"11955",0.3154296875,2012-09-23
"11956",0.4208984375,2012-09-24
"11957",0.00390625,2012-09-25
"11958",0.0546875,2012-09-26
"11959",0,2012-09-27
"11960",1.1982421875,2012-09-28
"11961",5.2998046875,2012-09-29
"11962",0.5234375,2012-09-30
"11963",0.6630859375,2012-10-01
"11964",0.0771484375,2012-10-02
"11965",0.0009765625,2012-10-03
"11966",0,2012-10-04
"11967",0.03125,2012-10-05
"11968",0.154296875,2012-10-06
"11969",0.0302734375,2012-10-07
"11970",0.0771484375,2012-10-08
"11971",0.0009765625,2012-10-09
"11972",0.712890625,2012-10-10
"11973",10.7275390625,2012-10-11
"11974",2.208984375,2012-10-12
"11975",0.0087890625,2012-10-13
"11976",0,2012-10-14
"11977",0.0009765625,2012-10-15
"11978",0.0498046875,2012-10-16
"11979",0.044921875,2012-10-17
"11980",0,2012-10-18
"11981",0.0009765625,2012-10-19
"11982",0.0009765625,2012-10-20
"11983",0.0009765625,2012-10-21
"11984",0,2012-10-22
"11985",0,2012-10-23
"11986",0.0673828125,2012-10-24
"11987",0.53125,2012-10-25
"11988",0.09765625,2012-10-26
"11989",0.0322265625,2012-10-27
"11990",0.0009765625,2012-10-28
"11991",0,2012-10-29
"11992",0.0009765625,2012-10-30
"11993",0.0078125,2012-10-31
"11994",1.490234375,2012-11-01
"11995",0.00390625,2012-11-02
"11996",0.1162109375,2012-11-03
"11997",0.0078125,2012-11-04
"11998",0.021484375,2012-11-05
"11999",5.7802734375,2012-11-06
"12000",0.0830078125,2012-11-07
"12001",0.6640625,2012-11-08
"12002",0.013671875,2012-11-09
"12003",0,2012-11-10
"12004",0,2012-11-11
"12005",0.0166015625,2012-11-12
"12006",0.001953125,2012-11-13
"12007",0.001953125,2012-11-14
"12008",0.0712890625,2012-11-15
"12009",1.9716796875,2012-11-16
"12010",0.001953125,2012-11-17
"12011",0,2012-11-18
"12012",0,2012-11-19
"12013",0,2012-11-20
"12014",0.0078125,2012-11-21
"12015",0.0009765625,2012-11-22
"12016",0,2012-11-23
"12017",0,2012-11-24
"12018",0,2012-11-25
"12019",1.0576171875,2012-11-26
"12020",0.734375,2012-11-27
"12021",0.0009765625,2012-11-28
"12022",0,2012-11-29
"12023",1.869140625,2012-11-30
"12024",0.4482421875,2012-12-01
"12025",0.09765625,2012-12-02
"12026",0.041015625,2012-12-03
"12027",0.80859375,2012-12-04
"12028",0.134765625,2012-12-05
"12029",0,2012-12-06
"12030",0.1337890625,2012-12-07
"12031",0.01171875,2012-12-08
"12032",0,2012-12-09
"12033",0,2012-12-10
"12034",0,2012-12-11
"12035",0.013671875,2012-12-12
"12036",0.107421875,2012-12-13
"12037",1.4990234375,2012-12-14
"12038",3.0048828125,2012-12-15
"12039",1.0029296875,2012-12-16
"12040",0.0498046875,2012-12-17
"12041",0.0048828125,2012-12-18
"12042",0.1533203125,2012-12-19
"12043",0.0771484375,2012-12-20
"12044",0,2012-12-21
"12045",0,2012-12-22
"12046",0,2012-12-23
"12047",0,2012-12-24
"12048",0,2012-12-25
"12049",0,2012-12-26
"12050",0,2012-12-27
"12051",0,2012-12-28
"12052",0,2012-12-29
"12053",0,2012-12-30
"12054",0.0009765625,2012-12-31
"12055",0,2013-01-01
"12056",0,2013-01-02
"12057",0,2013-01-03
"12058",0,2013-01-04
"12059",0,2013-01-05
"12060",0,2013-01-06
"12061",0,2013-01-07
"12062",0,2013-01-08
"12063",0,2013-01-09
"12064",0,2013-01-10
"12065",0.0087890625,2013-01-11
"12066",0.0029296875,2013-01-12
"12067",1.85546875,2013-01-13
"12068",2.5732421875,2013-01-14
"12069",0.009765625,2013-01-15
"12070",0.0009765625,2013-01-16
"12071",0,2013-01-17
"12072",0.00390625,2013-01-18
"12073",0,2013-01-19
"12074",0,2013-01-20
"12075",0,2013-01-21
"12076",0,2013-01-22
"12077",0,2013-01-23
"12078",0,2013-01-24
"12079",0.140625,2013-01-25
"12080",0.013671875,2013-01-26
"12081",0.3076171875,2013-01-27
"12082",0.1494140625,2013-01-28
"12083",0.802734375,2013-01-29
"12084",0.0390625,2013-01-30
"12085",3.126953125,2013-01-31
"12086",1.0009765625,2013-02-01
"12087",0.1435546875,2013-02-02
"12088",0.12890625,2013-02-03
"12089",0.0068359375,2013-02-04
"12090",0,2013-02-05
"12091",0,2013-02-06
"12092",0,2013-02-07
"12093",0.0029296875,2013-02-08
"12094",0.0009765625,2013-02-09
"12095",0.0078125,2013-02-10
"12096",0.001953125,2013-02-11
"12097",0,2013-02-12
"12098",0,2013-02-13
"12099",0.0029296875,2013-02-14
"12100",0.00390625,2013-02-15
"12101",0.203125,2013-02-16
"12102",0.0048828125,2013-02-17
"12103",0,2013-02-18
"12104",0.0009765625,2013-02-19
"12105",0,2013-02-20
"12106",0,2013-02-21
"12107",0.0166015625,2013-02-22
"12108",0,2013-02-23
"12109",0,2013-02-24
"12110",1.2724609375,2013-02-25
"12111",1.8935546875,2013-02-26
"12112",0.953125,2013-02-27
"12113",1.1201171875,2013-02-28
"12114",0.001953125,2013-03-01
"12115",0,2013-03-02
"12116",0,2013-03-03
"12117",0,2013-03-04
"12118",0,2013-03-05
"12119",0.001953125,2013-03-06
"12120",0.001953125,2013-03-07
"12121",2.5087890625,2013-03-08
"12122",1.298828125,2013-03-09
"12123",0.0380859375,2013-03-10
"12124",0.0009765625,2013-03-11
"12125",0.2626953125,2013-03-12
"12126",0.0625,2013-03-13
"12127",0.0009765625,2013-03-14
"12128",0,2013-03-15
"12129",0.0009765625,2013-03-16
"12130",0.3154296875,2013-03-17
"12131",0.00390625,2013-03-18
"12132",0.0009765625,2013-03-19
"12133",0.001953125,2013-03-20
"12134",0.201171875,2013-03-21
"12135",0.4931640625,2013-03-22
"12136",1.1240234375,2013-03-23
"12137",0.6552734375,2013-03-24
"12138",0.5830078125,2013-03-25
"12139",0.015625,2013-03-26
"12140",1.69921875,2013-03-27
"12141",0.8271484375,2013-03-28
"12142",0.041015625,2013-03-29
"12143",0.1552734375,2013-03-30
"12144",4.125,2013-03-31
"12145",0.4140625,2013-04-01
"12146",0.35546875,2013-04-02
"12147",0.4326171875,2013-04-03
"12148",0.0107421875,2013-04-04
"12149",0.0068359375,2013-04-05
"12150",0.001953125,2013-04-06
"12151",0,2013-04-07
"12152",0.0048828125,2013-04-08
"12153",0,2013-04-09
"12154",0.001953125,2013-04-10
"12155",0.0009765625,2013-04-11
"12156",0,2013-04-12
"12157",0.009765625,2013-04-13
"12158",0.021484375,2013-04-14
"12159",1.048828125,2013-04-15
"12160",0.056640625,2013-04-16
"12161",0.0146484375,2013-04-17
"12162",0.0244140625,2013-04-18
"12163",0.001953125,2013-04-19
"12164",0.001953125,2013-04-20
"12165",12.298828125,2013-04-21
"12166",5.8154296875,2013-04-22
"12167",3.203125,2013-04-23
"12168",1.1162109375,2013-04-24
"12169",0.85546875,2013-04-25
"12170",0.4130859375,2013-04-26
"12171",0.0009765625,2013-04-27
"12172",0.158203125,2013-04-28
"12173",1.4453125,2013-04-29
"12174",0.1484375,2013-04-30
"12175",0.060546875,2013-05-01
"12176",0.001953125,2013-05-02
"12177",0,2013-05-03
"12178",0.2275390625,2013-05-04
"12179",0,2013-05-05
"12180",1.275390625,2013-05-06
"12181",0.294921875,2013-05-07
"12182",0,2013-05-08
"12183",0.00390625,2013-05-09
"12184",0.0009765625,2013-05-10
"12185",0.048828125,2013-05-11
"12186",2.5576171875,2013-05-12
"12187",7.5068359375,2013-05-13
"12188",9.947265625,2013-05-14
"12189",2.9453125,2013-05-15
"12190",4.486328125,2013-05-16
"12191",0.8505859375,2013-05-17
"12192",0.5625,2013-05-18
"12193",0.1357421875,2013-05-19
"12194",0.1015625,2013-05-20
"12195",0.0419921875,2013-05-21
"12196",10.0263671875,2013-05-22
"12197",3.6484375,2013-05-23
"12198",0.095703125,2013-05-24
"12199",0.1943359375,2013-05-25
"12200",1.056640625,2013-05-26
"12201",0.0537109375,2013-05-27
"12202",0,2013-05-28
"12203",0.0009765625,2013-05-29
"12204",0.3427734375,2013-05-30
"12205",2.0458984375,2013-05-31
"12206",25.8447265625,2013-06-01
"12207",10.2431640625,2013-06-02
"12208",0.66015625,2013-06-03
"12209",0.333984375,2013-06-04
"12210",0.076171875,2013-06-05
"12211",0.6494140625,2013-06-06
"12212",5.482421875,2013-06-07
"12213",0.08203125,2013-06-08
"12214",0.0146484375,2013-06-09
"12215",0.0380859375,2013-06-10
"12216",0.9287109375,2013-06-11
"12217",10.6455078125,2013-06-12
"12218",4.80859375,2013-06-13
"12219",2.5263671875,2013-06-14
"12220",1.09375,2013-06-15
"12221",1.3330078125,2013-06-16
"12222",0.4619140625,2013-06-17
"12223",0.8447265625,2013-06-18
"12224",0.208984375,2013-06-19
"12225",0.01953125,2013-06-20
"12226",7.90625,2013-06-21
"12227",18.1083984375,2013-06-22
"12228",4.833984375,2013-06-23
"12229",0.5087890625,2013-06-24
"12230",0.162109375,2013-06-25
"12231",0.0693359375,2013-06-26
"12232",0.37109375,2013-06-27
"12233",0.7900390625,2013-06-28
"12234",0.0517578125,2013-06-29
"12235",0.0546875,2013-06-30
"12236",1.2138671875,2013-07-01
"12237",0.1279296875,2013-07-02
"12238",0.1025390625,2013-07-03
"12239",2.619140625,2013-07-04
"12240",6.638671875,2013-07-05
"12241",5.880859375,2013-07-06
"12242",10.814453125,2013-07-07
"12243",3.8125,2013-07-08
"12244",1.2265625,2013-07-09
"12245",0.158203125,2013-07-10
"12246",0,2013-07-11
"12247",2.0029296875,2013-07-12
"12248",21.1220703125,2013-07-13
"12249",1.7490234375,2013-07-14
"12250",2.509765625,2013-07-15
"12251",0.4501953125,2013-07-16
"12252",0.681640625,2013-07-17
"12253",17.8876953125,2013-07-18
"12254",11.20703125,2013-07-19
"12255",9.16015625,2013-07-20
"12256",6.3740234375,2013-07-21
"12257",10.3603515625,2013-07-22
"12258",1.447265625,2013-07-23
"12259",0.1337890625,2013-07-24
"12260",0.0087890625,2013-07-25
"12261",0.48828125,2013-07-26
"12262",0.052734375,2013-07-27
"12263",0.4296875,2013-07-28
"12264",0.9873046875,2013-07-29
"12265",2.2275390625,2013-07-30
"12266",0.1513671875,2013-07-31
"12267",0.037109375,2013-08-01
"12268",1.1591796875,2013-08-02
"12269",2.1796875,2013-08-03
"12270",5.6025390625,2013-08-04
"12271",0.8740234375,2013-08-05
"12272",1.177734375,2013-08-06
"12273",2.5380859375,2013-08-07
"12274",0.0634765625,2013-08-08
"12275",0.36328125,2013-08-09
"12276",0.1279296875,2013-08-10
"12277",0.1591796875,2013-08-11
"12278",0.5673828125,2013-08-12
"12279",6.1826171875,2013-08-13
"12280",5.5458984375,2013-08-14
"12281",0.4384765625,2013-08-15
"12282",0.1708984375,2013-08-16
"12283",14.5830078125,2013-08-17
"12284",7.4619140625,2013-08-18
"12285",5.7529296875,2013-08-19
"12286",1.564453125,2013-08-20
"12287",2.0302734375,2013-08-21
"12288",9.0341796875,2013-08-22
"12289",4.2822265625,2013-08-23
"12290",1.0107421875,2013-08-24
"12291",0.2685546875,2013-08-25
"12292",0.3740234375,2013-08-26
"12293",0.021484375,2013-08-27
"12294",0.1337890625,2013-08-28
"12295",9.7958984375,2013-08-29
"12296",3.9228515625,2013-08-30
"12297",0.0185546875,2013-08-31
"12298",0.0126953125,2013-09-01
"12299",0.0556640625,2013-09-02
"12300",0.009765625,2013-09-03
"12301",0.0693359375,2013-09-04
"12302",2.2685546875,2013-09-05
"12303",1.6328125,2013-09-06
"12304",1.3056640625,2013-09-07
"12305",0.0732421875,2013-09-08
"12306",0.251953125,2013-09-09
"12307",2.234375,2013-09-10
"12308",0.05078125,2013-09-11
"12309",0.154296875,2013-09-12
"12310",17.5029296875,2013-09-13
"12311",3.13671875,2013-09-14
"12312",1.7509765625,2013-09-15
"12313",4.5439453125,2013-09-16
"12314",2.318359375,2013-09-17
"12315",5.93359375,2013-09-18
"12316",0.5146484375,2013-09-19
"12317",3.4677734375,2013-09-20
"12318",1.0986328125,2013-09-21
"12319",0.8310546875,2013-09-22
"12320",0.0478515625,2013-09-23
"12321",0.0048828125,2013-09-24
"12322",0.0244140625,2013-09-25
"12323",4.853515625,2013-09-26
"12324",0.01953125,2013-09-27
"12325",0.3779296875,2013-09-28
"12326",0.0458984375,2013-09-29
"12327",0.06640625,2013-09-30
"12328",2.0361328125,2013-10-01
"12329",0.541015625,2013-10-02
"12330",2.8837890625,2013-10-03
"12331",0,2013-10-04
"12332",0,2013-10-05
"12333",0,2013-10-06
"12334",0.0009765625,2013-10-07
"12335",0.0048828125,2013-10-08
"12336",0,2013-10-09
"12337",0.044921875,2013-10-10
"12338",0.3720703125,2013-10-11
"12339",0.00390625,2013-10-12
"12340",1.248046875,2013-10-13
"12341",0.3701171875,2013-10-14
"12342",0.0185546875,2013-10-15
"12343",0,2013-10-16
"12344",4.640625,2013-10-17
"12345",0.0205078125,2013-10-18
"12346",0,2013-10-19
"12347",0,2013-10-20
"12348",1.9912109375,2013-10-21
"12349",6.0185546875,2013-10-22
"12350",1.8369140625,2013-10-23
"12351",0.322265625,2013-10-24
"12352",0.060546875,2013-10-25
"12353",0,2013-10-26
"12354",0.544921875,2013-10-27
"12355",0.0419921875,2013-10-28
"12356",0.73828125,2013-10-29
"12357",0.00390625,2013-10-30
"12358",0.0009765625,2013-10-31
"12359",0,2013-11-01
"12360",0,2013-11-02
"12361",0,2013-11-03
"12362",0,2013-11-04
"12363",0,2013-11-05
"12364",0,2013-11-06
"12365",1.48046875,2013-11-07
"12366",13.099609375,2013-11-08
"12367",0.4404296875,2013-11-09
"12368",0.140625,2013-11-10
"12369",0.482421875,2013-11-11
"12370",0.013671875,2013-11-12
"12371",0.0888671875,2013-11-13
"12372",0.001953125,2013-11-14
"12373",0.001953125,2013-11-15
"12374",0.0126953125,2013-11-16
"12375",0,2013-11-17
"12376",0,2013-11-18
"12377",0.0009765625,2013-11-19
"12378",2.0791015625,2013-11-20
"12379",0.1162109375,2013-11-21
"12380",0.1181640625,2013-11-22
"12381",0.41015625,2013-11-23
"12382",0.5947265625,2013-11-24
"12383",0.0029296875,2013-11-25
"12384",0.029296875,2013-11-26
"12385",0.1484375,2013-11-27
"12386",0.130859375,2013-11-28
"12387",3.8046875,2013-11-29
"12388",0.0029296875,2013-11-30
"12389",1.34375,2013-12-01
"12390",0.9755859375,2013-12-02
"12391",0.046875,2013-12-03
"12392",1.078125,2013-12-04
"12393",3.7509765625,2013-12-05
"12394",0.6630859375,2013-12-06
"12395",0.033203125,2013-12-07
"12396",0,2013-12-08
"12397",1.201171875,2013-12-09
"12398",0.3125,2013-12-10
"12399",0.60546875,2013-12-11
"12400",0.1044921875,2013-12-12
"12401",0.052734375,2013-12-13
"12402",0.0283203125,2013-12-14
"12403",0.0009765625,2013-12-15
"12404",0.0009765625,2013-12-16
"12405",0,2013-12-17
"12406",0,2013-12-18
"12407",0,2013-12-19
"12408",0,2013-12-20
"12409",6.9765625,2013-12-21
"12410",3.55078125,2013-12-22
"12411",0.701171875,2013-12-23
"12412",0.017578125,2013-12-24
"12413",0,2013-12-25
"12414",0,2013-12-26
"12415",0,2013-12-27
"12416",0,2013-12-28
"12417",0,2013-12-29
"12418",0,2013-12-30
"12419",0,2013-12-31
"12420",0.0244140625,2014-01-01
"12421",6.2060546875,2014-01-02
"12422",1.7119140625,2014-01-03
"12423",0.1181640625,2014-01-04
"12424",0.1083984375,2014-01-05
"12425",1.0908203125,2014-01-06
"12426",0.0029296875,2014-01-07
"12427",0,2014-01-08
"12428",0,2014-01-09
"12429",0,2014-01-10
"12430",0.0009765625,2014-01-11
"12431",0,2014-01-12
"12432",0,2014-01-13
"12433",0.0009765625,2014-01-14
"12434",0.2451171875,2014-01-15
"12435",0.005859375,2014-01-16
"12436",0,2014-01-17
"12437",1.689453125,2014-01-18
"12438",0.0078125,2014-01-19
"12439",0,2014-01-20
"12440",0,2014-01-21
"12441",0,2014-01-22
"12442",0.0009765625,2014-01-23
"12443",0.4853515625,2014-01-24
"12444",0.037109375,2014-01-25
"12445",0,2014-01-26
"12446",0,2014-01-27
"12447",0,2014-01-28
"12448",0,2014-01-29
"12449",0,2014-01-30
"12450",0.0009765625,2014-01-31
"12451",0.0009765625,2014-02-01
"12452",0.033203125,2014-02-02
"12453",0.0224609375,2014-02-03
"12454",0.0009765625,2014-02-04
"12455",0,2014-02-05
"12456",0.00390625,2014-02-06
"12457",0,2014-02-07
"12458",0,2014-02-08
"12459",0,2014-02-09
"12460",0,2014-02-10
"12461",0,2014-02-11
"12462",0,2014-02-12
"12463",3.66015625,2014-02-13
"12464",29.92578125,2014-02-14
"12465",16.6484375,2014-02-15
"12466",0.0966796875,2014-02-16
"12467",0.005859375,2014-02-17
"12468",0,2014-02-18
"12469",0.7529296875,2014-02-19
"12470",0.720703125,2014-02-20
"12471",0.099609375,2014-02-21
"12472",0.0322265625,2014-02-22
"12473",0,2014-02-23
"12474",0.0009765625,2014-02-24
"12475",0.0009765625,2014-02-25
"12476",0.046875,2014-02-26
"12477",0.1796875,2014-02-27
"12478",0,2014-02-28
"12479",0,2014-03-01
"12480",0,2014-03-02
"12481",0,2014-03-03
"12482",0,2014-03-04
"12483",0.0009765625,2014-03-05
"12484",0,2014-03-06
"12485",0,2014-03-07
"12486",0,2014-03-08
"12487",0.0009765625,2014-03-09
"12488",0,2014-03-10
"12489",0.8203125,2014-03-11
"12490",2.310546875,2014-03-12
"12491",0.0048828125,2014-03-13
"12492",0.0009765625,2014-03-14
"12493",0.34765625,2014-03-15
"12494",2.2734375,2014-03-16
"12495",2.96484375,2014-03-17
"12496",0.6552734375,2014-03-18
"12497",0.0751953125,2014-03-19
"12498",0.0595703125,2014-03-20
"12499",0.4150390625,2014-03-21
"12500",0.0234375,2014-03-22
"12501",0.1337890625,2014-03-23
"12502",0.650390625,2014-03-24
"12503",0.154296875,2014-03-25
"12504",0.3115234375,2014-03-26
"12505",0.646484375,2014-03-27
"12506",0.099609375,2014-03-28
"12507",0.0244140625,2014-03-29
"12508",0.0029296875,2014-03-30
"12509",0,2014-03-31
"12510",0,2014-04-01
"12511",0.2626953125,2014-04-02
"12512",0.025390625,2014-04-03
"12513",0.01953125,2014-04-04
"12514",0,2014-04-05
"12515",0.0009765625,2014-04-06
"12516",0.03515625,2014-04-07
"12517",0.630859375,2014-04-08
"12518",3.4287109375,2014-04-09
"12519",1.140625,2014-04-10
"12520",0.9462890625,2014-04-11
"12521",0.138671875,2014-04-12
"12522",0.0029296875,2014-04-13
"12523",0.001953125,2014-04-14
"12524",0.001953125,2014-04-15
"12525",0.001953125,2014-04-16
"12526",0.001953125,2014-04-17
"12527",0.4755859375,2014-04-18
"12528",0.0205078125,2014-04-19
"12529",0.0009765625,2014-04-20
"12530",0,2014-04-21
"12531",0.1748046875,2014-04-22
"12532",0.009765625,2014-04-23
"12533",1.1982421875,2014-04-24
"12534",0.0498046875,2014-04-25
"12535",1.3037109375,2014-04-26
"12536",0.02734375,2014-04-27
"12537",0.1474609375,2014-04-28
"12538",25.9091796875,2014-04-29
"12539",1.7744140625,2014-04-30
"12540",0.072265625,2014-05-01
"12541",9.8935546875,2014-05-02
"12542",4.4013671875,2014-05-03
"12543",0.072265625,2014-05-04
"12544",0.8251953125,2014-05-05
"12545",1.0361328125,2014-05-06
"12546",0.0908203125,2014-05-07
"12547",0.001953125,2014-05-08
"12548",11.92578125,2014-05-09
"12549",6.5966796875,2014-05-10
"12550",1.1513671875,2014-05-11
"12551",1.2265625,2014-05-12
"12552",0.0166015625,2014-05-13
"12553",0.001953125,2014-05-14
"12554",0.001953125,2014-05-15
"12555",0.00390625,2014-05-16
"12556",0.0341796875,2014-05-17
"12557",0.0166015625,2014-05-18
"12558",0.076171875,2014-05-19
"12559",0.0791015625,2014-05-20
"12560",0.1318359375,2014-05-21
"12561",0.6474609375,2014-05-22
"12562",0.513671875,2014-05-23
"12563",0.0654296875,2014-05-24
"12564",0.1064453125,2014-05-25
"12565",9.80859375,2014-05-26
"12566",16.5966796875,2014-05-27
"12567",2.666015625,2014-05-28
"12568",0.4404296875,2014-05-29
"12569",0.0068359375,2014-05-30
"12570",10.5908203125,2014-05-31
"12571",6.4375,2014-06-01
"12572",1.81640625,2014-06-02
"12573",0.8837890625,2014-06-03
"12574",1.462890625,2014-06-04
"12575",1.8525390625,2014-06-05
"12576",0.0498046875,2014-06-06
"12577",0.2734375,2014-06-07
"12578",0.0634765625,2014-06-08
"12579",0.0517578125,2014-06-09
"12580",0.0576171875,2014-06-10
"12581",0.0087890625,2014-06-11
"12582",0.259765625,2014-06-12
"12583",16.046875,2014-06-13
"12584",5.5185546875,2014-06-14
"12585",0.9345703125,2014-06-15
"12586",1.234375,2014-06-16
"12587",1.9150390625,2014-06-17
"12588",0.0224609375,2014-06-18
"12589",0.0029296875,2014-06-19
"12590",2.7119140625,2014-06-20
"12591",5.48046875,2014-06-21
"12592",2.296875,2014-06-22
"12593",9.5087890625,2014-06-23
"12594",9.0244140625,2014-06-24
"12595",1.5849609375,2014-06-25
"12596",4.5732421875,2014-06-26
"12597",0.6630859375,2014-06-27
"12598",9.7001953125,2014-06-28
"12599",8.3623046875,2014-06-29
"12600",2.765625,2014-06-30
"12601",1.984375,2014-07-01
"12602",0.744140625,2014-07-02
"12603",0.0693359375,2014-07-03
"12604",1.736328125,2014-07-04
"12605",1.5615234375,2014-07-05
"12606",4.8662109375,2014-07-06
"12607",0.1650390625,2014-07-07
"12608",0.0263671875,2014-07-08
"12609",10.3642578125,2014-07-09
"12610",9.3984375,2014-07-10
"12611",1.4990234375,2014-07-11
"12612",6.9912109375,2014-07-12
"12613",0.2177734375,2014-07-13
"12614",0.0322265625,2014-07-14
"12615",0.421875,2014-07-15
"12616",2.7197265625,2014-07-16
"12617",12.2255859375,2014-07-17
"12618",5.4677734375,2014-07-18
"12619",0.01171875,2014-07-19
"12620",0.015625,2014-07-20
"12621",0.0048828125,2014-07-21
"12622",0.00390625,2014-07-22
"12623",0.189453125,2014-07-23
"12624",14.4208984375,2014-07-24
"12625",5.3828125,2014-07-25
"12626",4.140625,2014-07-26
"12627",0.1025390625,2014-07-27
"12628",0.1474609375,2014-07-28
"12629",0.7509765625,2014-07-29
"12630",1.8505859375,2014-07-30
"12631",0.0869140625,2014-07-31
"12632",11.9296875,2014-08-01
"12633",0.7041015625,2014-08-02
"12634",0.0751953125,2014-08-03
"12635",0.0302734375,2014-08-04
"12636",0.19921875,2014-08-05
"12637",0.2001953125,2014-08-06
"12638",0.5361328125,2014-08-07
"12639",0,2014-08-08
"12640",0.0166015625,2014-08-09
"12641",0.1884765625,2014-08-10
"12642",1.36328125,2014-08-11
"12643",0.7197265625,2014-08-12
"12644",0.787109375,2014-08-13
"12645",0.427734375,2014-08-14
"12646",0.021484375,2014-08-15
"12647",0.0302734375,2014-08-16
"12648",0.3720703125,2014-08-17
"12649",0.6142578125,2014-08-18
"12650",0.373046875,2014-08-19
"12651",0,2014-08-20
"12652",0.0029296875,2014-08-21
"12653",0,2014-08-22
"12654",0.2861328125,2014-08-23
"12655",0.046875,2014-08-24
"12656",0.0654296875,2014-08-25
"12657",0.0224609375,2014-08-26
"12658",0.1025390625,2014-08-27
"12659",0.060546875,2014-08-28
"12660",0.0009765625,2014-08-29
"12661",0.015625,2014-08-30
"12662",0.0029296875,2014-08-31
"12663",5.4853515625,2014-09-01
"12664",2.884765625,2014-09-02
"12665",0.1748046875,2014-09-03
"12666",4.7470703125,2014-09-04
"12667",0.1044921875,2014-09-05
"12668",0.009765625,2014-09-06
"12669",0.001953125,2014-09-07
"12670",0.0087890625,2014-09-08
"12671",2.4912109375,2014-09-09
"12672",2.544921875,2014-09-10
"12673",0.42578125,2014-09-11
"12674",0.0263671875,2014-09-12
"12675",0.0029296875,2014-09-13
"12676",0.0078125,2014-09-14
"12677",0.029296875,2014-09-15
"12678",0.328125,2014-09-16
"12679",1.296875,2014-09-17
"12680",0.146484375,2014-09-18
"12681",0.341796875,2014-09-19
"12682",0.0087890625,2014-09-20
"12683",0,2014-09-21
"12684",0.0048828125,2014-09-22
"12685",0.0048828125,2014-09-23
"12686",0.39453125,2014-09-24
"12687",0.22265625,2014-09-25
"12688",0.1865234375,2014-09-26
"12689",0.052734375,2014-09-27
"12690",0,2014-09-28
"12691",0.0009765625,2014-09-29
"12692",0.0146484375,2014-09-30
"12693",0.380859375,2014-10-01
"12694",0.013671875,2014-10-02
"12695",0.0166015625,2014-10-03
"12696",0,2014-10-04
"12697",0.0009765625,2014-10-05
"12698",0.0205078125,2014-10-06
"12699",1.5966796875,2014-10-07
"12700",0.0068359375,2014-10-08
"12701",0.001953125,2014-10-09
"12702",0.0009765625,2014-10-10
"12703",0,2014-10-11
"12704",0,2014-10-12
"12705",0.3564453125,2014-10-13
"12706",0.197265625,2014-10-14
"12707",0.0126953125,2014-10-15
"12708",0,2014-10-16
"12709",0.001953125,2014-10-17
"12710",0,2014-10-18
"12711",0,2014-10-19
"12712",0.0029296875,2014-10-20
"12713",0,2014-10-21
"12714",0,2014-10-22
"12715",0.001953125,2014-10-23
"12716",0,2014-10-24
"12717",0.0029296875,2014-10-25
"12718",0.3681640625,2014-10-26
"12719",2.1025390625,2014-10-27
"12720",0.1201171875,2014-10-28
"12721",0.0224609375,2014-10-29
"12722",0.0009765625,2014-10-30
"12723",0.0078125,2014-10-31
"12724",1.2138671875,2014-11-01
"12725",0.01171875,2014-11-02
"12726",0.0283203125,2014-11-03
"12727",0.0029296875,2014-11-04
"12728",0,2014-11-05
"12729",0,2014-11-06
"12730",0,2014-11-07
"12731",0.2314453125,2014-11-08
"12732",0.4765625,2014-11-09
"12733",0.0068359375,2014-11-10
"12734",0,2014-11-11
"12735",0.0009765625,2014-11-12
"12736",0,2014-11-13
"12737",0.001953125,2014-11-14
"12738",0.25,2014-11-15
"12739",1.75390625,2014-11-16
"12740",0.14453125,2014-11-17
"12741",0.083984375,2014-11-18
"12742",0.013671875,2014-11-19
"12743",0.1953125,2014-11-20
"12744",3.296875,2014-11-21
"12745",1.380859375,2014-11-22
"12746",0.8125,2014-11-23
"12747",0.2509765625,2014-11-24
"12748",0.009765625,2014-11-25
"12749",0,2014-11-26
"12750",0.0048828125,2014-11-27
"12751",0.0009765625,2014-11-28
"12752",0.001953125,2014-11-29
"12753",0.0009765625,2014-11-30
"12754",0.005859375,2014-12-01
"12755",0.0068359375,2014-12-02
"12756",1.6728515625,2014-12-03
"12757",0.001953125,2014-12-04
"12758",0.0029296875,2014-12-05
"12759",0.7255859375,2014-12-06
"12760",0.1611328125,2014-12-07
"12761",0.037109375,2014-12-08
"12762",0.0048828125,2014-12-09
"12763",0.1875,2014-12-10
"12764",5.484375,2014-12-11
"12765",0.0673828125,2014-12-12
"12766",0,2014-12-13
"12767",0.0419921875,2014-12-14
"12768",0,2014-12-15
"12769",0.0009765625,2014-12-16
"12770",0.0078125,2014-12-17
"12771",0.0205078125,2014-12-18
"12772",0.5849609375,2014-12-19
"12773",0.0009765625,2014-12-20
"12774",0,2014-12-21
"12775",0.240234375,2014-12-22
"12776",6.849609375,2014-12-23
"12777",0.0087890625,2014-12-24
"12778",0.021484375,2014-12-25
"12779",0.2197265625,2014-12-26
"12780",0.0029296875,2014-12-27
"12781",0.00390625,2014-12-28
"12782",0.4208984375,2014-12-29
"12783",0.0830078125,2014-12-30
"12784",0.0029296875,2014-12-31
"12785",0.0009765625,2015-01-01
"12786",0.0009765625,2015-01-02
"12787",0.001953125,2015-01-03
"12788",0.0537109375,2015-01-04
"12789",0.0068359375,2015-01-05
"12790",0,2015-01-06
"12791",0.0302734375,2015-01-07
"12792",3.65625,2015-01-08
"12793",1.3876953125,2015-01-09
"12794",3.630859375,2015-01-10
"12795",0.4541015625,2015-01-11
"12796",0.1240234375,2015-01-12
"12797",6.9951171875,2015-01-13
"12798",0.4091796875,2015-01-14
"12799",0.021484375,2015-01-15
"12800",0.0048828125,2015-01-16
"12801",0.0029296875,2015-01-17
"12802",0,2015-01-18
"12803",0,2015-01-19
"12804",0,2015-01-20
"12805",0.4619140625,2015-01-21
"12806",0.0146484375,2015-01-22
"12807",0.064453125,2015-01-23
"12808",0.0009765625,2015-01-24
"12809",0.017578125,2015-01-25
"12810",0.095703125,2015-01-26
"12811",0.0029296875,2015-01-27
"12812",0.001953125,2015-01-28
"12813",0,2015-01-29
"12814",0,2015-01-30
"12815",0,2015-01-31
"12816",0.0224609375,2015-02-01
"12817",0.005859375,2015-02-02
"12818",0.0009765625,2015-02-03
"12819",0.0009765625,2015-02-04
"12820",0,2015-02-05
"12821",0,2015-02-06
"12822",0.0126953125,2015-02-07
"12823",0,2015-02-08
"12824",0,2015-02-09
"12825",0,2015-02-10
"12826",0,2015-02-11
"12827",0.0029296875,2015-02-12
"12828",0,2015-02-13
"12829",0.0068359375,2015-02-14
"12830",0,2015-02-15
"12831",0.0009765625,2015-02-16
"12832",0,2015-02-17
"12833",0,2015-02-18
"12834",0,2015-02-19
"12835",0,2015-02-20
"12836",0.00390625,2015-02-21
"12837",0.017578125,2015-02-22
"12838",0.0107421875,2015-02-23
"12839",0,2015-02-24
"12840",0.0009765625,2015-02-25
"12841",0,2015-02-26
"12842",0,2015-02-27
"12843",0.0166015625,2015-02-28
"12844",0.6728515625,2015-03-01
"12845",0.0068359375,2015-03-02
"12846",0.0673828125,2015-03-03
"12847",0.001953125,2015-03-04
"12848",0.1884765625,2015-03-05
"12849",0.0615234375,2015-03-06
"12850",0.001953125,2015-03-07
"12851",0.1435546875,2015-03-08
"12852",0.4697265625,2015-03-09
"12853",1.0322265625,2015-03-10
"12854",0,2015-03-11
"12855",0.0087890625,2015-03-12
"12856",0.0009765625,2015-03-13
"12857",0,2015-03-14
"12858",0.0703125,2015-03-15
"12859",0.0029296875,2015-03-16
"12860",0.05078125,2015-03-17
"12861",2.1806640625,2015-03-18
"12862",0.076171875,2015-03-19
"12863",0.17578125,2015-03-20
"12864",0.0068359375,2015-03-21
"12865",0.0009765625,2015-03-22
"12866",0.103515625,2015-03-23
"12867",0.447265625,2015-03-24
"12868",0.0830078125,2015-03-25
"12869",1.7216796875,2015-03-26
"12870",0.060546875,2015-03-27
"12871",1.15625,2015-03-28
"12872",0.0009765625,2015-03-29
"12873",0,2015-03-30
"12874",0.0625,2015-03-31
"12875",0,2015-04-01
"12876",1.1787109375,2015-04-02
"12877",0.001953125,2015-04-03
"12878",0.0107421875,2015-04-04
"12879",0.083984375,2015-04-05
"12880",6.3330078125,2015-04-06
"12881",5.2529296875,2015-04-07
"12882",0.10546875,2015-04-08
"12883",0.1748046875,2015-04-09
"12884",0.20703125,2015-04-10
"12885",0.0224609375,2015-04-11
"12886",0.126953125,2015-04-12
"12887",0.216796875,2015-04-13
"12888",0.26171875,2015-04-14
"12889",0.115234375,2015-04-15
"12890",0.2509765625,2015-04-16
"12891",12.3720703125,2015-04-17
"12892",4.701171875,2015-04-18
"12893",2.7412109375,2015-04-19
"12894",0.185546875,2015-04-20
"12895",0,2015-04-21
"12896",0.021484375,2015-04-22
"12897",0.013671875,2015-04-23
"12898",3.017578125,2015-04-24
"12899",8.6318359375,2015-04-25
"12900",0.994140625,2015-04-26
"12901",0.15625,2015-04-27
"12902",1.67578125,2015-04-28
"12903",1.169921875,2015-04-29
"12904",0.1474609375,2015-04-30
"12905",0.001953125,2015-05-01
"12906",0.0986328125,2015-05-02
"12907",0.150390625,2015-05-03
"12908",0.03125,2015-05-04
"12909",5.6455078125,2015-05-05
"12910",1.322265625,2015-05-06
"12911",1.6767578125,2015-05-07
"12912",1.3681640625,2015-05-08
"12913",2.6611328125,2015-05-09
"12914",3.640625,2015-05-10
"12915",1.171875,2015-05-11
"12916",1.076171875,2015-05-12
"12917",1.5185546875,2015-05-13
"12918",0.16796875,2015-05-14
"12919",0.35546875,2015-05-15
"12920",0.171875,2015-05-16
"12921",0.0146484375,2015-05-17
"12922",0.2119140625,2015-05-18
"12923",17.8779296875,2015-05-19
"12924",2.6171875,2015-05-20
"12925",1.33984375,2015-05-21
"12926",0.6611328125,2015-05-22
"12927",0.388671875,2015-05-23
"12928",0.0078125,2015-05-24
"12929",0.0947265625,2015-05-25
"12930",0.0185546875,2015-05-26
"12931",0.33984375,2015-05-27
"12932",0.529296875,2015-05-28
"12933",3.421875,2015-05-29
"12934",0.30078125,2015-05-30
"12935",1.4873046875,2015-05-31
"12936",2.5185546875,2015-06-01
"12937",0.029296875,2015-06-02
"12938",0.0078125,2015-06-03
"12939",0.537109375,2015-06-04
"12940",0.65234375,2015-06-05
"12941",0.134765625,2015-06-06
"12942",0.0703125,2015-06-07
"12943",0.04296875,2015-06-08
"12944",1.3701171875,2015-06-09
"12945",0.490234375,2015-06-10
"12946",0.025390625,2015-06-11
"12947",0.015625,2015-06-12
"12948",0.013671875,2015-06-13
"12949",4.470703125,2015-06-14
"12950",2.2392578125,2015-06-15
"12951",0.8837890625,2015-06-16
"12952",1.1494140625,2015-06-17
"12953",13.5751953125,2015-06-18
"12954",0.564453125,2015-06-19
"12955",0.5390625,2015-06-20
"12956",0.048828125,2015-06-21
"12957",1.8173828125,2015-06-22
"12958",2.6201171875,2015-06-23
"12959",2.400390625,2015-06-24
"12960",0.5380859375,2015-06-25
"12961",0.3681640625,2015-06-26
"12962",0.10546875,2015-06-27
"12963",0.0400390625,2015-06-28
"12964",0,2015-06-29
"12965",0.03515625,2015-06-30
"12966",0.0859375,2015-07-01
"12967",0.388671875,2015-07-02
"12968",0.04296875,2015-07-03
"12969",0.36328125,2015-07-04
"12970",0.0205078125,2015-07-05
"12971",6.15234375,2015-07-06
"12972",2.7138671875,2015-07-07
"12973",2.626953125,2015-07-08
"12974",0.0908203125,2015-07-09
"12975",1.79296875,2015-07-10
"12976",10.2822265625,2015-07-11
"12977",4.5634765625,2015-07-12
"12978",2.005859375,2015-07-13
"12979",2.1767578125,2015-07-14
"12980",6.62890625,2015-07-15
"12981",1.3974609375,2015-07-16
"12982",0.9501953125,2015-07-17
"12983",0.736328125,2015-07-18
"12984",0.169921875,2015-07-19
"12985",0.078125,2015-07-20
"12986",0.041015625,2015-07-21
"12987",5.015625,2015-07-22
"12988",0.6689453125,2015-07-23
"12989",1.453125,2015-07-24
"12990",3.3779296875,2015-07-25
"12991",5.54296875,2015-07-26
"12992",1.0458984375,2015-07-27
"12993",1.23828125,2015-07-28
"12994",0.1123046875,2015-07-29
"12995",0.2158203125,2015-07-30
"12996",0.369140625,2015-07-31
"12997",4.91015625,2015-08-01
"12998",2.4423828125,2015-08-02
"12999",1.2705078125,2015-08-03
"13000",1.7802734375,2015-08-04
"13001",2.9453125,2015-08-05
"13002",1.09765625,2015-08-06
"13003",0.478515625,2015-08-07
"13004",0.12890625,2015-08-08
"13005",0.0615234375,2015-08-09
"13006",4.2744140625,2015-08-10
"13007",1.4580078125,2015-08-11
"13008",12.447265625,2015-08-12
"13009",1.759765625,2015-08-13
"13010",2.2373046875,2015-08-14
"13011",1.7109375,2015-08-15
"13012",0.73046875,2015-08-16
"13013",0.263671875,2015-08-17
"13014",1.205078125,2015-08-18
"13015",0.150390625,2015-08-19
"13016",0.3232421875,2015-08-20
"13017",11.88671875,2015-08-21
"13018",0.8984375,2015-08-22
"13019",0.5009765625,2015-08-23
"13020",0.8583984375,2015-08-24
"13021",1.171875,2015-08-25
"13022",1.095703125,2015-08-26
"13023",0.33203125,2015-08-27
"13024",0.5771484375,2015-08-28
"13025",0.12890625,2015-08-29
"13026",0.078125,2015-08-30
"13027",0.025390625,2015-08-31
"13028",0.6240234375,2015-09-01
"13029",11.6103515625,2015-09-02
"13030",12.6875,2015-09-03
"13031",0.2275390625,2015-09-04
"13032",0.005859375,2015-09-05
"13033",0.5478515625,2015-09-06
"13034",1.78125,2015-09-07
"13035",1.1396484375,2015-09-08
"13036",0.6767578125,2015-09-09
"13037",0.0498046875,2015-09-10
"13038",0.0615234375,2015-09-11
"13039",0,2015-09-12
"13040",0,2015-09-13
"13041",0,2015-09-14
"13042",0.6962890625,2015-09-15
"13043",0.2373046875,2015-09-16
"13044",1.40234375,2015-09-17
"13045",0.0908203125,2015-09-18
"13046",0.0615234375,2015-09-19
"13047",0.0048828125,2015-09-20
"13048",0.3076171875,2015-09-21
"13049",0.3203125,2015-09-22
"13050",0.0361328125,2015-09-23
"13051",0,2015-09-24
"13052",0.046875,2015-09-25
"13053",0.001953125,2015-09-26
"13054",0,2015-09-27
"13055",0,2015-09-28
"13056",0.0009765625,2015-09-29
"13057",0.0009765625,2015-09-30
"13058",0.0009765625,2015-10-01
"13059",0.0810546875,2015-10-02
"13060",0.00390625,2015-10-03
"13061",0.0009765625,2015-10-04
"13062",0,2015-10-05
"13063",0,2015-10-06
"13064",0,2015-10-07
"13065",0.0048828125,2015-10-08
"13066",0.0546875,2015-10-09
"13067",0.1162109375,2015-10-10
"13068",0.0966796875,2015-10-11
"13069",0.005859375,2015-10-12
"13070",0.0478515625,2015-10-13
"13071",0.0009765625,2015-10-14
"13072",0.0029296875,2015-10-15
"13073",1.029296875,2015-10-16
"13074",0.3212890625,2015-10-17
"13075",0.0107421875,2015-10-18
"13076",0.00390625,2015-10-19
"13077",0.501953125,2015-10-20
"13078",2.0830078125,2015-10-21
"13079",0.0791015625,2015-10-22
"13080",0.0029296875,2015-10-23
"13081",0,2015-10-24
"13082",0.0224609375,2015-10-25
"13083",0.029296875,2015-10-26
"13084",0.0029296875,2015-10-27
"13085",0.0068359375,2015-10-28
"13086",0.00390625,2015-10-29
"13087",0,2015-10-30
"13088",0.001953125,2015-10-31
"13089",0.21875,2015-11-01
"13090",0.07421875,2015-11-02
"13091",0.37890625,2015-11-03
"13092",23.24609375,2015-11-04
"13093",1.6611328125,2015-11-05
"13094",0.28515625,2015-11-06
"13095",0.005859375,2015-11-07
"13096",0,2015-11-08
"13097",0,2015-11-09
"13098",0,2015-11-10
"13099",0,2015-11-11
"13100",0.02734375,2015-11-12
"13101",0,2015-11-13
"13102",0,2015-11-14
"13103",0,2015-11-15
"13104",0,2015-11-16
"13105",0,2015-11-17
"13106",0.0009765625,2015-11-18
"13107",0.0263671875,2015-11-19
"13108",0.0009765625,2015-11-20
"13109",0.017578125,2015-11-21
"13110",0.0009765625,2015-11-22
"13111",0.0029296875,2015-11-23
"13112",0,2015-11-24
"13113",0.0029296875,2015-11-25
"13114",0.19140625,2015-11-26
"13115",0.0107421875,2015-11-27
"13116",0.017578125,2015-11-28
"13117",0.001953125,2015-11-29
"13118",0.01171875,2015-11-30
"13119",0.923828125,2015-12-01
"13120",0.2529296875,2015-12-02
"13121",0.0009765625,2015-12-03
"13122",0,2015-12-04
"13123",0,2015-12-05
"13124",0,2015-12-06
"13125",0.0439453125,2015-12-07
"13126",1.2900390625,2015-12-08
"13127",0.2607421875,2015-12-09
"13128",0.00390625,2015-12-10
"13129",0,2015-12-11
"13130",0.28515625,2015-12-12
"13131",0,2015-12-13
"13132",0,2015-12-14
"13133",0.9541015625,2015-12-15
"13134",0.177734375,2015-12-16
"13135",0.0009765625,2015-12-17
"13136",0,2015-12-18
"13137",0.0234375,2015-12-19
"13138",1.73046875,2015-12-20
"13139",0.205078125,2015-12-21
"13140",0.0009765625,2015-12-22
"13141",0.0009765625,2015-12-23
"13142",0.0009765625,2015-12-24
"13143",0.142578125,2015-12-25
"13144",0.4697265625,2015-12-26
"13145",0.013671875,2015-12-27
"13146",0.005859375,2015-12-28
"13147",0.01953125,2015-12-29
"13148",0,2015-12-30
"13149",0,2015-12-31
"13150",0,2016-01-01
"13151",0.0146484375,2016-01-02
"13152",0.0224609375,2016-01-03
"13153",0.0009765625,2016-01-04
"13154",0.0029296875,2016-01-05
"13155",0,2016-01-06
"13156",0,2016-01-07
"13157",0,2016-01-08
"13158",0.0009765625,2016-01-09
"13159",0,2016-01-10
"13160",0.19921875,2016-01-11
"13161",0.13671875,2016-01-12
"13162",0,2016-01-13
"13163",0.0009765625,2016-01-14
"13164",0,2016-01-15
"13165",0,2016-01-16
"13166",0,2016-01-17
"13167",0,2016-01-18
"13168",0.00390625,2016-01-19
"13169",0.134765625,2016-01-20
"13170",0.009765625,2016-01-21
"13171",4.595703125,2016-01-22
"13172",3.80078125,2016-01-23
"13173",0.0146484375,2016-01-24
"13174",0.0029296875,2016-01-25
"13175",0.001953125,2016-01-26
"13176",0.009765625,2016-01-27
"13177",0.03515625,2016-01-28
"13178",6.0107421875,2016-01-29
"13179",7.744140625,2016-01-30
"13180",1.701171875,2016-01-31
"13181",0.4189453125,2016-02-01
"13182",25.5166015625,2016-02-02
"13183",4.1767578125,2016-02-03
"13184",0.0615234375,2016-02-04
"13185",0,2016-02-05
"13186",0,2016-02-06
"13187",0.0009765625,2016-02-07
"13188",0,2016-02-08
"13189",0.0009765625,2016-02-09
"13190",0.0009765625,2016-02-10
"13191",0,2016-02-11
"13192",0.001953125,2016-02-12
"13193",0,2016-02-13
"13194",0,2016-02-14
"13195",0.08203125,2016-02-15
"13196",0.310546875,2016-02-16
"13197",0.0087890625,2016-02-17
"13198",0.0234375,2016-02-18
"13199",0.099609375,2016-02-19
"13200",0.5947265625,2016-02-20
"13201",0,2016-02-21
"13202",0,2016-02-22
"13203",0.0185546875,2016-02-23
"13204",11.1220703125,2016-02-24
"13205",7.337890625,2016-02-25
"13206",0.0458984375,2016-02-26
"13207",0,2016-02-27
"13208",0,2016-02-28
"13209",0,2016-02-29
"13210",0,2016-03-01
"13211",0,2016-03-02
"13212",0.162109375,2016-03-03
"13213",0.0224609375,2016-03-04
"13214",0,2016-03-05
"13215",0.818359375,2016-03-06
"13216",5.35546875,2016-03-07
"13217",4.94921875,2016-03-08
"13218",0.3203125,2016-03-09
"13219",5.5625,2016-03-10
"13220",0.4892578125,2016-03-11
"13221",0.0390625,2016-03-12
"13222",0,2016-03-13
"13223",0,2016-03-14
"13224",0.0166015625,2016-03-15
"13225",0.0009765625,2016-03-16
"13226",0.0126953125,2016-03-17
"13227",1.9599609375,2016-03-18
"13228",0.0576171875,2016-03-19
"13229",0.015625,2016-03-20
"13230",0.0009765625,2016-03-21
"13231",0,2016-03-22
"13232",0.431640625,2016-03-23
"13233",0.82421875,2016-03-24
"13234",0.5546875,2016-03-25
"13235",0.05859375,2016-03-26
"13236",0.322265625,2016-03-27
"13237",0.01171875,2016-03-28
"13238",0.1240234375,2016-03-29
"13239",0.01953125,2016-03-30
"13240",0.005859375,2016-03-31
"13241",0,2016-04-01
"13242",0,2016-04-02
"13243",0,2016-04-03
"13244",0.009765625,2016-04-04
"13245",0.0087890625,2016-04-05
"13246",5.8662109375,2016-04-06
"13247",0.029296875,2016-04-07
"13248",0.0556640625,2016-04-08
"13249",0.14453125,2016-04-09
"13250",0.11328125,2016-04-10
"13251",0.107421875,2016-04-11
"13252",0.0380859375,2016-04-12
"13253",0.0048828125,2016-04-13
"13254",0,2016-04-14
"13255",0,2016-04-15
"13256",0.3486328125,2016-04-16
"13257",0.1123046875,2016-04-17
"13258",0.00390625,2016-04-18
"13259",0.09375,2016-04-19
"13260",0.021484375,2016-04-20
"13261",2.9189453125,2016-04-21
"13262",0.2001953125,2016-04-22
"13263",0,2016-04-23
"13264",0.005859375,2016-04-24
"13265",0,2016-04-25
"13266",0,2016-04-26
"13267",0.0029296875,2016-04-27
"13268",1.115234375,2016-04-28
"13269",8.189453125,2016-04-29
"13270",0.1318359375,2016-04-30
"13271",3.1201171875,2016-05-01
"13272",0.85546875,2016-05-02
"13273",2.9130859375,2016-05-03
"13274",3.4619140625,2016-05-04
"13275",0.2470703125,2016-05-05
"13276",0.0068359375,2016-05-06
"13277",0,2016-05-07
"13278",6.6357421875,2016-05-08
"13279",4.4248046875,2016-05-09
"13280",6.9951171875,2016-05-10
"13281",0.6552734375,2016-05-11
"13282",1.5419921875,2016-05-12
"13283",0.1923828125,2016-05-13
"13284",0.0537109375,2016-05-14
"13285",0,2016-05-15
"13286",0.2607421875,2016-05-16
"13287",0.1171875,2016-05-17
"13288",0.1044921875,2016-05-18
"13289",0.587890625,2016-05-19
"13290",0.2158203125,2016-05-20
"13291",0.0966796875,2016-05-21
"13292",0.5712890625,2016-05-22
"13293",6.7958984375,2016-05-23
"13294",0.0830078125,2016-05-24
"13295",3.0947265625,2016-05-25
"13296",11.9462890625,2016-05-26
"13297",5.38671875,2016-05-27
"13298",8.078125,2016-05-28
"13299",0.44140625,2016-05-29
"13300",2.1875,2016-05-30
"13301",0.7958984375,2016-05-31
"13302",1.5859375,2016-06-01
"13303",0.28125,2016-06-02
"13304",0.373046875,2016-06-03
"13305",0.1337890625,2016-06-04
"13306",2.4384765625,2016-06-05
"13307",6.3798828125,2016-06-06
"13308",1.677734375,2016-06-07
"13309",8.3994140625,2016-06-08
"13310",4.5107421875,2016-06-09
"13311",1.3935546875,2016-06-10
"13312",3.185546875,2016-06-11
"13313",0.1923828125,2016-06-12
"13314",0.0185546875,2016-06-13
"13315",0.2998046875,2016-06-14
"13316",0.029296875,2016-06-15
"13317",2.099609375,2016-06-16
"13318",3.4775390625,2016-06-17
"13319",1.740234375,2016-06-18
"13320",0.6611328125,2016-06-19
"13321",0.3603515625,2016-06-20
"13322",4.24609375,2016-06-21
"13323",3.8681640625,2016-06-22
"13324",4.908203125,2016-06-23
"13325",12.2734375,2016-06-24
"13326",1.0341796875,2016-06-25
"13327",0.9521484375,2016-06-26
"13328",3.5625,2016-06-27
"13329",1.61328125,2016-06-28
"13330",0.2958984375,2016-06-29
"13331",6.8759765625,2016-06-30
"13332",1.5712890625,2016-07-01
"13333",1.1025390625,2016-07-02
"13334",1.5068359375,2016-07-03
"13335",2.2021484375,2016-07-04
"13336",13.5771484375,2016-07-05
"13337",2.2041015625,2016-07-06
"13338",2.4130859375,2016-07-07
"13339",0.537109375,2016-07-08
"13340",0.18359375,2016-07-09
"13341",11.1982421875,2016-07-10
"13342",3.5849609375,2016-07-11
"13343",11.73046875,2016-07-12
"13344",5.24609375,2016-07-13
"13345",0.279296875,2016-07-14
"13346",0.08203125,2016-07-15
"13347",0.0302734375,2016-07-16
"13348",0.07421875,2016-07-17
"13349",0.0205078125,2016-07-18
"13350",0.537109375,2016-07-19
"13351",1.4111328125,2016-07-20
"13352",0.140625,2016-07-21
"13353",1.0107421875,2016-07-22
"13354",7.513671875,2016-07-23
"13355",9.08984375,2016-07-24
"13356",8.974609375,2016-07-25
"13357",4.9326171875,2016-07-26
"13358",11.0732421875,2016-07-27
"13359",0.216796875,2016-07-28
"13360",0.3837890625,2016-07-29
"13361",0.033203125,2016-07-30
"13362",1.5859375,2016-07-31
"13363",3.451171875,2016-08-01
"13364",1.7744140625,2016-08-02
"13365",0.4658203125,2016-08-03
"13366",0.26953125,2016-08-04
"13367",0.0029296875,2016-08-05
"13368",0.0419921875,2016-08-06
"13369",0.2119140625,2016-08-07
"13370",0.01953125,2016-08-08
"13371",3.6298828125,2016-08-09
"13372",6.9072265625,2016-08-10
"13373",3.8017578125,2016-08-11
"13374",0.6416015625,2016-08-12
"13375",0.12890625,2016-08-13
"13376",0.5068359375,2016-08-14
"13377",0.2294921875,2016-08-15
"13378",0.04296875,2016-08-16
"13379",2.4775390625,2016-08-17
"13380",0.396484375,2016-08-18
"13381",9.3173828125,2016-08-19
"13382",4.4853515625,2016-08-20
"13383",2.3798828125,2016-08-21
"13384",0.40625,2016-08-22
"13385",1.146484375,2016-08-23
"13386",0.2392578125,2016-08-24
"13387",1.2158203125,2016-08-25
"13388",0.1337890625,2016-08-26
"13389",0.0029296875,2016-08-27
"13390",0.0419921875,2016-08-28
"13391",3.177734375,2016-08-29
"13392",3.6845703125,2016-08-30
"13393",1.2734375,2016-08-31
"13394",0.451171875,2016-09-01
"13395",0.734375,2016-09-02
"13396",1.439453125,2016-09-03
"13397",0.6689453125,2016-09-04
"13398",0.1640625,2016-09-05
"13399",0.056640625,2016-09-06
"13400",0.013671875,2016-09-07
"13401",3.42578125,2016-09-08
"13402",6.2392578125,2016-09-09
"13403",0.6708984375,2016-09-10
"13404",0.3271484375,2016-09-11
"13405",8.669921875,2016-09-12
"13406",8.7509765625,2016-09-13
"13407",12.9970703125,2016-09-14
"13408",6.2197265625,2016-09-15
"13409",0.3271484375,2016-09-16
"13410",1.13671875,2016-09-17
"13411",8.552734375,2016-09-18
"13412",0.671875,2016-09-19
"13413",5.556640625,2016-09-20
"13414",3.90625,2016-09-21
"13415",0.103515625,2016-09-22
"13416",0.072265625,2016-09-23
"13417",0.611328125,2016-09-24
"13418",0.7822265625,2016-09-25
"13419",0.2177734375,2016-09-26
"13420",0.119140625,2016-09-27
"13421",0.0107421875,2016-09-28
"13422",22.048828125,2016-09-29
"13423",10.0009765625,2016-09-30
"13424",0.87890625,2016-10-01
"13425",0.072265625,2016-10-02
"13426",8.802734375,2016-10-03
"13427",6.8017578125,2016-10-04
"13428",0.501953125,2016-10-05
"13429",0.0146484375,2016-10-06
"13430",0.0009765625,2016-10-07
"13431",0,2016-10-08
"13432",0.4970703125,2016-10-09
"13433",2.5703125,2016-10-10
"13434",1.3486328125,2016-10-11
"13435",0.7392578125,2016-10-12
"13436",0.2626953125,2016-10-13
"13437",0.0166015625,2016-10-14
"13438",0.00390625,2016-10-15
"13439",8.3359375,2016-10-16
"13440",4.5830078125,2016-10-17
"13441",6.544921875,2016-10-18
"13442",1.775390625,2016-10-19
"13443",0.0439453125,2016-10-20
"13444",3.1435546875,2016-10-21
"13445",0.5078125,2016-10-22
"13446",0.025390625,2016-10-23
"13447",0.0078125,2016-10-24
"13448",0.015625,2016-10-25
"13449",1.2255859375,2016-10-26
"13450",0.2626953125,2016-10-27
"13451",0.0576171875,2016-10-28
"13452",0,2016-10-29
"13453",0.078125,2016-10-30
"13454",1.396484375,2016-10-31
"13455",0.2998046875,2016-11-01
"13456",0.244140625,2016-11-02
"13457",0,2016-11-03
"13458",0,2016-11-04
"13459",0.0625,2016-11-05
"13460",0,2016-11-06
"13461",0.005859375,2016-11-07
"13462",0.005859375,2016-11-08
"13463",0,2016-11-09
"13464",0,2016-11-10
"13465",0,2016-11-11
"13466",2.935546875,2016-11-12
"13467",7.9677734375,2016-11-13
"13468",1.0751953125,2016-11-14
"13469",0.0185546875,2016-11-15
"13470",0.0029296875,2016-11-16
"13471",0,2016-11-17
"13472",0,2016-11-18
"13473",0,2016-11-19
"13474",0.00390625,2016-11-20
"13475",0.0791015625,2016-11-21
"13476",1.7919921875,2016-11-22
"13477",0.1650390625,2016-11-23
"13478",0.0009765625,2016-11-24
"13479",0.0009765625,2016-11-25
"13480",0,2016-11-26
"13481",0,2016-11-27
"13482",0,2016-11-28
"13483",0,2016-11-29
"13484",0.0361328125,2016-11-30
"13485",0.0107421875,2016-12-01
"13486",0.0087890625,2016-12-02
"13487",0.0048828125,2016-12-03
"13488",0.0732421875,2016-12-04
"13489",0.6083984375,2016-12-05
"13490",0.0078125,2016-12-06
"13491",0.0419921875,2016-12-07
"13492",2.96875,2016-12-08
"13493",0.2255859375,2016-12-09
"13494",0.0009765625,2016-12-10
"13495",0,2016-12-11
"13496",0,2016-12-12
"13497",0.0068359375,2016-12-13
"13498",0.09765625,2016-12-14
"13499",0.2021484375,2016-12-15
"13500",0.0048828125,2016-12-16
"13501",0.0517578125,2016-12-17
"13502",0.01171875,2016-12-18
"13503",0.00390625,2016-12-19
"13504",0.9755859375,2016-12-20
"13505",0.0107421875,2016-12-21
"13506",0.0009765625,2016-12-22
"13507",0.001953125,2016-12-23
"13508",0.0068359375,2016-12-24
"13509",0,2016-12-25
"13510",5.775390625,2016-12-26
"13511",10.603515625,2016-12-27
"13512",15.5859375,2016-12-28
"13513",0.84375,2016-12-29
"13514",0.162109375,2016-12-30
"13515",0.154296875,2016-12-31
"13516",0.2158203125,2017-01-01
"13517",0.0087890625,2017-01-02
"13518",0.01953125,2017-01-03
"13519",0.0029296875,2017-01-04
"13520",0.0009765625,2017-01-05
"13521",0.0068359375,2017-01-06
"13522",0.0107421875,2017-01-07
"13523",0.060546875,2017-01-08
"13524",0.09375,2017-01-09
"13525",0.19921875,2017-01-10
"13526",0.0009765625,2017-01-11
"13527",0.03515625,2017-01-12
"13528",12.8623046875,2017-01-13
"13529",1.392578125,2017-01-14
"13530",0.0126953125,2017-01-15
"13531",0.0009765625,2017-01-16
"13532",0,2017-01-17
"13533",0.015625,2017-01-18
"13534",0.0556640625,2017-01-19
"13535",15.8193359375,2017-01-20
"13536",0.01953125,2017-01-21
"13537",0.0009765625,2017-01-22
"13538",0.8447265625,2017-01-23
"13539",15.10546875,2017-01-24
"13540",0.017578125,2017-01-25
"13541",0,2017-01-26
"13542",0.0009765625,2017-01-27
"13543",0.009765625,2017-01-28
"13544",0.009765625,2017-01-29
"13545",0.1669921875,2017-01-30
"13546",0.0615234375,2017-01-31
"13547",0.001953125,2017-02-01
"13548",0.00390625,2017-02-02
"13549",0.0009765625,2017-02-03
"13550",0.041015625,2017-02-04
"13551",6.0537109375,2017-02-05
"13552",4.7763671875,2017-02-06
"13553",0.2421875,2017-02-07
"13554",0.0029296875,2017-02-08
"13555",0,2017-02-09
"13556",0,2017-02-10
"13557",0.310546875,2017-02-11
"13558",0.025390625,2017-02-12
"13559",0,2017-02-13
"13560",0.0048828125,2017-02-14
"13561",0.0009765625,2017-02-15
"13562",0.0263671875,2017-02-16
"13563",0.001953125,2017-02-17
"13564",0.244140625,2017-02-18
"13565",0.837890625,2017-02-19
"13566",0.1875,2017-02-20
"13567",0.048828125,2017-02-21
"13568",0,2017-02-22
"13569",0.0078125,2017-02-23
"13570",0.0009765625,2017-02-24
"13571",0,2017-02-25
"13572",0,2017-02-26
"13573",0.0009765625,2017-02-27
"13574",0.0009765625,2017-02-28
"13575",0,2017-03-01
"13576",0.001953125,2017-03-02
"13577",0.017578125,2017-03-03
"13578",0,2017-03-04
"13579",0.0048828125,2017-03-05
"13580",0.0029296875,2017-03-06
"13581",0,2017-03-07
"13582",0.0087890625,2017-03-08
"13583",0.0029296875,2017-03-09
"13584",0,2017-03-10
"13585",0.0595703125,2017-03-11
"13586",1.806640625,2017-03-12
"13587",2.8056640625,2017-03-13
"13588",0.6201171875,2017-03-14
"13589",0.0009765625,2017-03-15
"13590",0.015625,2017-03-16
"13591",0,2017-03-17
"13592",0.0009765625,2017-03-18
"13593",0,2017-03-19
"13594",0,2017-03-20
"13595",5.775390625,2017-03-21
"13596",0.06640625,2017-03-22
"13597",0.0068359375,2017-03-23
"13598",0.0048828125,2017-03-24
"13599",0.0087890625,2017-03-25
"13600",0.0126953125,2017-03-26
"13601",0.1357421875,2017-03-27
"13602",0.078125,2017-03-28
"13603",0.025390625,2017-03-29
"13604",2.4912109375,2017-03-30
"13605",0.01953125,2017-03-31
"13606",0.1044921875,2017-04-01
"13607",0.4853515625,2017-04-02
"13608",0.0322265625,2017-04-03
"13609",0.0029296875,2017-04-04
"13610",0.0009765625,2017-04-05
"13611",0.0048828125,2017-04-06
"13612",0.0009765625,2017-04-07
"13613",0.0048828125,2017-04-08
"13614",2.712890625,2017-04-09
"13615",0.3603515625,2017-04-10
"13616",0.2431640625,2017-04-11
"13617",0.0205078125,2017-04-12
"13618",0.052734375,2017-04-13
"13619",0.001953125,2017-04-14
"13620",0.001953125,2017-04-15
"13621",0,2017-04-16
"13622",0,2017-04-17
"13623",0.001953125,2017-04-18
"13624",0.130859375,2017-04-19
"13625",8.8271484375,2017-04-20
"13626",8.74609375,2017-04-21
"13627",0.1083984375,2017-04-22
"13628",0.0185546875,2017-04-23
"13629",0.72265625,2017-04-24
"13630",3.0556640625,2017-04-25
"13631",3.8916015625,2017-04-26
"13632",0.1474609375,2017-04-27
"13633",0.837890625,2017-04-28
"13634",0.2529296875,2017-04-29
"13635",0.7890625,2017-04-30
"13636",0.634765625,2017-05-01
"13637",0.9951171875,2017-05-02
"13638",0.4228515625,2017-05-03
"13639",0.025390625,2017-05-04
"13640",0.00390625,2017-05-05
"13641",0.0087890625,2017-05-06
"13642",0,2017-05-07
"13643",0.5576171875,2017-05-08
"13644",0.0478515625,2017-05-09
"13645",0.0576171875,2017-05-10
"13646",0,2017-05-11
"13647",0.01171875,2017-05-12
"13648",0.0224609375,2017-05-13
"13649",0.0009765625,2017-05-14
"13650",0.0029296875,2017-05-15
"13651",0.0712890625,2017-05-16
"13652",5.2001953125,2017-05-17
"13653",0.7216796875,2017-05-18
"13654",0.56640625,2017-05-19
"13655",1.9853515625,2017-05-20
"13656",0.1103515625,2017-05-21
"13657",0.59765625,2017-05-22
"13658",1.1611328125,2017-05-23
"13659",5.4365234375,2017-05-24
"13660",0.1962890625,2017-05-25
"13661",0.2890625,2017-05-26
"13662",0.12890625,2017-05-27
"13663",8.4130859375,2017-05-28
"13664",1.9169921875,2017-05-29
"13665",3.4619140625,2017-05-30
"13666",0.0244140625,2017-05-31
"13667",0.0859375,2017-06-01
"13668",0,2017-06-02
"13669",0.0029296875,2017-06-03
"13670",0.01171875,2017-06-04
"13671",0.09765625,2017-06-05
"13672",0.3369140625,2017-06-06
"13673",0.0244140625,2017-06-07
"13674",0.4326171875,2017-06-08
"13675",0.13671875,2017-06-09
"13676",0.35546875,2017-06-10
"13677",0.0283203125,2017-06-11
"13678",0.314453125,2017-06-12
"13679",0.060546875,2017-06-13
"13680",0.0556640625,2017-06-14
"13681",0.0166015625,2017-06-15
"13682",0.2294921875,2017-06-16
"13683",0.5029296875,2017-06-17
"13684",0.072265625,2017-06-18
"13685",0.5185546875,2017-06-19
"13686",0.14453125,2017-06-20
"13687",0.080078125,2017-06-21
"13688",0.501953125,2017-06-22
"13689",0.0029296875,2017-06-23
"13690",0.2470703125,2017-06-24
"13691",0.7783203125,2017-06-25
"13692",2.763671875,2017-06-26
"13693",1.4375,2017-06-27
"13694",7.7138671875,2017-06-28
"13695",9.9560546875,2017-06-29
"13696",1.1787109375,2017-06-30
"13697",0.1162109375,2017-07-01
"13698",0.0595703125,2017-07-02
"13699",2.5771484375,2017-07-03
"13700",10.3955078125,2017-07-04
"13701",18.5029296875,2017-07-05
"13702",0.9404296875,2017-07-06
"13703",7.57421875,2017-07-07
"13704",3.85546875,2017-07-08
"13705",7.263671875,2017-07-09
"13706",1.287109375,2017-07-10
"13707",0.6298828125,2017-07-11
"13708",0.0263671875,2017-07-12
"13709",0.189453125,2017-07-13
"13710",2.8603515625,2017-07-14
"13711",1.611328125,2017-07-15
"13712",0.0908203125,2017-07-16
"13713",9.6484375,2017-07-17
"13714",19.45703125,2017-07-18
"13715",6.0751953125,2017-07-19
"13716",0.1123046875,2017-07-20
"13717",0.0146484375,2017-07-21
"13718",0.0361328125,2017-07-22
"13719",0.791015625,2017-07-23
"13720",0.818359375,2017-07-24
"13721",0.0498046875,2017-07-25
"13722",0.5673828125,2017-07-26
"13723",0.240234375,2017-07-27
"13724",2.724609375,2017-07-28
"13725",0,2017-07-29
"13726",5.0830078125,2017-07-30
"13727",9.1044921875,2017-07-31
"13728",0.677734375,2017-08-01
"13729",0.111328125,2017-08-02
"13730",18.1865234375,2017-08-03
"13731",5.5693359375,2017-08-04
"13732",8.4541015625,2017-08-05
"13733",17.078125,2017-08-06
"13734",9.3837890625,2017-08-07
"13735",0.380859375,2017-08-08
"13736",0.0068359375,2017-08-09
"13737",0.0693359375,2017-08-10
"13738",2.8017578125,2017-08-11
"13739",0.525390625,2017-08-12
"13740",0.0517578125,2017-08-13
"13741",0.09765625,2017-08-14
"13742",4.8349609375,2017-08-15
"13743",8.1845703125,2017-08-16
"13744",6.3505859375,2017-08-17
"13745",4.14453125,2017-08-18
"13746",0.35546875,2017-08-19
"13747",1.048828125,2017-08-20
"13748",13.2822265625,2017-08-21
"13749",0.3359375,2017-08-22
"13750",2.126953125,2017-08-23
"13751",1.798828125,2017-08-24
"13752",0.20703125,2017-08-25
"13753",0.2529296875,2017-08-26
"13754",1.5361328125,2017-08-27
"13755",0.3037109375,2017-08-28
"13756",1.9990234375,2017-08-29
"13757",1.6015625,2017-08-30
"13758",0.0283203125,2017-08-31
"13759",0.0146484375,2017-09-01
"13760",7.248046875,2017-09-02
"13761",19.2109375,2017-09-03
"13762",5.236328125,2017-09-04
"13763",4.0625,2017-09-05
"13764",1.28515625,2017-09-06
"13765",1.3251953125,2017-09-07
"13766",2.0166015625,2017-09-08
"13767",0.0693359375,2017-09-09
"13768",0.0009765625,2017-09-10
"13769",0.009765625,2017-09-11
"13770",2.365234375,2017-09-12
"13771",2.80078125,2017-09-13
"13772",2.6259765625,2017-09-14
"13773",0.6201171875,2017-09-15
"13774",0.0693359375,2017-09-16
"13775",0.0146484375,2017-09-17
"13776",0.1005859375,2017-09-18
"13777",1.0234375,2017-09-19
"13778",0.0146484375,2017-09-20
"13779",0.0029296875,2017-09-21
"13780",0.013671875,2017-09-22
"13781",0.1728515625,2017-09-23
"13782",1.9111328125,2017-09-24
"13783",2.19140625,2017-09-25
"13784",0.1513671875,2017-09-26
"13785",0.4345703125,2017-09-27
"13786",0.7744140625,2017-09-28
"13787",0.6533203125,2017-09-29
"13788",0.2216796875,2017-09-30
"13789",0.0126953125,2017-10-01
"13790",0.0107421875,2017-10-02
"13791",0.01953125,2017-10-03
"13792",0.0009765625,2017-10-04
"13793",0.408203125,2017-10-05
"13794",0.041015625,2017-10-06
"13795",2.818359375,2017-10-07
"13796",0.162109375,2017-10-08
"13797",0.1279296875,2017-10-09
"13798",0,2017-10-10
"13799",1.15234375,2017-10-11
"13800",8.9853515625,2017-10-12
"13801",0.36328125,2017-10-13
"13802",0.0537109375,2017-10-14
"13803",0,2017-10-15
"13804",0.01171875,2017-10-16
"13805",0.013671875,2017-10-17
"13806",0.0146484375,2017-10-18
"13807",2.5322265625,2017-10-19
"13808",0.0166015625,2017-10-20
"13809",0.001953125,2017-10-21
"13810",0.06640625,2017-10-22
"13811",0.0390625,2017-10-23
"13812",0,2017-10-24
"13813",2.4482421875,2017-10-25
"13814",0.2509765625,2017-10-26
"13815",0.0126953125,2017-10-27
"13816",0,2017-10-28
"13817",0.0869140625,2017-10-29
"13818",5.36328125,2017-10-30
"13819",0.634765625,2017-10-31
"13820",0.0009765625,2017-11-01
"13821",0,2017-11-02
"13822",0.06640625,2017-11-03
"13823",0.025390625,2017-11-04
"13824",0,2017-11-05
"13825",0.0322265625,2017-11-06
"13826",0.0126953125,2017-11-07
"13827",0.0009765625,2017-11-08
"13828",0.0029296875,2017-11-09
"13829",0,2017-11-10
"13830",0,2017-11-11
"13831",0.0009765625,2017-11-12
"13832",0,2017-11-13
"13833",0.0048828125,2017-11-14
"13834",8.0869140625,2017-11-15
"13835",3.689453125,2017-11-16
"13836",0.4306640625,2017-11-17
"13837",0.412109375,2017-11-18
"13838",0.009765625,2017-11-19
"13839",0.0078125,2017-11-20
"13840",0.005859375,2017-11-21
"13841",0.05078125,2017-11-22
"13842",7.3447265625,2017-11-23
"13843",3.0380859375,2017-11-24
"13844",0.1259765625,2017-11-25
"13845",0.048828125,2017-11-26
"13846",0.0048828125,2017-11-27
"13847",0.0029296875,2017-11-28
"13848",0,2017-11-29
"13849",0.0595703125,2017-11-30
"13850",7.4345703125,2017-12-01
"13851",4.9833984375,2017-12-02
"13852",0.65234375,2017-12-03
"13853",0.974609375,2017-12-04
"13854",0.087890625,2017-12-05
"13855",0.00390625,2017-12-06
"13856",0.376953125,2017-12-07
"13857",1.2958984375,2017-12-08
"13858",0.001953125,2017-12-09
"13859",0,2017-12-10
"13860",0.0029296875,2017-12-11
"13861",0.009765625,2017-12-12
"13862",0,2017-12-13
"13863",0.04296875,2017-12-14
"13864",0.0087890625,2017-12-15
"13865",0.0009765625,2017-12-16
"13866",0.0009765625,2017-12-17
"13867",0.623046875,2017-12-18
"13868",15.1298828125,2017-12-19
"13869",0.234375,2017-12-20
"13870",0.03125,2017-12-21
"13871",0.001953125,2017-12-22
"13872",0,2017-12-23
"13873",0.0009765625,2017-12-24
"13874",0,2017-12-25
"13875",0,2017-12-26
"13876",0,2017-12-27
"13877",1.28125,2017-12-28
"13878",0.2041015625,2017-12-29
"13879",0.0068359375,2017-12-30
"13880",0.0029296875,2017-12-31
"13881",0.0009765625,2018-01-01
"13882",0.0244140625,2018-01-02
"13883",0.0595703125,2018-01-03
"13884",0,2018-01-04
"13885",0,2018-01-05
"13886",0.0048828125,2018-01-06
"13887",0,2018-01-07
"13888",0.05859375,2018-01-08
"13889",0,2018-01-09
"13890",0.001953125,2018-01-10
"13891",0.0029296875,2018-01-11
"13892",0.4580078125,2018-01-12
"13893",0.71484375,2018-01-13
"13894",1.169921875,2018-01-14
"13895",0.0087890625,2018-01-15
"13896",0.0009765625,2018-01-16
"13897",0,2018-01-17
"13898",0,2018-01-18
"13899",0.0009765625,2018-01-19
"13900",0.00390625,2018-01-20
"13901",0.025390625,2018-01-21
"13902",0.1806640625,2018-01-22
"13903",0.0146484375,2018-01-23
"13904",0,2018-01-24
"13905",0,2018-01-25
"13906",0.08984375,2018-01-26
"13907",0.048828125,2018-01-27
"13908",0.005859375,2018-01-28
"13909",0.4208984375,2018-01-29
"13910",2.0283203125,2018-01-30
"13911",0.0732421875,2018-01-31
"13912",0,2018-02-01
"13913",0,2018-02-02
"13914",0,2018-02-03
"13915",0,2018-02-04
"13916",0,2018-02-05
"13917",0,2018-02-06
"13918",0,2018-02-07
"13919",0,2018-02-08
"13920",0,2018-02-09
"13921",0,2018-02-10
"13922",0.0107421875,2018-02-11
"13923",0,2018-02-12
"13924",0,2018-02-13
"13925",0.0087890625,2018-02-14
"13926",0.00390625,2018-02-15
"13927",0.0205078125,2018-02-16
"13928",0.0009765625,2018-02-17
"13929",0.0673828125,2018-02-18
"13930",1.2919921875,2018-02-19
"13931",0,2018-02-20
"13932",0.26171875,2018-02-21
"13933",0.3623046875,2018-02-22
"13934",0.310546875,2018-02-23
"13935",0.3310546875,2018-02-24
"13936",1.947265625,2018-02-25
"13937",0.0576171875,2018-02-26
"13938",0.00390625,2018-02-27
"13939",0,2018-02-28
"13940",0.0009765625,2018-03-01
"13941",0,2018-03-02
"13942",0,2018-03-03
"13943",0.0048828125,2018-03-04
"13944",0.005859375,2018-03-05
"13945",0,2018-03-06
"13946",0,2018-03-07
"13947",0,2018-03-08
"13948",0,2018-03-09
"13949",0,2018-03-10
"13950",0,2018-03-11
"13951",0,2018-03-12
"13952",0,2018-03-13
"13953",0.0029296875,2018-03-14
"13954",0,2018-03-15
"13955",0.0185546875,2018-03-16
"13956",0.98828125,2018-03-17
"13957",2.26171875,2018-03-18
"13958",0.1484375,2018-03-19
"13959",0.8916015625,2018-03-20
"13960",0.017578125,2018-03-21
"13961",0,2018-03-22
"13962",0.0078125,2018-03-23
"13963",0.09375,2018-03-24
"13964",0.1259765625,2018-03-25
"13965",0.626953125,2018-03-26
"13966",0.001953125,2018-03-27
"13967",0.0078125,2018-03-28
"13968",0.0009765625,2018-03-29
"13969",0.0185546875,2018-03-30
"13970",0.0068359375,2018-03-31
"13971",0,2018-04-01
"13972",0.0283203125,2018-04-02
"13973",0.0146484375,2018-04-03
"13974",0,2018-04-04
"13975",0,2018-04-05
"13976",0.001953125,2018-04-06
"13977",0.0009765625,2018-04-07
"13978",0.0009765625,2018-04-08
"13979",0.0029296875,2018-04-09
"13980",0,2018-04-10
"13981",0,2018-04-11
"13982",1.111328125,2018-04-12
"13983",0.1435546875,2018-04-13
"13984",10.1416015625,2018-04-14
"13985",3.14453125,2018-04-15
"13986",1.69921875,2018-04-16
"13987",0.2021484375,2018-04-17
"13988",0.0068359375,2018-04-18
"13989",0.005859375,2018-04-19
"13990",0.4609375,2018-04-20
"13991",2.748046875,2018-04-21
"13992",0.3154296875,2018-04-22
"13993",0.03125,2018-04-23
"13994",0.2158203125,2018-04-24
"13995",0.1044921875,2018-04-25
"13996",0.12890625,2018-04-26
"13997",0.0263671875,2018-04-27
"13998",0,2018-04-28
"13999",0.0009765625,2018-04-29
"14000",0.001953125,2018-04-30
"14001",0.0185546875,2018-05-01
"14002",0.01953125,2018-05-02
"14003",15.7841796875,2018-05-03
"14004",9.5869140625,2018-05-04
"14005",0.0498046875,2018-05-05
"14006",0.224609375,2018-05-06
"14007",0.009765625,2018-05-07
"14008",2.7265625,2018-05-08
"14009",0.08984375,2018-05-09
"14010",2.9326171875,2018-05-10
"14011",1.05078125,2018-05-11
"14012",0.15625,2018-05-12
"14013",0.046875,2018-05-13
"14014",0.005859375,2018-05-14
"14015",0.466796875,2018-05-15
"14016",0.9052734375,2018-05-16
"14017",0.0126953125,2018-05-17
"14018",1.7158203125,2018-05-18
"14019",3.92578125,2018-05-19
"14020",0.1064453125,2018-05-20
"14021",0,2018-05-21
"14022",0.0654296875,2018-05-22
"14023",0.046875,2018-05-23
"14024",0.328125,2018-05-24
"14025",0.3671875,2018-05-25
"14026",0.001953125,2018-05-26
"14027",0.626953125,2018-05-27
"14028",1.2705078125,2018-05-28
"14029",5.7822265625,2018-05-29
"14030",3.5712890625,2018-05-30
"14031",0.1552734375,2018-05-31
"14032",0.0126953125,2018-06-01
"14033",0.0068359375,2018-06-02
"14034",0.0009765625,2018-06-03
"14035",0.7919921875,2018-06-04
"14036",0.1357421875,2018-06-05
"14037",0.009765625,2018-06-06
"14038",0.142578125,2018-06-07
"14039",3.056640625,2018-06-08
"14040",4.25,2018-06-09
"14041",0.484375,2018-06-10
"14042",0.2626953125,2018-06-11
"14043",6.892578125,2018-06-12
"14044",5.8291015625,2018-06-13
"14045",5.73828125,2018-06-14
"14046",6.3779296875,2018-06-15
"14047",4.7275390625,2018-06-16
"14048",2.9775390625,2018-06-17
"14049",0.666015625,2018-06-18
"14050",0.07421875,2018-06-19
"14051",0.037109375,2018-06-20
"14052",0.4501953125,2018-06-21
"14053",0.0576171875,2018-06-22
"14054",0.205078125,2018-06-23
"14055",1.162109375,2018-06-24
"14056",0.03515625,2018-06-25
"14057",0.216796875,2018-06-26
"14058",0.0087890625,2018-06-27
"14059",0,2018-06-28
"14060",0.9033203125,2018-06-29
"14061",4.1201171875,2018-06-30
"14062",1.375,2018-07-01
"14063",0.23046875,2018-07-02
"14064",0.00390625,2018-07-03
"14065",0,2018-07-04
"14066",0.7998046875,2018-07-05
"14067",7.3408203125,2018-07-06
"14068",6.90234375,2018-07-07
"14069",0.18359375,2018-07-08
"14070",0.0625,2018-07-09
"14071",0,2018-07-10
"14072",1.31640625,2018-07-11
"14073",1.0498046875,2018-07-12
"14074",4.0556640625,2018-07-13
"14075",0.1181640625,2018-07-14
"14076",0.021484375,2018-07-15
"14077",1.517578125,2018-07-16
"14078",1.212890625,2018-07-17
"14079",1.9072265625,2018-07-18
"14080",2.9013671875,2018-07-19
"14081",9.580078125,2018-07-20
"14082",2.21484375,2018-07-21
"14083",0.0634765625,2018-07-22
"14084",0.576171875,2018-07-23
"14085",3.03125,2018-07-24
"14086",7.2451171875,2018-07-25
"14087",2.6640625,2018-07-26
"14088",0.0498046875,2018-07-27
"14089",0.1064453125,2018-07-28
"14090",5.10546875,2018-07-29
"14091",0.642578125,2018-07-30
"14092",2.4921875,2018-07-31
"14093",3.4619140625,2018-08-01
"14094",0,2018-08-02
"14095",22.390625,2018-08-03
"14096",1.8349609375,2018-08-04
"14097",4.40234375,2018-08-05
"14098",24.1826171875,2018-08-06
"14099",9.626953125,2018-08-07
"14100",6.4326171875,2018-08-08
"14101",0.0703125,2018-08-09
"14102",0.4169921875,2018-08-10
"14103",13.958984375,2018-08-11
"14104",3.630859375,2018-08-12
"14105",2.619140625,2018-08-13
"14106",0.140625,2018-08-14
"14107",0.044921875,2018-08-15
"14108",1.296875,2018-08-16
"14109",1.625,2018-08-17
"14110",8.703125,2018-08-18
"14111",0.447265625,2018-08-19
"14112",0.65625,2018-08-20
"14113",0.484375,2018-08-21
"14114",0,2018-08-22
"14115",0.5361328125,2018-08-23
"14116",0.3251953125,2018-08-24
"14117",0.08984375,2018-08-25
"14118",0.01171875,2018-08-26
"14119",0.544921875,2018-08-27
"14120",0.021484375,2018-08-28
"14121",0,2018-08-29
"14122",0.330078125,2018-08-30
"14123",13.109375,2018-08-31
"14124",3.0009765625,2018-09-01
"14125",1.8740234375,2018-09-02
"14126",0.4208984375,2018-09-03
"14127",0.0478515625,2018-09-04
"14128",0.0009765625,2018-09-05
"14129",0.7724609375,2018-09-06
"14130",0.3564453125,2018-09-07
"14131",0.3310546875,2018-09-08
"14132",0.34375,2018-09-09
"14133",0.0693359375,2018-09-10
"14134",0.07421875,2018-09-11
"14135",1.8876953125,2018-09-12
"14136",0.330078125,2018-09-13
"14137",0,2018-09-14
"14138",2.408203125,2018-09-15
"14139",0.6533203125,2018-09-16
"14140",0,2018-09-17
"14141",0.1181640625,2018-09-18
"14142",1.5966796875,2018-09-19
"14143",3.26171875,2018-09-20
"14144",0.08984375,2018-09-21
"14145",0.0126953125,2018-09-22
"14146",0.0439453125,2018-09-23
"14147",0.0078125,2018-09-24
"14148",0.0009765625,2018-09-25
"14149",0,2018-09-26
"14150",0.021484375,2018-09-27
"14151",0.4033203125,2018-09-28
"14152",0.1650390625,2018-09-29
"14153",0.025390625,2018-09-30
"14154",0.0078125,2018-10-01
"14155",0.20703125,2018-10-02
"14156",0.615234375,2018-10-03
"14157",0.6513671875,2018-10-04
"14158",0.0185546875,2018-10-05
"14159",0.0537109375,2018-10-06
"14160",0.6884765625,2018-10-07
"14161",0.0380859375,2018-10-08
"14162",0.25,2018-10-09
"14163",0.6572265625,2018-10-10
"14164",0.0048828125,2018-10-11
"14165",0.0009765625,2018-10-12
"14166",0,2018-10-13
"14167",0.4931640625,2018-10-14
"14168",8.70703125,2018-10-15
"14169",4.8583984375,2018-10-16
"14170",1.8134765625,2018-10-17
"14171",0.244140625,2018-10-18
"14172",0.01171875,2018-10-19
"14173",0.03515625,2018-10-20
"14174",0.005859375,2018-10-21
"14175",0.0009765625,2018-10-22
"14176",0,2018-10-23
"14177",0.03515625,2018-10-24
"14178",0.001953125,2018-10-25
"14179",0,2018-10-26
"14180",0.0009765625,2018-10-27
"14181",0.001953125,2018-10-28
"14182",0.0009765625,2018-10-29
"14183",0,2018-10-30
"14184",0,2018-10-31
"14185",0.10546875,2018-11-01
"14186",6.2451171875,2018-11-02
"14187",0.0380859375,2018-11-03
"14188",0,2018-11-04
"14189",3.74609375,2018-11-05
"14190",0.849609375,2018-11-06
"14191",0.3837890625,2018-11-07
"14192",0.9423828125,2018-11-08
"14193",0.0166015625,2018-11-09
"14194",0,2018-11-10
"14195",0,2018-11-11
"14196",0.0068359375,2018-11-12
"14197",0.240234375,2018-11-13
"14198",0.166015625,2018-11-14
"14199",0.0537109375,2018-11-15
"14200",0.0029296875,2018-11-16
"14201",0.0107421875,2018-11-17
"14202",0.005859375,2018-11-18
"14203",0.0185546875,2018-11-19
"14204",1.4599609375,2018-11-20
"14205",3.857421875,2018-11-21
"14206",7.779296875,2018-11-22
"14207",0.677734375,2018-11-23
"14208",0.158203125,2018-11-24
"14209",3.7373046875,2018-11-25
"14210",0.1767578125,2018-11-26
"14211",2.751953125,2018-11-27
"14212",2.03515625,2018-11-28
"14213",0.025390625,2018-11-29
"14214",0.0078125,2018-11-30
"14215",0.0048828125,2018-12-01
"14216",1.724609375,2018-12-02
"14217",0.0966796875,2018-12-03
"14218",0.033203125,2018-12-04
"14219",0.001953125,2018-12-05
"14220",0.0556640625,2018-12-06
"14221",0.0078125,2018-12-07
"14222",6.8505859375,2018-12-08
"14223",1.8388671875,2018-12-09
"14224",0.2763671875,2018-12-10
"14225",0.0009765625,2018-12-11
"14226",0.0068359375,2018-12-12
"14227",1.7666015625,2018-12-13
"14228",3.921875,2018-12-14
"14229",3.06640625,2018-12-15
"14230",0.369140625,2018-12-16
"14231",0.2099609375,2018-12-17
"14232",0.0146484375,2018-12-18
"14233",4.9462890625,2018-12-19
"14234",0.3310546875,2018-12-20
"14235",0.587890625,2018-12-21
"14236",0.0029296875,2018-12-22
"14237",0,2018-12-23
"14238",0.0556640625,2018-12-24
"14239",0,2018-12-25
"14240",0,2018-12-26
"14241",0,2018-12-27
"14242",0.001953125,2018-12-28
"14243",0.0966796875,2018-12-29
"14244",0.0361328125,2018-12-30
"14245",0.005859375,2018-12-31
"14246",0.0009765625,2019-01-01
"14247",0.0009765625,2019-01-02
"14248",0,2019-01-03
"14249",0.0009765625,2019-01-04
"14250",0.0078125,2019-01-05
"14251",0.0380859375,2019-01-06
"14252",0.0029296875,2019-01-07
"14253",0,2019-01-08
"14254",0.017578125,2019-01-09
"14255",0.001953125,2019-01-10
"14256",0,2019-01-11
"14257",0,2019-01-12
"14258",0,2019-01-13
"14259",0,2019-01-14
"14260",0,2019-01-15
"14261",0,2019-01-16
"14262",0.01953125,2019-01-17
"14263",0.380859375,2019-01-18
"14264",0.1279296875,2019-01-19
"14265",0.001953125,2019-01-20
"14266",0,2019-01-21
"14267",0,2019-01-22
"14268",0,2019-01-23
"14269",0,2019-01-24
"14270",0.001953125,2019-01-25
"14271",0.01171875,2019-01-26
"14272",0.015625,2019-01-27
"14273",0.013671875,2019-01-28
"14274",0,2019-01-29
"14275",0.0107421875,2019-01-30
"14276",0.0029296875,2019-01-31
"14277",0,2019-02-01
"14278",0,2019-02-02
"14279",0.0009765625,2019-02-03
"14280",0.0048828125,2019-02-04
"14281",0.00390625,2019-02-05
"14282",0.5693359375,2019-02-06
"14283",0.033203125,2019-02-07
"14284",0.0185546875,2019-02-08
"14285",1.06640625,2019-02-09
"14286",0.1474609375,2019-02-10
"14287",0.5888671875,2019-02-11
"14288",1.99609375,2019-02-12
"14289",0.525390625,2019-02-13
"14290",0.0146484375,2019-02-14
"14291",0,2019-02-15
"14292",0,2019-02-16
"14293",0,2019-02-17
"14294",0,2019-02-18
"14295",0,2019-02-19
"14296",0,2019-02-20
"14297",0.0166015625,2019-02-21
"14298",0.0009765625,2019-02-22
"14299",0,2019-02-23
"14300",0,2019-02-24
"14301",0,2019-02-25
"14302",0,2019-02-26
"14303",0,2019-02-27
"14304",0.0009765625,2019-02-28
"14305",0,2019-03-01
"14306",0,2019-03-02
"14307",0.0166015625,2019-03-03
"14308",0.0263671875,2019-03-04
"14309",0.0185546875,2019-03-05
"14310",0.408203125,2019-03-06
"14311",0.0576171875,2019-03-07
"14312",0.0009765625,2019-03-08
"14313",0.0205078125,2019-03-09
"14314",0.0068359375,2019-03-10
"14315",0.1298828125,2019-03-11
"14316",0.1650390625,2019-03-12
"14317",0.12109375,2019-03-13
"14318",0.001953125,2019-03-14
"14319",0.021484375,2019-03-15
"14320",0.0185546875,2019-03-16
"14321",0.0185546875,2019-03-17
"14322",0.021484375,2019-03-18
"14323",0,2019-03-19
"14324",0,2019-03-20
"14325",0,2019-03-21
"14326",0.0048828125,2019-03-22
"14327",0.0009765625,2019-03-23
"14328",0.1181640625,2019-03-24
"14329",1.1591796875,2019-03-25
"14330",0.220703125,2019-03-26
"14331",0.2216796875,2019-03-27
"14332",0.123046875,2019-03-28
"14333",0.0146484375,2019-03-29
"14334",1.185546875,2019-03-30
"14335",0.6728515625,2019-03-31
"14336",0.099609375,2019-04-01
"14337",0.0009765625,2019-04-02
"14338",0,2019-04-03
"14339",0.1376953125,2019-04-04
"14340",0.0693359375,2019-04-05
"14341",0,2019-04-06
"14342",0.0009765625,2019-04-07
"14343",0.3359375,2019-04-08
"14344",1.3564453125,2019-04-09
"14345",0.2041015625,2019-04-10
"14346",0.138671875,2019-04-11
"14347",0.001953125,2019-04-12
"14348",0.044921875,2019-04-13
"14349",0.3359375,2019-04-14
"14350",0.1484375,2019-04-15
"14351",0,2019-04-16
"14352",0.3203125,2019-04-17
"14353",0.0009765625,2019-04-18
"14354",0,2019-04-19
"14355",0,2019-04-20
"14356",1.4453125,2019-04-21
"14357",0.0888671875,2019-04-22
"14358",0.2314453125,2019-04-23
"14359",0.5,2019-04-24
"14360",1.150390625,2019-04-25
"14361",0.1845703125,2019-04-26
"14362",0.0029296875,2019-04-27
"14363",0.0029296875,2019-04-28
"14364",0.0146484375,2019-04-29
"14365",0.0390625,2019-04-30
"14366",16.1953125,2019-05-01
"14367",8.4375,2019-05-02
"14368",4.4140625,2019-05-03
"14369",4.375,2019-05-04
"14370",0.05078125,2019-05-05
"14371",0.0673828125,2019-05-06
"14372",0.009765625,2019-05-07
"14373",9.658203125,2019-05-08
"14374",9.15234375,2019-05-09
"14375",8.048828125,2019-05-10
"14376",0.521484375,2019-05-11
"14377",0.6826171875,2019-05-12
"14378",0.056640625,2019-05-13
"14379",0.08203125,2019-05-14
"14380",0.1630859375,2019-05-15
"14381",0.0126953125,2019-05-16
"14382",0.0634765625,2019-05-17
"14383",0.00390625,2019-05-18
"14384",12.4375,2019-05-19
"14385",2.484375,2019-05-20
"14386",0.3505859375,2019-05-21
"14387",0.08203125,2019-05-22
"14388",0.111328125,2019-05-23
"14389",1.6416015625,2019-05-24
"14390",3.69921875,2019-05-25
"14391",4.5537109375,2019-05-26
"14392",4.31640625,2019-05-27
"14393",1.2353515625,2019-05-28
"14394",3.11328125,2019-05-29
"14395",1.2412109375,2019-05-30
"14396",0.1533203125,2019-05-31
"14397",1.2802734375,2019-06-01
"14398",0.2548828125,2019-06-02
"14399",0.6865234375,2019-06-03
"14400",0.42578125,2019-06-04
"14401",0.2060546875,2019-06-05
"14402",0.0078125,2019-06-06
"14403",0.0068359375,2019-06-07
"14404",0.0654296875,2019-06-08
"14405",0.021484375,2019-06-09
"14406",4.5419921875,2019-06-10
"14407",1.1103515625,2019-06-11
"14408",14.06640625,2019-06-12
"14409",1.658203125,2019-06-13
"14410",5.2236328125,2019-06-14
"14411",4.765625,2019-06-15
"14412",1.94140625,2019-06-16
"14413",0.7626953125,2019-06-17
"14414",5.2041015625,2019-06-18
"14415",0.638671875,2019-06-19
"14416",1.5546875,2019-06-20
"14417",3.546875,2019-06-21
"14418",0.0107421875,2019-06-22
"14419",0.0048828125,2019-06-23
"14420",0.0087890625,2019-06-24
"14421",0.1943359375,2019-06-25
"14422",0.021484375,2019-06-26
"14423",0.0009765625,2019-06-27
"14424",0.013671875,2019-06-28
"14425",11.4599609375,2019-06-29
"14426",8.982421875,2019-06-30
"14427",0.486328125,2019-07-01
"14428",0.619140625,2019-07-02
"14429",0.57421875,2019-07-03
"14430",0,2019-07-04
"14431",0.04296875,2019-07-05
"14432",0.0361328125,2019-07-06
"14433",6.25,2019-07-07
"14434",0.7021484375,2019-07-08
"14435",0.2919921875,2019-07-09
"14436",0.109375,2019-07-10
"14437",9.154296875,2019-07-11
"14438",4.53125,2019-07-12
"14439",6.2822265625,2019-07-13
"14440",0.955078125,2019-07-14
"14441",1.3798828125,2019-07-15
"14442",0.7255859375,2019-07-16
"14443",1.2685546875,2019-07-17
"14444",1.19140625,2019-07-18
"14445",0.2626953125,2019-07-19
"14446",0.0615234375,2019-07-20
"14447",1.07421875,2019-07-21
"14448",0.22265625,2019-07-22
"14449",8.7509765625,2019-07-23
"14450",3.6865234375,2019-07-24
"14451",0.826171875,2019-07-25
"14452",0.044921875,2019-07-26
"14453",0.2626953125,2019-07-27
"14454",0.0439453125,2019-07-28
"14455",2.328125,2019-07-29
"14456",0.369140625,2019-07-30
"14457",1.0771484375,2019-07-31
"14458",0.412109375,2019-08-01
"14459",0.3408203125,2019-08-02
"14460",0.4140625,2019-08-03
"14461",0.005859375,2019-08-04
"14462",0.0107421875,2019-08-05
"14463",0.01171875,2019-08-06
"14464",0.4921875,2019-08-07
"14465",15.3271484375,2019-08-08
"14466",11.0048828125,2019-08-09
"14467",3.7177734375,2019-08-10
"14468",1.423828125,2019-08-11
"14469",0.4951171875,2019-08-12
"14470",0.140625,2019-08-13
"14471",0.0068359375,2019-08-14
"14472",0.0068359375,2019-08-15
"14473",0.22265625,2019-08-16
"14474",0.224609375,2019-08-17
"14475",1.7890625,2019-08-18
"14476",5.87109375,2019-08-19
"14477",0.6181640625,2019-08-20
"14478",0.328125,2019-08-21
"14479",0.2587890625,2019-08-22
"14480",0.001953125,2019-08-23
"14481",0.0048828125,2019-08-24
"14482",0.2880859375,2019-08-25
"14483",1.201171875,2019-08-26
"14484",0.6474609375,2019-08-27
"14485",0.7626953125,2019-08-28
"14486",1.009765625,2019-08-29
"14487",0,2019-08-30
"14488",0.0146484375,2019-08-31
"14489",3.388671875,2019-09-01
"14490",0.1845703125,2019-09-02
"14491",1.2421875,2019-09-03
"14492",0.7353515625,2019-09-04
"14493",0.7041015625,2019-09-05
"14494",3.2626953125,2019-09-06
"14495",0.71875,2019-09-07
"14496",0.7509765625,2019-09-08
"14497",1.103515625,2019-09-09
"14498",0,2019-09-10
"14499",0.0107421875,2019-09-11
"14500",0.0205078125,2019-09-12
"14501",0.044921875,2019-09-13
"14502",0.0751953125,2019-09-14
"14503",0.0283203125,2019-09-15
"14504",0.73046875,2019-09-16
"14505",0.1279296875,2019-09-17
"14506",0.0009765625,2019-09-18
"14507",0.1123046875,2019-09-19
"14508",5.708984375,2019-09-20
"14509",17.39453125,2019-09-21
"14510",1.9697265625,2019-09-22
"14511",4.0625,2019-09-23
"14512",0.1328125,2019-09-24
"14513",0.9091796875,2019-09-25
"14514",0.0732421875,2019-09-26
"14515",0.0126953125,2019-09-27
"14516",0,2019-09-28
"14517",0.0009765625,2019-09-29
"14518",0.0009765625,2019-09-30
"14519",0,2019-10-01
"14520",0.0654296875,2019-10-02
"14521",0,2019-10-03
"14522",0.001953125,2019-10-04
"14523",0,2019-10-05
"14524",0.0048828125,2019-10-06
"14525",0.498046875,2019-10-07
"14526",2.705078125,2019-10-08
"14527",0.041015625,2019-10-09
"14528",0.0009765625,2019-10-10
"14529",0.0009765625,2019-10-11
"14530",0.0029296875,2019-10-12
"14531",0.0166015625,2019-10-13
"14532",5.3203125,2019-10-14
"14533",0.0732421875,2019-10-15
"14534",10.4736328125,2019-10-16
"14535",0.8603515625,2019-10-17
"14536",0.017578125,2019-10-18
"14537",0.39453125,2019-10-19
"14538",0.076171875,2019-10-20
"14539",0.001953125,2019-10-21
"14540",0,2019-10-22
"14541",0.4150390625,2019-10-23
"14542",0,2019-10-24
"14543",0.1435546875,2019-10-25
"14544",1.72265625,2019-10-26
"14545",0.1005859375,2019-10-27
"14546",0.0419921875,2019-10-28
"14547",0,2019-10-29
"14548",0,2019-10-30
"14549",0,2019-10-31
"14550",0.0048828125,2019-11-01
"14551",6.1787109375,2019-11-02
"14552",0.7060546875,2019-11-03
"14553",1.74609375,2019-11-04
"14554",0.1142578125,2019-11-05
"14555",0.498046875,2019-11-06
"14556",0.72265625,2019-11-07
"14557",2.21875,2019-11-08
"14558",0.1201171875,2019-11-09
"14559",0.0029296875,2019-11-10
"14560",0.0048828125,2019-11-11
"14561",0.001953125,2019-11-12
"14562",0.03125,2019-11-13
"14563",0.095703125,2019-11-14
"14564",0.0361328125,2019-11-15
"14565",0.0009765625,2019-11-16
"14566",0,2019-11-17
"14567",0,2019-11-18
"14568",0,2019-11-19
"14569",0,2019-11-20
"14570",0.00390625,2019-11-21
"14571",0.001953125,2019-11-22
"14572",0.0009765625,2019-11-23
"14573",0,2019-11-24
"14574",0.0009765625,2019-11-25
"14575",0.0087890625,2019-11-26
"14576",0,2019-11-27
"14577",0,2019-11-28
"14578",0.03125,2019-11-29
"14579",2.599609375,2019-11-30
"14580",2.26171875,2019-12-01
"14581",2.1787109375,2019-12-02
"14582",0.1025390625,2019-12-03
"14583",0.0234375,2019-12-04
"14584",0,2019-12-05
"14585",0,2019-12-06
"14586",0.0009765625,2019-12-07
"14587",0,2019-12-08
"14588",0.001953125,2019-12-09
"14589",0.169921875,2019-12-10
"14590",0.00390625,2019-12-11
"14591",0,2019-12-12
"14592",0,2019-12-13
"14593",0.0205078125,2019-12-14
"14594",0,2019-12-15
"14595",0,2019-12-16
"14596",0,2019-12-17
"14597",0,2019-12-18
"14598",0,2019-12-19
"14599",0.0009765625,2019-12-20
"14600",0.115234375,2019-12-21
"14601",0.0029296875,2019-12-22
"14602",0.0048828125,2019-12-23
"14603",0.021484375,2019-12-24
"14604",0.0009765625,2019-12-25
"14605",0,2019-12-26
"14606",0,2019-12-27
"14607",0.01171875,2019-12-28
"14608",0.0048828125,2019-12-29
"14609",0.044921875,2019-12-30
"14610",0.0439453125,2019-12-31
"14611",0,2020-01-01
"14612",0.3447265625,2020-01-02
"14613",0,2020-01-03
"14614",1.0146484375,2020-01-04
"14615",4.8134765625,2020-01-05
"14616",0.271484375,2020-01-06
"14617",0.0029296875,2020-01-07
"14618",0.0009765625,2020-01-08
"14619",0.0048828125,2020-01-09
"14620",0.2275390625,2020-01-10
"14621",2.232421875,2020-01-11
"14622",0.0048828125,2020-01-12
"14623",0.0185546875,2020-01-13
"14624",0.0009765625,2020-01-14
"14625",0,2020-01-15
"14626",0,2020-01-16
"14627",0,2020-01-17
"14628",0,2020-01-18
"14629",0.0654296875,2020-01-19
"14630",2.7119140625,2020-01-20
"14631",0.1474609375,2020-01-21
"14632",0,2020-01-22
"14633",6.396484375,2020-01-23
"14634",0.07421875,2020-01-24
"14635",0.0107421875,2020-01-25
"14636",0.0029296875,2020-01-26
"14637",0,2020-01-27
"14638",0.0009765625,2020-01-28
"14639",0.048828125,2020-01-29
"14640",0.056640625,2020-01-30
"14641",1.12890625,2020-01-31
"14642",23.173828125,2020-02-01
"14643",0.46875,2020-02-02
"14644",0.181640625,2020-02-03
"14645",0.0556640625,2020-02-04
"14646",0.0009765625,2020-02-05
"14647",0.0009765625,2020-02-06
"14648",0.021484375,2020-02-07
"14649",0.08984375,2020-02-08
"14650",0.0009765625,2020-02-09
"14651",0.00390625,2020-02-10
"14652",0.0009765625,2020-02-11
"14653",0.0390625,2020-02-12
"14654",0.0498046875,2020-02-13
"14655",0.0087890625,2020-02-14
"14656",0.2060546875,2020-02-15
"14657",0.0595703125,2020-02-16
"14658",0,2020-02-17
"14659",0.3056640625,2020-02-18
"14660",0.1904296875,2020-02-19
"14661",0.0009765625,2020-02-20
"14662",0.041015625,2020-02-21
"14663",0.00390625,2020-02-22
"14664",0,2020-02-23
"14665",0,2020-02-24
"14666",0,2020-02-25
"14667",0.0341796875,2020-02-26
"14668",0.1171875,2020-02-27
"14669",0.0546875,2020-02-28
"14670",0,2020-02-29
"14671",0.015625,2020-03-01
"14672",2.146484375,2020-03-02
"14673",0.0146484375,2020-03-03
"14674",1.5166015625,2020-03-04
"14675",0.080078125,2020-03-05
"14676",0.04296875,2020-03-06
"14677",0.005859375,2020-03-07
"14678",0.0009765625,2020-03-08
"14679",0.0009765625,2020-03-09
"14680",0,2020-03-10
"14681",0,2020-03-11
"14682",0.05859375,2020-03-12
"14683",0.4970703125,2020-03-13
"14684",0.0673828125,2020-03-14
"14685",0.0009765625,2020-03-15
"14686",0,2020-03-16
"14687",0,2020-03-17
"14688",0,2020-03-18
"14689",0.001953125,2020-03-19
"14690",0.0166015625,2020-03-20
"14691",0.0029296875,2020-03-21
"14692",0.0244140625,2020-03-22
"14693",0.005859375,2020-03-23
"14694",0.0302734375,2020-03-24
"14695",0.1669921875,2020-03-25
"14696",0.013671875,2020-03-26
"14697",0,2020-03-27
"14698",0.0029296875,2020-03-28
"14699",0.921875,2020-03-29
"14700",0.0732421875,2020-03-30
"14701",0.013671875,2020-03-31
"14702",0.0615234375,2020-04-01
"14703",0.3818359375,2020-04-02
"14704",0.080078125,2020-04-03
"14705",9.98046875,2020-04-04
"14706",1.2958984375,2020-04-05
"14707",2.32421875,2020-04-06
"14708",0.919921875,2020-04-07
"14709",0.1123046875,2020-04-08
"14710",0.0009765625,2020-04-09
"14711",0.044921875,2020-04-10
"14712",0.0263671875,2020-04-11
"14713",0.001953125,2020-04-12
"14714",0.0009765625,2020-04-13
"14715",0,2020-04-14
"14716",0,2020-04-15
"14717",0.1484375,2020-04-16
"14718",0.0361328125,2020-04-17
"14719",2.318359375,2020-04-18
"14720",2.8525390625,2020-04-19
"14721",0.7958984375,2020-04-20
"14722",0.0234375,2020-04-21
"14723",0.1318359375,2020-04-22
"14724",0.9267578125,2020-04-23
"14725",5.869140625,2020-04-24
"14726",0.0078125,2020-04-25
"14727",15.7900390625,2020-04-26
"14728",2.3564453125,2020-04-27
"14729",0.0966796875,2020-04-28
"14730",5.9833984375,2020-04-29
"14731",11.3916015625,2020-04-30
"14732",3.3095703125,2020-05-01
"14733",4.2626953125,2020-05-02
"14734",0.34375,2020-05-03
"14735",0.26953125,2020-05-04
"14736",0.064453125,2020-05-05
"14737",0.0322265625,2020-05-06
"14738",0.0947265625,2020-05-07
"14739",2.591796875,2020-05-08
"14740",18.14453125,2020-05-09
"14741",1.93359375,2020-05-10
"14742",3.0791015625,2020-05-11
"14743",0,2020-05-12
"14744",3.5595703125,2020-05-13
"14745",0.119140625,2020-05-14
"14746",0.0087890625,2020-05-15
"14747",0,2020-05-16
"14748",0.015625,2020-05-17
"14749",0.0166015625,2020-05-18
"14750",0.0048828125,2020-05-19
"14751",6.85546875,2020-05-20
"14752",7.42578125,2020-05-21
"14753",1.3037109375,2020-05-22
"14754",2.078125,2020-05-23
"14755",0.42578125,2020-05-24
"14756",0.5205078125,2020-05-25
"14757",0.005859375,2020-05-26
"14758",0.755859375,2020-05-27
"14759",3.4453125,2020-05-28
"14760",0.0888671875,2020-05-29
"14761",0.0146484375,2020-05-30
"14762",4.611328125,2020-05-31
"14763",11.859375,2020-06-01
"14764",2.310546875,2020-06-02
"14765",0.603515625,2020-06-03
"14766",0.01171875,2020-06-04
"14767",0.0712890625,2020-06-05
"14768",0.052734375,2020-06-06
"14769",0.2890625,2020-06-07
"14770",0.0087890625,2020-06-08
"14771",0.2294921875,2020-06-09
"14772",0.03515625,2020-06-10
"14773",0.0869140625,2020-06-11
"14774",0.0810546875,2020-06-12
"14775",2.40625,2020-06-13
"14776",8.83984375,2020-06-14
"14777",7.2978515625,2020-06-15
"14778",3.2578125,2020-06-16
"14779",1.400390625,2020-06-17
"14780",0.1171875,2020-06-18
"14781",0.1044921875,2020-06-19
"14782",6.103515625,2020-06-20
"14783",17.2314453125,2020-06-21
"14784",2.767578125,2020-06-22
"14785",1.01171875,2020-06-23
"14786",1.0966796875,2020-06-24
"14787",0.1650390625,2020-06-25
"14788",1.19140625,2020-06-26
"14789",0.3330078125,2020-06-27
"14790",0.0556640625,2020-06-28
"14791",0.0205078125,2020-06-29
"14792",0.0556640625,2020-06-30
"14793",0.1982421875,2020-07-01
"14794",7.5029296875,2020-07-02
"14795",6.091796875,2020-07-03
"14796",0.5966796875,2020-07-04
"14797",0.3046875,2020-07-05
"14798",0.3193359375,2020-07-06
"14799",0.0029296875,2020-07-07
"14800",0.001953125,2020-07-08
"14801",0.001953125,2020-07-09
"14802",1.2021484375,2020-07-10
"14803",5.013671875,2020-07-11
"14804",3.4892578125,2020-07-12
"14805",1.9912109375,2020-07-13
"14806",0.1689453125,2020-07-14
"14807",0.203125,2020-07-15
"14808",0.0205078125,2020-07-16
"14809",0.1875,2020-07-17
"14810",0,2020-07-18
"14811",2.24609375,2020-07-19
"14812",1.236328125,2020-07-20
"14813",0.4208984375,2020-07-21
"14814",0.138671875,2020-07-22
"14815",0.3193359375,2020-07-23
"14816",0.060546875,2020-07-24
"14817",0.603515625,2020-07-25
"14818",0.1396484375,2020-07-26
"14819",1.123046875,2020-07-27
"14820",0.0791015625,2020-07-28
"14821",0.0751953125,2020-07-29
"14822",0.10546875,2020-07-30
"14823",0.099609375,2020-07-31
"14824",0.05859375,2020-08-01
"14825",0.0263671875,2020-08-02
"14826",0.080078125,2020-08-03
"14827",0.1259765625,2020-08-04
"14828",0.017578125,2020-08-05
"14829",0.00390625,2020-08-06
"14830",0.1611328125,2020-08-07
"14831",4.3740234375,2020-08-08
"14832",0.9873046875,2020-08-09
"14833",0.638671875,2020-08-10
"14834",3.5517578125,2020-08-11
"14835",8.8251953125,2020-08-12
"14836",4.99609375,2020-08-13
"14837",1.953125,2020-08-14
"14838",1.9736328125,2020-08-15
"14839",0.6220703125,2020-08-16
"14840",0.6044921875,2020-08-17
"14841",3.859375,2020-08-18
"14842",19.2763671875,2020-08-19
"14843",3.181640625,2020-08-20
"14844",7.505859375,2020-08-21
"14845",4.904296875,2020-08-22
"14846",0.857421875,2020-08-23
"14847",0.833984375,2020-08-24
"14848",0.01171875,2020-08-25
"14849",0.01171875,2020-08-26
"14850",0.0576171875,2020-08-27
"14851",0.0048828125,2020-08-28
"14852",0.013671875,2020-08-29
"14853",0.1943359375,2020-08-30
"14854",0.7041015625,2020-08-31
"14855",0.0048828125,2020-09-01
"14856",0.19921875,2020-09-02
"14857",0.931640625,2020-09-03
"14858",0.2109375,2020-09-04
"14859",0.8359375,2020-09-05
"14860",0.0947265625,2020-09-06
"14861",0.0478515625,2020-09-07
"14862",0.2109375,2020-09-08
"14863",0.0087890625,2020-09-09
"14864",0,2020-09-10
"14865",0.01171875,2020-09-11
"14866",1.7568359375,2020-09-12
"14867",9.6396484375,2020-09-13
"14868",0.33203125,2020-09-14
"14869",0.017578125,2020-09-15
"14870",0.8017578125,2020-09-16
"14871",6.8642578125,2020-09-17
"14872",1.9052734375,2020-09-18
"14873",0.2548828125,2020-09-19
"14874",0.0908203125,2020-09-20
"14875",0.5068359375,2020-09-21
"14876",3.6162109375,2020-09-22
"14877",4.984375,2020-09-23
"14878",1.8876953125,2020-09-24
"14879",9.1484375,2020-09-25
"14880",1.56640625,2020-09-26
"14881",0.060546875,2020-09-27
"14882",0.0625,2020-09-28
"14883",0.10546875,2020-09-29
"14884",11.2958984375,2020-09-30
"14885",1.0537109375,2020-10-01
"14886",0.0078125,2020-10-02
"14887",0.08203125,2020-10-03
"14888",0.8486328125,2020-10-04
"14889",23.958984375,2020-10-05
"14890",6.62109375,2020-10-06
"14891",1.845703125,2020-10-07
"14892",13.826171875,2020-10-08
"14893",0.177734375,2020-10-09
"14894",0.03515625,2020-10-10
"14895",0.0029296875,2020-10-11
"14896",0.0029296875,2020-10-12
"14897",0.001953125,2020-10-13
"14898",0.0068359375,2020-10-14
"14899",0.0302734375,2020-10-15
"14900",0.4619140625,2020-10-16
"14901",0.6796875,2020-10-17
"14902",0.138671875,2020-10-18
"14903",0.03125,2020-10-19
"14904",0,2020-10-20
"14905",0.0068359375,2020-10-21
"14906",0.0732421875,2020-10-22
"14907",2.9599609375,2020-10-23
"14908",0.2783203125,2020-10-24
"14909",0.4775390625,2020-10-25
"14910",0.990234375,2020-10-26
"14911",0.4345703125,2020-10-27
"14912",0.17578125,2020-10-28
"14913",0.0537109375,2020-10-29
"14914",3.3857421875,2020-10-30
"14915",0.6923828125,2020-10-31
"14916",0.005859375,2020-11-01
"14917",0.32421875,2020-11-02
"14918",0.00390625,2020-11-03
"14919",0.5146484375,2020-11-04
"14920",0.0908203125,2020-11-05
"14921",0.013671875,2020-11-06
"14922",0.052734375,2020-11-07
"14923",0.00390625,2020-11-08
"14924",0.00390625,2020-11-09
"14925",0.0654296875,2020-11-10
"14926",3.15625,2020-11-11
"14927",1.4013671875,2020-11-12
"14928",0.53515625,2020-11-13
"14929",0.193359375,2020-11-14
"14930",0.009765625,2020-11-15
"14931",0,2020-11-16
"14932",0,2020-11-17
"14933",0,2020-11-18
"14934",0,2020-11-19
"14935",0,2020-11-20
"14936",0.0185546875,2020-11-21
"14937",0.0791015625,2020-11-22
"14938",0.943359375,2020-11-23
"14939",0.013671875,2020-11-24
"14940",0.0009765625,2020-11-25
"14941",0.0029296875,2020-11-26
"14942",0,2020-11-27
"14943",0.0087890625,2020-11-28
"14944",7.03125,2020-11-29
"14945",0.12890625,2020-11-30
"14946",2.0244140625,2020-12-01
"14947",0.013671875,2020-12-02
"14948",0,2020-12-03
"14949",0.001953125,2020-12-04
"14950",0.7724609375,2020-12-05
"14951",1.3955078125,2020-12-06
"14952",1.642578125,2020-12-07
"14953",0.201171875,2020-12-08
"14954",0.0087890625,2020-12-09
"14955",0.0009765625,2020-12-10
"14956",0,2020-12-11
"14957",0,2020-12-12
"14958",0.7998046875,2020-12-13
"14959",0.4423828125,2020-12-14
"14960",0.0078125,2020-12-15
"14961",0.1259765625,2020-12-16
"14962",0.0166015625,2020-12-17
"14963",0.0048828125,2020-12-18
"14964",0,2020-12-19
"14965",0,2020-12-20
"14966",2.888671875,2020-12-21
"14967",0.5029296875,2020-12-22
"14968",0.015625,2020-12-23
"14969",0.0009765625,2020-12-24
"14970",0,2020-12-25
"14971",0,2020-12-26
"14972",0,2020-12-27
"14973",0.00390625,2020-12-28
"14974",0.00390625,2020-12-29
"14975",0,2020-12-30
"14976",0,2020-12-31
"14977",0,2021-01-01
"14978",0.0166015625,2021-01-02
"14979",0.0146484375,2021-01-03
"14980",0.2685546875,2021-01-04
"14981",0.0947265625,2021-01-05
"14982",0.0263671875,2021-01-06
"14983",0,2021-01-07
"14984",0,2021-01-08
"14985",0,2021-01-09
"14986",0,2021-01-10
"14987",0,2021-01-11
"14988",0,2021-01-12
"14989",0.0068359375,2021-01-13
"14990",0.1220703125,2021-01-14
"14991",0.23828125,2021-01-15
"14992",0,2021-01-16
"14993",0.0458984375,2021-01-17
"14994",0.064453125,2021-01-18
"14995",0.0146484375,2021-01-19
"14996",0.0009765625,2021-01-20
"14997",0.0107421875,2021-01-21
"14998",0,2021-01-22
"14999",0,2021-01-23
"15000",0,2021-01-24
"15001",0.564453125,2021-01-25
"15002",6.36328125,2021-01-26
"15003",0.5869140625,2021-01-27
"15004",0.005859375,2021-01-28
"15005",1.1962890625,2021-01-29
"15006",0.001953125,2021-01-30
"15007",0,2021-01-31
"15008",0,2021-02-01
"15009",0.0029296875,2021-02-02
"15010",0,2021-02-03
"15011",0.8525390625,2021-02-04
"15012",18.541015625,2021-02-05
"15013",5.5361328125,2021-02-06
"15014",0.421875,2021-02-07
"15015",0.1337890625,2021-02-08
"15016",0.0810546875,2021-02-09
"15017",0,2021-02-10
"15018",0.005859375,2021-02-11
"15019",0.8740234375,2021-02-12
"15020",0.0224609375,2021-02-13
"15021",0.0439453125,2021-02-14
"15022",0.0048828125,2021-02-15
"15023",0,2021-02-16
"15024",0.0107421875,2021-02-17
"15025",0,2021-02-18
"15026",0,2021-02-19
"15027",0.052734375,2021-02-20
"15028",0.041015625,2021-02-21
"15029",0.005859375,2021-02-22
"15030",0.0380859375,2021-02-23
"15031",0,2021-02-24
"15032",0.0009765625,2021-02-25
"15033",0.3369140625,2021-02-26
"15034",0,2021-02-27
"15035",0,2021-02-28
"15036",0.015625,2021-03-01
"15037",0.0068359375,2021-03-02
"15038",0.001953125,2021-03-03
"15039",0,2021-03-04
"15040",0.005859375,2021-03-05
"15041",0,2021-03-06
"15042",0.0400390625,2021-03-07
"15043",0.138671875,2021-03-08
"15044",0.0107421875,2021-03-09
"15045",0.1162109375,2021-03-10
"15046",2.767578125,2021-03-11
"15047",0.017578125,2021-03-12
"15048",1.6650390625,2021-03-13
"15049",0.990234375,2021-03-14
"15050",0.10546875,2021-03-15
"15051",0.4365234375,2021-03-16
"15052",0.029296875,2021-03-17
"15053",0.00390625,2021-03-18
"15054",0.0009765625,2021-03-19
"15055",0,2021-03-20
"15056",0.0009765625,2021-03-21
"15057",0,2021-03-22
"15058",0.001953125,2021-03-23
"15059",0.0244140625,2021-03-24
"15060",2.099609375,2021-03-25
"15061",0.0302734375,2021-03-26
"15062",0.8603515625,2021-03-27
"15063",0.1826171875,2021-03-28
"15064",0.033203125,2021-03-29
"15065",0.0087890625,2021-03-30
"15066",0.0673828125,2021-03-31
"15067",0.0537109375,2021-04-01
"15068",0,2021-04-02
"15069",0,2021-04-03
"15070",0,2021-04-04
"15071",0,2021-04-05
"15072",0,2021-04-06
"15073",0.015625,2021-04-07
"15074",0.0029296875,2021-04-08
"15075",0.48828125,2021-04-09
"15076",0.4990234375,2021-04-10
"15077",0.306640625,2021-04-11
"15078",0.033203125,2021-04-12
"15079",0.03515625,2021-04-13
"15080",3.2724609375,2021-04-14
"15081",0.7080078125,2021-04-15
"15082",0.51171875,2021-04-16
"15083",0.751953125,2021-04-17
"15084",0.576171875,2021-04-18
"15085",0.205078125,2021-04-19
"15086",3.0849609375,2021-04-20
"15087",0.9013671875,2021-04-21
"15088",2.611328125,2021-04-22
"15089",0.9033203125,2021-04-23
"15090",0.103515625,2021-04-24
"15091",0.0078125,2021-04-25
"15092",0.0166015625,2021-04-26
"15093",0.0244140625,2021-04-27
"15094",0.009765625,2021-04-28
"15095",0.1123046875,2021-04-29
"15096",0.0546875,2021-04-30
"15097",0.01171875,2021-05-01
"15098",0.119140625,2021-05-02
"15099",0.0166015625,2021-05-03
"15100",0.865234375,2021-05-04
"15101",0.00390625,2021-05-05
"15102",0.0029296875,2021-05-06
"15103",0,2021-05-07
"15104",0.5234375,2021-05-08
"15105",2.462890625,2021-05-09
"15106",5.3349609375,2021-05-10
"15107",0.7109375,2021-05-11
"15108",0.1669921875,2021-05-12
"15109",0.87890625,2021-05-13
"15110",1.048828125,2021-05-14
"15111",1.0078125,2021-05-15
"15112",0.0185546875,2021-05-16
"15113",0.3779296875,2021-05-17
"15114",0.01953125,2021-05-18
"15115",0.0048828125,2021-05-19
"15116",0.00390625,2021-05-20
"15117",0.0458984375,2021-05-21
"15118",0.05078125,2021-05-22
"15119",0.00390625,2021-05-23
"15120",0.01953125,2021-05-24
"15121",13.70703125,2021-05-25
"15122",3.8330078125,2021-05-26
"15123",0.486328125,2021-05-27
"15124",0.0849609375,2021-05-28
"15125",0.015625,2021-05-29
"15126",0.0009765625,2021-05-30
"15127",0.001953125,2021-05-31
"15128",0.0634765625,2021-06-01
"15129",0.6572265625,2021-06-02
"15130",0.458984375,2021-06-03
"15131",1.4873046875,2021-06-04
"15132",0.0966796875,2021-06-05
"15133",0.4609375,2021-06-06
"15134",0.115234375,2021-06-07
"15135",15.849609375,2021-06-08
"15136",4.9658203125,2021-06-09
"15137",0.5234375,2021-06-10
"15138",0.04296875,2021-06-11
"15139",0.103515625,2021-06-12
"15140",0.0771484375,2021-06-13
"15141",0.2060546875,2021-06-14
"15142",0.2158203125,2021-06-15
"15143",6.4326171875,2021-06-16
"15144",3.166015625,2021-06-17
"15145",13.9140625,2021-06-18
"15146",1.435546875,2021-06-19
"15147",0.6572265625,2021-06-20
"15148",0.4296875,2021-06-21
"15149",0.052734375,2021-06-22
"15150",7.1376953125,2021-06-23
"15151",6.1650390625,2021-06-24
"15152",3.8134765625,2021-06-25
"15153",6.0615234375,2021-06-26
"15154",2.912109375,2021-06-27
"15155",4.0830078125,2021-06-28
"15156",0.0830078125,2021-06-29
"15157",0.0244140625,2021-06-30
"15158",1.267578125,2021-07-01
"15159",8.6064453125,2021-07-02
"15160",2.630859375,2021-07-03
"15161",1.240234375,2021-07-04
"15162",1.1669921875,2021-07-05
"15163",0.52734375,2021-07-06
"15164",0.001953125,2021-07-07
"15165",0.0546875,2021-07-08
"15166",0.677734375,2021-07-09
"15167",1.630859375,2021-07-10
"15168",0.0078125,2021-07-11
"15169",3.158203125,2021-07-12
"15170",1.4609375,2021-07-13
"15171",4.4931640625,2021-07-14
"15172",6.056640625,2021-07-15
"15173",17.1728515625,2021-07-16
"15174",10.830078125,2021-07-17
"15175",1.392578125,2021-07-18
"15176",3.26953125,2021-07-19
"15177",16.5,2021-07-20
"15178",0.275390625,2021-07-21
"15179",7.869140625,2021-07-22
"15180",6.349609375,2021-07-23
"15181",5.0009765625,2021-07-24
"15182",8.2119140625,2021-07-25
"15183",3.6572265625,2021-07-26
"15184",0.0732421875,2021-07-27
"15185",3.091796875,2021-07-28
"15186",1.3525390625,2021-07-29
"15187",0.05859375,2021-07-30
"15188",1.9560546875,2021-07-31
"15189",12.521484375,2021-08-01
"15190",2.5830078125,2021-08-02
"15191",8.91796875,2021-08-03
"15192",1.892578125,2021-08-04
"15193",1.8310546875,2021-08-05
"15194",1.4443359375,2021-08-06
"15195",0.9931640625,2021-08-07
"15196",1.6162109375,2021-08-08
"15197",0.271484375,2021-08-09
"15198",0.166015625,2021-08-10
"15199",4.3134765625,2021-08-11
"15200",2.326171875,2021-08-12
"15201",1.021484375,2021-08-13
"15202",0.3017578125,2021-08-14
"15203",0.0751953125,2021-08-15
"15204",0.19140625,2021-08-16
"15205",0.193359375,2021-08-17
"15206",0.0244140625,2021-08-18
"15207",0.0205078125,2021-08-19
"15208",0.1962890625,2021-08-20
"15209",0.1005859375,2021-08-21
"15210",0.193359375,2021-08-22
"15211",4.25,2021-08-23
"15212",1.5009765625,2021-08-24
"15213",0.55859375,2021-08-25
"15214",1.8515625,2021-08-26
"15215",0.0517578125,2021-08-27
"15216",0.595703125,2021-08-28
"15217",4.9033203125,2021-08-29
"15218",1.095703125,2021-08-30
"15219",0,2021-08-31
"15220",0.0009765625,2021-09-01
"15221",0.060546875,2021-09-02
"15222",0.734375,2021-09-03
"15223",3.7421875,2021-09-04
"15224",1.4599609375,2021-09-05
"15225",0.865234375,2021-09-06
"15226",1.1328125,2021-09-07
"15227",0.1474609375,2021-09-08
"15228",0.001953125,2021-09-09
"15229",0.0126953125,2021-09-10
"15230",0.083984375,2021-09-11
"15231",2.0078125,2021-09-12
"15232",3.03515625,2021-09-13
"15233",0.044921875,2021-09-14
"15234",0.001953125,2021-09-15
"15235",0.0029296875,2021-09-16
"15236",0.0166015625,2021-09-17
"15237",0.9423828125,2021-09-18
"15238",0.16015625,2021-09-19
"15239",3.9013671875,2021-09-20
"15240",2.033203125,2021-09-21
"15241",0.5927734375,2021-09-22
"15242",0.013671875,2021-09-23
"15243",0.1259765625,2021-09-24
"15244",0.640625,2021-09-25
"15245",0.091796875,2021-09-26
"15246",0.0048828125,2021-09-27
"15247",0.0107421875,2021-09-28
"15248",0.169921875,2021-09-29
"15249",5.3046875,2021-09-30
"15250",1.05859375,2021-10-01
"15251",0.34765625,2021-10-02
"15252",2.806640625,2021-10-03
"15253",4.001953125,2021-10-04
"15254",2.794921875,2021-10-05
"15255",0.068359375,2021-10-06
"15256",0.0576171875,2021-10-07
"15257",0.0009765625,2021-10-08
"15258",0.0009765625,2021-10-09
"15259",0.001953125,2021-10-10
"15260",0.166015625,2021-10-11
"15261",0.0185546875,2021-10-12
"15262",5.5732421875,2021-10-13
"15263",11.0283203125,2021-10-14
"15264",5.1611328125,2021-10-15
"15265",0.10546875,2021-10-16
"15266",0.015625,2021-10-17
"15267",0.00390625,2021-10-18
"15268",0,2021-10-19
"15269",0.001953125,2021-10-20
"15270",0.2255859375,2021-10-21
"15271",0.0146484375,2021-10-22
"15272",0.1181640625,2021-10-23
"15273",0.029296875,2021-10-24
"15274",0.0439453125,2021-10-25
"15275",0.001953125,2021-10-26
"15276",0.05078125,2021-10-27
"15277",2.8115234375,2021-10-28
"15278",13.248046875,2021-10-29
"15279",0.44140625,2021-10-30
"15280",0.013671875,2021-10-31
"15281",0.10546875,2021-11-01
"15282",0,2021-11-02
"15283",4.76171875,2021-11-03
"15284",0.15234375,2021-11-04
"15285",0.01953125,2021-11-05
"15286",2.544921875,2021-11-06
"15287",0.1865234375,2021-11-07
"15288",0.0693359375,2021-11-08
"15289",0.0068359375,2021-11-09
"15290",0.236328125,2021-11-10
"15291",0.259765625,2021-11-11
"15292",4.0302734375,2021-11-12
"15293",0.8310546875,2021-11-13
"15294",2.4111328125,2021-11-14
"15295",0.7255859375,2021-11-15
"15296",0.2373046875,2021-11-16
"15297",0.033203125,2021-11-17
"15298",0.08984375,2021-11-18
"15299",0.0830078125,2021-11-19
"15300",1.73046875,2021-11-20
"15301",0.111328125,2021-11-21
"15302",0.0888671875,2021-11-22
"15303",0.4482421875,2021-11-23
"15304",3.908203125,2021-11-24
"15305",0.5517578125,2021-11-25
"15306",0.2041015625,2021-11-26
"15307",0.013671875,2021-11-27
"15308",0.00390625,2021-11-28
"15309",0.0048828125,2021-11-29
"15310",0,2021-11-30
"15311",0,2021-12-01
"15312",0,2021-12-02
"15313",0,2021-12-03
"15314",0.0009765625,2021-12-04
"15315",0,2021-12-05
"15316",0,2021-12-06
"15317",0.095703125,2021-12-07
"15318",0.0791015625,2021-12-08
"15319",0.0087890625,2021-12-09
"15320",0,2021-12-10
"15321",0.0009765625,2021-12-11
"15322",0.0009765625,2021-12-12
"15323",0.00390625,2021-12-13
"15324",0.0908203125,2021-12-14
"15325",0.1513671875,2021-12-15
"15326",0.001953125,2021-12-16
"15327",0.001953125,2021-12-17
"15328",0.341796875,2021-12-18
"15329",0.53515625,2021-12-19
"15330",0.056640625,2021-12-20
"15331",0.0029296875,2021-12-21
"15332",0.0009765625,2021-12-22
"15333",0.001953125,2021-12-23
"15334",0,2021-12-24
"15335",0.017578125,2021-12-25
"15336",0,2021-12-26
"15337",0,2021-12-27
"15338",0,2021-12-28
"15339",0,2021-12-29
"15340",0,2021-12-30
"15341",0,2021-12-31
"15342",0.0673828125,2022-01-01
"15343",0.00390625,2022-01-02
"15344",0,2022-01-03
"15345",0,2022-01-04
"15346",0.00390625,2022-01-05
"15347",2.6337890625,2022-01-06
"15348",1.140625,2022-01-07
"15349",0.9306640625,2022-01-08
"15350",0.0283203125,2022-01-09
"15351",0.0537109375,2022-01-10
"15352",0.0263671875,2022-01-11
"15353",0.005859375,2022-01-12
"15354",0.00390625,2022-01-13
"15355",0,2022-01-14
"15356",0,2022-01-15
"15357",0,2022-01-16
"15358",0,2022-01-17
"15359",0,2022-01-18
"15360",0,2022-01-19
"15361",0,2022-01-20
"15362",0.001953125,2022-01-21
"15363",2.6435546875,2022-01-22
"15364",13.2666015625,2022-01-23
"15365",23.048828125,2022-01-24
"15366",6.234375,2022-01-25
"15367",0.0546875,2022-01-26
"15368",6.16796875,2022-01-27
"15369",0.072265625,2022-01-28
"15370",0.0078125,2022-01-29
"15371",0,2022-01-30
"15372",0.001953125,2022-01-31
"15373",0.0419921875,2022-02-01
"15374",0,2022-02-02
"15375",0.2900390625,2022-02-03
"15376",0,2022-02-04
"15377",0,2022-02-05
"15378",0,2022-02-06
"15379",0,2022-02-07
"15380",0.009765625,2022-02-08
"15381",3.697265625,2022-02-09
"15382",0.0078125,2022-02-10
"15383",0,2022-02-11
"15384",0,2022-02-12
"15385",0,2022-02-13
"15386",0,2022-02-14
"15387",0.0263671875,2022-02-15
"15388",3.830078125,2022-02-16
"15389",1.26953125,2022-02-17
"15390",0.1513671875,2022-02-18
"15391",0.0009765625,2022-02-19
"15392",0,2022-02-20
"15393",0.123046875,2022-02-21
"15394",0.00390625,2022-02-22
"15395",0.00390625,2022-02-23
"15396",0.001953125,2022-02-24
"15397",0,2022-02-25
"15398",0.0009765625,2022-02-26
"15399",0,2022-02-27
"15400",0.337890625,2022-02-28
"15401",0.5234375,2022-03-01
"15402",0.0634765625,2022-03-02
"15403",0.0009765625,2022-03-03
"15404",0.0830078125,2022-03-04
"15405",0.158203125,2022-03-05
"15406",0.9267578125,2022-03-06
"15407",0.0263671875,2022-03-07
"15408",0.0146484375,2022-03-08
"15409",0.0986328125,2022-03-09
"15410",0,2022-03-10
"15411",0,2022-03-11
"15412",0,2022-03-12
"15413",0,2022-03-13
"15414",0,2022-03-14
"15415",0.0185546875,2022-03-15
"15416",0.015625,2022-03-16
"15417",12.296875,2022-03-17
"15418",0.2421875,2022-03-18
"15419",0.013671875,2022-03-19
"15420",0,2022-03-20
"15421",0,2022-03-21
"15422",0.0087890625,2022-03-22
"15423",0.208984375,2022-03-23
"15424",0.044921875,2022-03-24
"15425",0.17578125,2022-03-25
"15426",0.0009765625,2022-03-26
"15427",0,2022-03-27
"15428",0,2022-03-28
"15429",0.0029296875,2022-03-29
"15430",0.09765625,2022-03-30
"15431",0.0771484375,2022-03-31
"15432",0,2022-04-01
"15433",0,2022-04-02
"15434",0,2022-04-03
"15435",0.0009765625,2022-04-04
"15436",0.0234375,2022-04-05
"15437",2.4365234375,2022-04-06
"15438",0.048828125,2022-04-07
"15439",0.0009765625,2022-04-08
"15440",0.0009765625,2022-04-09
"15441",0.0009765625,2022-04-10
"15442",0.5146484375,2022-04-11
"15443",0.162109375,2022-04-12
"15444",0.0693359375,2022-04-13
"15445",0.154296875,2022-04-14
"15446",7.8701171875,2022-04-15
"15447",0.17578125,2022-04-16
"15448",0.0341796875,2022-04-17
"15449",0.984375,2022-04-18
"15450",2.1923828125,2022-04-19
"15451",0.955078125,2022-04-20
"15452",0.201171875,2022-04-21
"15453",0.4541015625,2022-04-22
"15454",0.0009765625,2022-04-23
"15455",0.0126953125,2022-04-24
"15456",0.1904296875,2022-04-25
"15457",0.0576171875,2022-04-26
"15458",0.1826171875,2022-04-27
"15459",0.0185546875,2022-04-28
"15460",0.091796875,2022-04-29
"15461",0.916015625,2022-04-30
"15462",0.0849609375,2022-05-01
"15463",0.7138671875,2022-05-02
"15464",0.14453125,2022-05-03
"15465",3.05078125,2022-05-04
"15466",2.06640625,2022-05-05
"15467",2.78515625,2022-05-06
"15468",0.8701171875,2022-05-07
"15469",0.7822265625,2022-05-08
"15470",0.0810546875,2022-05-09
"15471",0.0126953125,2022-05-10
"15472",0.017578125,2022-05-11
"15473",0.2099609375,2022-05-12
"15474",0.0595703125,2022-05-13
"15475",0.7392578125,2022-05-14
"15476",0.515625,2022-05-15
"15477",4.4462890625,2022-05-16
"15478",1.900390625,2022-05-17
"15479",0.7421875,2022-05-18
"15480",0.203125,2022-05-19
"15481",0.0517578125,2022-05-20
"15482",0.001953125,2022-05-21
"15483",0.0009765625,2022-05-22
"15484",0.0029296875,2022-05-23
"15485",0.009765625,2022-05-24
"15486",5.3291015625,2022-05-25
"15487",3.6865234375,2022-05-26
"15488",1.076171875,2022-05-27
"15489",2.8017578125,2022-05-28
"15490",1.25390625,2022-05-29
"15491",33.9921875,2022-05-30
"15492",3.97265625,2022-05-31
"15493",2.55078125,2022-06-01
"15494",0.1904296875,2022-06-02
"15495",0.22265625,2022-06-03
"15496",7.1396484375,2022-06-04
"15497",18.6748046875,2022-06-05
"15498",8.736328125,2022-06-06
"15499",6.0859375,2022-06-07
"15500",0.5498046875,2022-06-08
"15501",0.6171875,2022-06-09
"15502",2.1435546875,2022-06-10
"15503",0.974609375,2022-06-11
"15504",0.0595703125,2022-06-12
"15505",0.0322265625,2022-06-13
"15506",0.6865234375,2022-06-14
"15507",7.2802734375,2022-06-15
"15508",2.8310546875,2022-06-16
"15509",0.3408203125,2022-06-17
"15510",0.0185546875,2022-06-18
"15511",0.064453125,2022-06-19
"15512",6.2158203125,2022-06-20
"15513",4.0888671875,2022-06-21
"15514",4.9892578125,2022-06-22
"15515",0.927734375,2022-06-23
"15516",0.2236328125,2022-06-24
"15517",0.701171875,2022-06-25
"15518",2.763671875,2022-06-26
"15519",1.1826171875,2022-06-27
"15520",0.1630859375,2022-06-28
"15521",0.4833984375,2022-06-29
"15522",7.125,2022-06-30
"15523",1.2275390625,2022-07-01
"15524",0.708984375,2022-07-02
"15525",2.048828125,2022-07-03
"15526",0.8056640625,2022-07-04
"15527",0.03125,2022-07-05
"15528",0.0830078125,2022-07-06
"15529",0.611328125,2022-07-07
"15530",0.2412109375,2022-07-08
"15531",1.1357421875,2022-07-09
"15532",0.0556640625,2022-07-10
"15533",0.2265625,2022-07-11
"15534",5.9375,2022-07-12
"15535",2.708984375,2022-07-13
"15536",0.0712890625,2022-07-14
"15537",0.1552734375,2022-07-15
"15538",0.7890625,2022-07-16
"15539",7.0576171875,2022-07-17
"15540",4.1728515625,2022-07-18
"15541",0.3154296875,2022-07-19
"15542",0.005859375,2022-07-20
"15543",0.001953125,2022-07-21
"15544",0,2022-07-22
"15545",1.697265625,2022-07-23
"15546",0.2734375,2022-07-24
"15547",6.86328125,2022-07-25
"15548",1.0341796875,2022-07-26
"15549",0.0458984375,2022-07-27
"15550",0.4716796875,2022-07-28
"15551",4.3701171875,2022-07-29
"15552",0.0966796875,2022-07-30
"15553",7.4013671875,2022-07-31
"15554",4.802734375,2022-08-01
"15555",0.9716796875,2022-08-02
"15556",5.4287109375,2022-08-03
"15557",0.4482421875,2022-08-04
"15558",19.3505859375,2022-08-05
"15559",4.8583984375,2022-08-06
"15560",2.1044921875,2022-08-07
"15561",2.265625,2022-08-08
"15562",0.1318359375,2022-08-09
"15563",2.7109375,2022-08-10
"15564",4.74609375,2022-08-11
"15565",5.78125,2022-08-12
"15566",3.4794921875,2022-08-13
"15567",1.6181640625,2022-08-14
"15568",4.73828125,2022-08-15
"15569",1.509765625,2022-08-16
"15570",0.23828125,2022-08-17
"15571",5.4775390625,2022-08-18
"15572",6.4248046875,2022-08-19
"15573",3.548828125,2022-08-20
"15574",0.302734375,2022-08-21
"15575",4.4130859375,2022-08-22
"15576",8.76171875,2022-08-23
"15577",0.8876953125,2022-08-24
"15578",1.3349609375,2022-08-25
"15579",1.4697265625,2022-08-26
"15580",0.1005859375,2022-08-27
"15581",0.001953125,2022-08-28
"15582",1.6376953125,2022-08-29
"15583",4.8076171875,2022-08-30
"15584",0.509765625,2022-08-31
"15585",0.78515625,2022-09-01
"15586",2.4423828125,2022-09-02
"15587",0.013671875,2022-09-03
"15588",0.134765625,2022-09-04
"15589",0.033203125,2022-09-05
"15590",0.0185546875,2022-09-06
"15591",0.189453125,2022-09-07
"15592",11.1982421875,2022-09-08
"15593",11.8408203125,2022-09-09
"15594",2.294921875,2022-09-10
"15595",0.0234375,2022-09-11
"15596",0.7021484375,2022-09-12
"15597",0.1474609375,2022-09-13
"15598",1.10546875,2022-09-14
"15599",4.251953125,2022-09-15
"15600",12.1416015625,2022-09-16
"15601",4.2763671875,2022-09-17
"15602",1.017578125,2022-09-18
"15603",2.1865234375,2022-09-19
"15604",0,2022-09-20
"15605",4.443359375,2022-09-21
"15606",0.3603515625,2022-09-22
"15607",0.3359375,2022-09-23
"15608",0.1416015625,2022-09-24
"15609",0.27734375,2022-09-25
"15610",4.9248046875,2022-09-26
"15611",1.9970703125,2022-09-27
"15612",0.4921875,2022-09-28
"15613",0.029296875,2022-09-29
"15614",0.0478515625,2022-09-30
"15615",0.015625,2022-10-01
"15616",0.09765625,2022-10-02
"15617",0.1064453125,2022-10-03
"15618",5.830078125,2022-10-04
"15619",21.177734375,2022-10-05
"15620",0.0322265625,2022-10-06
"15621",3.00390625,2022-10-07
"15622",1.1787109375,2022-10-08
"15623",0.20703125,2022-10-09
"15624",0.0771484375,2022-10-10
"15625",0.267578125,2022-10-11
"15626",2.6484375,2022-10-12
"15627",2.23828125,2022-10-13
"15628",5.0810546875,2022-10-14
"15629",0.158203125,2022-10-15
"15630",0.1103515625,2022-10-16
"15631",0.1240234375,2022-10-17
"15632",0.568359375,2022-10-18
"15633",0.044921875,2022-10-19
"15634",0.0087890625,2022-10-20
"15635",0.037109375,2022-10-21
"15636",0.1142578125,2022-10-22
"15637",1.478515625,2022-10-23
"15638",3.521484375,2022-10-24
"15639",0.73828125,2022-10-25
"15640",0.9326171875,2022-10-26
"15641",0.53515625,2022-10-27
"15642",0.4912109375,2022-10-28
"15643",0.0302734375,2022-10-29
"15644",0.13671875,2022-10-30
"15645",8.0107421875,2022-10-31
"15646",8.1240234375,2022-11-01
"15647",2.939453125,2022-11-02
"15648",2.4443359375,2022-11-03
"15649",0.0380859375,2022-11-04
"15650",0,2022-11-05
"15651",0,2022-11-06
"15652",0,2022-11-07
"15653",0.005859375,2022-11-08
"15654",0.0068359375,2022-11-09
"15655",2.1767578125,2022-11-10
"15656",0.107421875,2022-11-11
"15657",3.0439453125,2022-11-12
"15658",32.5634765625,2022-11-13
"15659",4.7177734375,2022-11-14
"15660",0.654296875,2022-11-15
"15661",0.2158203125,2022-11-16
"15662",0.017578125,2022-11-17
"15663",0.08203125,2022-11-18
"15664",8.36328125,2022-11-19
"15665",4.634765625,2022-11-20
"15666",4.966796875,2022-11-21
"15667",0.1884765625,2022-11-22
"15668",0.966796875,2022-11-23
"15669",0.009765625,2022-11-24
"15670",0.013671875,2022-11-25
"15671",0.015625,2022-11-26
"15672",0.4052734375,2022-11-27
"15673",0.1650390625,2022-11-28
"15674",0.02734375,2022-11-29
"15675",0.0009765625,2022-11-30
"15676",0,2022-12-01
"15677",0,2022-12-02
"15678",0.0009765625,2022-12-03
"15679",0,2022-12-04
"15680",0.0009765625,2022-12-05
"15681",0.00390625,2022-12-06
"15682",0.0078125,2022-12-07
"15683",0.0107421875,2022-12-08
"15684",0.072265625,2022-12-09
"15685",0.0673828125,2022-12-10
"15686",0.8271484375,2022-12-11
"15687",2.8779296875,2022-12-12
"15688",0.3564453125,2022-12-13
"15689",0.28515625,2022-12-14
"15690",0.0732421875,2022-12-15
"15691",0.0126953125,2022-12-16
"15692",0,2022-12-17
"15693",0,2022-12-18
"15694",0.0009765625,2022-12-19
"15695",0.00390625,2022-12-20
"15696",2.849609375,2022-12-21
"15697",1.07421875,2022-12-22
"15698",0.0068359375,2022-12-23
"15699",0,2022-12-24
"15700",0,2022-12-25
"15701",0.005859375,2022-12-26
"15702",0.0439453125,2022-12-27
"15703",2.021484375,2022-12-28
"15704",0.0078125,2022-12-29
"15705",0.0009765625,2022-12-30
"15706",0,2022-12-31
