"","tmax","time"
"1",41.626953125,1987-01-01
"2",41.6865234375,1987-01-02
"3",35.0673828125,1987-01-03
"4",34.4873046875,1987-01-04
"5",38.2265625,1987-01-05
"6",42.4970703125,1987-01-06
"7",43.8671875,1987-01-07
"8",43.626953125,1987-01-08
"9",43.7470703125,1987-01-09
"10",42.607421875,1987-01-10
"11",43.537109375,1987-01-11
"12",42.7666015625,1987-01-12
"13",31.8271484375,1987-01-13
"14",36.9072265625,1987-01-14
"15",38.857421875,1987-01-15
"16",42.287109375,1987-01-16
"17",42.4365234375,1987-01-17
"18",42.537109375,1987-01-18
"19",42.6171875,1987-01-19
"20",42.4873046875,1987-01-20
"21",43.287109375,1987-01-21
"22",41.1669921875,1987-01-22
"23",40.6171875,1987-01-23
"24",39.7373046875,1987-01-24
"25",42.876953125,1987-01-25
"26",42.2265625,1987-01-26
"27",38.7470703125,1987-01-27
"28",31.7568359375,1987-01-28
"29",37.0966796875,1987-01-29
"30",40.45703125,1987-01-30
"31",39.1767578125,1987-01-31
"32",38.748046875,1987-02-01
"33",38.1376953125,1987-02-02
"34",39.9677734375,1987-02-03
"35",40.837890625,1987-02-04
"36",40.8876953125,1987-02-05
"37",40.3681640625,1987-02-06
"38",40.408203125,1987-02-07
"39",40.587890625,1987-02-08
"40",40.4384765625,1987-02-09
"41",41.0380859375,1987-02-10
"42",38.8779296875,1987-02-11
"43",30.658203125,1987-02-12
"44",26.5283203125,1987-02-13
"45",24.6484375,1987-02-14
"46",28.568359375,1987-02-15
"47",31.5283203125,1987-02-16
"48",33.828125,1987-02-17
"49",37.8984375,1987-02-18
"50",38.5576171875,1987-02-19
"51",38.1083984375,1987-02-20
"52",36.318359375,1987-02-21
"53",34.5380859375,1987-02-22
"54",35.837890625,1987-02-23
"55",36.7880859375,1987-02-24
"56",36.7880859375,1987-02-25
"57",36.4775390625,1987-02-26
"58",36.7275390625,1987-02-27
"59",34.677734375,1987-02-28
"60",27.8212890625,1987-03-01
"61",26.451171875,1987-03-02
"62",28.9609375,1987-03-03
"63",30.640625,1987-03-04
"64",31.3310546875,1987-03-05
"65",32.140625,1987-03-06
"66",34.5009765625,1987-03-07
"67",33.111328125,1987-03-08
"68",33.44140625,1987-03-09
"69",34.041015625,1987-03-10
"70",35.8212890625,1987-03-11
"71",34.890625,1987-03-12
"72",34.94140625,1987-03-13
"73",36.0810546875,1987-03-14
"74",36.78125,1987-03-15
"75",38.4208984375,1987-03-16
"76",39.021484375,1987-03-17
"77",39.6708984375,1987-03-18
"78",39.2412109375,1987-03-19
"79",33.201171875,1987-03-20
"80",30.310546875,1987-03-21
"81",30.970703125,1987-03-22
"82",32.03125,1987-03-23
"83",35.69140625,1987-03-24
"84",37.6005859375,1987-03-25
"85",37.140625,1987-03-26
"86",38.05078125,1987-03-27
"87",40.6708984375,1987-03-28
"88",30.55078125,1987-03-29
"89",28.1806640625,1987-03-30
"90",26.951171875,1987-03-31
"91",31.328125,1987-04-01
"92",35.578125,1987-04-02
"93",35.7275390625,1987-04-03
"94",34.6376953125,1987-04-04
"95",36.568359375,1987-04-05
"96",37.2275390625,1987-04-06
"97",36.927734375,1987-04-07
"98",34.6982421875,1987-04-08
"99",32.0380859375,1987-04-09
"100",32.2578125,1987-04-10
"101",35.2080078125,1987-04-11
"102",35.41796875,1987-04-12
"103",34.7177734375,1987-04-13
"104",34.2978515625,1987-04-14
"105",33.9775390625,1987-04-15
"106",32.9775390625,1987-04-16
"107",31.2275390625,1987-04-17
"108",31.6484375,1987-04-18
"109",32.2177734375,1987-04-19
"110",31.5283203125,1987-04-20
"111",30.1279296875,1987-04-21
"112",31.767578125,1987-04-22
"113",31.2880859375,1987-04-23
"114",29.48828125,1987-04-24
"115",31.068359375,1987-04-25
"116",31.4775390625,1987-04-26
"117",33.6083984375,1987-04-27
"118",28.568359375,1987-04-28
"119",29.7783203125,1987-04-29
"120",31.2783203125,1987-04-30
"121",32.3115234375,1987-05-01
"122",35.681640625,1987-05-02
"123",26.26171875,1987-05-03
"124",25.8623046875,1987-05-04
"125",26.4423828125,1987-05-05
"126",28.5419921875,1987-05-06
"127",29.341796875,1987-05-07
"128",27.7421875,1987-05-08
"129",29.2421875,1987-05-09
"130",30.0615234375,1987-05-10
"131",32.58203125,1987-05-11
"132",33.982421875,1987-05-12
"133",31.6923828125,1987-05-13
"134",25.8623046875,1987-05-14
"135",24.2724609375,1987-05-15
"136",23.4521484375,1987-05-16
"137",22.1015625,1987-05-17
"138",21.9619140625,1987-05-18
"139",23.4423828125,1987-05-19
"140",24.841796875,1987-05-20
"141",23.8017578125,1987-05-21
"142",24.171875,1987-05-22
"143",23.662109375,1987-05-23
"144",26.1015625,1987-05-24
"145",26.162109375,1987-05-25
"146",26.3818359375,1987-05-26
"147",18.58203125,1987-05-27
"148",17.322265625,1987-05-28
"149",18.412109375,1987-05-29
"150",19.76171875,1987-05-30
"151",21.5322265625,1987-05-31
"152",23.7998046875,1987-06-01
"153",26.7998046875,1987-06-02
"154",25.51953125,1987-06-03
"155",23.8203125,1987-06-04
"156",25.0400390625,1987-06-05
"157",26.8701171875,1987-06-06
"158",25.7099609375,1987-06-07
"159",25.9697265625,1987-06-08
"160",27.58984375,1987-06-09
"161",28.6396484375,1987-06-10
"162",26.83984375,1987-06-11
"163",24.4501953125,1987-06-12
"164",23.83984375,1987-06-13
"165",16.2001953125,1987-06-14
"166",16.2197265625,1987-06-15
"167",17.990234375,1987-06-16
"168",18.9599609375,1987-06-17
"169",21.990234375,1987-06-18
"170",26.8701171875,1987-06-19
"171",31.26953125,1987-06-20
"172",25.41015625,1987-06-21
"173",19.5703125,1987-06-22
"174",20.08984375,1987-06-23
"175",17.7998046875,1987-06-24
"176",16.76953125,1987-06-25
"177",18.3701171875,1987-06-26
"178",18.490234375,1987-06-27
"179",19.0498046875,1987-06-28
"180",18.75,1987-06-29
"181",19.1796875,1987-06-30
"182",20.53125,1987-07-01
"183",20.3505859375,1987-07-02
"184",20.28125,1987-07-03
"185",20.201171875,1987-07-04
"186",20.5009765625,1987-07-05
"187",20.390625,1987-07-06
"188",22.1611328125,1987-07-07
"189",23.87109375,1987-07-08
"190",24.2314453125,1987-07-09
"191",25.8505859375,1987-07-10
"192",25.0107421875,1987-07-11
"193",24.4306640625,1987-07-12
"194",22.890625,1987-07-13
"195",23.9306640625,1987-07-14
"196",27.111328125,1987-07-15
"197",27.380859375,1987-07-16
"198",29.94140625,1987-07-17
"199",30.271484375,1987-07-18
"200",19.4609375,1987-07-19
"201",17.78125,1987-07-20
"202",17.630859375,1987-07-21
"203",17.5908203125,1987-07-22
"204",17.6708984375,1987-07-23
"205",18.9609375,1987-07-24
"206",21.4306640625,1987-07-25
"207",22.451171875,1987-07-26
"208",21.69140625,1987-07-27
"209",19.1513671875,1987-07-28
"210",19.130859375,1987-07-29
"211",24.4208984375,1987-07-30
"212",27.6513671875,1987-07-31
"213",32.216796875,1987-08-01
"214",21.6669921875,1987-08-02
"215",20.0771484375,1987-08-03
"216",19.107421875,1987-08-04
"217",19.5673828125,1987-08-05
"218",21.4267578125,1987-08-06
"219",22.20703125,1987-08-07
"220",23.787109375,1987-08-08
"221",22.8671875,1987-08-09
"222",20.1474609375,1987-08-10
"223",20.38671875,1987-08-11
"224",23.037109375,1987-08-12
"225",25.5068359375,1987-08-13
"226",27.947265625,1987-08-14
"227",29.13671875,1987-08-15
"228",27.966796875,1987-08-16
"229",22.5771484375,1987-08-17
"230",22.216796875,1987-08-18
"231",21.2265625,1987-08-19
"232",21.8369140625,1987-08-20
"233",26.126953125,1987-08-21
"234",29.6171875,1987-08-22
"235",21.7265625,1987-08-23
"236",23.4169921875,1987-08-24
"237",30.447265625,1987-08-25
"238",34.9267578125,1987-08-26
"239",31.2373046875,1987-08-27
"240",23.9873046875,1987-08-28
"241",22.9970703125,1987-08-29
"242",23.6669921875,1987-08-30
"243",24.63671875,1987-08-31
"244",24.537109375,1987-09-01
"245",28.38671875,1987-09-02
"246",32.9072265625,1987-09-03
"247",33.0771484375,1987-09-04
"248",29.556640625,1987-09-05
"249",23.7568359375,1987-09-06
"250",20.1865234375,1987-09-07
"251",23.216796875,1987-09-08
"252",24.4365234375,1987-09-09
"253",26.556640625,1987-09-10
"254",27.056640625,1987-09-11
"255",29.3466796875,1987-09-12
"256",29.2470703125,1987-09-13
"257",26.70703125,1987-09-14
"258",28.3271484375,1987-09-15
"259",29.1669921875,1987-09-16
"260",28.3466796875,1987-09-17
"261",30.5771484375,1987-09-18
"262",32.466796875,1987-09-19
"263",31.107421875,1987-09-20
"264",30.626953125,1987-09-21
"265",32.9267578125,1987-09-22
"266",32.697265625,1987-09-23
"267",33.20703125,1987-09-24
"268",33.13671875,1987-09-25
"269",33.8271484375,1987-09-26
"270",35.0166015625,1987-09-27
"271",37.2666015625,1987-09-28
"272",25.9169921875,1987-09-29
"273",24.7470703125,1987-09-30
"274",27.3427734375,1987-10-01
"275",28.283203125,1987-10-02
"276",29.4033203125,1987-10-03
"277",34.533203125,1987-10-04
"278",29.1826171875,1987-10-05
"279",35.4931640625,1987-10-06
"280",40.6630859375,1987-10-07
"281",39.1328125,1987-10-08
"282",36.6826171875,1987-10-09
"283",37.4326171875,1987-10-10
"284",38.373046875,1987-10-11
"285",36.943359375,1987-10-12
"286",36.4931640625,1987-10-13
"287",39.552734375,1987-10-14
"288",40.203125,1987-10-15
"289",30.943359375,1987-10-16
"290",31.453125,1987-10-17
"291",32.5634765625,1987-10-18
"292",31.8427734375,1987-10-19
"293",33.0234375,1987-10-20
"294",39.2626953125,1987-10-21
"295",41.1728515625,1987-10-22
"296",38.9228515625,1987-10-23
"297",32.873046875,1987-10-24
"298",33.5927734375,1987-10-25
"299",34.6630859375,1987-10-26
"300",36.7333984375,1987-10-27
"301",39.3525390625,1987-10-28
"302",41.4228515625,1987-10-29
"303",39.79296875,1987-10-30
"304",37.1533203125,1987-10-31
"305",37.2080078125,1987-11-01
"306",39.8779296875,1987-11-02
"307",33.7275390625,1987-11-03
"308",28.337890625,1987-11-04
"309",30.1884765625,1987-11-05
"310",34.5576171875,1987-11-06
"311",37.748046875,1987-11-07
"312",39.98828125,1987-11-08
"313",41.66796875,1987-11-09
"314",40.267578125,1987-11-10
"315",35.017578125,1987-11-11
"316",31.908203125,1987-11-12
"317",35.517578125,1987-11-13
"318",39.578125,1987-11-14
"319",39.068359375,1987-11-15
"320",42.2080078125,1987-11-16
"321",40.5283203125,1987-11-17
"322",42.1181640625,1987-11-18
"323",43.59765625,1987-11-19
"324",40.9580078125,1987-11-20
"325",41.828125,1987-11-21
"326",42.98828125,1987-11-22
"327",45.09765625,1987-11-23
"328",34.087890625,1987-11-24
"329",34.3076171875,1987-11-25
"330",36.0478515625,1987-11-26
"331",33.4482421875,1987-11-27
"332",38.9580078125,1987-11-28
"333",42.828125,1987-11-29
"334",35.2978515625,1987-11-30
"335",28.939453125,1987-12-01
"336",29.1689453125,1987-12-02
"337",29.2890625,1987-12-03
"338",32.939453125,1987-12-04
"339",34.9287109375,1987-12-05
"340",37.1689453125,1987-12-06
"341",38.4091796875,1987-12-07
"342",41.6689453125,1987-12-08
"343",41.3994140625,1987-12-09
"344",40.548828125,1987-12-10
"345",41.458984375,1987-12-11
"346",40.37890625,1987-12-12
"347",41.94921875,1987-12-13
"348",41.9091796875,1987-12-14
"349",39.69921875,1987-12-15
"350",32.529296875,1987-12-16
"351",30.6787109375,1987-12-17
"352",36.869140625,1987-12-18
"353",40.6689453125,1987-12-19
"354",41.7587890625,1987-12-20
"355",41.55859375,1987-12-21
"356",42.609375,1987-12-22
"357",41.279296875,1987-12-23
"358",38.4287109375,1987-12-24
"359",36.4189453125,1987-12-25
"360",38.7587890625,1987-12-26
"361",38.3193359375,1987-12-27
"362",25.958984375,1987-12-28
"363",32.7685546875,1987-12-29
"364",34.46875,1987-12-30
"365",37.6689453125,1987-12-31
"366",40.38671875,1988-01-01
"367",41.13671875,1988-01-02
"368",40.1171875,1988-01-03
"369",40.6474609375,1988-01-04
"370",41.2470703125,1988-01-05
"371",41.056640625,1988-01-06
"372",40.2568359375,1988-01-07
"373",41.4970703125,1988-01-08
"374",42.626953125,1988-01-09
"375",44.447265625,1988-01-10
"376",43.716796875,1988-01-11
"377",43.88671875,1988-01-12
"378",43.1474609375,1988-01-13
"379",43.447265625,1988-01-14
"380",41.1865234375,1988-01-15
"381",41.0869140625,1988-01-16
"382",41.0673828125,1988-01-17
"383",39.947265625,1988-01-18
"384",40.1865234375,1988-01-19
"385",44.1865234375,1988-01-20
"386",44.716796875,1988-01-21
"387",44.7373046875,1988-01-22
"388",46.0166015625,1988-01-23
"389",39.1474609375,1988-01-24
"390",37.1474609375,1988-01-25
"391",39.0966796875,1988-01-26
"392",40.4765625,1988-01-27
"393",40.8671875,1988-01-28
"394",41.6572265625,1988-01-29
"395",43.6572265625,1988-01-30
"396",42.52734375,1988-01-31
"397",44.1376953125,1988-02-01
"398",43.517578125,1988-02-02
"399",42.5576171875,1988-02-03
"400",42.767578125,1988-02-04
"401",41.66796875,1988-02-05
"402",33.7978515625,1988-02-06
"403",29.8779296875,1988-02-07
"404",31.3876953125,1988-02-08
"405",34.1982421875,1988-02-09
"406",39.59765625,1988-02-10
"407",40.3779296875,1988-02-11
"408",33.8984375,1988-02-12
"409",36.318359375,1988-02-13
"410",37.578125,1988-02-14
"411",35.84765625,1988-02-15
"412",36.3876953125,1988-02-16
"413",36.6982421875,1988-02-17
"414",38.6884765625,1988-02-18
"415",39.91796875,1988-02-19
"416",39.0380859375,1988-02-20
"417",37.3681640625,1988-02-21
"418",37.9677734375,1988-02-22
"419",39.6982421875,1988-02-23
"420",40.6884765625,1988-02-24
"421",41.267578125,1988-02-25
"422",43.2783203125,1988-02-26
"423",42.158203125,1988-02-27
"424",36.068359375,1988-02-28
"425",37.59765625,1988-02-29
"426",39.62109375,1988-03-01
"427",39.271484375,1988-03-02
"428",39.451171875,1988-03-03
"429",38.970703125,1988-03-04
"430",38.611328125,1988-03-05
"431",39.1806640625,1988-03-06
"432",39.62109375,1988-03-07
"433",39.94140625,1988-03-08
"434",40.8505859375,1988-03-09
"435",41.220703125,1988-03-10
"436",39.87109375,1988-03-11
"437",32.111328125,1988-03-12
"438",30.03125,1988-03-13
"439",31.05078125,1988-03-14
"440",33.44140625,1988-03-15
"441",34.970703125,1988-03-16
"442",36.3408203125,1988-03-17
"443",35.4912109375,1988-03-18
"444",36.0810546875,1988-03-19
"445",35.5009765625,1988-03-20
"446",35.3408203125,1988-03-21
"447",35.291015625,1988-03-22
"448",35.8408203125,1988-03-23
"449",36.8310546875,1988-03-24
"450",36.19140625,1988-03-25
"451",37.810546875,1988-03-26
"452",37.0107421875,1988-03-27
"453",37.310546875,1988-03-28
"454",34.451171875,1988-03-29
"455",27.5810546875,1988-03-30
"456",34.310546875,1988-03-31
"457",24.2080078125,1988-04-01
"458",25.7880859375,1988-04-02
"459",27.328125,1988-04-03
"460",29.017578125,1988-04-04
"461",29.2080078125,1988-04-05
"462",30.2578125,1988-04-06
"463",30.8876953125,1988-04-07
"464",31.017578125,1988-04-08
"465",28.6083984375,1988-04-09
"466",26.177734375,1988-04-10
"467",25.498046875,1988-04-11
"468",26.73828125,1988-04-12
"469",28.7080078125,1988-04-13
"470",31.3876953125,1988-04-14
"471",33.017578125,1988-04-15
"472",32.3583984375,1988-04-16
"473",31.318359375,1988-04-17
"474",31.4580078125,1988-04-18
"475",32.16796875,1988-04-19
"476",32.8583984375,1988-04-20
"477",32.828125,1988-04-21
"478",32.578125,1988-04-22
"479",32.267578125,1988-04-23
"480",32.2177734375,1988-04-24
"481",33.0478515625,1988-04-25
"482",33.3984375,1988-04-26
"483",30.517578125,1988-04-27
"484",22.927734375,1988-04-28
"485",23.8779296875,1988-04-29
"486",27.0283203125,1988-04-30
"487",30.40234375,1988-05-01
"488",33.01171875,1988-05-02
"489",34.7119140625,1988-05-03
"490",34.9423828125,1988-05-04
"491",35.921875,1988-05-05
"492",34.51171875,1988-05-06
"493",32.5419921875,1988-05-07
"494",32.091796875,1988-05-08
"495",28.2822265625,1988-05-09
"496",25.8623046875,1988-05-10
"497",23.58203125,1988-05-11
"498",21.8916015625,1988-05-12
"499",29.7919921875,1988-05-13
"500",30.3115234375,1988-05-14
"501",32.8115234375,1988-05-15
"502",26.3623046875,1988-05-16
"503",25.26171875,1988-05-17
"504",25.431640625,1988-05-18
"505",25.7119140625,1988-05-19
"506",23.181640625,1988-05-20
"507",23.181640625,1988-05-21
"508",28.90234375,1988-05-22
"509",25.2919921875,1988-05-23
"510",22.9423828125,1988-05-24
"511",21.8916015625,1988-05-25
"512",24.15234375,1988-05-26
"513",22.4716796875,1988-05-27
"514",22.7021484375,1988-05-28
"515",23.0517578125,1988-05-29
"516",23.8623046875,1988-05-30
"517",24.7216796875,1988-05-31
"518",25.759765625,1988-06-01
"519",26.6201171875,1988-06-02
"520",26.1103515625,1988-06-03
"521",26.73046875,1988-06-04
"522",23.419921875,1988-06-05
"523",26.6298828125,1988-06-06
"524",29.2197265625,1988-06-07
"525",31.419921875,1988-06-08
"526",27.599609375,1988-06-09
"527",24.0400390625,1988-06-10
"528",24.259765625,1988-06-11
"529",23.6103515625,1988-06-12
"530",24.5595703125,1988-06-13
"531",24.5302734375,1988-06-14
"532",22.5400390625,1988-06-15
"533",20.1396484375,1988-06-16
"534",20.349609375,1988-06-17
"535",22.4296875,1988-06-18
"536",25.080078125,1988-06-19
"537",28.349609375,1988-06-20
"538",26.8896484375,1988-06-21
"539",21.7802734375,1988-06-22
"540",17.830078125,1988-06-23
"541",20.599609375,1988-06-24
"542",23.41015625,1988-06-25
"543",23.990234375,1988-06-26
"544",25.7001953125,1988-06-27
"545",25.8203125,1988-06-28
"546",23.8896484375,1988-06-29
"547",20.25,1988-06-30
"548",19.970703125,1988-07-01
"549",19.791015625,1988-07-02
"550",23.37109375,1988-07-03
"551",17.8408203125,1988-07-04
"552",17.0712890625,1988-07-05
"553",18.6005859375,1988-07-06
"554",20.9306640625,1988-07-07
"555",22.880859375,1988-07-08
"556",25.3408203125,1988-07-09
"557",21.6611328125,1988-07-10
"558",19.630859375,1988-07-11
"559",20.8310546875,1988-07-12
"560",23.0009765625,1988-07-13
"561",24.880859375,1988-07-14
"562",26.9208984375,1988-07-15
"563",27.12109375,1988-07-16
"564",25.94140625,1988-07-17
"565",26.0908203125,1988-07-18
"566",26.630859375,1988-07-19
"567",27.140625,1988-07-20
"568",24.771484375,1988-07-21
"569",20.060546875,1988-07-22
"570",19.8408203125,1988-07-23
"571",22.361328125,1988-07-24
"572",27.94140625,1988-07-25
"573",26.03125,1988-07-26
"574",19.87109375,1988-07-27
"575",24.470703125,1988-07-28
"576",24.9013671875,1988-07-29
"577",25.0908203125,1988-07-30
"578",23.4306640625,1988-07-31
"579",24.95703125,1988-08-01
"580",26.5068359375,1988-08-02
"581",27.626953125,1988-08-03
"582",25.787109375,1988-08-04
"583",22.4970703125,1988-08-05
"584",18.9169921875,1988-08-06
"585",20.38671875,1988-08-07
"586",18.466796875,1988-08-08
"587",19.197265625,1988-08-09
"588",19.876953125,1988-08-10
"589",21.9169921875,1988-08-11
"590",24.0068359375,1988-08-12
"591",28.876953125,1988-08-13
"592",31.38671875,1988-08-14
"593",32.716796875,1988-08-15
"594",33.626953125,1988-08-16
"595",31.1572265625,1988-08-17
"596",25.466796875,1988-08-18
"597",26.716796875,1988-08-19
"598",31.45703125,1988-08-20
"599",23.88671875,1988-08-21
"600",21.6767578125,1988-08-22
"601",17.3271484375,1988-08-23
"602",19.3974609375,1988-08-24
"603",20.6572265625,1988-08-25
"604",23.7666015625,1988-08-26
"605",24.70703125,1988-08-27
"606",22.4873046875,1988-08-28
"607",24.77734375,1988-08-29
"608",28.7265625,1988-08-30
"609",31.607421875,1988-08-31
"610",32.6865234375,1988-09-01
"611",26.126953125,1988-09-02
"612",26.8466796875,1988-09-03
"613",26.6171875,1988-09-04
"614",26.4169921875,1988-09-05
"615",28.107421875,1988-09-06
"616",28.197265625,1988-09-07
"617",32.2568359375,1988-09-08
"618",35.6171875,1988-09-09
"619",36.8369140625,1988-09-10
"620",32.5673828125,1988-09-11
"621",27.857421875,1988-09-12
"622",24.3466796875,1988-09-13
"623",25.126953125,1988-09-14
"624",27.4873046875,1988-09-15
"625",31.8369140625,1988-09-16
"626",24.7568359375,1988-09-17
"627",24.7373046875,1988-09-18
"628",25.857421875,1988-09-19
"629",28.216796875,1988-09-20
"630",30.857421875,1988-09-21
"631",33.857421875,1988-09-22
"632",37.3369140625,1988-09-23
"633",32.9169921875,1988-09-24
"634",32.1767578125,1988-09-25
"635",36.3173828125,1988-09-26
"636",35.27734375,1988-09-27
"637",38.4267578125,1988-09-28
"638",40.216796875,1988-09-29
"639",39.7470703125,1988-09-30
"640",35.72265625,1988-10-01
"641",36.7626953125,1988-10-02
"642",39.4833984375,1988-10-03
"643",43.123046875,1988-10-04
"644",42.8525390625,1988-10-05
"645",33.8525390625,1988-10-06
"646",38.0234375,1988-10-07
"647",40.3134765625,1988-10-08
"648",32.3427734375,1988-10-09
"649",32.9228515625,1988-10-10
"650",34.033203125,1988-10-11
"651",37.193359375,1988-10-12
"652",38.4130859375,1988-10-13
"653",40.0234375,1988-10-14
"654",38.943359375,1988-10-15
"655",40.47265625,1988-10-16
"656",35.533203125,1988-10-17
"657",35.693359375,1988-10-18
"658",39.1025390625,1988-10-19
"659",42.5029296875,1988-10-20
"660",42.142578125,1988-10-21
"661",28.6025390625,1988-10-22
"662",30.283203125,1988-10-23
"663",31.5732421875,1988-10-24
"664",32.4033203125,1988-10-25
"665",36.9326171875,1988-10-26
"666",39.72265625,1988-10-27
"667",40.1630859375,1988-10-28
"668",41.3828125,1988-10-29
"669",41.2333984375,1988-10-30
"670",40.302734375,1988-10-31
"671",40.248046875,1988-11-01
"672",39.158203125,1988-11-02
"673",38.9482421875,1988-11-03
"674",40.8876953125,1988-11-04
"675",32.7080078125,1988-11-05
"676",34.1884765625,1988-11-06
"677",37.927734375,1988-11-07
"678",41.0478515625,1988-11-08
"679",35.6376953125,1988-11-09
"680",35.09765625,1988-11-10
"681",37.73828125,1988-11-11
"682",40.2578125,1988-11-12
"683",42.818359375,1988-11-13
"684",32.3876953125,1988-11-14
"685",27.2177734375,1988-11-15
"686",27.748046875,1988-11-16
"687",29.5478515625,1988-11-17
"688",34.337890625,1988-11-18
"689",34.248046875,1988-11-19
"690",36.587890625,1988-11-20
"691",34.078125,1988-11-21
"692",33.8076171875,1988-11-22
"693",33.7783203125,1988-11-23
"694",36.818359375,1988-11-24
"695",34.267578125,1988-11-25
"696",37.1982421875,1988-11-26
"697",33.2275390625,1988-11-27
"698",33.6279296875,1988-11-28
"699",35.658203125,1988-11-29
"700",35.0478515625,1988-11-30
"701",34.19921875,1988-12-01
"702",38.2890625,1988-12-02
"703",43.4892578125,1988-12-03
"704",42.7490234375,1988-12-04
"705",39.21875,1988-12-05
"706",35.69921875,1988-12-06
"707",39.8388671875,1988-12-07
"708",39.7685546875,1988-12-08
"709",40.5390625,1988-12-09
"710",39.4892578125,1988-12-10
"711",34.6494140625,1988-12-11
"712",35.439453125,1988-12-12
"713",36.869140625,1988-12-13
"714",38.779296875,1988-12-14
"715",38.7890625,1988-12-15
"716",39.8388671875,1988-12-16
"717",40.779296875,1988-12-17
"718",40.119140625,1988-12-18
"719",41.30859375,1988-12-19
"720",42.859375,1988-12-20
"721",43.109375,1988-12-21
"722",40.87890625,1988-12-22
"723",38.19921875,1988-12-23
"724",35.109375,1988-12-24
"725",37.7890625,1988-12-25
"726",35.119140625,1988-12-26
"727",33.138671875,1988-12-27
"728",35.8193359375,1988-12-28
"729",35.69921875,1988-12-29
"730",38.7392578125,1988-12-30
"731",40.548828125,1988-12-31
"732",42.287109375,1989-01-01
"733",41.02734375,1989-01-02
"734",39.2568359375,1989-01-03
"735",35.7373046875,1989-01-04
"736",32.2666015625,1989-01-05
"737",35.5966796875,1989-01-06
"738",38.037109375,1989-01-07
"739",41.1572265625,1989-01-08
"740",43.376953125,1989-01-09
"741",37.6767578125,1989-01-10
"742",33.7470703125,1989-01-11
"743",34.13671875,1989-01-12
"744",37.3671875,1989-01-13
"745",39.8466796875,1989-01-14
"746",40.5771484375,1989-01-15
"747",40.8271484375,1989-01-16
"748",41.947265625,1989-01-17
"749",42.216796875,1989-01-18
"750",41.197265625,1989-01-19
"751",39.716796875,1989-01-20
"752",39.9365234375,1989-01-21
"753",40.02734375,1989-01-22
"754",39.5966796875,1989-01-23
"755",42.046875,1989-01-24
"756",40.5068359375,1989-01-25
"757",37.9169921875,1989-01-26
"758",38.216796875,1989-01-27
"759",39.1669921875,1989-01-28
"760",40.1572265625,1989-01-29
"761",41.046875,1989-01-30
"762",41.107421875,1989-01-31
"763",38.818359375,1989-02-01
"764",38.0380859375,1989-02-02
"765",34.3076171875,1989-02-03
"766",36.3583984375,1989-02-04
"767",39.337890625,1989-02-05
"768",41.0380859375,1989-02-06
"769",42.998046875,1989-02-07
"770",43.0478515625,1989-02-08
"771",42.767578125,1989-02-09
"772",36.337890625,1989-02-10
"773",35.2177734375,1989-02-11
"774",38.5380859375,1989-02-12
"775",41.2978515625,1989-02-13
"776",41.73828125,1989-02-14
"777",37.9677734375,1989-02-15
"778",38.8984375,1989-02-16
"779",39.6884765625,1989-02-17
"780",41.517578125,1989-02-18
"781",42.2578125,1989-02-19
"782",40.3779296875,1989-02-20
"783",35.068359375,1989-02-21
"784",35.2275390625,1989-02-22
"785",39.017578125,1989-02-23
"786",38.7275390625,1989-02-24
"787",38.017578125,1989-02-25
"788",38.587890625,1989-02-26
"789",39.0576171875,1989-02-27
"790",38.8681640625,1989-02-28
"791",38.03125,1989-03-01
"792",37.611328125,1989-03-02
"793",37.4609375,1989-03-03
"794",37.021484375,1989-03-04
"795",37.041015625,1989-03-05
"796",38.30078125,1989-03-06
"797",38.1708984375,1989-03-07
"798",36.451171875,1989-03-08
"799",37.0107421875,1989-03-09
"800",35.4111328125,1989-03-10
"801",34.220703125,1989-03-11
"802",33.5908203125,1989-03-12
"803",34.771484375,1989-03-13
"804",35.9609375,1989-03-14
"805",27.791015625,1989-03-15
"806",26.0107421875,1989-03-16
"807",27.78125,1989-03-17
"808",36.28125,1989-03-18
"809",33.7607421875,1989-03-19
"810",33.521484375,1989-03-20
"811",35.87109375,1989-03-21
"812",34.4814453125,1989-03-22
"813",34.6708984375,1989-03-23
"814",38.271484375,1989-03-24
"815",32.5810546875,1989-03-25
"816",29.1611328125,1989-03-26
"817",29.80078125,1989-03-27
"818",29.5810546875,1989-03-28
"819",30.9111328125,1989-03-29
"820",33.7109375,1989-03-30
"821",32.8212890625,1989-03-31
"822",33.3984375,1989-04-01
"823",33.66796875,1989-04-02
"824",34.837890625,1989-04-03
"825",34.9384765625,1989-04-04
"826",32.7177734375,1989-04-05
"827",27.1181640625,1989-04-06
"828",27.4580078125,1989-04-07
"829",29.3583984375,1989-04-08
"830",32.0283203125,1989-04-09
"831",32.1884765625,1989-04-10
"832",33.2783203125,1989-04-11
"833",26.84765625,1989-04-12
"834",25.7578125,1989-04-13
"835",28.3779296875,1989-04-14
"836",32.3076171875,1989-04-15
"837",33.6982421875,1989-04-16
"838",33.4775390625,1989-04-17
"839",31.34765625,1989-04-18
"840",31.998046875,1989-04-19
"841",32.998046875,1989-04-20
"842",33.248046875,1989-04-21
"843",30.748046875,1989-04-22
"844",30.9677734375,1989-04-23
"845",26.1982421875,1989-04-24
"846",28.1083984375,1989-04-25
"847",28.828125,1989-04-26
"848",29.568359375,1989-04-27
"849",29.0576171875,1989-04-28
"850",31.158203125,1989-04-29
"851",33.6484375,1989-04-30
"852",33.5224609375,1989-05-01
"853",34.2119140625,1989-05-02
"854",33.7021484375,1989-05-03
"855",29.0517578125,1989-05-04
"856",26.2216796875,1989-05-05
"857",26.341796875,1989-05-06
"858",23.5419921875,1989-05-07
"859",23.822265625,1989-05-08
"860",25.7724609375,1989-05-09
"861",24.7724609375,1989-05-10
"862",26.662109375,1989-05-11
"863",25.931640625,1989-05-12
"864",27.1923828125,1989-05-13
"865",24.1015625,1989-05-14
"866",25.65234375,1989-05-15
"867",26.0322265625,1989-05-16
"868",24.9921875,1989-05-17
"869",27.341796875,1989-05-18
"870",27.2119140625,1989-05-19
"871",26.232421875,1989-05-20
"872",27.8017578125,1989-05-21
"873",29.08203125,1989-05-22
"874",28.1015625,1989-05-23
"875",27.732421875,1989-05-24
"876",31.6923828125,1989-05-25
"877",22.5615234375,1989-05-26
"878",21.3720703125,1989-05-27
"879",23.8720703125,1989-05-28
"880",26.0517578125,1989-05-29
"881",28.2724609375,1989-05-30
"882",27.76171875,1989-05-31
"883",26.7197265625,1989-06-01
"884",29.98046875,1989-06-02
"885",21.33984375,1989-06-03
"886",14.1298828125,1989-06-04
"887",16.650390625,1989-06-05
"888",16.580078125,1989-06-06
"889",18.0498046875,1989-06-07
"890",21.4697265625,1989-06-08
"891",18.9599609375,1989-06-09
"892",18.1796875,1989-06-10
"893",17.3701171875,1989-06-11
"894",18.7900390625,1989-06-12
"895",19.3603515625,1989-06-13
"896",23.169921875,1989-06-14
"897",26.7197265625,1989-06-15
"898",27.5,1989-06-16
"899",27.9296875,1989-06-17
"900",22.400390625,1989-06-18
"901",19.5302734375,1989-06-19
"902",17.6201171875,1989-06-20
"903",17.2001953125,1989-06-21
"904",18.91015625,1989-06-22
"905",17.9599609375,1989-06-23
"906",16.7197265625,1989-06-24
"907",16.58984375,1989-06-25
"908",17.3798828125,1989-06-26
"909",18.1201171875,1989-06-27
"910",18.8095703125,1989-06-28
"911",21.900390625,1989-06-29
"912",24,1989-06-30
"913",25.6005859375,1989-07-01
"914",26.4814453125,1989-07-02
"915",26.541015625,1989-07-03
"916",25.6611328125,1989-07-04
"917",19.140625,1989-07-05
"918",18.0107421875,1989-07-06
"919",19.44140625,1989-07-07
"920",23.53125,1989-07-08
"921",24.3408203125,1989-07-09
"922",15.6513671875,1989-07-10
"923",17.470703125,1989-07-11
"924",17.9814453125,1989-07-12
"925",12.810546875,1989-07-13
"926",20.130859375,1989-07-14
"927",16.701171875,1989-07-15
"928",16.2607421875,1989-07-16
"929",17.8310546875,1989-07-17
"930",18.2109375,1989-07-18
"931",18.060546875,1989-07-19
"932",17.8310546875,1989-07-20
"933",20.9013671875,1989-07-21
"934",21.2607421875,1989-07-22
"935",19.9814453125,1989-07-23
"936",20.03125,1989-07-24
"937",19.05078125,1989-07-25
"938",21.80078125,1989-07-26
"939",23.541015625,1989-07-27
"940",26.9111328125,1989-07-28
"941",29.041015625,1989-07-29
"942",26.87109375,1989-07-30
"943",21.140625,1989-07-31
"944",18.306640625,1989-08-01
"945",20.5966796875,1989-08-02
"946",25.376953125,1989-08-03
"947",29.2265625,1989-08-04
"948",18.20703125,1989-08-05
"949",18.357421875,1989-08-06
"950",19.6669921875,1989-08-07
"951",17.9169921875,1989-08-08
"952",19.6767578125,1989-08-09
"953",22.77734375,1989-08-10
"954",21.9072265625,1989-08-11
"955",20.9267578125,1989-08-12
"956",22.52734375,1989-08-13
"957",23.6865234375,1989-08-14
"958",24.2265625,1989-08-15
"959",22.3271484375,1989-08-16
"960",19.626953125,1989-08-17
"961",19.5771484375,1989-08-18
"962",23.876953125,1989-08-19
"963",25.107421875,1989-08-20
"964",24.9765625,1989-08-21
"965",20.8173828125,1989-08-22
"966",18.9169921875,1989-08-23
"967",19.88671875,1989-08-24
"968",23.0068359375,1989-08-25
"969",24.7265625,1989-08-26
"970",25.876953125,1989-08-27
"971",29.8974609375,1989-08-28
"972",30.556640625,1989-08-29
"973",33.63671875,1989-08-30
"974",31.4072265625,1989-08-31
"975",23.2373046875,1989-09-01
"976",24.4970703125,1989-09-02
"977",25.1474609375,1989-09-03
"978",25.7470703125,1989-09-04
"979",26.876953125,1989-09-05
"980",26.9365234375,1989-09-06
"981",28.8271484375,1989-09-07
"982",31.4765625,1989-09-08
"983",33.45703125,1989-09-09
"984",34.9267578125,1989-09-10
"985",25.4765625,1989-09-11
"986",22.6474609375,1989-09-12
"987",23.216796875,1989-09-13
"988",24.287109375,1989-09-14
"989",29.806640625,1989-09-15
"990",34.9267578125,1989-09-16
"991",36.1474609375,1989-09-17
"992",38.38671875,1989-09-18
"993",31.126953125,1989-09-19
"994",30.9169921875,1989-09-20
"995",34.2568359375,1989-09-21
"996",37.1474609375,1989-09-22
"997",36.45703125,1989-09-23
"998",36.376953125,1989-09-24
"999",31.447265625,1989-09-25
"1000",23.697265625,1989-09-26
"1001",26.52734375,1989-09-27
"1002",31.8369140625,1989-09-28
"1003",35.1474609375,1989-09-29
"1004",34.787109375,1989-09-30
"1005",35.6328125,1989-10-01
"1006",37.5634765625,1989-10-02
"1007",39.4130859375,1989-10-03
"1008",39.4833984375,1989-10-04
"1009",38.5234375,1989-10-05
"1010",39.3134765625,1989-10-06
"1011",41.462890625,1989-10-07
"1012",25.1533203125,1989-10-08
"1013",25.283203125,1989-10-09
"1014",29.2626953125,1989-10-10
"1015",31.552734375,1989-10-11
"1016",37.79296875,1989-10-12
"1017",33.703125,1989-10-13
"1018",37.953125,1989-10-14
"1019",39.4326171875,1989-10-15
"1020",34.033203125,1989-10-16
"1021",38.6025390625,1989-10-17
"1022",41.3828125,1989-10-18
"1023",43.1025390625,1989-10-19
"1024",35.193359375,1989-10-20
"1025",32.9033203125,1989-10-21
"1026",38.1328125,1989-10-22
"1027",38.4931640625,1989-10-23
"1028",35.1328125,1989-10-24
"1029",35.453125,1989-10-25
"1030",36.72265625,1989-10-26
"1031",26.6826171875,1989-10-27
"1032",27.8232421875,1989-10-28
"1033",31.033203125,1989-10-29
"1034",36.79296875,1989-10-30
"1035",33.97265625,1989-10-31
"1036",28.0576171875,1989-11-01
"1037",30.6484375,1989-11-02
"1038",32.427734375,1989-11-03
"1039",35.677734375,1989-11-04
"1040",40.078125,1989-11-05
"1041",26.23828125,1989-11-06
"1042",29.408203125,1989-11-07
"1043",31.767578125,1989-11-08
"1044",32.8681640625,1989-11-09
"1045",32.818359375,1989-11-10
"1046",33.8984375,1989-11-11
"1047",37.2880859375,1989-11-12
"1048",39.3984375,1989-11-13
"1049",42.1181640625,1989-11-14
"1050",42.66796875,1989-11-15
"1051",34.068359375,1989-11-16
"1052",29.0576171875,1989-11-17
"1053",28.8076171875,1989-11-18
"1054",32.498046875,1989-11-19
"1055",31.8984375,1989-11-20
"1056",30.6181640625,1989-11-21
"1057",30.3681640625,1989-11-22
"1058",30.6376953125,1989-11-23
"1059",28.2275390625,1989-11-24
"1060",30.09765625,1989-11-25
"1061",29.98828125,1989-11-26
"1062",32.8076171875,1989-11-27
"1063",33.98828125,1989-11-28
"1064",34.6884765625,1989-11-29
"1065",36.1982421875,1989-11-30
"1066",37.96875,1989-12-01
"1067",36.71875,1989-12-02
"1068",35.7890625,1989-12-03
"1069",39.2685546875,1989-12-04
"1070",39.689453125,1989-12-05
"1071",37.439453125,1989-12-06
"1072",39.12890625,1989-12-07
"1073",41.2392578125,1989-12-08
"1074",41.109375,1989-12-09
"1075",42.359375,1989-12-10
"1076",41.9892578125,1989-12-11
"1077",40.71875,1989-12-12
"1078",37.1787109375,1989-12-13
"1079",29.6689453125,1989-12-14
"1080",33.2490234375,1989-12-15
"1081",33.94921875,1989-12-16
"1082",36.2685546875,1989-12-17
"1083",37.138671875,1989-12-18
"1084",38.2392578125,1989-12-19
"1085",39.12890625,1989-12-20
"1086",40.279296875,1989-12-21
"1087",41.0185546875,1989-12-22
"1088",41.298828125,1989-12-23
"1089",42.94921875,1989-12-24
"1090",43.609375,1989-12-25
"1091",41.0888671875,1989-12-26
"1092",36.638671875,1989-12-27
"1093",37.728515625,1989-12-28
"1094",38.1591796875,1989-12-29
"1095",40.2890625,1989-12-30
"1096",41.609375,1989-12-31
"1097",42.4169921875,1990-01-01
"1098",42.4365234375,1990-01-02
"1099",43.0673828125,1990-01-03
"1100",43.3173828125,1990-01-04
"1101",43.947265625,1990-01-05
"1102",42.77734375,1990-01-06
"1103",41.7265625,1990-01-07
"1104",35.4873046875,1990-01-08
"1105",33.13671875,1990-01-09
"1106",32.8974609375,1990-01-10
"1107",39.1669921875,1990-01-11
"1108",40.3974609375,1990-01-12
"1109",40.876953125,1990-01-13
"1110",41.4267578125,1990-01-14
"1111",35.3271484375,1990-01-15
"1112",37.546875,1990-01-16
"1113",38.306640625,1990-01-17
"1114",41.9765625,1990-01-18
"1115",42.4169921875,1990-01-19
"1116",41.2470703125,1990-01-20
"1117",41.7470703125,1990-01-21
"1118",42.4072265625,1990-01-22
"1119",43.1669921875,1990-01-23
"1120",41.2470703125,1990-01-24
"1121",41.7666015625,1990-01-25
"1122",42.3271484375,1990-01-26
"1123",42.9169921875,1990-01-27
"1124",44.947265625,1990-01-28
"1125",46.107421875,1990-01-29
"1126",46.3369140625,1990-01-30
"1127",32.4072265625,1990-01-31
"1128",30.0283203125,1990-02-01
"1129",32.0576171875,1990-02-02
"1130",31.5380859375,1990-02-03
"1131",31.828125,1990-02-04
"1132",33.578125,1990-02-05
"1133",35.6083984375,1990-02-06
"1134",36.4775390625,1990-02-07
"1135",37.7880859375,1990-02-08
"1136",37.98828125,1990-02-09
"1137",34.3076171875,1990-02-10
"1138",33.828125,1990-02-11
"1139",35.408203125,1990-02-12
"1140",38.3583984375,1990-02-13
"1141",40.7080078125,1990-02-14
"1142",42.837890625,1990-02-15
"1143",43.3681640625,1990-02-16
"1144",35.5078125,1990-02-17
"1145",34.248046875,1990-02-18
"1146",39.818359375,1990-02-19
"1147",39.658203125,1990-02-20
"1148",40.828125,1990-02-21
"1149",40.3779296875,1990-02-22
"1150",39.8779296875,1990-02-23
"1151",40.2880859375,1990-02-24
"1152",40.158203125,1990-02-25
"1153",41.1982421875,1990-02-26
"1154",40.3681640625,1990-02-27
"1155",40.4384765625,1990-02-28
"1156",40.041015625,1990-03-01
"1157",38.201171875,1990-03-02
"1158",37.9208984375,1990-03-03
"1159",38.220703125,1990-03-04
"1160",33.1513671875,1990-03-05
"1161",36.6611328125,1990-03-06
"1162",40.470703125,1990-03-07
"1163",38.1708984375,1990-03-08
"1164",37.1513671875,1990-03-09
"1165",39.0908203125,1990-03-10
"1166",41.291015625,1990-03-11
"1167",37.62109375,1990-03-12
"1168",34.80078125,1990-03-13
"1169",37.0712890625,1990-03-14
"1170",38.4013671875,1990-03-15
"1171",39.140625,1990-03-16
"1172",40.701171875,1990-03-17
"1173",38.2109375,1990-03-18
"1174",37.0712890625,1990-03-19
"1175",36.791015625,1990-03-20
"1176",38.0908203125,1990-03-21
"1177",37.021484375,1990-03-22
"1178",33.541015625,1990-03-23
"1179",34.630859375,1990-03-24
"1180",33.771484375,1990-03-25
"1181",36.2412109375,1990-03-26
"1182",36.7109375,1990-03-27
"1183",35.1806640625,1990-03-28
"1184",35.5712890625,1990-03-29
"1185",35.5908203125,1990-03-30
"1186",34.2412109375,1990-03-31
"1187",32.9677734375,1990-04-01
"1188",29.16796875,1990-04-02
"1189",29.59765625,1990-04-03
"1190",31.6484375,1990-04-04
"1191",33.927734375,1990-04-05
"1192",33.59765625,1990-04-06
"1193",32.3984375,1990-04-07
"1194",34.6181640625,1990-04-08
"1195",31.59765625,1990-04-09
"1196",31.8681640625,1990-04-10
"1197",31.59765625,1990-04-11
"1198",34.8876953125,1990-04-12
"1199",35.3779296875,1990-04-13
"1200",27.8681640625,1990-04-14
"1201",19.7275390625,1990-04-15
"1202",21.16796875,1990-04-16
"1203",20.0078125,1990-04-17
"1204",23.6982421875,1990-04-18
"1205",23.1376953125,1990-04-19
"1206",25.5478515625,1990-04-20
"1207",26.2880859375,1990-04-21
"1208",27.828125,1990-04-22
"1209",28.1083984375,1990-04-23
"1210",31.587890625,1990-04-24
"1211",28.5380859375,1990-04-25
"1212",26.177734375,1990-04-26
"1213",24.158203125,1990-04-27
"1214",26.7177734375,1990-04-28
"1215",31.3583984375,1990-04-29
"1216",31.837890625,1990-04-30
"1217",30.5615234375,1990-05-01
"1218",29.7919921875,1990-05-02
"1219",30.1015625,1990-05-03
"1220",31.162109375,1990-05-04
"1221",30.8818359375,1990-05-05
"1222",30.9423828125,1990-05-06
"1223",29.6923828125,1990-05-07
"1224",29.0322265625,1990-05-08
"1225",28.5615234375,1990-05-09
"1226",28.40234375,1990-05-10
"1227",28.7822265625,1990-05-11
"1228",30.251953125,1990-05-12
"1229",30.1318359375,1990-05-13
"1230",29.4619140625,1990-05-14
"1231",30.8515625,1990-05-15
"1232",31.6123046875,1990-05-16
"1233",32.232421875,1990-05-17
"1234",25.681640625,1990-05-18
"1235",21.7021484375,1990-05-19
"1236",14.26171875,1990-05-20
"1237",19.2421875,1990-05-21
"1238",16.33203125,1990-05-22
"1239",15.26171875,1990-05-23
"1240",17.7021484375,1990-05-24
"1241",17.76171875,1990-05-25
"1242",16.572265625,1990-05-26
"1243",19.2822265625,1990-05-27
"1244",22.1123046875,1990-05-28
"1245",22.08203125,1990-05-29
"1246",24.232421875,1990-05-30
"1247",22.4423828125,1990-05-31
"1248",20.8701171875,1990-06-01
"1249",19.259765625,1990-06-02
"1250",19.9501953125,1990-06-03
"1251",20.5498046875,1990-06-04
"1252",19.23046875,1990-06-05
"1253",19.2900390625,1990-06-06
"1254",20.2900390625,1990-06-07
"1255",23.009765625,1990-06-08
"1256",24.3203125,1990-06-09
"1257",24.759765625,1990-06-10
"1258",24.330078125,1990-06-11
"1259",24.33984375,1990-06-12
"1260",24.080078125,1990-06-13
"1261",24.51953125,1990-06-14
"1262",25.6201171875,1990-06-15
"1263",26.7998046875,1990-06-16
"1264",19.6904296875,1990-06-17
"1265",16.6396484375,1990-06-18
"1266",16.490234375,1990-06-19
"1267",19.3203125,1990-06-20
"1268",21.8798828125,1990-06-21
"1269",22.7197265625,1990-06-22
"1270",22.9501953125,1990-06-23
"1271",23.25,1990-06-24
"1272",16.75,1990-06-25
"1273",17.150390625,1990-06-26
"1274",18.3203125,1990-06-27
"1275",17.900390625,1990-06-28
"1276",17.3095703125,1990-06-29
"1277",20.8798828125,1990-06-30
"1278",17.111328125,1990-07-01
"1279",17.271484375,1990-07-02
"1280",18.2509765625,1990-07-03
"1281",17.9912109375,1990-07-04
"1282",19.12109375,1990-07-05
"1283",19.69140625,1990-07-06
"1284",19.361328125,1990-07-07
"1285",22.6611328125,1990-07-08
"1286",23.62109375,1990-07-09
"1287",25.380859375,1990-07-10
"1288",28.03125,1990-07-11
"1289",28.060546875,1990-07-12
"1290",29.521484375,1990-07-13
"1291",30.060546875,1990-07-14
"1292",28.44140625,1990-07-15
"1293",31.6005859375,1990-07-16
"1294",31.12109375,1990-07-17
"1295",21.94140625,1990-07-18
"1296",20.361328125,1990-07-19
"1297",23.0908203125,1990-07-20
"1298",26.69140625,1990-07-21
"1299",30.9306640625,1990-07-22
"1300",32.4814453125,1990-07-23
"1301",32.470703125,1990-07-24
"1302",28.8505859375,1990-07-25
"1303",23.8310546875,1990-07-26
"1304",16.9609375,1990-07-27
"1305",18.201171875,1990-07-28
"1306",14.5908203125,1990-07-29
"1307",17.37109375,1990-07-30
"1308",16.611328125,1990-07-31
"1309",17.287109375,1990-08-01
"1310",18.3271484375,1990-08-02
"1311",21.1767578125,1990-08-03
"1312",26.6171875,1990-08-04
"1313",30.126953125,1990-08-05
"1314",21.7666015625,1990-08-06
"1315",22.7568359375,1990-08-07
"1316",28.4365234375,1990-08-08
"1317",27.876953125,1990-08-09
"1318",20.607421875,1990-08-10
"1319",28.107421875,1990-08-11
"1320",29.9970703125,1990-08-12
"1321",31.6474609375,1990-08-13
"1322",34.9169921875,1990-08-14
"1323",18.556640625,1990-08-15
"1324",19.947265625,1990-08-16
"1325",21.787109375,1990-08-17
"1326",23.8271484375,1990-08-18
"1327",26.5166015625,1990-08-19
"1328",31.626953125,1990-08-20
"1329",27.787109375,1990-08-21
"1330",23.77734375,1990-08-22
"1331",23.1474609375,1990-08-23
"1332",22.4970703125,1990-08-24
"1333",24.107421875,1990-08-25
"1334",23.1669921875,1990-08-26
"1335",25.6572265625,1990-08-27
"1336",30.7373046875,1990-08-28
"1337",30.537109375,1990-08-29
"1338",26.197265625,1990-08-30
"1339",21.02734375,1990-08-31
"1340",21.1474609375,1990-09-01
"1341",23.9873046875,1990-09-02
"1342",25.376953125,1990-09-03
"1343",23.52734375,1990-09-04
"1344",25.9169921875,1990-09-05
"1345",27.5673828125,1990-09-06
"1346",28.5673828125,1990-09-07
"1347",29.126953125,1990-09-08
"1348",29.9765625,1990-09-09
"1349",30.5966796875,1990-09-10
"1350",33.466796875,1990-09-11
"1351",21.716796875,1990-09-12
"1352",23.3671875,1990-09-13
"1353",21.4365234375,1990-09-14
"1354",22.3173828125,1990-09-15
"1355",26.7265625,1990-09-16
"1356",29.8271484375,1990-09-17
"1357",32.2265625,1990-09-18
"1358",33.876953125,1990-09-19
"1359",35.216796875,1990-09-20
"1360",34.02734375,1990-09-21
"1361",35.296875,1990-09-22
"1362",34.796875,1990-09-23
"1363",34.63671875,1990-09-24
"1364",34.947265625,1990-09-25
"1365",33.1572265625,1990-09-26
"1366",32.2373046875,1990-09-27
"1367",32.4765625,1990-09-28
"1368",34.2265625,1990-09-29
"1369",34.7470703125,1990-09-30
"1370",34.703125,1990-10-01
"1371",33.9326171875,1990-10-02
"1372",32.7734375,1990-10-03
"1373",35.8330078125,1990-10-04
"1374",36.2431640625,1990-10-05
"1375",34.1630859375,1990-10-06
"1376",37.2734375,1990-10-07
"1377",38.7529296875,1990-10-08
"1378",34.212890625,1990-10-09
"1379",40.5732421875,1990-10-10
"1380",35.6826171875,1990-10-11
"1381",29.9931640625,1990-10-12
"1382",33.72265625,1990-10-13
"1383",35.1025390625,1990-10-14
"1384",35.9833984375,1990-10-15
"1385",33.5830078125,1990-10-16
"1386",36.123046875,1990-10-17
"1387",40.8330078125,1990-10-18
"1388",25.36328125,1990-10-19
"1389",25.953125,1990-10-20
"1390",29.2333984375,1990-10-21
"1391",30.642578125,1990-10-22
"1392",29.373046875,1990-10-23
"1393",31.4326171875,1990-10-24
"1394",33.3134765625,1990-10-25
"1395",35.1328125,1990-10-26
"1396",37.5234375,1990-10-27
"1397",39.54296875,1990-10-28
"1398",40.212890625,1990-10-29
"1399",39.9931640625,1990-10-30
"1400",41.1728515625,1990-10-31
"1401",37.5380859375,1990-11-01
"1402",38.1376953125,1990-11-02
"1403",39.7978515625,1990-11-03
"1404",40.587890625,1990-11-04
"1405",40.927734375,1990-11-05
"1406",40.8681640625,1990-11-06
"1407",41.84765625,1990-11-07
"1408",42.587890625,1990-11-08
"1409",38.517578125,1990-11-09
"1410",33.7578125,1990-11-10
"1411",31.59765625,1990-11-11
"1412",34.91796875,1990-11-12
"1413",40.3984375,1990-11-13
"1414",42.73828125,1990-11-14
"1415",41.0283203125,1990-11-15
"1416",44.1181640625,1990-11-16
"1417",45.9677734375,1990-11-17
"1418",44.828125,1990-11-18
"1419",38.017578125,1990-11-19
"1420",38.4384765625,1990-11-20
"1421",41.517578125,1990-11-21
"1422",43.8681640625,1990-11-22
"1423",38.09765625,1990-11-23
"1424",37.5576171875,1990-11-24
"1425",37.16796875,1990-11-25
"1426",38.7880859375,1990-11-26
"1427",38.498046875,1990-11-27
"1428",39.4580078125,1990-11-28
"1429",39.998046875,1990-11-29
"1430",41.0078125,1990-11-30
"1431",41.7587890625,1990-12-01
"1432",41.7587890625,1990-12-02
"1433",42.8193359375,1990-12-03
"1434",43.19921875,1990-12-04
"1435",44.978515625,1990-12-05
"1436",39.619140625,1990-12-06
"1437",32.7392578125,1990-12-07
"1438",34.119140625,1990-12-08
"1439",32.5693359375,1990-12-09
"1440",33.8388671875,1990-12-10
"1441",31.978515625,1990-12-11
"1442",31.0791015625,1990-12-12
"1443",34.5087890625,1990-12-13
"1444",36.30859375,1990-12-14
"1445",38.7587890625,1990-12-15
"1446",42.3193359375,1990-12-16
"1447",42.71875,1990-12-17
"1448",42.12890625,1990-12-18
"1449",41.94921875,1990-12-19
"1450",43.46875,1990-12-20
"1451",44.8994140625,1990-12-21
"1452",47.30859375,1990-12-22
"1453",40.939453125,1990-12-23
"1454",39.619140625,1990-12-24
"1455",40.0888671875,1990-12-25
"1456",42.5693359375,1990-12-26
"1457",44.2685546875,1990-12-27
"1458",44.7490234375,1990-12-28
"1459",42.4189453125,1990-12-29
"1460",43.8193359375,1990-12-30
"1461",42.5693359375,1990-12-31
"1462",41.9970703125,1991-01-01
"1463",40.4169921875,1991-01-02
"1464",39.537109375,1991-01-03
"1465",37.5673828125,1991-01-04
"1466",39.9072265625,1991-01-05
"1467",35.77734375,1991-01-06
"1468",38.357421875,1991-01-07
"1469",41.4072265625,1991-01-08
"1470",41.1669921875,1991-01-09
"1471",38.107421875,1991-01-10
"1472",37.1474609375,1991-01-11
"1473",37.7265625,1991-01-12
"1474",33.1767578125,1991-01-13
"1475",24.546875,1991-01-14
"1476",27.4072265625,1991-01-15
"1477",30.3271484375,1991-01-16
"1478",32.5673828125,1991-01-17
"1479",35.3369140625,1991-01-18
"1480",31.8974609375,1991-01-19
"1481",36.13671875,1991-01-20
"1482",37.6767578125,1991-01-21
"1483",40.6572265625,1991-01-22
"1484",39.27734375,1991-01-23
"1485",36.296875,1991-01-24
"1486",32.2666015625,1991-01-25
"1487",31.5869140625,1991-01-26
"1488",33.77734375,1991-01-27
"1489",35.0966796875,1991-01-28
"1490",35.556640625,1991-01-29
"1491",36.0966796875,1991-01-30
"1492",37.0166015625,1991-01-31
"1493",37.498046875,1991-02-01
"1494",39.3876953125,1991-02-02
"1495",34.5576171875,1991-02-03
"1496",30.3076171875,1991-02-04
"1497",32.5380859375,1991-02-05
"1498",31.248046875,1991-02-06
"1499",29.658203125,1991-02-07
"1500",30.8984375,1991-02-08
"1501",32.98828125,1991-02-09
"1502",33.4775390625,1991-02-10
"1503",33.4482421875,1991-02-11
"1504",34.578125,1991-02-12
"1505",35.7275390625,1991-02-13
"1506",35.7880859375,1991-02-14
"1507",35.9580078125,1991-02-15
"1508",35.767578125,1991-02-16
"1509",35.7080078125,1991-02-17
"1510",37.587890625,1991-02-18
"1511",32.2080078125,1991-02-19
"1512",30.6083984375,1991-02-20
"1513",34.3681640625,1991-02-21
"1514",34.0478515625,1991-02-22
"1515",35.2783203125,1991-02-23
"1516",36.4677734375,1991-02-24
"1517",34.677734375,1991-02-25
"1518",34.7275390625,1991-02-26
"1519",36.5576171875,1991-02-27
"1520",37.34765625,1991-02-28
"1521",39.2412109375,1991-03-01
"1522",34.9814453125,1991-03-02
"1523",35.111328125,1991-03-03
"1524",36.0712890625,1991-03-04
"1525",36.1005859375,1991-03-05
"1526",35.390625,1991-03-06
"1527",36.4609375,1991-03-07
"1528",37.03125,1991-03-08
"1529",36.12109375,1991-03-09
"1530",36.6806640625,1991-03-10
"1531",36.55078125,1991-03-11
"1532",36.640625,1991-03-12
"1533",36.451171875,1991-03-13
"1534",37.041015625,1991-03-14
"1535",37.111328125,1991-03-15
"1536",36.701171875,1991-03-16
"1537",37.53125,1991-03-17
"1538",38.810546875,1991-03-18
"1539",38.87109375,1991-03-19
"1540",35.5107421875,1991-03-20
"1541",33.9609375,1991-03-21
"1542",32.630859375,1991-03-22
"1543",31.55078125,1991-03-23
"1544",34.5009765625,1991-03-24
"1545",37.1005859375,1991-03-25
"1546",35.630859375,1991-03-26
"1547",34.4013671875,1991-03-27
"1548",36.28125,1991-03-28
"1549",35.130859375,1991-03-29
"1550",35.140625,1991-03-30
"1551",33.37109375,1991-03-31
"1552",37.0576171875,1991-04-01
"1553",33.73828125,1991-04-02
"1554",31.09765625,1991-04-03
"1555",32.9580078125,1991-04-04
"1556",34.4677734375,1991-04-05
"1557",34.5576171875,1991-04-06
"1558",33.7578125,1991-04-07
"1559",33.7783203125,1991-04-08
"1560",35.3583984375,1991-04-09
"1561",33.677734375,1991-04-10
"1562",33.408203125,1991-04-11
"1563",32.767578125,1991-04-12
"1564",32.677734375,1991-04-13
"1565",32.1884765625,1991-04-14
"1566",31.8681640625,1991-04-15
"1567",31.6279296875,1991-04-16
"1568",31.0283203125,1991-04-17
"1569",29.818359375,1991-04-18
"1570",30.7783203125,1991-04-19
"1571",31.73828125,1991-04-20
"1572",31.517578125,1991-04-21
"1573",32.5078125,1991-04-22
"1574",33.3076171875,1991-04-23
"1575",33.9580078125,1991-04-24
"1576",26.73828125,1991-04-25
"1577",25.3779296875,1991-04-26
"1578",25.7080078125,1991-04-27
"1579",26.6083984375,1991-04-28
"1580",29.2880859375,1991-04-29
"1581",30.9677734375,1991-04-30
"1582",31.6123046875,1991-05-01
"1583",28.0224609375,1991-05-02
"1584",27.26171875,1991-05-03
"1585",26.6416015625,1991-05-04
"1586",29.2021484375,1991-05-05
"1587",30.751953125,1991-05-06
"1588",27.5517578125,1991-05-07
"1589",24.591796875,1991-05-08
"1590",23.7216796875,1991-05-09
"1591",20.931640625,1991-05-10
"1592",21.9716796875,1991-05-11
"1593",22.6416015625,1991-05-12
"1594",24.7822265625,1991-05-13
"1595",25.8818359375,1991-05-14
"1596",25.322265625,1991-05-15
"1597",24.6923828125,1991-05-16
"1598",24.072265625,1991-05-17
"1599",24.9521484375,1991-05-18
"1600",27.732421875,1991-05-19
"1601",27.671875,1991-05-20
"1602",28.072265625,1991-05-21
"1603",26.822265625,1991-05-22
"1604",27.6220703125,1991-05-23
"1605",27.5224609375,1991-05-24
"1606",28.732421875,1991-05-25
"1607",29.4716796875,1991-05-26
"1608",27.4921875,1991-05-27
"1609",29.15234375,1991-05-28
"1610",29.091796875,1991-05-29
"1611",29.0419921875,1991-05-30
"1612",28.33203125,1991-05-31
"1613",29.650390625,1991-06-01
"1614",30.6298828125,1991-06-02
"1615",28.650390625,1991-06-03
"1616",22.26953125,1991-06-04
"1617",28.490234375,1991-06-05
"1618",24.8798828125,1991-06-06
"1619",21.6796875,1991-06-07
"1620",19.3203125,1991-06-08
"1621",20.3798828125,1991-06-09
"1622",20.2099609375,1991-06-10
"1623",21.8095703125,1991-06-11
"1624",22.8603515625,1991-06-12
"1625",21.5400390625,1991-06-13
"1626",23.7099609375,1991-06-14
"1627",28.66015625,1991-06-15
"1628",29.150390625,1991-06-16
"1629",30.509765625,1991-06-17
"1630",31.0302734375,1991-06-18
"1631",26.419921875,1991-06-19
"1632",19.2998046875,1991-06-20
"1633",21.8896484375,1991-06-21
"1634",24.6298828125,1991-06-22
"1635",26.01953125,1991-06-23
"1636",26.2802734375,1991-06-24
"1637",26.8701171875,1991-06-25
"1638",27.8095703125,1991-06-26
"1639",29.3701171875,1991-06-27
"1640",30.1201171875,1991-06-28
"1641",22.7001953125,1991-06-29
"1642",21.5595703125,1991-06-30
"1643",22.12109375,1991-07-01
"1644",25.630859375,1991-07-02
"1645",25.78125,1991-07-03
"1646",27.6005859375,1991-07-04
"1647",20.28125,1991-07-05
"1648",23.7509765625,1991-07-06
"1649",26.7509765625,1991-07-07
"1650",19.1708984375,1991-07-08
"1651",17.720703125,1991-07-09
"1652",20.1708984375,1991-07-10
"1653",22.2109375,1991-07-11
"1654",20.9814453125,1991-07-12
"1655",20.9814453125,1991-07-13
"1656",20.640625,1991-07-14
"1657",20.1806640625,1991-07-15
"1658",21.220703125,1991-07-16
"1659",23.3408203125,1991-07-17
"1660",25.05078125,1991-07-18
"1661",25.8408203125,1991-07-19
"1662",27.12109375,1991-07-20
"1663",28.861328125,1991-07-21
"1664",24.2412109375,1991-07-22
"1665",22.62109375,1991-07-23
"1666",23.701171875,1991-07-24
"1667",23.541015625,1991-07-25
"1668",21.791015625,1991-07-26
"1669",23.7314453125,1991-07-27
"1670",25.291015625,1991-07-28
"1671",22.9013671875,1991-07-29
"1672",25.701171875,1991-07-30
"1673",29.810546875,1991-07-31
"1674",25.806640625,1991-08-01
"1675",28.8466796875,1991-08-02
"1676",32.357421875,1991-08-03
"1677",32.8173828125,1991-08-04
"1678",32.857421875,1991-08-05
"1679",25.1474609375,1991-08-06
"1680",23.1669921875,1991-08-07
"1681",22.2265625,1991-08-08
"1682",20.716796875,1991-08-09
"1683",22.9072265625,1991-08-10
"1684",24.0166015625,1991-08-11
"1685",26.7373046875,1991-08-12
"1686",24.4365234375,1991-08-13
"1687",23.0166015625,1991-08-14
"1688",22.4072265625,1991-08-15
"1689",21.1474609375,1991-08-16
"1690",22.2568359375,1991-08-17
"1691",23.1572265625,1991-08-18
"1692",26.796875,1991-08-19
"1693",29.0966796875,1991-08-20
"1694",26.4072265625,1991-08-21
"1695",27.2265625,1991-08-22
"1696",30.9365234375,1991-08-23
"1697",21.2265625,1991-08-24
"1698",21.1572265625,1991-08-25
"1699",24.1171875,1991-08-26
"1700",30.716796875,1991-08-27
"1701",33.357421875,1991-08-28
"1702",32.5966796875,1991-08-29
"1703",25.5068359375,1991-08-30
"1704",24.037109375,1991-08-31
"1705",27.52734375,1991-09-01
"1706",30.607421875,1991-09-02
"1707",30.556640625,1991-09-03
"1708",33.4169921875,1991-09-04
"1709",35.537109375,1991-09-05
"1710",34.3173828125,1991-09-06
"1711",34.537109375,1991-09-07
"1712",31.95703125,1991-09-08
"1713",36.1865234375,1991-09-09
"1714",24.5966796875,1991-09-10
"1715",23.45703125,1991-09-11
"1716",25.27734375,1991-09-12
"1717",28.9970703125,1991-09-13
"1718",34.3369140625,1991-09-14
"1719",33.6669921875,1991-09-15
"1720",36.9365234375,1991-09-16
"1721",23.20703125,1991-09-17
"1722",26.7265625,1991-09-18
"1723",29.556640625,1991-09-19
"1724",30.9873046875,1991-09-20
"1725",34.6767578125,1991-09-21
"1726",33.306640625,1991-09-22
"1727",35.9765625,1991-09-23
"1728",37.056640625,1991-09-24
"1729",35.0966796875,1991-09-25
"1730",35.0771484375,1991-09-26
"1731",32.4765625,1991-09-27
"1732",32.4169921875,1991-09-28
"1733",32.6572265625,1991-09-29
"1734",32.52734375,1991-09-30
"1735",36.2626953125,1991-10-01
"1736",35.8134765625,1991-10-02
"1737",29.6630859375,1991-10-03
"1738",30.4931640625,1991-10-04
"1739",31.3525390625,1991-10-05
"1740",34.783203125,1991-10-06
"1741",36.943359375,1991-10-07
"1742",35.0634765625,1991-10-08
"1743",32.6826171875,1991-10-09
"1744",30.4228515625,1991-10-10
"1745",31.8525390625,1991-10-11
"1746",34.7626953125,1991-10-12
"1747",36.1826171875,1991-10-13
"1748",37.212890625,1991-10-14
"1749",38.2626953125,1991-10-15
"1750",36.0634765625,1991-10-16
"1751",31.1826171875,1991-10-17
"1752",33.04296875,1991-10-18
"1753",37.1826171875,1991-10-19
"1754",39.7431640625,1991-10-20
"1755",41.0927734375,1991-10-21
"1756",38.79296875,1991-10-22
"1757",37.1025390625,1991-10-23
"1758",35.1826171875,1991-10-24
"1759",36.2626953125,1991-10-25
"1760",39.1728515625,1991-10-26
"1761",40.5732421875,1991-10-27
"1762",41.802734375,1991-10-28
"1763",40.5830078125,1991-10-29
"1764",42.5029296875,1991-10-30
"1765",40.1826171875,1991-10-31
"1766",40.3681640625,1991-11-01
"1767",37.837890625,1991-11-02
"1768",34.4384765625,1991-11-03
"1769",34.8779296875,1991-11-04
"1770",38.2578125,1991-11-05
"1771",41.337890625,1991-11-06
"1772",33.517578125,1991-11-07
"1773",32.2275390625,1991-11-08
"1774",33.2880859375,1991-11-09
"1775",36.0478515625,1991-11-10
"1776",39.328125,1991-11-11
"1777",40.84765625,1991-11-12
"1778",40.4580078125,1991-11-13
"1779",40.2978515625,1991-11-14
"1780",36.7978515625,1991-11-15
"1781",36.017578125,1991-11-16
"1782",38.8681640625,1991-11-17
"1783",39.6376953125,1991-11-18
"1784",39.9775390625,1991-11-19
"1785",36.23828125,1991-11-20
"1786",30.6083984375,1991-11-21
"1787",36.658203125,1991-11-22
"1788",39.98828125,1991-11-23
"1789",39.578125,1991-11-24
"1790",41.2978515625,1991-11-25
"1791",41.73828125,1991-11-26
"1792",36.1884765625,1991-11-27
"1793",36.91796875,1991-11-28
"1794",37.6279296875,1991-11-29
"1795",36.1181640625,1991-11-30
"1796",35.0087890625,1991-12-01
"1797",36.1591796875,1991-12-02
"1798",39.7490234375,1991-12-03
"1799",40.779296875,1991-12-04
"1800",37.529296875,1991-12-05
"1801",40.228515625,1991-12-06
"1802",40.369140625,1991-12-07
"1803",34.8291015625,1991-12-08
"1804",32.5693359375,1991-12-09
"1805",30.9091796875,1991-12-10
"1806",32.9892578125,1991-12-11
"1807",32.298828125,1991-12-12
"1808",34.8994140625,1991-12-13
"1809",38.0791015625,1991-12-14
"1810",38.548828125,1991-12-15
"1811",34.189453125,1991-12-16
"1812",32.548828125,1991-12-17
"1813",34.05859375,1991-12-18
"1814",38.19921875,1991-12-19
"1815",41.12890625,1991-12-20
"1816",39.1689453125,1991-12-21
"1817",35.029296875,1991-12-22
"1818",36.9189453125,1991-12-23
"1819",39.4990234375,1991-12-24
"1820",41.3486328125,1991-12-25
"1821",44.21875,1991-12-26
"1822",43.6689453125,1991-12-27
"1823",42.728515625,1991-12-28
"1824",44.44921875,1991-12-29
"1825",43.7490234375,1991-12-30
"1826",39.2685546875,1991-12-31
"1827",39.4970703125,1992-01-01
"1828",41.8466796875,1992-01-02
"1829",41.306640625,1992-01-03
"1830",40.2666015625,1992-01-04
"1831",35.6669921875,1992-01-05
"1832",36.3271484375,1992-01-06
"1833",38.3671875,1992-01-07
"1834",35.1474609375,1992-01-08
"1835",32.857421875,1992-01-09
"1836",33.3271484375,1992-01-10
"1837",35.2568359375,1992-01-11
"1838",37.9169921875,1992-01-12
"1839",38.8369140625,1992-01-13
"1840",38.4072265625,1992-01-14
"1841",40.6474609375,1992-01-15
"1842",40.3369140625,1992-01-16
"1843",38.697265625,1992-01-17
"1844",39.0166015625,1992-01-18
"1845",42.5771484375,1992-01-19
"1846",43.376953125,1992-01-20
"1847",40.95703125,1992-01-21
"1848",42.197265625,1992-01-22
"1849",42.0673828125,1992-01-23
"1850",40.2568359375,1992-01-24
"1851",40.5966796875,1992-01-25
"1852",38.6474609375,1992-01-26
"1853",39.9169921875,1992-01-27
"1854",39.9873046875,1992-01-28
"1855",41.6171875,1992-01-29
"1856",38.107421875,1992-01-30
"1857",38.9267578125,1992-01-31
"1858",39.8583984375,1992-02-01
"1859",38.8984375,1992-02-02
"1860",34.16796875,1992-02-03
"1861",34.0078125,1992-02-04
"1862",35.9580078125,1992-02-05
"1863",36.91796875,1992-02-06
"1864",33.8876953125,1992-02-07
"1865",37.98828125,1992-02-08
"1866",37.8583984375,1992-02-09
"1867",39.73828125,1992-02-10
"1868",41.23828125,1992-02-11
"1869",42.517578125,1992-02-12
"1870",40.3779296875,1992-02-13
"1871",38.7080078125,1992-02-14
"1872",38.09765625,1992-02-15
"1873",39.1484375,1992-02-16
"1874",40.1884765625,1992-02-17
"1875",41.8583984375,1992-02-18
"1876",41.6484375,1992-02-19
"1877",42.41796875,1992-02-20
"1878",42.8583984375,1992-02-21
"1879",43.318359375,1992-02-22
"1880",42.517578125,1992-02-23
"1881",36.3876953125,1992-02-24
"1882",35.8779296875,1992-02-25
"1883",35.9677734375,1992-02-26
"1884",26.16796875,1992-02-27
"1885",27.4580078125,1992-02-28
"1886",34.7783203125,1992-02-29
"1887",34.5810546875,1992-03-01
"1888",35.810546875,1992-03-02
"1889",33.791015625,1992-03-03
"1890",34.2109375,1992-03-04
"1891",36.0810546875,1992-03-05
"1892",35.94140625,1992-03-06
"1893",37.0107421875,1992-03-07
"1894",38.4208984375,1992-03-08
"1895",37.6005859375,1992-03-09
"1896",35.2314453125,1992-03-10
"1897",36.37109375,1992-03-11
"1898",36.4208984375,1992-03-12
"1899",36.7109375,1992-03-13
"1900",36.9013671875,1992-03-14
"1901",37.880859375,1992-03-15
"1902",37.28125,1992-03-16
"1903",35.8310546875,1992-03-17
"1904",32.640625,1992-03-18
"1905",33.4912109375,1992-03-19
"1906",35.310546875,1992-03-20
"1907",37.3212890625,1992-03-21
"1908",39.5107421875,1992-03-22
"1909",36.7412109375,1992-03-23
"1910",37.69140625,1992-03-24
"1911",38.630859375,1992-03-25
"1912",36.9814453125,1992-03-26
"1913",37.0107421875,1992-03-27
"1914",35.890625,1992-03-28
"1915",36.3310546875,1992-03-29
"1916",36.8505859375,1992-03-30
"1917",37.1806640625,1992-03-31
"1918",36.5576171875,1992-04-01
"1919",36.4677734375,1992-04-02
"1920",35.6279296875,1992-04-03
"1921",34.7978515625,1992-04-04
"1922",34.0576171875,1992-04-05
"1923",35.0380859375,1992-04-06
"1924",35.4482421875,1992-04-07
"1925",33.2080078125,1992-04-08
"1926",33.16796875,1992-04-09
"1927",35.0078125,1992-04-10
"1928",35.158203125,1992-04-11
"1929",33.8681640625,1992-04-12
"1930",33.6181640625,1992-04-13
"1931",30.677734375,1992-04-14
"1932",35.0576171875,1992-04-15
"1933",34.4677734375,1992-04-16
"1934",34.8583984375,1992-04-17
"1935",35.0478515625,1992-04-18
"1936",35.328125,1992-04-19
"1937",36.1083984375,1992-04-20
"1938",28.828125,1992-04-21
"1939",27.16796875,1992-04-22
"1940",26.578125,1992-04-23
"1941",26.9384765625,1992-04-24
"1942",24.3876953125,1992-04-25
"1943",24.41796875,1992-04-26
"1944",24.8984375,1992-04-27
"1945",26.677734375,1992-04-28
"1946",28.927734375,1992-04-29
"1947",32.91796875,1992-04-30
"1948",32.8017578125,1992-05-01
"1949",30.3515625,1992-05-02
"1950",27.171875,1992-05-03
"1951",29.341796875,1992-05-04
"1952",30.841796875,1992-05-05
"1953",32.482421875,1992-05-06
"1954",31.822265625,1992-05-07
"1955",31.4619140625,1992-05-08
"1956",30.822265625,1992-05-09
"1957",31.51171875,1992-05-10
"1958",20.1416015625,1992-05-11
"1959",23.501953125,1992-05-12
"1960",22.26171875,1992-05-13
"1961",23.58203125,1992-05-14
"1962",18.912109375,1992-05-15
"1963",15.8720703125,1992-05-16
"1964",19.2021484375,1992-05-17
"1965",20.3623046875,1992-05-18
"1966",16.8515625,1992-05-19
"1967",21.6416015625,1992-05-20
"1968",22.9521484375,1992-05-21
"1969",22.6123046875,1992-05-22
"1970",22.3720703125,1992-05-23
"1971",22.751953125,1992-05-24
"1972",25.1015625,1992-05-25
"1973",23.0517578125,1992-05-26
"1974",19.08203125,1992-05-27
"1975",21.6015625,1992-05-28
"1976",21.841796875,1992-05-29
"1977",24.3916015625,1992-05-30
"1978",25.6416015625,1992-05-31
"1979",27.98046875,1992-06-01
"1980",27.759765625,1992-06-02
"1981",26.8701171875,1992-06-03
"1982",27.58984375,1992-06-04
"1983",28.7001953125,1992-06-05
"1984",23.9501953125,1992-06-06
"1985",21.080078125,1992-06-07
"1986",19.5,1992-06-08
"1987",18.2900390625,1992-06-09
"1988",18.33984375,1992-06-10
"1989",19.5,1992-06-11
"1990",19.9697265625,1992-06-12
"1991",23.169921875,1992-06-13
"1992",23.3896484375,1992-06-14
"1993",24.3798828125,1992-06-15
"1994",25.4296875,1992-06-16
"1995",26.330078125,1992-06-17
"1996",21.91015625,1992-06-18
"1997",19.5498046875,1992-06-19
"1998",20.8203125,1992-06-20
"1999",20.150390625,1992-06-21
"2000",21.73046875,1992-06-22
"2001",21.6103515625,1992-06-23
"2002",20.7802734375,1992-06-24
"2003",18.419921875,1992-06-25
"2004",18.3603515625,1992-06-26
"2005",19.0703125,1992-06-27
"2006",20.259765625,1992-06-28
"2007",23.650390625,1992-06-29
"2008",25.1904296875,1992-06-30
"2009",26.1611328125,1992-07-01
"2010",27.130859375,1992-07-02
"2011",26.361328125,1992-07-03
"2012",27.2109375,1992-07-04
"2013",27.470703125,1992-07-05
"2014",25.1708984375,1992-07-06
"2015",19.470703125,1992-07-07
"2016",19.361328125,1992-07-08
"2017",20.0810546875,1992-07-09
"2018",20.951171875,1992-07-10
"2019",23.4013671875,1992-07-11
"2020",23.640625,1992-07-12
"2021",22.1005859375,1992-07-13
"2022",24.9912109375,1992-07-14
"2023",25.720703125,1992-07-15
"2024",23.451171875,1992-07-16
"2025",20.791015625,1992-07-17
"2026",21.7412109375,1992-07-18
"2027",21.470703125,1992-07-19
"2028",19.3505859375,1992-07-20
"2029",17.560546875,1992-07-21
"2030",18.55078125,1992-07-22
"2031",19.111328125,1992-07-23
"2032",21.5107421875,1992-07-24
"2033",23.62109375,1992-07-25
"2034",24.0107421875,1992-07-26
"2035",25.4814453125,1992-07-27
"2036",27.720703125,1992-07-28
"2037",28.291015625,1992-07-29
"2038",29.3310546875,1992-07-30
"2039",24.53125,1992-07-31
"2040",22.13671875,1992-08-01
"2041",25.52734375,1992-08-02
"2042",28.9765625,1992-08-03
"2043",31.1171875,1992-08-04
"2044",33.02734375,1992-08-05
"2045",27.546875,1992-08-06
"2046",27.9365234375,1992-08-07
"2047",18.966796875,1992-08-08
"2048",20.376953125,1992-08-09
"2049",27.376953125,1992-08-10
"2050",31.6474609375,1992-08-11
"2051",28.9765625,1992-08-12
"2052",22.77734375,1992-08-13
"2053",23.7373046875,1992-08-14
"2054",26.0166015625,1992-08-15
"2055",30.1865234375,1992-08-16
"2056",25.876953125,1992-08-17
"2057",18.126953125,1992-08-18
"2058",19.556640625,1992-08-19
"2059",21.306640625,1992-08-20
"2060",21.4970703125,1992-08-21
"2061",24.77734375,1992-08-22
"2062",19.126953125,1992-08-23
"2063",21.5068359375,1992-08-24
"2064",24.876953125,1992-08-25
"2065",31.8173828125,1992-08-26
"2066",30.8173828125,1992-08-27
"2067",29.447265625,1992-08-28
"2068",33.5673828125,1992-08-29
"2069",14.4970703125,1992-08-30
"2070",11.9267578125,1992-08-31
"2071",17.02734375,1992-09-01
"2072",19.45703125,1992-09-02
"2073",22.4873046875,1992-09-03
"2074",27.6865234375,1992-09-04
"2075",32.3466796875,1992-09-05
"2076",34.8271484375,1992-09-06
"2077",36.95703125,1992-09-07
"2078",32.5771484375,1992-09-08
"2079",30.3671875,1992-09-09
"2080",31.046875,1992-09-10
"2081",27.2373046875,1992-09-11
"2082",26.8173828125,1992-09-12
"2083",28.3671875,1992-09-13
"2084",35.0771484375,1992-09-14
"2085",22.4169921875,1992-09-15
"2086",24.5166015625,1992-09-16
"2087",25.8671875,1992-09-17
"2088",29.70703125,1992-09-18
"2089",31.546875,1992-09-19
"2090",28.7470703125,1992-09-20
"2091",31.9765625,1992-09-21
"2092",35.0869140625,1992-09-22
"2093",37.2470703125,1992-09-23
"2094",37.4765625,1992-09-24
"2095",25.9169921875,1992-09-25
"2096",29.8271484375,1992-09-26
"2097",33.466796875,1992-09-27
"2098",37.2568359375,1992-09-28
"2099",23.857421875,1992-09-29
"2100",25.376953125,1992-09-30
"2101",24.302734375,1992-10-01
"2102",30.2626953125,1992-10-02
"2103",36.0126953125,1992-10-03
"2104",28.892578125,1992-10-04
"2105",30.873046875,1992-10-05
"2106",35.22265625,1992-10-06
"2107",38.0126953125,1992-10-07
"2108",41.2626953125,1992-10-08
"2109",21.2529296875,1992-10-09
"2110",25.943359375,1992-10-10
"2111",28.86328125,1992-10-11
"2112",31.6630859375,1992-10-12
"2113",36.54296875,1992-10-13
"2114",37.2529296875,1992-10-14
"2115",38.22265625,1992-10-15
"2116",36.2734375,1992-10-16
"2117",32.0126953125,1992-10-17
"2118",24.193359375,1992-10-18
"2119",27.4130859375,1992-10-19
"2120",29.22265625,1992-10-20
"2121",29.2734375,1992-10-21
"2122",31.9130859375,1992-10-22
"2123",33.2529296875,1992-10-23
"2124",33.79296875,1992-10-24
"2125",34.9033203125,1992-10-25
"2126",37.392578125,1992-10-26
"2127",39.703125,1992-10-27
"2128",34.22265625,1992-10-28
"2129",33.4833984375,1992-10-29
"2130",31.61328125,1992-10-30
"2131",28.4833984375,1992-10-31
"2132",30.6884765625,1992-11-01
"2133",33.3681640625,1992-11-02
"2134",35.1484375,1992-11-03
"2135",35.248046875,1992-11-04
"2136",27.748046875,1992-11-05
"2137",29.6181640625,1992-11-06
"2138",33.7978515625,1992-11-07
"2139",38.91796875,1992-11-08
"2140",26.5576171875,1992-11-09
"2141",27.837890625,1992-11-10
"2142",29.5380859375,1992-11-11
"2143",30.48828125,1992-11-12
"2144",31.927734375,1992-11-13
"2145",35.41796875,1992-11-14
"2146",38.318359375,1992-11-15
"2147",39.078125,1992-11-16
"2148",25.2880859375,1992-11-17
"2149",33.48828125,1992-11-18
"2150",39.2275390625,1992-11-19
"2151",36.6279296875,1992-11-20
"2152",29.408203125,1992-11-21
"2153",35.818359375,1992-11-22
"2154",41.48828125,1992-11-23
"2155",40.1884765625,1992-11-24
"2156",32.8681640625,1992-11-25
"2157",33.0478515625,1992-11-26
"2158",37.908203125,1992-11-27
"2159",43.078125,1992-11-28
"2160",39.0576171875,1992-11-29
"2161",37.568359375,1992-11-30
"2162",39.1787109375,1992-12-01
"2163",40.458984375,1992-12-02
"2164",31.029296875,1992-12-03
"2165",34.0791015625,1992-12-04
"2166",34.048828125,1992-12-05
"2167",33.2587890625,1992-12-06
"2168",33.1689453125,1992-12-07
"2169",34.978515625,1992-12-08
"2170",36.689453125,1992-12-09
"2171",40.7490234375,1992-12-10
"2172",42.478515625,1992-12-11
"2173",38.798828125,1992-12-12
"2174",38.55859375,1992-12-13
"2175",39.5390625,1992-12-14
"2176",41.689453125,1992-12-15
"2177",29.5390625,1992-12-16
"2178",31.4892578125,1992-12-17
"2179",34.638671875,1992-12-18
"2180",35.2890625,1992-12-19
"2181",37.138671875,1992-12-20
"2182",38.1787109375,1992-12-21
"2183",37.94921875,1992-12-22
"2184",39.548828125,1992-12-23
"2185",39.529296875,1992-12-24
"2186",40.458984375,1992-12-25
"2187",42.1787109375,1992-12-26
"2188",39.4091796875,1992-12-27
"2189",35.5087890625,1992-12-28
"2190",36.8291015625,1992-12-29
"2191",38.978515625,1992-12-30
"2192",40.779296875,1992-12-31
"2193",40.27734375,1993-01-01
"2194",41.107421875,1993-01-02
"2195",36.3671875,1993-01-03
"2196",37.0068359375,1993-01-04
"2197",36.0966796875,1993-01-05
"2198",38.5673828125,1993-01-06
"2199",37.5068359375,1993-01-07
"2200",37.1669921875,1993-01-08
"2201",38.3671875,1993-01-09
"2202",40.046875,1993-01-10
"2203",40.9765625,1993-01-11
"2204",41.77734375,1993-01-12
"2205",40.556640625,1993-01-13
"2206",38.2470703125,1993-01-14
"2207",39.2265625,1993-01-15
"2208",40.0166015625,1993-01-16
"2209",38.046875,1993-01-17
"2210",38.1767578125,1993-01-18
"2211",39.0771484375,1993-01-19
"2212",39.8974609375,1993-01-20
"2213",40.796875,1993-01-21
"2214",41.6171875,1993-01-22
"2215",41.2568359375,1993-01-23
"2216",41.537109375,1993-01-24
"2217",39.806640625,1993-01-25
"2218",39.8369140625,1993-01-26
"2219",39.3974609375,1993-01-27
"2220",35.0966796875,1993-01-28
"2221",36.52734375,1993-01-29
"2222",36.1767578125,1993-01-30
"2223",34.6669921875,1993-01-31
"2224",34.828125,1993-02-01
"2225",37.41796875,1993-02-02
"2226",38.9482421875,1993-02-03
"2227",39.7080078125,1993-02-04
"2228",42.0283203125,1993-02-05
"2229",42.078125,1993-02-06
"2230",39.7275390625,1993-02-07
"2231",40.248046875,1993-02-08
"2232",40.6279296875,1993-02-09
"2233",39.5078125,1993-02-10
"2234",40.1083984375,1993-02-11
"2235",35.4482421875,1993-02-12
"2236",33.2783203125,1993-02-13
"2237",31.828125,1993-02-14
"2238",33.4580078125,1993-02-15
"2239",30.9775390625,1993-02-16
"2240",32.1279296875,1993-02-17
"2241",32.8076171875,1993-02-18
"2242",34.34765625,1993-02-19
"2243",36.828125,1993-02-20
"2244",28.8984375,1993-02-21
"2245",32.658203125,1993-02-22
"2246",34.6376953125,1993-02-23
"2247",35.4775390625,1993-02-24
"2248",36.2275390625,1993-02-25
"2249",33.6982421875,1993-02-26
"2250",34.66796875,1993-02-27
"2251",33.4677734375,1993-02-28
"2252",30.3505859375,1993-03-01
"2253",31.8408203125,1993-03-02
"2254",32.44140625,1993-03-03
"2255",33.890625,1993-03-04
"2256",36.30078125,1993-03-05
"2257",38.0009765625,1993-03-06
"2258",38.5107421875,1993-03-07
"2259",39.4609375,1993-03-08
"2260",39.5810546875,1993-03-09
"2261",39.8310546875,1993-03-10
"2262",37.62109375,1993-03-11
"2263",34.6513671875,1993-03-12
"2264",36.53125,1993-03-13
"2265",37.9306640625,1993-03-14
"2266",38.9609375,1993-03-15
"2267",37.8310546875,1993-03-16
"2268",38.44140625,1993-03-17
"2269",39.7509765625,1993-03-18
"2270",40.1005859375,1993-03-19
"2271",39.5107421875,1993-03-20
"2272",39.4306640625,1993-03-21
"2273",40.4208984375,1993-03-22
"2274",38.4013671875,1993-03-23
"2275",35.0810546875,1993-03-24
"2276",36.771484375,1993-03-25
"2277",35.9013671875,1993-03-26
"2278",35.9609375,1993-03-27
"2279",30.791015625,1993-03-28
"2280",31.111328125,1993-03-29
"2281",30.3505859375,1993-03-30
"2282",34.140625,1993-03-31
"2283",35.177734375,1993-04-01
"2284",33.7978515625,1993-04-02
"2285",34.2880859375,1993-04-03
"2286",36.41796875,1993-04-04
"2287",37.4580078125,1993-04-05
"2288",37.0078125,1993-04-06
"2289",36.1884765625,1993-04-07
"2290",33.337890625,1993-04-08
"2291",32.16796875,1993-04-09
"2292",35.328125,1993-04-10
"2293",35.8681640625,1993-04-11
"2294",35.8076171875,1993-04-12
"2295",36.1484375,1993-04-13
"2296",34.4482421875,1993-04-14
"2297",33.0380859375,1993-04-15
"2298",33.3681640625,1993-04-16
"2299",33.8583984375,1993-04-17
"2300",32.8583984375,1993-04-18
"2301",33.66796875,1993-04-19
"2302",33.1484375,1993-04-20
"2303",32.318359375,1993-04-21
"2304",32.658203125,1993-04-22
"2305",32.8876953125,1993-04-23
"2306",32.498046875,1993-04-24
"2307",32.1279296875,1993-04-25
"2308",31.6982421875,1993-04-26
"2309",32.2275390625,1993-04-27
"2310",32.328125,1993-04-28
"2311",31.908203125,1993-04-29
"2312",31.908203125,1993-04-30
"2313",31.412109375,1993-05-01
"2314",31.072265625,1993-05-02
"2315",31.65234375,1993-05-03
"2316",31.3623046875,1993-05-04
"2317",31.3720703125,1993-05-05
"2318",32.3818359375,1993-05-06
"2319",31.3115234375,1993-05-07
"2320",27.732421875,1993-05-08
"2321",31.162109375,1993-05-09
"2322",32.4423828125,1993-05-10
"2323",28.26171875,1993-05-11
"2324",18.841796875,1993-05-12
"2325",21.2216796875,1993-05-13
"2326",20.681640625,1993-05-14
"2327",20.822265625,1993-05-15
"2328",22.2119140625,1993-05-16
"2329",24.482421875,1993-05-17
"2330",26.482421875,1993-05-18
"2331",28.2724609375,1993-05-19
"2332",27.65234375,1993-05-20
"2333",28.921875,1993-05-21
"2334",26.0419921875,1993-05-22
"2335",25.0322265625,1993-05-23
"2336",24.251953125,1993-05-24
"2337",24.482421875,1993-05-25
"2338",27.912109375,1993-05-26
"2339",25.931640625,1993-05-27
"2340",27.7119140625,1993-05-28
"2341",28.751953125,1993-05-29
"2342",28.76171875,1993-05-30
"2343",24.7119140625,1993-05-31
"2344",14.51953125,1993-06-01
"2345",18.919921875,1993-06-02
"2346",15.33984375,1993-06-03
"2347",16.580078125,1993-06-04
"2348",16.7001953125,1993-06-05
"2349",18.2802734375,1993-06-06
"2350",16.6201171875,1993-06-07
"2351",16.7099609375,1993-06-08
"2352",22.580078125,1993-06-09
"2353",26.5302734375,1993-06-10
"2354",24.580078125,1993-06-11
"2355",17.6396484375,1993-06-12
"2356",16.25,1993-06-13
"2357",14.8203125,1993-06-14
"2358",14.7197265625,1993-06-15
"2359",23.4501953125,1993-06-16
"2360",25.1796875,1993-06-17
"2361",27.2998046875,1993-06-18
"2362",26.3203125,1993-06-19
"2363",21.849609375,1993-06-20
"2364",21.73046875,1993-06-21
"2365",21.7998046875,1993-06-22
"2366",22.2001953125,1993-06-23
"2367",21.7900390625,1993-06-24
"2368",20.4404296875,1993-06-25
"2369",23.849609375,1993-06-26
"2370",25.009765625,1993-06-27
"2371",25.9697265625,1993-06-28
"2372",26.740234375,1993-06-29
"2373",28.4404296875,1993-06-30
"2374",27.380859375,1993-07-01
"2375",26.390625,1993-07-02
"2376",27.9013671875,1993-07-03
"2377",26.69140625,1993-07-04
"2378",28.0107421875,1993-07-05
"2379",22.521484375,1993-07-06
"2380",12.4912109375,1993-07-07
"2381",16.7509765625,1993-07-08
"2382",18.380859375,1993-07-09
"2383",18.05078125,1993-07-10
"2384",19.271484375,1993-07-11
"2385",21.05078125,1993-07-12
"2386",23.3212890625,1993-07-13
"2387",24.6708984375,1993-07-14
"2388",24.87109375,1993-07-15
"2389",22.630859375,1993-07-16
"2390",22.0908203125,1993-07-17
"2391",23.041015625,1993-07-18
"2392",21.201171875,1993-07-19
"2393",18.1708984375,1993-07-20
"2394",15.4814453125,1993-07-21
"2395",22.6708984375,1993-07-22
"2396",25.310546875,1993-07-23
"2397",28.5908203125,1993-07-24
"2398",27.78125,1993-07-25
"2399",29.44140625,1993-07-26
"2400",30.291015625,1993-07-27
"2401",31.771484375,1993-07-28
"2402",32.1611328125,1993-07-29
"2403",32.4814453125,1993-07-30
"2404",25.5712890625,1993-07-31
"2405",27.046875,1993-08-01
"2406",18.947265625,1993-08-02
"2407",18.6865234375,1993-08-03
"2408",19.126953125,1993-08-04
"2409",20.4267578125,1993-08-05
"2410",22.1865234375,1993-08-06
"2411",26.9072265625,1993-08-07
"2412",30.4765625,1993-08-08
"2413",30.70703125,1993-08-09
"2414",25.7265625,1993-08-10
"2415",25.287109375,1993-08-11
"2416",28.8369140625,1993-08-12
"2417",30.1767578125,1993-08-13
"2418",31.6669921875,1993-08-14
"2419",28.607421875,1993-08-15
"2420",21.70703125,1993-08-16
"2421",22.9169921875,1993-08-17
"2422",23.2666015625,1993-08-18
"2423",25.6865234375,1993-08-19
"2424",27.7666015625,1993-08-20
"2425",28.607421875,1993-08-21
"2426",28.7470703125,1993-08-22
"2427",28.0869140625,1993-08-23
"2428",28.0166015625,1993-08-24
"2429",28.8173828125,1993-08-25
"2430",31.6767578125,1993-08-26
"2431",29.4970703125,1993-08-27
"2432",23.4970703125,1993-08-28
"2433",26.0771484375,1993-08-29
"2434",30.1474609375,1993-08-30
"2435",33.70703125,1993-08-31
"2436",23.6474609375,1993-09-01
"2437",22.716796875,1993-09-02
"2438",24.056640625,1993-09-03
"2439",27.466796875,1993-09-04
"2440",33.857421875,1993-09-05
"2441",31.63671875,1993-09-06
"2442",34.63671875,1993-09-07
"2443",37.4765625,1993-09-08
"2444",24.5869140625,1993-09-09
"2445",23.7265625,1993-09-10
"2446",24.52734375,1993-09-11
"2447",25.716796875,1993-09-12
"2448",23.3671875,1993-09-13
"2449",22.376953125,1993-09-14
"2450",25.8369140625,1993-09-15
"2451",34.216796875,1993-09-16
"2452",36.1865234375,1993-09-17
"2453",37.3271484375,1993-09-18
"2454",35.9169921875,1993-09-19
"2455",27.3271484375,1993-09-20
"2456",21.1171875,1993-09-21
"2457",22.037109375,1993-09-22
"2458",24.5869140625,1993-09-23
"2459",27.287109375,1993-09-24
"2460",31.716796875,1993-09-25
"2461",33.2373046875,1993-09-26
"2462",34.197265625,1993-09-27
"2463",34.4365234375,1993-09-28
"2464",33.1572265625,1993-09-29
"2465",33.5966796875,1993-09-30
"2466",34.693359375,1993-10-01
"2467",33.2734375,1993-10-02
"2468",30.443359375,1993-10-03
"2469",22.7431640625,1993-10-04
"2470",26.79296875,1993-10-05
"2471",29.1025390625,1993-10-06
"2472",32.5927734375,1993-10-07
"2473",36.1630859375,1993-10-08
"2474",38.123046875,1993-10-09
"2475",24.79296875,1993-10-10
"2476",25.3828125,1993-10-11
"2477",26.443359375,1993-10-12
"2478",27.892578125,1993-10-13
"2479",31.3232421875,1993-10-14
"2480",36.9228515625,1993-10-15
"2481",34.033203125,1993-10-16
"2482",38.123046875,1993-10-17
"2483",29.79296875,1993-10-18
"2484",27.4326171875,1993-10-19
"2485",26.953125,1993-10-20
"2486",28.22265625,1993-10-21
"2487",30.6025390625,1993-10-22
"2488",35.9033203125,1993-10-23
"2489",40.4130859375,1993-10-24
"2490",35.943359375,1993-10-25
"2491",32.3232421875,1993-10-26
"2492",36.1826171875,1993-10-27
"2493",38.4931640625,1993-10-28
"2494",29.6025390625,1993-10-29
"2495",31.802734375,1993-10-30
"2496",35.2626953125,1993-10-31
"2497",39.818359375,1993-11-01
"2498",34.5283203125,1993-11-02
"2499",32.59765625,1993-11-03
"2500",32.517578125,1993-11-04
"2501",32.66796875,1993-11-05
"2502",33.41796875,1993-11-06
"2503",35.1884765625,1993-11-07
"2504",37.927734375,1993-11-08
"2505",40.8779296875,1993-11-09
"2506",43.248046875,1993-11-10
"2507",40.0478515625,1993-11-11
"2508",37.2080078125,1993-11-12
"2509",39.8984375,1993-11-13
"2510",42.177734375,1993-11-14
"2511",36.498046875,1993-11-15
"2512",35.748046875,1993-11-16
"2513",38.748046875,1993-11-17
"2514",42.0478515625,1993-11-18
"2515",41.9677734375,1993-11-19
"2516",39.587890625,1993-11-20
"2517",36.828125,1993-11-21
"2518",33.9580078125,1993-11-22
"2519",34.6982421875,1993-11-23
"2520",35.6376953125,1993-11-24
"2521",36.9775390625,1993-11-25
"2522",38.4580078125,1993-11-26
"2523",39.6884765625,1993-11-27
"2524",40.2783203125,1993-11-28
"2525",41.078125,1993-11-29
"2526",40.568359375,1993-11-30
"2527",39.3994140625,1993-12-01
"2528",41.12890625,1993-12-02
"2529",42.4990234375,1993-12-03
"2530",42.798828125,1993-12-04
"2531",40.2490234375,1993-12-05
"2532",40.779296875,1993-12-06
"2533",37.5087890625,1993-12-07
"2534",32.359375,1993-12-08
"2535",33.2587890625,1993-12-09
"2536",34.2490234375,1993-12-10
"2537",37.3994140625,1993-12-11
"2538",38.8193359375,1993-12-12
"2539",38.9287109375,1993-12-13
"2540",40.55859375,1993-12-14
"2541",35.0390625,1993-12-15
"2542",34.9091796875,1993-12-16
"2543",36.978515625,1993-12-17
"2544",39.109375,1993-12-18
"2545",37.5185546875,1993-12-19
"2546",37.279296875,1993-12-20
"2547",36.8193359375,1993-12-21
"2548",26.9892578125,1993-12-22
"2549",31.5791015625,1993-12-23
"2550",32.8291015625,1993-12-24
"2551",35.7587890625,1993-12-25
"2552",34.4189453125,1993-12-26
"2553",30.4189453125,1993-12-27
"2554",32.1787109375,1993-12-28
"2555",34.69921875,1993-12-29
"2556",36.71875,1993-12-30
"2557",39.0888671875,1993-12-31
"2558",40.88671875,1994-01-01
"2559",42.70703125,1994-01-02
"2560",44.7373046875,1994-01-03
"2561",41.126953125,1994-01-04
"2562",45.046875,1994-01-05
"2563",43.7568359375,1994-01-06
"2564",39.546875,1994-01-07
"2565",37.6865234375,1994-01-08
"2566",30.70703125,1994-01-09
"2567",37.0966796875,1994-01-10
"2568",42.2470703125,1994-01-11
"2569",42.6474609375,1994-01-12
"2570",42.8974609375,1994-01-13
"2571",41.857421875,1994-01-14
"2572",42.1865234375,1994-01-15
"2573",44.4072265625,1994-01-16
"2574",42.8466796875,1994-01-17
"2575",40.8369140625,1994-01-18
"2576",38.716796875,1994-01-19
"2577",37.556640625,1994-01-20
"2578",36.6669921875,1994-01-21
"2579",37.3671875,1994-01-22
"2580",40.947265625,1994-01-23
"2581",40.787109375,1994-01-24
"2582",41.107421875,1994-01-25
"2583",42.1767578125,1994-01-26
"2584",41.6767578125,1994-01-27
"2585",39.8466796875,1994-01-28
"2586",39.376953125,1994-01-29
"2587",37.9365234375,1994-01-30
"2588",33.306640625,1994-01-31
"2589",35.517578125,1994-02-01
"2590",38.5283203125,1994-02-02
"2591",39.0380859375,1994-02-03
"2592",39.7978515625,1994-02-04
"2593",42.177734375,1994-02-05
"2594",42.98828125,1994-02-06
"2595",41.998046875,1994-02-07
"2596",41.9482421875,1994-02-08
"2597",41.59765625,1994-02-09
"2598",41.8076171875,1994-02-10
"2599",39.578125,1994-02-11
"2600",36.068359375,1994-02-12
"2601",38.2578125,1994-02-13
"2602",41.2275390625,1994-02-14
"2603",41.1884765625,1994-02-15
"2604",35.927734375,1994-02-16
"2605",31.5380859375,1994-02-17
"2606",30.23828125,1994-02-18
"2607",35.6181640625,1994-02-19
"2608",36.1181640625,1994-02-20
"2609",38.2080078125,1994-02-21
"2610",37.9482421875,1994-02-22
"2611",39.2177734375,1994-02-23
"2612",39.4677734375,1994-02-24
"2613",39.91796875,1994-02-25
"2614",39.578125,1994-02-26
"2615",38.73828125,1994-02-27
"2616",27.1484375,1994-02-28
"2617",26.8505859375,1994-03-01
"2618",28.861328125,1994-03-02
"2619",33.9208984375,1994-03-03
"2620",35.44140625,1994-03-04
"2621",36.4208984375,1994-03-05
"2622",30.7109375,1994-03-06
"2623",32.9306640625,1994-03-07
"2624",36.060546875,1994-03-08
"2625",35.4111328125,1994-03-09
"2626",36.4111328125,1994-03-10
"2627",35.951171875,1994-03-11
"2628",33.7412109375,1994-03-12
"2629",31.87109375,1994-03-13
"2630",32.041015625,1994-03-14
"2631",33.4208984375,1994-03-15
"2632",34.361328125,1994-03-16
"2633",35.6005859375,1994-03-17
"2634",34.9912109375,1994-03-18
"2635",34.3505859375,1994-03-19
"2636",34.701171875,1994-03-20
"2637",34.7314453125,1994-03-21
"2638",34.451171875,1994-03-22
"2639",33.6708984375,1994-03-23
"2640",33.0810546875,1994-03-24
"2641",33.44140625,1994-03-25
"2642",34.6611328125,1994-03-26
"2643",33.3408203125,1994-03-27
"2644",34.271484375,1994-03-28
"2645",34.5009765625,1994-03-29
"2646",34.810546875,1994-03-30
"2647",34.9013671875,1994-03-31
"2648",35.177734375,1994-04-01
"2649",34.0380859375,1994-04-02
"2650",33.677734375,1994-04-03
"2651",34.6884765625,1994-04-04
"2652",35.73828125,1994-04-05
"2653",36.158203125,1994-04-06
"2654",32.3076171875,1994-04-07
"2655",29.267578125,1994-04-08
"2656",31.9677734375,1994-04-09
"2657",32.5283203125,1994-04-10
"2658",25.4384765625,1994-04-11
"2659",24.337890625,1994-04-12
"2660",25.2275390625,1994-04-13
"2661",27.498046875,1994-04-14
"2662",30.4775390625,1994-04-15
"2663",32.5078125,1994-04-16
"2664",32.7177734375,1994-04-17
"2665",32.2880859375,1994-04-18
"2666",30.5283203125,1994-04-19
"2667",29.5576171875,1994-04-20
"2668",30.158203125,1994-04-21
"2669",30.7080078125,1994-04-22
"2670",31.677734375,1994-04-23
"2671",31.7978515625,1994-04-24
"2672",31.068359375,1994-04-25
"2673",30.6982421875,1994-04-26
"2674",30.8681640625,1994-04-27
"2675",31.998046875,1994-04-28
"2676",33.5078125,1994-04-29
"2677",31.5283203125,1994-04-30
"2678",30.9716796875,1994-05-01
"2679",30.751953125,1994-05-02
"2680",30.5419921875,1994-05-03
"2681",30.1123046875,1994-05-04
"2682",30.3720703125,1994-05-05
"2683",30.1123046875,1994-05-06
"2684",29.6123046875,1994-05-07
"2685",28.6220703125,1994-05-08
"2686",27.26171875,1994-05-09
"2687",21.15234375,1994-05-10
"2688",21.76171875,1994-05-11
"2689",22.8623046875,1994-05-12
"2690",24.6416015625,1994-05-13
"2691",25.4716796875,1994-05-14
"2692",25.6416015625,1994-05-15
"2693",25.8916015625,1994-05-16
"2694",26.6318359375,1994-05-17
"2695",26.58203125,1994-05-18
"2696",24.6015625,1994-05-19
"2697",24.4716796875,1994-05-20
"2698",26.01171875,1994-05-21
"2699",27.3017578125,1994-05-22
"2700",29.1318359375,1994-05-23
"2701",32.08203125,1994-05-24
"2702",30.671875,1994-05-25
"2703",25.412109375,1994-05-26
"2704",25.0517578125,1994-05-27
"2705",25.7724609375,1994-05-28
"2706",26.1015625,1994-05-29
"2707",26.4423828125,1994-05-30
"2708",27.9921875,1994-05-31
"2709",28.599609375,1994-06-01
"2710",29.6201171875,1994-06-02
"2711",30.2197265625,1994-06-03
"2712",29.91015625,1994-06-04
"2713",28.490234375,1994-06-05
"2714",18.5498046875,1994-06-06
"2715",19.3896484375,1994-06-07
"2716",21.330078125,1994-06-08
"2717",20.4501953125,1994-06-09
"2718",20.2197265625,1994-06-10
"2719",19.7802734375,1994-06-11
"2720",21.150390625,1994-06-12
"2721",22.669921875,1994-06-13
"2722",20.5400390625,1994-06-14
"2723",20.919921875,1994-06-15
"2724",20.669921875,1994-06-16
"2725",19.9404296875,1994-06-17
"2726",20.01953125,1994-06-18
"2727",19.9697265625,1994-06-19
"2728",21.599609375,1994-06-20
"2729",25.3603515625,1994-06-21
"2730",28.9296875,1994-06-22
"2731",22.66015625,1994-06-23
"2732",22.1298828125,1994-06-24
"2733",18.740234375,1994-06-25
"2734",20.1796875,1994-06-26
"2735",18.330078125,1994-06-27
"2736",18.9697265625,1994-06-28
"2737",19.8095703125,1994-06-29
"2738",20.4404296875,1994-06-30
"2739",21.62109375,1994-07-01
"2740",23.0810546875,1994-07-02
"2741",23.060546875,1994-07-03
"2742",25.80078125,1994-07-04
"2743",26.2412109375,1994-07-05
"2744",25.7509765625,1994-07-06
"2745",25.5810546875,1994-07-07
"2746",25.6806640625,1994-07-08
"2747",25.7314453125,1994-07-09
"2748",26.94140625,1994-07-10
"2749",28.1611328125,1994-07-11
"2750",24.30078125,1994-07-12
"2751",21.611328125,1994-07-13
"2752",25.220703125,1994-07-14
"2753",23.390625,1994-07-15
"2754",20.791015625,1994-07-16
"2755",20.6005859375,1994-07-17
"2756",19.451171875,1994-07-18
"2757",21.2412109375,1994-07-19
"2758",22.970703125,1994-07-20
"2759",24.1611328125,1994-07-21
"2760",22.69140625,1994-07-22
"2761",20.5810546875,1994-07-23
"2762",21.3408203125,1994-07-24
"2763",22.541015625,1994-07-25
"2764",23.1611328125,1994-07-26
"2765",22.8505859375,1994-07-27
"2766",23.140625,1994-07-28
"2767",24.9111328125,1994-07-29
"2768",16.6005859375,1994-07-30
"2769",17.0009765625,1994-07-31
"2770",17.3271484375,1994-08-01
"2771",19.796875,1994-08-02
"2772",21.6171875,1994-08-03
"2773",22.4873046875,1994-08-04
"2774",24.6171875,1994-08-05
"2775",28.626953125,1994-08-06
"2776",24.4072265625,1994-08-07
"2777",19.947265625,1994-08-08
"2778",17.4873046875,1994-08-09
"2779",17.716796875,1994-08-10
"2780",22.7373046875,1994-08-11
"2781",27.046875,1994-08-12
"2782",27.857421875,1994-08-13
"2783",23.6171875,1994-08-14
"2784",19.796875,1994-08-15
"2785",21.5068359375,1994-08-16
"2786",22.1669921875,1994-08-17
"2787",21.9365234375,1994-08-18
"2788",23.3671875,1994-08-19
"2789",23.7666015625,1994-08-20
"2790",22.056640625,1994-08-21
"2791",23.966796875,1994-08-22
"2792",25.27734375,1994-08-23
"2793",26.466796875,1994-08-24
"2794",26.6171875,1994-08-25
"2795",27.876953125,1994-08-26
"2796",28.7470703125,1994-08-27
"2797",29.126953125,1994-08-28
"2798",29.2373046875,1994-08-29
"2799",30.3466796875,1994-08-30
"2800",31.2265625,1994-08-31
"2801",31.4970703125,1994-09-01
"2802",31.0869140625,1994-09-02
"2803",30.4765625,1994-09-03
"2804",32.2568359375,1994-09-04
"2805",26.2666015625,1994-09-05
"2806",23.1171875,1994-09-06
"2807",25.126953125,1994-09-07
"2808",26.3466796875,1994-09-08
"2809",24.5068359375,1994-09-09
"2810",26.0068359375,1994-09-10
"2811",29.9169921875,1994-09-11
"2812",33.037109375,1994-09-12
"2813",27.5771484375,1994-09-13
"2814",28.1669921875,1994-09-14
"2815",28.45703125,1994-09-15
"2816",29.056640625,1994-09-16
"2817",29.52734375,1994-09-17
"2818",29.8671875,1994-09-18
"2819",32.6767578125,1994-09-19
"2820",27.716796875,1994-09-20
"2821",24.9765625,1994-09-21
"2822",29.6865234375,1994-09-22
"2823",32.4873046875,1994-09-23
"2824",33.296875,1994-09-24
"2825",32.70703125,1994-09-25
"2826",32.8466796875,1994-09-26
"2827",29.806640625,1994-09-27
"2828",34.8974609375,1994-09-28
"2829",27.9873046875,1994-09-29
"2830",33.7666015625,1994-09-30
"2831",37.0927734375,1994-10-01
"2832",32.462890625,1994-10-02
"2833",35.203125,1994-10-03
"2834",29.04296875,1994-10-04
"2835",26.04296875,1994-10-05
"2836",38.7431640625,1994-10-06
"2837",22.86328125,1994-10-07
"2838",27.1328125,1994-10-08
"2839",29.1728515625,1994-10-09
"2840",29.7333984375,1994-10-10
"2841",31.4931640625,1994-10-11
"2842",33.7333984375,1994-10-12
"2843",34.9931640625,1994-10-13
"2844",35.5927734375,1994-10-14
"2845",35.8232421875,1994-10-15
"2846",36.443359375,1994-10-16
"2847",34.8427734375,1994-10-17
"2848",36.302734375,1994-10-18
"2849",38.9130859375,1994-10-19
"2850",32.212890625,1994-10-20
"2851",31.7626953125,1994-10-21
"2852",32.86328125,1994-10-22
"2853",32.802734375,1994-10-23
"2854",34.29296875,1994-10-24
"2855",38.3330078125,1994-10-25
"2856",40.4931640625,1994-10-26
"2857",40.8828125,1994-10-27
"2858",40.8134765625,1994-10-28
"2859",32.1328125,1994-10-29
"2860",31.462890625,1994-10-30
"2861",37.392578125,1994-10-31
"2862",26.5576171875,1994-11-01
"2863",28.4482421875,1994-11-02
"2864",31.2978515625,1994-11-03
"2865",33.568359375,1994-11-04
"2866",31.3876953125,1994-11-05
"2867",33.9482421875,1994-11-06
"2868",34.4677734375,1994-11-07
"2869",34.91796875,1994-11-08
"2870",37.3681640625,1994-11-09
"2871",39.0283203125,1994-11-10
"2872",41.5576171875,1994-11-11
"2873",41.59765625,1994-11-12
"2874",38.6982421875,1994-11-13
"2875",18.908203125,1994-11-14
"2876",23.017578125,1994-11-15
"2877",26.5283203125,1994-11-16
"2878",32.658203125,1994-11-17
"2879",35.3984375,1994-11-18
"2880",40.66796875,1994-11-19
"2881",38.587890625,1994-11-20
"2882",31.7880859375,1994-11-21
"2883",33.3984375,1994-11-22
"2884",37.0380859375,1994-11-23
"2885",42.7080078125,1994-11-24
"2886",42.59765625,1994-11-25
"2887",41.2978515625,1994-11-26
"2888",38.8681640625,1994-11-27
"2889",38.427734375,1994-11-28
"2890",38.6376953125,1994-11-29
"2891",38.908203125,1994-11-30
"2892",36.80859375,1994-12-01
"2893",38.8193359375,1994-12-02
"2894",38.6787109375,1994-12-03
"2895",37.0888671875,1994-12-04
"2896",37.609375,1994-12-05
"2897",37.298828125,1994-12-06
"2898",39.1494140625,1994-12-07
"2899",31.798828125,1994-12-08
"2900",31.94921875,1994-12-09
"2901",34.109375,1994-12-10
"2902",37.779296875,1994-12-11
"2903",40.7890625,1994-12-12
"2904",42.9990234375,1994-12-13
"2905",38.94921875,1994-12-14
"2906",39.3486328125,1994-12-15
"2907",41.2587890625,1994-12-16
"2908",40.9189453125,1994-12-17
"2909",42.6689453125,1994-12-18
"2910",44.1494140625,1994-12-19
"2911",43.44921875,1994-12-20
"2912",39.4091796875,1994-12-21
"2913",37.279296875,1994-12-22
"2914",36.5390625,1994-12-23
"2915",31.1494140625,1994-12-24
"2916",36.439453125,1994-12-25
"2917",38.119140625,1994-12-26
"2918",40.208984375,1994-12-27
"2919",42.1494140625,1994-12-28
"2920",43.439453125,1994-12-29
"2921",41.6689453125,1994-12-30
"2922",41.7685546875,1994-12-31
"2923",42.7568359375,1995-01-01
"2924",42.4169921875,1995-01-02
"2925",43.3173828125,1995-01-03
"2926",42.38671875,1995-01-04
"2927",42.2666015625,1995-01-05
"2928",42.0869140625,1995-01-06
"2929",41.357421875,1995-01-07
"2930",39.6669921875,1995-01-08
"2931",41.9873046875,1995-01-09
"2932",37.7666015625,1995-01-10
"2933",37.9169921875,1995-01-11
"2934",38.1669921875,1995-01-12
"2935",37.88671875,1995-01-13
"2936",39.0166015625,1995-01-14
"2937",38.6572265625,1995-01-15
"2938",37.876953125,1995-01-16
"2939",34.0966796875,1995-01-17
"2940",30.8369140625,1995-01-18
"2941",31.4970703125,1995-01-19
"2942",36.107421875,1995-01-20
"2943",32.0673828125,1995-01-21
"2944",33.806640625,1995-01-22
"2945",36.20703125,1995-01-23
"2946",38.947265625,1995-01-24
"2947",40.7568359375,1995-01-25
"2948",40.70703125,1995-01-26
"2949",40.9365234375,1995-01-27
"2950",39.63671875,1995-01-28
"2951",40.5068359375,1995-01-29
"2952",41.0869140625,1995-01-30
"2953",38.2265625,1995-01-31
"2954",37.1083984375,1995-02-01
"2955",38.568359375,1995-02-02
"2956",39.3681640625,1995-02-03
"2957",41.1181640625,1995-02-04
"2958",38.9580078125,1995-02-05
"2959",32.1982421875,1995-02-06
"2960",35.837890625,1995-02-07
"2961",35.6181640625,1995-02-08
"2962",36.41796875,1995-02-09
"2963",33.8583984375,1995-02-10
"2964",33.98828125,1995-02-11
"2965",34.267578125,1995-02-12
"2966",35.41796875,1995-02-13
"2967",36.248046875,1995-02-14
"2968",37.828125,1995-02-15
"2969",38.1181640625,1995-02-16
"2970",38.2783203125,1995-02-17
"2971",37.3681640625,1995-02-18
"2972",37.2177734375,1995-02-19
"2973",39.328125,1995-02-20
"2974",40.5478515625,1995-02-21
"2975",39.7275390625,1995-02-22
"2976",37.5478515625,1995-02-23
"2977",33.337890625,1995-02-24
"2978",31.1083984375,1995-02-25
"2979",33.2177734375,1995-02-26
"2980",33.1982421875,1995-02-27
"2981",36.177734375,1995-02-28
"2982",37.9013671875,1995-03-01
"2983",35.62109375,1995-03-02
"2984",30.201171875,1995-03-03
"2985",36.201171875,1995-03-04
"2986",37.62109375,1995-03-05
"2987",38.140625,1995-03-06
"2988",37.2412109375,1995-03-07
"2989",32.9208984375,1995-03-08
"2990",33.0107421875,1995-03-09
"2991",33.1611328125,1995-03-10
"2992",36.4013671875,1995-03-11
"2993",36.541015625,1995-03-12
"2994",34.560546875,1995-03-13
"2995",34.201171875,1995-03-14
"2996",29.791015625,1995-03-15
"2997",35.291015625,1995-03-16
"2998",36.30078125,1995-03-17
"2999",36.8408203125,1995-03-18
"3000",35.9609375,1995-03-19
"3001",34.2412109375,1995-03-20
"3002",35.5107421875,1995-03-21
"3003",35.7509765625,1995-03-22
"3004",35.791015625,1995-03-23
"3005",35.361328125,1995-03-24
"3006",35.810546875,1995-03-25
"3007",35.2109375,1995-03-26
"3008",33.0107421875,1995-03-27
"3009",31.80078125,1995-03-28
"3010",30.1513671875,1995-03-29
"3011",30.6806640625,1995-03-30
"3012",31.3408203125,1995-03-31
"3013",30.818359375,1995-04-01
"3014",30.328125,1995-04-02
"3015",31.9677734375,1995-04-03
"3016",33.84765625,1995-04-04
"3017",32.7978515625,1995-04-05
"3018",26.017578125,1995-04-06
"3019",25.927734375,1995-04-07
"3020",25.1376953125,1995-04-08
"3021",26.818359375,1995-04-09
"3022",28.4482421875,1995-04-10
"3023",27.5283203125,1995-04-11
"3024",29.73828125,1995-04-12
"3025",32.427734375,1995-04-13
"3026",31.068359375,1995-04-14
"3027",30.1982421875,1995-04-15
"3028",30.34765625,1995-04-16
"3029",30.2880859375,1995-04-17
"3030",32.7177734375,1995-04-18
"3031",33.6982421875,1995-04-19
"3032",34.0078125,1995-04-20
"3033",30.6279296875,1995-04-21
"3034",28.5078125,1995-04-22
"3035",30.8583984375,1995-04-23
"3036",28.66796875,1995-04-24
"3037",27.6279296875,1995-04-25
"3038",27.0078125,1995-04-26
"3039",30.2177734375,1995-04-27
"3040",33.2177734375,1995-04-28
"3041",33.408203125,1995-04-29
"3042",30.318359375,1995-04-30
"3043",18.5224609375,1995-05-01
"3044",18.65234375,1995-05-02
"3045",18.3115234375,1995-05-03
"3046",18.3720703125,1995-05-04
"3047",18.7216796875,1995-05-05
"3048",19.3017578125,1995-05-06
"3049",20.7021484375,1995-05-07
"3050",23.7919921875,1995-05-08
"3051",23.0419921875,1995-05-09
"3052",25.8115234375,1995-05-10
"3053",28.412109375,1995-05-11
"3054",31.3916015625,1995-05-12
"3055",33.4521484375,1995-05-13
"3056",31.162109375,1995-05-14
"3057",22.6123046875,1995-05-15
"3058",17.9921875,1995-05-16
"3059",17.2021484375,1995-05-17
"3060",19.431640625,1995-05-18
"3061",21.501953125,1995-05-19
"3062",21.2919921875,1995-05-20
"3063",21.3916015625,1995-05-21
"3064",22.7724609375,1995-05-22
"3065",24.7021484375,1995-05-23
"3066",27.1416015625,1995-05-24
"3067",21.9521484375,1995-05-25
"3068",21.33203125,1995-05-26
"3069",20.58203125,1995-05-27
"3070",20.5322265625,1995-05-28
"3071",23.912109375,1995-05-29
"3072",24.90234375,1995-05-30
"3073",23.4423828125,1995-05-31
"3074",26.3701171875,1995-06-01
"3075",28.6103515625,1995-06-02
"3076",29.1103515625,1995-06-03
"3077",27.1396484375,1995-06-04
"3078",28.509765625,1995-06-05
"3079",28.080078125,1995-06-06
"3080",30.1103515625,1995-06-07
"3081",29.580078125,1995-06-08
"3082",30.16015625,1995-06-09
"3083",29.599609375,1995-06-10
"3084",21.08984375,1995-06-11
"3085",21.3798828125,1995-06-12
"3086",23.58984375,1995-06-13
"3087",25.76953125,1995-06-14
"3088",14.6201171875,1995-06-15
"3089",15.509765625,1995-06-16
"3090",15.1103515625,1995-06-17
"3091",14.8896484375,1995-06-18
"3092",16.3798828125,1995-06-19
"3093",16.8095703125,1995-06-20
"3094",17.9404296875,1995-06-21
"3095",17.6298828125,1995-06-22
"3096",19.91015625,1995-06-23
"3097",23.900390625,1995-06-24
"3098",25.919921875,1995-06-25
"3099",27.7802734375,1995-06-26
"3100",25.98046875,1995-06-27
"3101",19.6298828125,1995-06-28
"3102",19.1201171875,1995-06-29
"3103",19.1103515625,1995-06-30
"3104",19.8310546875,1995-07-01
"3105",17.951171875,1995-07-02
"3106",20.140625,1995-07-03
"3107",19.9609375,1995-07-04
"3108",14.1708984375,1995-07-05
"3109",20.19140625,1995-07-06
"3110",18.2109375,1995-07-07
"3111",17.951171875,1995-07-08
"3112",18.87109375,1995-07-09
"3113",22.87109375,1995-07-10
"3114",26.201171875,1995-07-11
"3115",29.2109375,1995-07-12
"3116",32.6611328125,1995-07-13
"3117",26.1513671875,1995-07-14
"3118",28.3408203125,1995-07-15
"3119",32.30078125,1995-07-16
"3120",25.05078125,1995-07-17
"3121",19.201171875,1995-07-18
"3122",18.87109375,1995-07-19
"3123",21.9013671875,1995-07-20
"3124",25.2607421875,1995-07-21
"3125",22.470703125,1995-07-22
"3126",20.140625,1995-07-23
"3127",20.19140625,1995-07-24
"3128",22.8212890625,1995-07-25
"3129",24.8505859375,1995-07-26
"3130",21.3505859375,1995-07-27
"3131",21.2607421875,1995-07-28
"3132",20.630859375,1995-07-29
"3133",26.041015625,1995-07-30
"3134",21.9912109375,1995-07-31
"3135",19.6572265625,1995-08-01
"3136",20.2470703125,1995-08-02
"3137",20.6474609375,1995-08-03
"3138",21.0771484375,1995-08-04
"3139",20.376953125,1995-08-05
"3140",19.3974609375,1995-08-06
"3141",17.9365234375,1995-08-07
"3142",17.3173828125,1995-08-08
"3143",18.787109375,1995-08-09
"3144",21.537109375,1995-08-10
"3145",24.107421875,1995-08-11
"3146",24.9873046875,1995-08-12
"3147",26.1572265625,1995-08-13
"3148",27.1171875,1995-08-14
"3149",21.8974609375,1995-08-15
"3150",25.0966796875,1995-08-16
"3151",27.6474609375,1995-08-17
"3152",29.5166015625,1995-08-18
"3153",31.9765625,1995-08-19
"3154",33.5068359375,1995-08-20
"3155",33.6474609375,1995-08-21
"3156",32.3369140625,1995-08-22
"3157",33.2568359375,1995-08-23
"3158",32.27734375,1995-08-24
"3159",33.6669921875,1995-08-25
"3160",32.1669921875,1995-08-26
"3161",30.7568359375,1995-08-27
"3162",30.3671875,1995-08-28
"3163",30.3466796875,1995-08-29
"3164",30.796875,1995-08-30
"3165",33.626953125,1995-08-31
"3166",27.537109375,1995-09-01
"3167",23.4169921875,1995-09-02
"3168",30.3466796875,1995-09-03
"3169",35.02734375,1995-09-04
"3170",29.466796875,1995-09-05
"3171",21.5966796875,1995-09-06
"3172",27.0771484375,1995-09-07
"3173",35.1669921875,1995-09-08
"3174",34.6572265625,1995-09-09
"3175",31.5771484375,1995-09-10
"3176",27.9072265625,1995-09-11
"3177",29.9267578125,1995-09-12
"3178",33.1171875,1995-09-13
"3179",35.376953125,1995-09-14
"3180",34.5966796875,1995-09-15
"3181",33.4072265625,1995-09-16
"3182",27.9072265625,1995-09-17
"3183",31.546875,1995-09-18
"3184",33.4267578125,1995-09-19
"3185",37.0869140625,1995-09-20
"3186",36.5869140625,1995-09-21
"3187",29.0166015625,1995-09-22
"3188",32.8671875,1995-09-23
"3189",26.4365234375,1995-09-24
"3190",25.77734375,1995-09-25
"3191",28.197265625,1995-09-26
"3192",29.7265625,1995-09-27
"3193",32.4169921875,1995-09-28
"3194",36.5068359375,1995-09-29
"3195",35.2265625,1995-09-30
"3196",36.1728515625,1995-10-01
"3197",30.11328125,1995-10-02
"3198",26.2529296875,1995-10-03
"3199",28.5029296875,1995-10-04
"3200",32.8330078125,1995-10-05
"3201",31.7734375,1995-10-06
"3202",35.953125,1995-10-07
"3203",23.5126953125,1995-10-08
"3204",28.4228515625,1995-10-09
"3205",32.2626953125,1995-10-10
"3206",36.2529296875,1995-10-11
"3207",38.2333984375,1995-10-12
"3208",36.142578125,1995-10-13
"3209",29.97265625,1995-10-14
"3210",30.453125,1995-10-15
"3211",31.6826171875,1995-10-16
"3212",31.7626953125,1995-10-17
"3213",33.22265625,1995-10-18
"3214",35.4228515625,1995-10-19
"3215",35.3134765625,1995-10-20
"3216",19.3134765625,1995-10-21
"3217",21.36328125,1995-10-22
"3218",23.962890625,1995-10-23
"3219",16.5732421875,1995-10-24
"3220",27.9033203125,1995-10-25
"3221",31.552734375,1995-10-26
"3222",33.7734375,1995-10-27
"3223",37.3330078125,1995-10-28
"3224",39.1728515625,1995-10-29
"3225",40.5732421875,1995-10-30
"3226",41.873046875,1995-10-31
"3227",42.927734375,1995-11-01
"3228",43.1376953125,1995-11-02
"3229",42.2880859375,1995-11-03
"3230",33.7880859375,1995-11-04
"3231",32.408203125,1995-11-05
"3232",32.91796875,1995-11-06
"3233",38.658203125,1995-11-07
"3234",43.0078125,1995-11-08
"3235",43.1982421875,1995-11-09
"3236",34.818359375,1995-11-10
"3237",31.2783203125,1995-11-11
"3238",38.587890625,1995-11-12
"3239",41.1181640625,1995-11-13
"3240",29.9677734375,1995-11-14
"3241",33.5576171875,1995-11-15
"3242",35.4482421875,1995-11-16
"3243",33.9580078125,1995-11-17
"3244",38.068359375,1995-11-18
"3245",31.017578125,1995-11-19
"3246",35.1279296875,1995-11-20
"3247",33.677734375,1995-11-21
"3248",32.3984375,1995-11-22
"3249",31.23828125,1995-11-23
"3250",34.6484375,1995-11-24
"3251",39.587890625,1995-11-25
"3252",42.5478515625,1995-11-26
"3253",41.6982421875,1995-11-27
"3254",37.6884765625,1995-11-28
"3255",38.6982421875,1995-11-29
"3256",39.1982421875,1995-11-30
"3257",38.859375,1995-12-01
"3258",36.7685546875,1995-12-02
"3259",38.55859375,1995-12-03
"3260",40.859375,1995-12-04
"3261",27.8291015625,1995-12-05
"3262",30.6494140625,1995-12-06
"3263",34.458984375,1995-12-07
"3264",38.62890625,1995-12-08
"3265",42.228515625,1995-12-09
"3266",40.5986328125,1995-12-10
"3267",23.689453125,1995-12-11
"3268",30.9091796875,1995-12-12
"3269",34.978515625,1995-12-13
"3270",39.0986328125,1995-12-14
"3271",41.3994140625,1995-12-15
"3272",43.3388671875,1995-12-16
"3273",44.7685546875,1995-12-17
"3274",43.71875,1995-12-18
"3275",39.80859375,1995-12-19
"3276",40.6689453125,1995-12-20
"3277",39.859375,1995-12-21
"3278",37.55859375,1995-12-22
"3279",33.298828125,1995-12-23
"3280",35.619140625,1995-12-24
"3281",37.2392578125,1995-12-25
"3282",41.189453125,1995-12-26
"3283",42.9091796875,1995-12-27
"3284",42.12890625,1995-12-28
"3285",40.298828125,1995-12-29
"3286",36.978515625,1995-12-30
"3287",36.478515625,1995-12-31
"3288",28.2568359375,1996-01-01
"3289",30.3173828125,1996-01-02
"3290",35.9873046875,1996-01-03
"3291",36.6572265625,1996-01-04
"3292",38.4765625,1996-01-05
"3293",39.7265625,1996-01-06
"3294",39.357421875,1996-01-07
"3295",41.037109375,1996-01-08
"3296",38.1669921875,1996-01-09
"3297",39.38671875,1996-01-10
"3298",41.056640625,1996-01-11
"3299",42.607421875,1996-01-12
"3300",41.9169921875,1996-01-13
"3301",41.5869140625,1996-01-14
"3302",41.1767578125,1996-01-15
"3303",41.1171875,1996-01-16
"3304",41.4169921875,1996-01-17
"3305",41.1572265625,1996-01-18
"3306",41.6474609375,1996-01-19
"3307",40.7373046875,1996-01-20
"3308",35.3271484375,1996-01-21
"3309",35.787109375,1996-01-22
"3310",38.9765625,1996-01-23
"3311",39.6669921875,1996-01-24
"3312",38.5166015625,1996-01-25
"3313",39.52734375,1996-01-26
"3314",42.9873046875,1996-01-27
"3315",43.95703125,1996-01-28
"3316",42.607421875,1996-01-29
"3317",42.27734375,1996-01-30
"3318",34.7373046875,1996-01-31
"3319",37.337890625,1996-02-01
"3320",36.748046875,1996-02-02
"3321",39.4580078125,1996-02-03
"3322",42.84765625,1996-02-04
"3323",42.16796875,1996-02-05
"3324",43.2880859375,1996-02-06
"3325",42.7275390625,1996-02-07
"3326",43.4775390625,1996-02-08
"3327",32.34765625,1996-02-09
"3328",31.8984375,1996-02-10
"3329",34.078125,1996-02-11
"3330",35.517578125,1996-02-12
"3331",37.7275390625,1996-02-13
"3332",36.9677734375,1996-02-14
"3333",35.2275390625,1996-02-15
"3334",36.1181640625,1996-02-16
"3335",37.498046875,1996-02-17
"3336",39.1982421875,1996-02-18
"3337",41.0283203125,1996-02-19
"3338",43.0078125,1996-02-20
"3339",44.068359375,1996-02-21
"3340",41.7783203125,1996-02-22
"3341",39.818359375,1996-02-23
"3342",39.767578125,1996-02-24
"3343",39.6484375,1996-02-25
"3344",40.498046875,1996-02-26
"3345",40.7978515625,1996-02-27
"3346",35.8779296875,1996-02-28
"3347",28.7578125,1996-02-29
"3348",33.9814453125,1996-03-01
"3349",28.9111328125,1996-03-02
"3350",28.1513671875,1996-03-03
"3351",26.220703125,1996-03-04
"3352",31.890625,1996-03-05
"3353",34.78125,1996-03-06
"3354",37.3505859375,1996-03-07
"3355",37.611328125,1996-03-08
"3356",37.05078125,1996-03-09
"3357",36.310546875,1996-03-10
"3358",37.9306640625,1996-03-11
"3359",37.6513671875,1996-03-12
"3360",36.9814453125,1996-03-13
"3361",38.201171875,1996-03-14
"3362",38.5712890625,1996-03-15
"3363",36.6005859375,1996-03-16
"3364",33.4111328125,1996-03-17
"3365",33.1513671875,1996-03-18
"3366",33.4306640625,1996-03-19
"3367",33.6611328125,1996-03-20
"3368",31.03125,1996-03-21
"3369",32.791015625,1996-03-22
"3370",35.361328125,1996-03-23
"3371",36.3212890625,1996-03-24
"3372",37.4912109375,1996-03-25
"3373",36.291015625,1996-03-26
"3374",35.041015625,1996-03-27
"3375",35.310546875,1996-03-28
"3376",36.810546875,1996-03-29
"3377",37.220703125,1996-03-30
"3378",35.880859375,1996-03-31
"3379",33.6982421875,1996-04-01
"3380",30.818359375,1996-04-02
"3381",32.8876953125,1996-04-03
"3382",35.8984375,1996-04-04
"3383",37.6484375,1996-04-05
"3384",39.41796875,1996-04-06
"3385",39.73828125,1996-04-07
"3386",32.587890625,1996-04-08
"3387",19.7177734375,1996-04-09
"3388",26.9677734375,1996-04-10
"3389",26.7880859375,1996-04-11
"3390",30.2978515625,1996-04-12
"3391",33.66796875,1996-04-13
"3392",29.1982421875,1996-04-14
"3393",26.7177734375,1996-04-15
"3394",26.3779296875,1996-04-16
"3395",26.6083984375,1996-04-17
"3396",26.7080078125,1996-04-18
"3397",25.9384765625,1996-04-19
"3398",28.087890625,1996-04-20
"3399",32.3876953125,1996-04-21
"3400",32.2880859375,1996-04-22
"3401",32.34765625,1996-04-23
"3402",31.7783203125,1996-04-24
"3403",31.2578125,1996-04-25
"3404",32.767578125,1996-04-26
"3405",34.1884765625,1996-04-27
"3406",34.2177734375,1996-04-28
"3407",30.9677734375,1996-04-29
"3408",26.837890625,1996-04-30
"3409",26.162109375,1996-05-01
"3410",25.8818359375,1996-05-02
"3411",25.6318359375,1996-05-03
"3412",26.171875,1996-05-04
"3413",27.7421875,1996-05-05
"3414",27.091796875,1996-05-06
"3415",27.732421875,1996-05-07
"3416",30.51171875,1996-05-08
"3417",31.5419921875,1996-05-09
"3418",32.65234375,1996-05-10
"3419",32.482421875,1996-05-11
"3420",31.671875,1996-05-12
"3421",27.482421875,1996-05-13
"3422",19.8515625,1996-05-14
"3423",21.8515625,1996-05-15
"3424",22.591796875,1996-05-16
"3425",25.83203125,1996-05-17
"3426",27.3916015625,1996-05-18
"3427",24.9619140625,1996-05-19
"3428",22.841796875,1996-05-20
"3429",22.15234375,1996-05-21
"3430",21.6220703125,1996-05-22
"3431",23.171875,1996-05-23
"3432",24.9619140625,1996-05-24
"3433",27.8720703125,1996-05-25
"3434",28.15234375,1996-05-26
"3435",28.8515625,1996-05-27
"3436",26.8017578125,1996-05-28
"3437",23.091796875,1996-05-29
"3438",26.6220703125,1996-05-30
"3439",28.931640625,1996-05-31
"3440",30.08984375,1996-06-01
"3441",30.3203125,1996-06-02
"3442",30.9599609375,1996-06-03
"3443",29.8095703125,1996-06-04
"3444",27.400390625,1996-06-05
"3445",25.4404296875,1996-06-06
"3446",22.5302734375,1996-06-07
"3447",21.1201171875,1996-06-08
"3448",24.0595703125,1996-06-09
"3449",22.9404296875,1996-06-10
"3450",22.1904296875,1996-06-11
"3451",24.3798828125,1996-06-12
"3452",24.919921875,1996-06-13
"3453",24.240234375,1996-06-14
"3454",22.5400390625,1996-06-15
"3455",22.5400390625,1996-06-16
"3456",26.58984375,1996-06-17
"3457",28.8701171875,1996-06-18
"3458",29.6298828125,1996-06-19
"3459",31.6796875,1996-06-20
"3460",33.6904296875,1996-06-21
"3461",34.23046875,1996-06-22
"3462",22.01953125,1996-06-23
"3463",25.4599609375,1996-06-24
"3464",25.1298828125,1996-06-25
"3465",22.2099609375,1996-06-26
"3466",25.51953125,1996-06-27
"3467",31.2998046875,1996-06-28
"3468",29.2998046875,1996-06-29
"3469",26.0400390625,1996-06-30
"3470",27.9306640625,1996-07-01
"3471",25.94140625,1996-07-02
"3472",28.1708984375,1996-07-03
"3473",29.880859375,1996-07-04
"3474",25.4306640625,1996-07-05
"3475",21.4208984375,1996-07-06
"3476",20.130859375,1996-07-07
"3477",18.9912109375,1996-07-08
"3478",19.4013671875,1996-07-09
"3479",21.4013671875,1996-07-10
"3480",19.1611328125,1996-07-11
"3481",17.9814453125,1996-07-12
"3482",19.060546875,1996-07-13
"3483",18.9306640625,1996-07-14
"3484",19.7509765625,1996-07-15
"3485",22.69140625,1996-07-16
"3486",29.041015625,1996-07-17
"3487",33.5712890625,1996-07-18
"3488",29.560546875,1996-07-19
"3489",22.130859375,1996-07-20
"3490",21.1513671875,1996-07-21
"3491",24.6005859375,1996-07-22
"3492",31.87109375,1996-07-23
"3493",27.0107421875,1996-07-24
"3494",27.2412109375,1996-07-25
"3495",15.8310546875,1996-07-26
"3496",17.791015625,1996-07-27
"3497",20.4814453125,1996-07-28
"3498",22.7412109375,1996-07-29
"3499",19.5908203125,1996-07-30
"3500",25.9814453125,1996-07-31
"3501",29.216796875,1996-08-01
"3502",27.0673828125,1996-08-02
"3503",26.8271484375,1996-08-03
"3504",29.357421875,1996-08-04
"3505",27.0966796875,1996-08-05
"3506",30.6474609375,1996-08-06
"3507",16.9072265625,1996-08-07
"3508",13.966796875,1996-08-08
"3509",18.7265625,1996-08-09
"3510",20.6669921875,1996-08-10
"3511",22.7666015625,1996-08-11
"3512",26.3671875,1996-08-12
"3513",28.947265625,1996-08-13
"3514",31.2373046875,1996-08-14
"3515",32.2666015625,1996-08-15
"3516",24.5771484375,1996-08-16
"3517",18.056640625,1996-08-17
"3518",20.0869140625,1996-08-18
"3519",17.5966796875,1996-08-19
"3520",19.1669921875,1996-08-20
"3521",22.4970703125,1996-08-21
"3522",28.13671875,1996-08-22
"3523",28.1474609375,1996-08-23
"3524",27.38671875,1996-08-24
"3525",31.0966796875,1996-08-25
"3526",33.966796875,1996-08-26
"3527",33.7568359375,1996-08-27
"3528",32.7666015625,1996-08-28
"3529",16.966796875,1996-08-29
"3530",20.607421875,1996-08-30
"3531",21.95703125,1996-08-31
"3532",23.9765625,1996-09-01
"3533",22.0673828125,1996-09-02
"3534",23.20703125,1996-09-03
"3535",27.1865234375,1996-09-04
"3536",28.5966796875,1996-09-05
"3537",29.806640625,1996-09-06
"3538",31.9267578125,1996-09-07
"3539",34.4169921875,1996-09-08
"3540",34.63671875,1996-09-09
"3541",35.6171875,1996-09-10
"3542",37.037109375,1996-09-11
"3543",24.5771484375,1996-09-12
"3544",24.8173828125,1996-09-13
"3545",25.4169921875,1996-09-14
"3546",31.3671875,1996-09-15
"3547",35.8271484375,1996-09-16
"3548",37.3671875,1996-09-17
"3549",37.556640625,1996-09-18
"3550",36.20703125,1996-09-19
"3551",24.046875,1996-09-20
"3552",22.126953125,1996-09-21
"3553",27.0673828125,1996-09-22
"3554",34.2666015625,1996-09-23
"3555",32.6767578125,1996-09-24
"3556",34.4072265625,1996-09-25
"3557",37.1572265625,1996-09-26
"3558",37.296875,1996-09-27
"3559",37.20703125,1996-09-28
"3560",35.447265625,1996-09-29
"3561",26.5966796875,1996-09-30
"3562",27.1728515625,1996-10-01
"3563",31.22265625,1996-10-02
"3564",36.5634765625,1996-10-03
"3565",36.9033203125,1996-10-04
"3566",40.0634765625,1996-10-05
"3567",34.1328125,1996-10-06
"3568",24.22265625,1996-10-07
"3569",28.4228515625,1996-10-08
"3570",29.0732421875,1996-10-09
"3571",33.443359375,1996-10-10
"3572",33.892578125,1996-10-11
"3573",26.5126953125,1996-10-12
"3574",30.283203125,1996-10-13
"3575",34.7529296875,1996-10-14
"3576",35.6025390625,1996-10-15
"3577",37.22265625,1996-10-16
"3578",36.0126953125,1996-10-17
"3579",28.0634765625,1996-10-18
"3580",32.5234375,1996-10-19
"3581",32.36328125,1996-10-20
"3582",34.7529296875,1996-10-21
"3583",36.1630859375,1996-10-22
"3584",35.802734375,1996-10-23
"3585",34.703125,1996-10-24
"3586",35.6826171875,1996-10-25
"3587",34.943359375,1996-10-26
"3588",36.533203125,1996-10-27
"3589",36.302734375,1996-10-28
"3590",36.5634765625,1996-10-29
"3591",36.6728515625,1996-10-30
"3592",37.29296875,1996-10-31
"3593",39.578125,1996-11-01
"3594",40.6484375,1996-11-02
"3595",38.427734375,1996-11-03
"3596",32.068359375,1996-11-04
"3597",30.16796875,1996-11-05
"3598",29.587890625,1996-11-06
"3599",32.318359375,1996-11-07
"3600",34.91796875,1996-11-08
"3601",37.2880859375,1996-11-09
"3602",30.5283203125,1996-11-10
"3603",30.998046875,1996-11-11
"3604",34.2578125,1996-11-12
"3605",39.078125,1996-11-13
"3606",42.3779296875,1996-11-14
"3607",43.66796875,1996-11-15
"3608",43.1884765625,1996-11-16
"3609",40.8583984375,1996-11-17
"3610",35.1181640625,1996-11-18
"3611",33.767578125,1996-11-19
"3612",33.8984375,1996-11-20
"3613",34.34765625,1996-11-21
"3614",33.2177734375,1996-11-22
"3615",30.318359375,1996-11-23
"3616",32.248046875,1996-11-24
"3617",37.3876953125,1996-11-25
"3618",40.0380859375,1996-11-26
"3619",42.16796875,1996-11-27
"3620",44.66796875,1996-11-28
"3621",43.7978515625,1996-11-29
"3622",42.2783203125,1996-11-30
"3623",44.3193359375,1996-12-01
"3624",39.71875,1996-12-02
"3625",35.80859375,1996-12-03
"3626",37.21875,1996-12-04
"3627",37.2392578125,1996-12-05
"3628",41.05859375,1996-12-06
"3629",29.5791015625,1996-12-07
"3630",33.529296875,1996-12-08
"3631",35.5791015625,1996-12-09
"3632",37.779296875,1996-12-10
"3633",39.87890625,1996-12-11
"3634",41.94921875,1996-12-12
"3635",43.0986328125,1996-12-13
"3636",42.978515625,1996-12-14
"3637",38.6494140625,1996-12-15
"3638",38.1494140625,1996-12-16
"3639",37.359375,1996-12-17
"3640",37.3486328125,1996-12-18
"3641",36.298828125,1996-12-19
"3642",37.1494140625,1996-12-20
"3643",39.2392578125,1996-12-21
"3644",39.798828125,1996-12-22
"3645",40.6689453125,1996-12-23
"3646",40.478515625,1996-12-24
"3647",40.9189453125,1996-12-25
"3648",40.7490234375,1996-12-26
"3649",41.9892578125,1996-12-27
"3650",41.62890625,1996-12-28
"3651",41.6591796875,1996-12-29
"3652",40.689453125,1996-12-30
"3653",35.2587890625,1996-12-31
"3654",35.0166015625,1997-01-01
"3655",40.216796875,1997-01-02
"3656",38.966796875,1997-01-03
"3657",38.3671875,1997-01-04
"3658",37.0869140625,1997-01-05
"3659",38.1572265625,1997-01-06
"3660",40.466796875,1997-01-07
"3661",37.9970703125,1997-01-08
"3662",38.4267578125,1997-01-09
"3663",41.1171875,1997-01-10
"3664",42.9970703125,1997-01-11
"3665",42.6474609375,1997-01-12
"3666",40.7666015625,1997-01-13
"3667",39.947265625,1997-01-14
"3668",38.626953125,1997-01-15
"3669",35.8173828125,1997-01-16
"3670",34.9072265625,1997-01-17
"3671",31.70703125,1997-01-18
"3672",31.6474609375,1997-01-19
"3673",28.77734375,1997-01-20
"3674",35.697265625,1997-01-21
"3675",36.716796875,1997-01-22
"3676",38.056640625,1997-01-23
"3677",38.5673828125,1997-01-24
"3678",39.5966796875,1997-01-25
"3679",40.107421875,1997-01-26
"3680",34.2666015625,1997-01-27
"3681",22.796875,1997-01-28
"3682",30.6767578125,1997-01-29
"3683",36.287109375,1997-01-30
"3684",37.9970703125,1997-01-31
"3685",38.087890625,1997-02-01
"3686",33.498046875,1997-02-02
"3687",35.7578125,1997-02-03
"3688",36.8076171875,1997-02-04
"3689",35.8779296875,1997-02-05
"3690",36.1181640625,1997-02-06
"3691",36.6279296875,1997-02-07
"3692",36.7177734375,1997-02-08
"3693",36.2080078125,1997-02-09
"3694",37.6279296875,1997-02-10
"3695",36.177734375,1997-02-11
"3696",34.767578125,1997-02-12
"3697",34.318359375,1997-02-13
"3698",35.4775390625,1997-02-14
"3699",34.4775390625,1997-02-15
"3700",33.677734375,1997-02-16
"3701",35.16796875,1997-02-17
"3702",36.2880859375,1997-02-18
"3703",36.337890625,1997-02-19
"3704",36.09765625,1997-02-20
"3705",36.498046875,1997-02-21
"3706",37.8681640625,1997-02-22
"3707",37.2880859375,1997-02-23
"3708",38.1982421875,1997-02-24
"3709",36.078125,1997-02-25
"3710",35.84765625,1997-02-26
"3711",37.6982421875,1997-02-27
"3712",34.98828125,1997-02-28
"3713",33.8310546875,1997-03-01
"3714",33.4208984375,1997-03-02
"3715",32.6005859375,1997-03-03
"3716",26.9306640625,1997-03-04
"3717",31.130859375,1997-03-05
"3718",32.4111328125,1997-03-06
"3719",30.1513671875,1997-03-07
"3720",34.1611328125,1997-03-08
"3721",31.791015625,1997-03-09
"3722",33.810546875,1997-03-10
"3723",32.861328125,1997-03-11
"3724",34.1611328125,1997-03-12
"3725",34.640625,1997-03-13
"3726",33.7509765625,1997-03-14
"3727",32.9814453125,1997-03-15
"3728",34.4306640625,1997-03-16
"3729",35.130859375,1997-03-17
"3730",35.7314453125,1997-03-18
"3731",36.4814453125,1997-03-19
"3732",35.880859375,1997-03-20
"3733",33.2412109375,1997-03-21
"3734",32.1806640625,1997-03-22
"3735",31.7412109375,1997-03-23
"3736",29.880859375,1997-03-24
"3737",29.6611328125,1997-03-25
"3738",32.720703125,1997-03-26
"3739",34.451171875,1997-03-27
"3740",35.3310546875,1997-03-28
"3741",35.6005859375,1997-03-29
"3742",34.9814453125,1997-03-30
"3743",33.30078125,1997-03-31
"3744",31.34765625,1997-04-01
"3745",33.4775390625,1997-04-02
"3746",32.7783203125,1997-04-03
"3747",31.4677734375,1997-04-04
"3748",31.677734375,1997-04-05
"3749",31.8076171875,1997-04-06
"3750",29.59765625,1997-04-07
"3751",28.158203125,1997-04-08
"3752",28.2783203125,1997-04-09
"3753",31.7880859375,1997-04-10
"3754",32.9580078125,1997-04-11
"3755",33.23828125,1997-04-12
"3756",32.837890625,1997-04-13
"3757",32.4384765625,1997-04-14
"3758",32.087890625,1997-04-15
"3759",31.1376953125,1997-04-16
"3760",31.34765625,1997-04-17
"3761",30.98828125,1997-04-18
"3762",30.1181640625,1997-04-19
"3763",30.017578125,1997-04-20
"3764",31.498046875,1997-04-21
"3765",32.73828125,1997-04-22
"3766",31.658203125,1997-04-23
"3767",30.7783203125,1997-04-24
"3768",31.2783203125,1997-04-25
"3769",31.8681640625,1997-04-26
"3770",31.3583984375,1997-04-27
"3771",30.6083984375,1997-04-28
"3772",30.0380859375,1997-04-29
"3773",30.8984375,1997-04-30
"3774",29.5419921875,1997-05-01
"3775",30.0322265625,1997-05-02
"3776",30.171875,1997-05-03
"3777",31.181640625,1997-05-04
"3778",30.6923828125,1997-05-05
"3779",31.162109375,1997-05-06
"3780",24.251953125,1997-05-07
"3781",22.26171875,1997-05-08
"3782",21.9716796875,1997-05-09
"3783",21.591796875,1997-05-10
"3784",23.072265625,1997-05-11
"3785",22.58203125,1997-05-12
"3786",24.162109375,1997-05-13
"3787",22.3515625,1997-05-14
"3788",22.5322265625,1997-05-15
"3789",19.5615234375,1997-05-16
"3790",22.8916015625,1997-05-17
"3791",22.7216796875,1997-05-18
"3792",24.572265625,1997-05-19
"3793",27.15234375,1997-05-20
"3794",30.65234375,1997-05-21
"3795",21.912109375,1997-05-22
"3796",24.8623046875,1997-05-23
"3797",23.4619140625,1997-05-24
"3798",24.5615234375,1997-05-25
"3799",27.1015625,1997-05-26
"3800",26.931640625,1997-05-27
"3801",28.921875,1997-05-28
"3802",19.0322265625,1997-05-29
"3803",21.2724609375,1997-05-30
"3804",20.0419921875,1997-05-31
"3805",19.25,1997-06-01
"3806",21.0498046875,1997-06-02
"3807",24.419921875,1997-06-03
"3808",28.3095703125,1997-06-04
"3809",28.4697265625,1997-06-05
"3810",25.3798828125,1997-06-06
"3811",24.01953125,1997-06-07
"3812",23.33984375,1997-06-08
"3813",24.41015625,1997-06-09
"3814",24.4404296875,1997-06-10
"3815",26.0595703125,1997-06-11
"3816",28.1396484375,1997-06-12
"3817",22.5595703125,1997-06-13
"3818",20.4501953125,1997-06-14
"3819",18.669921875,1997-06-15
"3820",17.3603515625,1997-06-16
"3821",18.5703125,1997-06-17
"3822",21.0498046875,1997-06-18
"3823",21.509765625,1997-06-19
"3824",23.8603515625,1997-06-20
"3825",24.8798828125,1997-06-21
"3826",24.4697265625,1997-06-22
"3827",23.91015625,1997-06-23
"3828",23.419921875,1997-06-24
"3829",23.3095703125,1997-06-25
"3830",17.7998046875,1997-06-26
"3831",16.259765625,1997-06-27
"3832",18.5703125,1997-06-28
"3833",18.83984375,1997-06-29
"3834",19.240234375,1997-06-30
"3835",19.041015625,1997-07-01
"3836",20.3408203125,1997-07-02
"3837",21.8310546875,1997-07-03
"3838",24.0009765625,1997-07-04
"3839",20.78125,1997-07-05
"3840",22.041015625,1997-07-06
"3841",23.4814453125,1997-07-07
"3842",25.291015625,1997-07-08
"3843",22.8310546875,1997-07-09
"3844",18.220703125,1997-07-10
"3845",18.470703125,1997-07-11
"3846",14.111328125,1997-07-12
"3847",14.2509765625,1997-07-13
"3848",20.8212890625,1997-07-14
"3849",19.5810546875,1997-07-15
"3850",16.9111328125,1997-07-16
"3851",18.111328125,1997-07-17
"3852",18.6513671875,1997-07-18
"3853",19.1513671875,1997-07-19
"3854",22.2607421875,1997-07-20
"3855",21.28125,1997-07-21
"3856",22.140625,1997-07-22
"3857",22.720703125,1997-07-23
"3858",24.3505859375,1997-07-24
"3859",27.37109375,1997-07-25
"3860",30.5908203125,1997-07-26
"3861",23.4912109375,1997-07-27
"3862",23.80078125,1997-07-28
"3863",21.970703125,1997-07-29
"3864",20.130859375,1997-07-30
"3865",19.9208984375,1997-07-31
"3866",22.4169921875,1997-08-01
"3867",23.6474609375,1997-08-02
"3868",25.4765625,1997-08-03
"3869",26.3671875,1997-08-04
"3870",25.6171875,1997-08-05
"3871",30.3974609375,1997-08-06
"3872",21.88671875,1997-08-07
"3873",24.0966796875,1997-08-08
"3874",23.3466796875,1997-08-09
"3875",29.056640625,1997-08-10
"3876",28.7265625,1997-08-11
"3877",21.697265625,1997-08-12
"3878",20.857421875,1997-08-13
"3879",22.1474609375,1997-08-14
"3880",25.3974609375,1997-08-15
"3881",28.947265625,1997-08-16
"3882",29.857421875,1997-08-17
"3883",29.4765625,1997-08-18
"3884",28.8974609375,1997-08-19
"3885",29.13671875,1997-08-20
"3886",29.1474609375,1997-08-21
"3887",27.7265625,1997-08-22
"3888",25.6171875,1997-08-23
"3889",24.0166015625,1997-08-24
"3890",20.5869140625,1997-08-25
"3891",19.7373046875,1997-08-26
"3892",20.4365234375,1997-08-27
"3893",23.716796875,1997-08-28
"3894",28.2265625,1997-08-29
"3895",31.216796875,1997-08-30
"3896",31.947265625,1997-08-31
"3897",27.7568359375,1997-09-01
"3898",23.6865234375,1997-09-02
"3899",30.357421875,1997-09-03
"3900",32.9765625,1997-09-04
"3901",26.546875,1997-09-05
"3902",35.216796875,1997-09-06
"3903",30.056640625,1997-09-07
"3904",27.6865234375,1997-09-08
"3905",30.716796875,1997-09-09
"3906",30.697265625,1997-09-10
"3907",29.2265625,1997-09-11
"3908",27.857421875,1997-09-12
"3909",30.626953125,1997-09-13
"3910",31.876953125,1997-09-14
"3911",33.8271484375,1997-09-15
"3912",34.697265625,1997-09-16
"3913",35.2373046875,1997-09-17
"3914",36.1669921875,1997-09-18
"3915",34.8173828125,1997-09-19
"3916",30.8466796875,1997-09-20
"3917",31.8173828125,1997-09-21
"3918",32.4765625,1997-09-22
"3919",33.02734375,1997-09-23
"3920",35.4169921875,1997-09-24
"3921",37.6669921875,1997-09-25
"3922",37.6767578125,1997-09-26
"3923",38.9970703125,1997-09-27
"3924",36.046875,1997-09-28
"3925",33.4970703125,1997-09-29
"3926",33.88671875,1997-09-30
"3927",37.892578125,1997-10-01
"3928",39.9833984375,1997-10-02
"3929",35.943359375,1997-10-03
"3930",29.79296875,1997-10-04
"3931",20.0126953125,1997-10-05
"3932",26.8525390625,1997-10-06
"3933",29.142578125,1997-10-07
"3934",31.8828125,1997-10-08
"3935",34.892578125,1997-10-09
"3936",38.3134765625,1997-10-10
"3937",37.6826171875,1997-10-11
"3938",36.5830078125,1997-10-12
"3939",32.6025390625,1997-10-13
"3940",32.943359375,1997-10-14
"3941",33.7529296875,1997-10-15
"3942",35.5634765625,1997-10-16
"3943",38.453125,1997-10-17
"3944",39.1533203125,1997-10-18
"3945",31.6826171875,1997-10-19
"3946",28.712890625,1997-10-20
"3947",28.0634765625,1997-10-21
"3948",31.443359375,1997-10-22
"3949",34.8134765625,1997-10-23
"3950",36.033203125,1997-10-24
"3951",37.9033203125,1997-10-25
"3952",38.9833984375,1997-10-26
"3953",38.6025390625,1997-10-27
"3954",39.0732421875,1997-10-28
"3955",41.0634765625,1997-10-29
"3956",42.4130859375,1997-10-30
"3957",25.1533203125,1997-10-31
"3958",23.2275390625,1997-11-01
"3959",31.16796875,1997-11-02
"3960",32.767578125,1997-11-03
"3961",33.568359375,1997-11-04
"3962",35.84765625,1997-11-05
"3963",38.84765625,1997-11-06
"3964",39.748046875,1997-11-07
"3965",40.2080078125,1997-11-08
"3966",36.818359375,1997-11-09
"3967",39.4384765625,1997-11-10
"3968",40.767578125,1997-11-11
"3969",41.8076171875,1997-11-12
"3970",40.73828125,1997-11-13
"3971",33.6484375,1997-11-14
"3972",37.017578125,1997-11-15
"3973",34.3876953125,1997-11-16
"3974",28.908203125,1997-11-17
"3975",28.908203125,1997-11-18
"3976",31.59765625,1997-11-19
"3977",34.16796875,1997-11-20
"3978",37.1181640625,1997-11-21
"3979",39.2080078125,1997-11-22
"3980",39.91796875,1997-11-23
"3981",40.2177734375,1997-11-24
"3982",38.8984375,1997-11-25
"3983",40.8681640625,1997-11-26
"3984",42.7978515625,1997-11-27
"3985",42.4580078125,1997-11-28
"3986",39.9482421875,1997-11-29
"3987",37.5478515625,1997-11-30
"3988",40.478515625,1997-12-01
"3989",42.1787109375,1997-12-02
"3990",42.7490234375,1997-12-03
"3991",43.4990234375,1997-12-04
"3992",39.87890625,1997-12-05
"3993",38.779296875,1997-12-06
"3994",37.8291015625,1997-12-07
"3995",37.8994140625,1997-12-08
"3996",36.3291015625,1997-12-09
"3997",35.708984375,1997-12-10
"3998",39.0390625,1997-12-11
"3999",38.96875,1997-12-12
"4000",40.359375,1997-12-13
"4001",35.9091796875,1997-12-14
"4002",37.8388671875,1997-12-15
"4003",40.71875,1997-12-16
"4004",42.5185546875,1997-12-17
"4005",39.888671875,1997-12-18
"4006",39.05859375,1997-12-19
"4007",38.4091796875,1997-12-20
"4008",39.6689453125,1997-12-21
"4009",39.3291015625,1997-12-22
"4010",39.44921875,1997-12-23
"4011",39.208984375,1997-12-24
"4012",41.0390625,1997-12-25
"4013",41.029296875,1997-12-26
"4014",40.1494140625,1997-12-27
"4015",39.4091796875,1997-12-28
"4016",35.69921875,1997-12-29
"4017",37.5390625,1997-12-30
"4018",36.2490234375,1997-12-31
"4019",38.1171875,1998-01-01
"4020",39.9072265625,1998-01-02
"4021",40.13671875,1998-01-03
"4022",41.0771484375,1998-01-04
"4023",41.5673828125,1998-01-05
"4024",41.5771484375,1998-01-06
"4025",41.0673828125,1998-01-07
"4026",39.7373046875,1998-01-08
"4027",38.2666015625,1998-01-09
"4028",38.0966796875,1998-01-10
"4029",36.9873046875,1998-01-11
"4030",34.1767578125,1998-01-12
"4031",37.796875,1998-01-13
"4032",42.8173828125,1998-01-14
"4033",43.197265625,1998-01-15
"4034",40.857421875,1998-01-16
"4035",40.126953125,1998-01-17
"4036",38.447265625,1998-01-18
"4037",40.38671875,1998-01-19
"4038",41.6171875,1998-01-20
"4039",43.0869140625,1998-01-21
"4040",44.70703125,1998-01-22
"4041",45.216796875,1998-01-23
"4042",42.13671875,1998-01-24
"4043",38.0966796875,1998-01-25
"4044",39.63671875,1998-01-26
"4045",40.966796875,1998-01-27
"4046",40.2568359375,1998-01-28
"4047",39.716796875,1998-01-29
"4048",40.857421875,1998-01-30
"4049",42.0869140625,1998-01-31
"4050",44.7080078125,1998-02-01
"4051",45.068359375,1998-02-02
"4052",44.2177734375,1998-02-03
"4053",40.4482421875,1998-02-04
"4054",40.4580078125,1998-02-05
"4055",36.41796875,1998-02-06
"4056",37.98828125,1998-02-07
"4057",29.267578125,1998-02-08
"4058",30.1884765625,1998-02-09
"4059",35.177734375,1998-02-10
"4060",38.017578125,1998-02-11
"4061",39.09765625,1998-02-12
"4062",39.3681640625,1998-02-13
"4063",40.5078125,1998-02-14
"4064",39.6181640625,1998-02-15
"4065",42.2578125,1998-02-16
"4066",39.73828125,1998-02-17
"4067",41.3076171875,1998-02-18
"4068",41.6181640625,1998-02-19
"4069",41.517578125,1998-02-20
"4070",40.5478515625,1998-02-21
"4071",41.2880859375,1998-02-22
"4072",41.16796875,1998-02-23
"4073",42.1484375,1998-02-24
"4074",40.7275390625,1998-02-25
"4075",39.9384765625,1998-02-26
"4076",37.908203125,1998-02-27
"4077",35.4677734375,1998-02-28
"4078",35.80078125,1998-03-01
"4079",35.4013671875,1998-03-02
"4080",36.19140625,1998-03-03
"4081",36.521484375,1998-03-04
"4082",37.6513671875,1998-03-05
"4083",39.2109375,1998-03-06
"4084",37.0810546875,1998-03-07
"4085",36.041015625,1998-03-08
"4086",38.5810546875,1998-03-09
"4087",39.87109375,1998-03-10
"4088",41.451171875,1998-03-11
"4089",41.3212890625,1998-03-12
"4090",41.021484375,1998-03-13
"4091",39.80078125,1998-03-14
"4092",40.80078125,1998-03-15
"4093",40.880859375,1998-03-16
"4094",40.19140625,1998-03-17
"4095",39.6611328125,1998-03-18
"4096",39.7109375,1998-03-19
"4097",40.0712890625,1998-03-20
"4098",40.4013671875,1998-03-21
"4099",40.611328125,1998-03-22
"4100",39.021484375,1998-03-23
"4101",33.4013671875,1998-03-24
"4102",32.521484375,1998-03-25
"4103",33.791015625,1998-03-26
"4104",33.44140625,1998-03-27
"4105",33.2607421875,1998-03-28
"4106",32.9013671875,1998-03-29
"4107",31.4609375,1998-03-30
"4108",32.0810546875,1998-03-31
"4109",32.408203125,1998-04-01
"4110",30.6982421875,1998-04-02
"4111",33.658203125,1998-04-03
"4112",34.2177734375,1998-04-04
"4113",34.4482421875,1998-04-05
"4114",35.517578125,1998-04-06
"4115",35.6376953125,1998-04-07
"4116",35.8583984375,1998-04-08
"4117",36.837890625,1998-04-09
"4118",34.7080078125,1998-04-10
"4119",36.09765625,1998-04-11
"4120",37.73828125,1998-04-12
"4121",24.6279296875,1998-04-13
"4122",21.2275390625,1998-04-14
"4123",23.91796875,1998-04-15
"4124",27.98828125,1998-04-16
"4125",30.3779296875,1998-04-17
"4126",33.078125,1998-04-18
"4127",36.3984375,1998-04-19
"4128",36.158203125,1998-04-20
"4129",20.8779296875,1998-04-21
"4130",23.2783203125,1998-04-22
"4131",24.248046875,1998-04-23
"4132",25.828125,1998-04-24
"4133",27.837890625,1998-04-25
"4134",23.408203125,1998-04-26
"4135",23.7080078125,1998-04-27
"4136",25.2578125,1998-04-28
"4137",27.8583984375,1998-04-29
"4138",30.1376953125,1998-04-30
"4139",30.6318359375,1998-05-01
"4140",30.3017578125,1998-05-02
"4141",27.33203125,1998-05-03
"4142",25.232421875,1998-05-04
"4143",23.9921875,1998-05-05
"4144",24.2919921875,1998-05-06
"4145",25.5517578125,1998-05-07
"4146",26.8115234375,1998-05-08
"4147",26.3818359375,1998-05-09
"4148",28.232421875,1998-05-10
"4149",29.26171875,1998-05-11
"4150",29.1416015625,1998-05-12
"4151",28.2822265625,1998-05-13
"4152",30.3115234375,1998-05-14
"4153",30.0615234375,1998-05-15
"4154",28.412109375,1998-05-16
"4155",25.9619140625,1998-05-17
"4156",27.0615234375,1998-05-18
"4157",26.7822265625,1998-05-19
"4158",27.7919921875,1998-05-20
"4159",26.912109375,1998-05-21
"4160",27.171875,1998-05-22
"4161",28.001953125,1998-05-23
"4162",25.931640625,1998-05-24
"4163",21.01171875,1998-05-25
"4164",22.15234375,1998-05-26
"4165",24.841796875,1998-05-27
"4166",27.51171875,1998-05-28
"4167",28.3916015625,1998-05-29
"4168",29.501953125,1998-05-30
"4169",30.6123046875,1998-05-31
"4170",30.1796875,1998-06-01
"4171",30.2998046875,1998-06-02
"4172",29.580078125,1998-06-03
"4173",27.5703125,1998-06-04
"4174",28.51953125,1998-06-05
"4175",28.509765625,1998-06-06
"4176",21.9599609375,1998-06-07
"4177",20.6298828125,1998-06-08
"4178",22.0498046875,1998-06-09
"4179",24.009765625,1998-06-10
"4180",26.58984375,1998-06-11
"4181",27.33984375,1998-06-12
"4182",23.6904296875,1998-06-13
"4183",24,1998-06-14
"4184",14.919921875,1998-06-15
"4185",16.8701171875,1998-06-16
"4186",18.3896484375,1998-06-17
"4187",18.3095703125,1998-06-18
"4188",23.150390625,1998-06-19
"4189",29.240234375,1998-06-20
"4190",24.6298828125,1998-06-21
"4191",17.4501953125,1998-06-22
"4192",16.1103515625,1998-06-23
"4193",16.580078125,1998-06-24
"4194",17.830078125,1998-06-25
"4195",20.4501953125,1998-06-26
"4196",24.9697265625,1998-06-27
"4197",20.099609375,1998-06-28
"4198",20.2998046875,1998-06-29
"4199",16.66015625,1998-06-30
"4200",17.44140625,1998-07-01
"4201",15.62109375,1998-07-02
"4202",20.4111328125,1998-07-03
"4203",24.880859375,1998-07-04
"4204",30.880859375,1998-07-05
"4205",26.9609375,1998-07-06
"4206",25.640625,1998-07-07
"4207",14.951171875,1998-07-08
"4208",18.220703125,1998-07-09
"4209",16.890625,1998-07-10
"4210",18.041015625,1998-07-11
"4211",20.28125,1998-07-12
"4212",22.951171875,1998-07-13
"4213",23.1708984375,1998-07-14
"4214",24.9609375,1998-07-15
"4215",27.78125,1998-07-16
"4216",31.130859375,1998-07-17
"4217",26.4609375,1998-07-18
"4218",31.7412109375,1998-07-19
"4219",22.470703125,1998-07-20
"4220",18.361328125,1998-07-21
"4221",18.8310546875,1998-07-22
"4222",21.611328125,1998-07-23
"4223",19.2412109375,1998-07-24
"4224",19.3310546875,1998-07-25
"4225",27.8408203125,1998-07-26
"4226",27.970703125,1998-07-27
"4227",15.130859375,1998-07-28
"4228",16.6708984375,1998-07-29
"4229",16.640625,1998-07-30
"4230",17.310546875,1998-07-31
"4231",19.0771484375,1998-08-01
"4232",23.7265625,1998-08-02
"4233",27.556640625,1998-08-03
"4234",21.20703125,1998-08-04
"4235",27.0068359375,1998-08-05
"4236",28.0068359375,1998-08-06
"4237",23.0166015625,1998-08-07
"4238",20.787109375,1998-08-08
"4239",21.95703125,1998-08-09
"4240",23.306640625,1998-08-10
"4241",23.9072265625,1998-08-11
"4242",25.947265625,1998-08-12
"4243",27.1572265625,1998-08-13
"4244",26.3369140625,1998-08-14
"4245",25.6572265625,1998-08-15
"4246",24.9365234375,1998-08-16
"4247",27.6474609375,1998-08-17
"4248",31.287109375,1998-08-18
"4249",32.52734375,1998-08-19
"4250",33.45703125,1998-08-20
"4251",33.9072265625,1998-08-21
"4252",31.02734375,1998-08-22
"4253",25.1572265625,1998-08-23
"4254",26.7568359375,1998-08-24
"4255",28.287109375,1998-08-25
"4256",25.13671875,1998-08-26
"4257",20.5068359375,1998-08-27
"4258",22.1474609375,1998-08-28
"4259",24.537109375,1998-08-29
"4260",28.1474609375,1998-08-30
"4261",30.1865234375,1998-08-31
"4262",32.947265625,1998-09-01
"4263",34.0966796875,1998-09-02
"4264",36.5771484375,1998-09-03
"4265",37.2470703125,1998-09-04
"4266",23.3974609375,1998-09-05
"4267",23.6865234375,1998-09-06
"4268",24.4873046875,1998-09-07
"4269",26.6171875,1998-09-08
"4270",28.6767578125,1998-09-09
"4271",27.556640625,1998-09-10
"4272",32.1767578125,1998-09-11
"4273",32.4072265625,1998-09-12
"4274",33.8173828125,1998-09-13
"4275",30.2666015625,1998-09-14
"4276",23.4970703125,1998-09-15
"4277",25.8671875,1998-09-16
"4278",29.5068359375,1998-09-17
"4279",34.3369140625,1998-09-18
"4280",33.796875,1998-09-19
"4281",29.126953125,1998-09-20
"4282",35.697265625,1998-09-21
"4283",37.0869140625,1998-09-22
"4284",22.8974609375,1998-09-23
"4285",22.4169921875,1998-09-24
"4286",24.4365234375,1998-09-25
"4287",28.4970703125,1998-09-26
"4288",31.4970703125,1998-09-27
"4289",35.787109375,1998-09-28
"4290",37.2373046875,1998-09-29
"4291",36.447265625,1998-09-30
"4292",35.7626953125,1998-10-01
"4293",34.6728515625,1998-10-02
"4294",36.11328125,1998-10-03
"4295",36.6826171875,1998-10-04
"4296",38.873046875,1998-10-05
"4297",34.4833984375,1998-10-06
"4298",27.373046875,1998-10-07
"4299",30.5634765625,1998-10-08
"4300",31.623046875,1998-10-09
"4301",28.873046875,1998-10-10
"4302",36.36328125,1998-10-11
"4303",40.462890625,1998-10-12
"4304",36.5126953125,1998-10-13
"4305",38.6826171875,1998-10-14
"4306",28.6728515625,1998-10-15
"4307",36.4228515625,1998-10-16
"4308",38.4326171875,1998-10-17
"4309",40.533203125,1998-10-18
"4310",39.392578125,1998-10-19
"4311",24.4833984375,1998-10-20
"4312",27.5830078125,1998-10-21
"4313",30.5927734375,1998-10-22
"4314",34.3427734375,1998-10-23
"4315",37.3330078125,1998-10-24
"4316",40.61328125,1998-10-25
"4317",39.033203125,1998-10-26
"4318",31.703125,1998-10-27
"4319",33.4326171875,1998-10-28
"4320",33.873046875,1998-10-29
"4321",24.4228515625,1998-10-30
"4322",32.052734375,1998-10-31
"4323",32.8681640625,1998-11-01
"4324",34.9384765625,1998-11-02
"4325",38.6484375,1998-11-03
"4326",38.927734375,1998-11-04
"4327",37.4775390625,1998-11-05
"4328",39.748046875,1998-11-06
"4329",37.3681640625,1998-11-07
"4330",37.4580078125,1998-11-08
"4331",38.2080078125,1998-11-09
"4332",26.6083984375,1998-11-10
"4333",31.0283203125,1998-11-11
"4334",34.0576171875,1998-11-12
"4335",33.2783203125,1998-11-13
"4336",37.0478515625,1998-11-14
"4337",39.9677734375,1998-11-15
"4338",41.09765625,1998-11-16
"4339",40.7177734375,1998-11-17
"4340",37.318359375,1998-11-18
"4341",33.9775390625,1998-11-19
"4342",35.158203125,1998-11-20
"4343",36.91796875,1998-11-21
"4344",39.4384765625,1998-11-22
"4345",43.34765625,1998-11-23
"4346",37.248046875,1998-11-24
"4347",42.5283203125,1998-11-25
"4348",41.7783203125,1998-11-26
"4349",40.98828125,1998-11-27
"4350",34.2080078125,1998-11-28
"4351",34.9580078125,1998-11-29
"4352",34.59765625,1998-11-30
"4353",36.5087890625,1998-12-01
"4354",41.0693359375,1998-12-02
"4355",41.3291015625,1998-12-03
"4356",40.1787109375,1998-12-04
"4357",38.798828125,1998-12-05
"4358",36.1591796875,1998-12-06
"4359",38.2890625,1998-12-07
"4360",39.939453125,1998-12-08
"4361",40.369140625,1998-12-09
"4362",38.228515625,1998-12-10
"4363",39.619140625,1998-12-11
"4364",39.96875,1998-12-12
"4365",39.4892578125,1998-12-13
"4366",41.0693359375,1998-12-14
"4367",40.8486328125,1998-12-15
"4368",40.8193359375,1998-12-16
"4369",42.7890625,1998-12-17
"4370",42.0693359375,1998-12-18
"4371",43.3193359375,1998-12-19
"4372",33.0986328125,1998-12-20
"4373",34.5986328125,1998-12-21
"4374",36.1494140625,1998-12-22
"4375",38.96875,1998-12-23
"4376",41.44921875,1998-12-24
"4377",43.4287109375,1998-12-25
"4378",43.798828125,1998-12-26
"4379",38.7392578125,1998-12-27
"4380",36.2890625,1998-12-28
"4381",34.0185546875,1998-12-29
"4382",32.5087890625,1998-12-30
"4383",28.0390625,1998-12-31
"4384",25.966796875,1999-01-01
"4385",33.466796875,1999-01-02
"4386",37.7568359375,1999-01-03
"4387",35.8974609375,1999-01-04
"4388",34.20703125,1999-01-05
"4389",35.9873046875,1999-01-06
"4390",37.037109375,1999-01-07
"4391",38.107421875,1999-01-08
"4392",39.376953125,1999-01-09
"4393",40.8271484375,1999-01-10
"4394",43.056640625,1999-01-11
"4395",42.4970703125,1999-01-12
"4396",41.7265625,1999-01-13
"4397",40.8671875,1999-01-14
"4398",39.5166015625,1999-01-15
"4399",39.626953125,1999-01-16
"4400",41.0966796875,1999-01-17
"4401",41.466796875,1999-01-18
"4402",41.447265625,1999-01-19
"4403",41.9072265625,1999-01-20
"4404",42.2666015625,1999-01-21
"4405",42.3369140625,1999-01-22
"4406",42.4873046875,1999-01-23
"4407",41.6171875,1999-01-24
"4408",42.5166015625,1999-01-25
"4409",43.2568359375,1999-01-26
"4410",40.796875,1999-01-27
"4411",41.95703125,1999-01-28
"4412",43.1669921875,1999-01-29
"4413",40.3271484375,1999-01-30
"4414",41.3271484375,1999-01-31
"4415",41.4775390625,1999-02-01
"4416",41.2080078125,1999-02-02
"4417",40.0576171875,1999-02-03
"4418",37.9580078125,1999-02-04
"4419",36.0576171875,1999-02-05
"4420",39.2578125,1999-02-06
"4421",36.5078125,1999-02-07
"4422",38.2880859375,1999-02-08
"4423",38.8681640625,1999-02-09
"4424",39.8876953125,1999-02-10
"4425",38.4775390625,1999-02-11
"4426",37.2783203125,1999-02-12
"4427",38.6982421875,1999-02-13
"4428",39.517578125,1999-02-14
"4429",41.498046875,1999-02-15
"4430",41.6376953125,1999-02-16
"4431",41.328125,1999-02-17
"4432",36.6279296875,1999-02-18
"4433",34.4677734375,1999-02-19
"4434",37.1484375,1999-02-20
"4435",39.5078125,1999-02-21
"4436",41.408203125,1999-02-22
"4437",42.0380859375,1999-02-23
"4438",34.427734375,1999-02-24
"4439",36.7578125,1999-02-25
"4440",37.158203125,1999-02-26
"4441",37.927734375,1999-02-27
"4442",41.1181640625,1999-02-28
"4443",39.62109375,1999-03-01
"4444",36.951171875,1999-03-02
"4445",37.9111328125,1999-03-03
"4446",39.470703125,1999-03-04
"4447",40.4609375,1999-03-05
"4448",39.19140625,1999-03-06
"4449",34.6806640625,1999-03-07
"4450",37.1611328125,1999-03-08
"4451",35.3212890625,1999-03-09
"4452",35.4912109375,1999-03-10
"4453",36.2412109375,1999-03-11
"4454",36.7509765625,1999-03-12
"4455",37.28125,1999-03-13
"4456",37.3505859375,1999-03-14
"4457",38.5712890625,1999-03-15
"4458",39.291015625,1999-03-16
"4459",39.2109375,1999-03-17
"4460",39.111328125,1999-03-18
"4461",38.12109375,1999-03-19
"4462",36.9814453125,1999-03-20
"4463",39.791015625,1999-03-21
"4464",36.7509765625,1999-03-22
"4465",37.80078125,1999-03-23
"4466",40.271484375,1999-03-24
"4467",39.861328125,1999-03-25
"4468",38.271484375,1999-03-26
"4469",36.62109375,1999-03-27
"4470",31.4609375,1999-03-28
"4471",29.951171875,1999-03-29
"4472",32.9013671875,1999-03-30
"4473",30.9306640625,1999-03-31
"4474",24.4580078125,1999-04-01
"4475",26.087890625,1999-04-02
"4476",31.587890625,1999-04-03
"4477",33.2275390625,1999-04-04
"4478",33.6982421875,1999-04-05
"4479",31.6484375,1999-04-06
"4480",30.6279296875,1999-04-07
"4481",31.4580078125,1999-04-08
"4482",32.1982421875,1999-04-09
"4483",32.73828125,1999-04-10
"4484",32.2783203125,1999-04-11
"4485",31.6376953125,1999-04-12
"4486",32.23828125,1999-04-13
"4487",31.8984375,1999-04-14
"4488",31.7978515625,1999-04-15
"4489",27.498046875,1999-04-16
"4490",30.837890625,1999-04-17
"4491",31.1484375,1999-04-18
"4492",31.2578125,1999-04-19
"4493",32.1884765625,1999-04-20
"4494",31.4580078125,1999-04-21
"4495",28.1484375,1999-04-22
"4496",27.5576171875,1999-04-23
"4497",28.34765625,1999-04-24
"4498",30.0078125,1999-04-25
"4499",28.4775390625,1999-04-26
"4500",27.1083984375,1999-04-27
"4501",23.3583984375,1999-04-28
"4502",21.66796875,1999-04-29
"4503",21.677734375,1999-04-30
"4504",22.921875,1999-05-01
"4505",26.1015625,1999-05-02
"4506",28.01171875,1999-05-03
"4507",28.751953125,1999-05-04
"4508",28.7724609375,1999-05-05
"4509",29.65234375,1999-05-06
"4510",29.671875,1999-05-07
"4511",28.9921875,1999-05-08
"4512",27.5419921875,1999-05-09
"4513",24.322265625,1999-05-10
"4514",26.58203125,1999-05-11
"4515",28.1123046875,1999-05-12
"4516",26.8515625,1999-05-13
"4517",29.3720703125,1999-05-14
"4518",32.1015625,1999-05-15
"4519",33.1318359375,1999-05-16
"4520",33.322265625,1999-05-17
"4521",32.171875,1999-05-18
"4522",31.3916015625,1999-05-19
"4523",30.1220703125,1999-05-20
"4524",29.5224609375,1999-05-21
"4525",29.5322265625,1999-05-22
"4526",25.9921875,1999-05-23
"4527",19.8623046875,1999-05-24
"4528",22.7216796875,1999-05-25
"4529",25.3515625,1999-05-26
"4530",27.51171875,1999-05-27
"4531",28.5517578125,1999-05-28
"4532",31.40234375,1999-05-29
"4533",32.921875,1999-05-30
"4534",25.0615234375,1999-05-31
"4535",22.8701171875,1999-06-01
"4536",24,1999-06-02
"4537",25.6796875,1999-06-03
"4538",29.349609375,1999-06-04
"4539",31.3896484375,1999-06-05
"4540",21.75,1999-06-06
"4541",19.8603515625,1999-06-07
"4542",20.8095703125,1999-06-08
"4543",21.4501953125,1999-06-09
"4544",19.91015625,1999-06-10
"4545",20.1201171875,1999-06-11
"4546",22.91015625,1999-06-12
"4547",20,1999-06-13
"4548",19.7900390625,1999-06-14
"4549",21.5,1999-06-15
"4550",22.58984375,1999-06-16
"4551",22.8896484375,1999-06-17
"4552",23.169921875,1999-06-18
"4553",24.650390625,1999-06-19
"4554",24,1999-06-20
"4555",24.150390625,1999-06-21
"4556",21.8896484375,1999-06-22
"4557",21.740234375,1999-06-23
"4558",21.75,1999-06-24
"4559",21.7900390625,1999-06-25
"4560",18.8603515625,1999-06-26
"4561",19.349609375,1999-06-27
"4562",21.919921875,1999-06-28
"4563",23.4599609375,1999-06-29
"4564",22.8701171875,1999-06-30
"4565",16.390625,1999-07-01
"4566",16.7509765625,1999-07-02
"4567",18.69140625,1999-07-03
"4568",21.6611328125,1999-07-04
"4569",24.0810546875,1999-07-05
"4570",25.0810546875,1999-07-06
"4571",26.810546875,1999-07-07
"4572",28.7412109375,1999-07-08
"4573",26.8212890625,1999-07-09
"4574",23.5107421875,1999-07-10
"4575",21.560546875,1999-07-11
"4576",20.9814453125,1999-07-12
"4577",21.220703125,1999-07-13
"4578",21.6611328125,1999-07-14
"4579",20.5712890625,1999-07-15
"4580",24.1513671875,1999-07-16
"4581",25.771484375,1999-07-17
"4582",28.44140625,1999-07-18
"4583",23.560546875,1999-07-19
"4584",22.640625,1999-07-20
"4585",19.62109375,1999-07-21
"4586",20.03125,1999-07-22
"4587",19.7607421875,1999-07-23
"4588",19.8310546875,1999-07-24
"4589",20.720703125,1999-07-25
"4590",23.3408203125,1999-07-26
"4591",25.12109375,1999-07-27
"4592",25.0810546875,1999-07-28
"4593",27.1005859375,1999-07-29
"4594",28.0810546875,1999-07-30
"4595",27.03125,1999-07-31
"4596",25.447265625,1999-08-01
"4597",22.20703125,1999-08-02
"4598",23.7265625,1999-08-03
"4599",25.6474609375,1999-08-04
"4600",21.626953125,1999-08-05
"4601",26.0673828125,1999-08-06
"4602",29.857421875,1999-08-07
"4603",25.5771484375,1999-08-08
"4604",22.0166015625,1999-08-09
"4605",23.607421875,1999-08-10
"4606",27.537109375,1999-08-11
"4607",31.7373046875,1999-08-12
"4608",20.0068359375,1999-08-13
"4609",19.8974609375,1999-08-14
"4610",20.3369140625,1999-08-15
"4611",22.546875,1999-08-16
"4612",24.8369140625,1999-08-17
"4613",27.607421875,1999-08-18
"4614",30.0166015625,1999-08-19
"4615",30.447265625,1999-08-20
"4616",30.0068359375,1999-08-21
"4617",31.4365234375,1999-08-22
"4618",31.9169921875,1999-08-23
"4619",30.216796875,1999-08-24
"4620",33.466796875,1999-08-25
"4621",30.626953125,1999-08-26
"4622",24.45703125,1999-08-27
"4623",24.88671875,1999-08-28
"4624",24.9970703125,1999-08-29
"4625",27.107421875,1999-08-30
"4626",30.796875,1999-08-31
"4627",31.3271484375,1999-09-01
"4628",31.2265625,1999-09-02
"4629",33.0869140625,1999-09-03
"4630",35.857421875,1999-09-04
"4631",25.947265625,1999-09-05
"4632",24.9169921875,1999-09-06
"4633",27.046875,1999-09-07
"4634",30.3173828125,1999-09-08
"4635",35.27734375,1999-09-09
"4636",30.8271484375,1999-09-10
"4637",27.6865234375,1999-09-11
"4638",31.697265625,1999-09-12
"4639",33.4072265625,1999-09-13
"4640",35.6474609375,1999-09-14
"4641",38.306640625,1999-09-15
"4642",29.0166015625,1999-09-16
"4643",21.6171875,1999-09-17
"4644",23.45703125,1999-09-18
"4645",24.77734375,1999-09-19
"4646",27.88671875,1999-09-20
"4647",32.1767578125,1999-09-21
"4648",34.8173828125,1999-09-22
"4649",36.1474609375,1999-09-23
"4650",36.046875,1999-09-24
"4651",35.607421875,1999-09-25
"4652",35.7666015625,1999-09-26
"4653",36.126953125,1999-09-27
"4654",35.3173828125,1999-09-28
"4655",33.9765625,1999-09-29
"4656",31.537109375,1999-09-30
"4657",32.8232421875,1999-10-01
"4658",29.8330078125,1999-10-02
"4659",32.943359375,1999-10-03
"4660",30.11328125,1999-10-04
"4661",32.29296875,1999-10-05
"4662",34.392578125,1999-10-06
"4663",37.6630859375,1999-10-07
"4664",39.873046875,1999-10-08
"4665",40.2734375,1999-10-09
"4666",30.6533203125,1999-10-10
"4667",37.1328125,1999-10-11
"4668",35.5234375,1999-10-12
"4669",32.97265625,1999-10-13
"4670",37.212890625,1999-10-14
"4671",38.5234375,1999-10-15
"4672",40.9833984375,1999-10-16
"4673",40.8232421875,1999-10-17
"4674",33.642578125,1999-10-18
"4675",30.4326171875,1999-10-19
"4676",28.283203125,1999-10-20
"4677",29.953125,1999-10-21
"4678",33.2529296875,1999-10-22
"4679",31.203125,1999-10-23
"4680",29.8134765625,1999-10-24
"4681",37.0634765625,1999-10-25
"4682",36.2734375,1999-10-26
"4683",32.7734375,1999-10-27
"4684",35.86328125,1999-10-28
"4685",40.3525390625,1999-10-29
"4686",33.7333984375,1999-10-30
"4687",33.6630859375,1999-10-31
"4688",32.23828125,1999-11-01
"4689",32.3681640625,1999-11-02
"4690",36.1376953125,1999-11-03
"4691",38.818359375,1999-11-04
"4692",33.7978515625,1999-11-05
"4693",38.34765625,1999-11-06
"4694",36.23828125,1999-11-07
"4695",30.59765625,1999-11-08
"4696",27.91796875,1999-11-09
"4697",27.8984375,1999-11-10
"4698",28.6279296875,1999-11-11
"4699",31.158203125,1999-11-12
"4700",33.7880859375,1999-11-13
"4701",37.2880859375,1999-11-14
"4702",40.6181640625,1999-11-15
"4703",33.6884765625,1999-11-16
"4704",30.748046875,1999-11-17
"4705",36.4677734375,1999-11-18
"4706",37.068359375,1999-11-19
"4707",36.7080078125,1999-11-20
"4708",33.1181640625,1999-11-21
"4709",33.6083984375,1999-11-22
"4710",34.568359375,1999-11-23
"4711",35.087890625,1999-11-24
"4712",31.7275390625,1999-11-25
"4713",32.498046875,1999-11-26
"4714",31.7177734375,1999-11-27
"4715",29.6083984375,1999-11-28
"4716",33.4482421875,1999-11-29
"4717",35.908203125,1999-11-30
"4718",31.5888671875,1999-12-01
"4719",36.2490234375,1999-12-02
"4720",37.87890625,1999-12-03
"4721",38.458984375,1999-12-04
"4722",39.939453125,1999-12-05
"4723",40.0185546875,1999-12-06
"4724",40.4892578125,1999-12-07
"4725",40.8193359375,1999-12-08
"4726",40.7685546875,1999-12-09
"4727",40.1689453125,1999-12-10
"4728",29.048828125,1999-12-11
"4729",33.109375,1999-12-12
"4730",35.2587890625,1999-12-13
"4731",39.548828125,1999-12-14
"4732",39.7685546875,1999-12-15
"4733",38.5986328125,1999-12-16
"4734",30.0986328125,1999-12-17
"4735",28.4892578125,1999-12-18
"4736",33.5693359375,1999-12-19
"4737",35.798828125,1999-12-20
"4738",39.048828125,1999-12-21
"4739",39.8994140625,1999-12-22
"4740",37.369140625,1999-12-23
"4741",35.939453125,1999-12-24
"4742",34.0986328125,1999-12-25
"4743",31.6689453125,1999-12-26
"4744",34.0390625,1999-12-27
"4745",35.7490234375,1999-12-28
"4746",34.859375,1999-12-29
"4747",35.4091796875,1999-12-30
"4748",34.4892578125,1999-12-31
"4749",33.1767578125,2000-01-01
"4750",33.4072265625,2000-01-02
"4751",35.697265625,2000-01-03
"4752",37.70703125,2000-01-04
"4753",36.4970703125,2000-01-05
"4754",33.9873046875,2000-01-06
"4755",35.6865234375,2000-01-07
"4756",38.046875,2000-01-08
"4757",39.8466796875,2000-01-09
"4758",40.2666015625,2000-01-10
"4759",39.216796875,2000-01-11
"4760",38.1669921875,2000-01-12
"4761",37.3466796875,2000-01-13
"4762",38.3974609375,2000-01-14
"4763",40.046875,2000-01-15
"4764",41.046875,2000-01-16
"4765",41.95703125,2000-01-17
"4766",42.056640625,2000-01-18
"4767",42.376953125,2000-01-19
"4768",43.107421875,2000-01-20
"4769",39.466796875,2000-01-21
"4770",38.6767578125,2000-01-22
"4771",38.0673828125,2000-01-23
"4772",41.4765625,2000-01-24
"4773",43.7470703125,2000-01-25
"4774",41.3271484375,2000-01-26
"4775",29.046875,2000-01-27
"4776",33.4072265625,2000-01-28
"4777",34.8369140625,2000-01-29
"4778",36.806640625,2000-01-30
"4779",39.70703125,2000-01-31
"4780",41.84765625,2000-02-01
"4781",41.9580078125,2000-02-02
"4782",41.2080078125,2000-02-03
"4783",39.1484375,2000-02-04
"4784",39.267578125,2000-02-05
"4785",40.408203125,2000-02-06
"4786",37.9482421875,2000-02-07
"4787",31.9384765625,2000-02-08
"4788",33.587890625,2000-02-09
"4789",34.9775390625,2000-02-10
"4790",36.408203125,2000-02-11
"4791",35.84765625,2000-02-12
"4792",33.5283203125,2000-02-13
"4793",36.578125,2000-02-14
"4794",35.5380859375,2000-02-15
"4795",36.2275390625,2000-02-16
"4796",34.2578125,2000-02-17
"4797",34.658203125,2000-02-18
"4798",36.8779296875,2000-02-19
"4799",39.0576171875,2000-02-20
"4800",30.8583984375,2000-02-21
"4801",34.677734375,2000-02-22
"4802",36.0478515625,2000-02-23
"4803",33.0283203125,2000-02-24
"4804",33.4775390625,2000-02-25
"4805",35.23828125,2000-02-26
"4806",36.078125,2000-02-27
"4807",36.8076171875,2000-02-28
"4808",36.4482421875,2000-02-29
"4809",35.6513671875,2000-03-01
"4810",36.62109375,2000-03-02
"4811",36.0908203125,2000-03-03
"4812",37.060546875,2000-03-04
"4813",37.021484375,2000-03-05
"4814",34.2314453125,2000-03-06
"4815",33.03125,2000-03-07
"4816",29.2109375,2000-03-08
"4817",22.521484375,2000-03-09
"4818",20.8212890625,2000-03-10
"4819",31.1513671875,2000-03-11
"4820",34.0908203125,2000-03-12
"4821",36.9013671875,2000-03-13
"4822",37.7314453125,2000-03-14
"4823",37.80078125,2000-03-15
"4824",37.220703125,2000-03-16
"4825",36.9609375,2000-03-17
"4826",34.8212890625,2000-03-18
"4827",33.1513671875,2000-03-19
"4828",35.771484375,2000-03-20
"4829",36.53125,2000-03-21
"4830",34.8408203125,2000-03-22
"4831",32.6806640625,2000-03-23
"4832",32.12109375,2000-03-24
"4833",33.19140625,2000-03-25
"4834",34.7607421875,2000-03-26
"4835",36.521484375,2000-03-27
"4836",38.4208984375,2000-03-28
"4837",38.9111328125,2000-03-29
"4838",37.0908203125,2000-03-30
"4839",38.3212890625,2000-03-31
"4840",36.328125,2000-04-01
"4841",37.5380859375,2000-04-02
"4842",37.908203125,2000-04-03
"4843",37.1376953125,2000-04-04
"4844",27.3583984375,2000-04-05
"4845",29.587890625,2000-04-06
"4846",31.6376953125,2000-04-07
"4847",33.8876953125,2000-04-08
"4848",35.16796875,2000-04-09
"4849",35.587890625,2000-04-10
"4850",32.1884765625,2000-04-11
"4851",32.408203125,2000-04-12
"4852",33.2080078125,2000-04-13
"4853",34.84765625,2000-04-14
"4854",35.2080078125,2000-04-15
"4855",32.2783203125,2000-04-16
"4856",29.267578125,2000-04-17
"4857",24.2978515625,2000-04-18
"4858",21.0283203125,2000-04-19
"4859",20.3076171875,2000-04-20
"4860",16.748046875,2000-04-21
"4861",16.9580078125,2000-04-22
"4862",21.6982421875,2000-04-23
"4863",20.748046875,2000-04-24
"4864",20.2177734375,2000-04-25
"4865",24.09765625,2000-04-26
"4866",23.828125,2000-04-27
"4867",28.8779296875,2000-04-28
"4868",29.6376953125,2000-04-29
"4869",25.23828125,2000-04-30
"4870",18.662109375,2000-05-01
"4871",20.341796875,2000-05-02
"4872",19.51171875,2000-05-03
"4873",23.322265625,2000-05-04
"4874",22.5322265625,2000-05-05
"4875",21.8515625,2000-05-06
"4876",21.6015625,2000-05-07
"4877",24.921875,2000-05-08
"4878",28.8017578125,2000-05-09
"4879",27.9521484375,2000-05-10
"4880",27.4619140625,2000-05-11
"4881",28.9921875,2000-05-12
"4882",26.76171875,2000-05-13
"4883",22.8818359375,2000-05-14
"4884",21.2822265625,2000-05-15
"4885",21.232421875,2000-05-16
"4886",22.751953125,2000-05-17
"4887",23.8916015625,2000-05-18
"4888",24.7421875,2000-05-19
"4889",22.5615234375,2000-05-20
"4890",24.0322265625,2000-05-21
"4891",23.6220703125,2000-05-22
"4892",28.5322265625,2000-05-23
"4893",25.662109375,2000-05-24
"4894",19.7724609375,2000-05-25
"4895",24.7021484375,2000-05-26
"4896",19.3818359375,2000-05-27
"4897",17.5322265625,2000-05-28
"4898",18.3818359375,2000-05-29
"4899",18.4921875,2000-05-30
"4900",16.8115234375,2000-05-31
"4901",17.9501953125,2000-06-01
"4902",18.6201171875,2000-06-02
"4903",19.08984375,2000-06-03
"4904",19.1103515625,2000-06-04
"4905",18.1201171875,2000-06-05
"4906",17.330078125,2000-06-06
"4907",19.669921875,2000-06-07
"4908",21.150390625,2000-06-08
"4909",15.83984375,2000-06-09
"4910",19.009765625,2000-06-10
"4911",17.900390625,2000-06-11
"4912",21.0498046875,2000-06-12
"4913",23.4697265625,2000-06-13
"4914",24.5,2000-06-14
"4915",26.26953125,2000-06-15
"4916",24.669921875,2000-06-16
"4917",24.26953125,2000-06-17
"4918",24.98046875,2000-06-18
"4919",24.9599609375,2000-06-19
"4920",26.5595703125,2000-06-20
"4921",28.099609375,2000-06-21
"4922",25.8603515625,2000-06-22
"4923",22.2900390625,2000-06-23
"4924",22.5302734375,2000-06-24
"4925",23.8095703125,2000-06-25
"4926",25.849609375,2000-06-26
"4927",25.9501953125,2000-06-27
"4928",22.26953125,2000-06-28
"4929",17.08984375,2000-06-29
"4930",17.5703125,2000-06-30
"4931",16.951171875,2000-07-01
"4932",22.1005859375,2000-07-02
"4933",24.2509765625,2000-07-03
"4934",23.80078125,2000-07-04
"4935",25.951171875,2000-07-05
"4936",26.9609375,2000-07-06
"4937",26.2412109375,2000-07-07
"4938",27.5107421875,2000-07-08
"4939",24.7509765625,2000-07-09
"4940",21.05078125,2000-07-10
"4941",22.130859375,2000-07-11
"4942",27.2607421875,2000-07-12
"4943",21.5712890625,2000-07-13
"4944",26.880859375,2000-07-14
"4945",30.2607421875,2000-07-15
"4946",28.951171875,2000-07-16
"4947",26.810546875,2000-07-17
"4948",26.19140625,2000-07-18
"4949",27.390625,2000-07-19
"4950",27.3212890625,2000-07-20
"4951",26.720703125,2000-07-21
"4952",28.9306640625,2000-07-22
"4953",30.361328125,2000-07-23
"4954",31.771484375,2000-07-24
"4955",28.94140625,2000-07-25
"4956",17.021484375,2000-07-26
"4957",16.9013671875,2000-07-27
"4958",18.7607421875,2000-07-28
"4959",20.9208984375,2000-07-29
"4960",23.19140625,2000-07-30
"4961",25.140625,2000-07-31
"4962",25.5166015625,2000-08-01
"4963",27.4072265625,2000-08-02
"4964",26.5869140625,2000-08-03
"4965",27.2568359375,2000-08-04
"4966",23.9072265625,2000-08-05
"4967",23.4072265625,2000-08-06
"4968",26.2265625,2000-08-07
"4969",29.8369140625,2000-08-08
"4970",23.52734375,2000-08-09
"4971",23.376953125,2000-08-10
"4972",26.1474609375,2000-08-11
"4973",24.107421875,2000-08-12
"4974",24.306640625,2000-08-13
"4975",22.95703125,2000-08-14
"4976",23.2470703125,2000-08-15
"4977",25.046875,2000-08-16
"4978",29.0966796875,2000-08-17
"4979",29.95703125,2000-08-18
"4980",24.3173828125,2000-08-19
"4981",23.9365234375,2000-08-20
"4982",24.5771484375,2000-08-21
"4983",22.296875,2000-08-22
"4984",20.1767578125,2000-08-23
"4985",21.7373046875,2000-08-24
"4986",28.3369140625,2000-08-25
"4987",29.4169921875,2000-08-26
"4988",32.857421875,2000-08-27
"4989",26.0869140625,2000-08-28
"4990",32.537109375,2000-08-29
"4991",30.0673828125,2000-08-30
"4992",30.357421875,2000-08-31
"4993",35.9267578125,2000-09-01
"4994",24.966796875,2000-09-02
"4995",28.0068359375,2000-09-03
"4996",30.27734375,2000-09-04
"4997",33.296875,2000-09-05
"4998",37.787109375,2000-09-06
"4999",28.2265625,2000-09-07
"5000",26.4169921875,2000-09-08
"5001",27.3271484375,2000-09-09
"5002",26.046875,2000-09-10
"5003",27.6474609375,2000-09-11
"5004",26.9365234375,2000-09-12
"5005",29.9072265625,2000-09-13
"5006",32.2265625,2000-09-14
"5007",33.3369140625,2000-09-15
"5008",34.8173828125,2000-09-16
"5009",34.126953125,2000-09-17
"5010",33.306640625,2000-09-18
"5011",33.626953125,2000-09-19
"5012",34.3671875,2000-09-20
"5013",34.8671875,2000-09-21
"5014",35.607421875,2000-09-22
"5015",35.4970703125,2000-09-23
"5016",36.4072265625,2000-09-24
"5017",36.6171875,2000-09-25
"5018",36.4970703125,2000-09-26
"5019",37.4267578125,2000-09-27
"5020",39.7470703125,2000-09-28
"5021",40.876953125,2000-09-29
"5022",36.126953125,2000-09-30
"5023",34.2333984375,2000-10-01
"5024",32.642578125,2000-10-02
"5025",33.2431640625,2000-10-03
"5026",37.22265625,2000-10-04
"5027",37.22265625,2000-10-05
"5028",36.533203125,2000-10-06
"5029",38.1826171875,2000-10-07
"5030",37.4130859375,2000-10-08
"5031",34.052734375,2000-10-09
"5032",28.1328125,2000-10-10
"5033",30.8828125,2000-10-11
"5034",35.9326171875,2000-10-12
"5035",25.6630859375,2000-10-13
"5036",22.5126953125,2000-10-14
"5037",28.302734375,2000-10-15
"5038",32.0634765625,2000-10-16
"5039",35.953125,2000-10-17
"5040",24.47265625,2000-10-18
"5041",25.86328125,2000-10-19
"5042",22.712890625,2000-10-20
"5043",17.5830078125,2000-10-21
"5044",24.11328125,2000-10-22
"5045",31.0234375,2000-10-23
"5046",34.0126953125,2000-10-24
"5047",36.29296875,2000-10-25
"5048",34.5830078125,2000-10-26
"5049",32.8427734375,2000-10-27
"5050",30.712890625,2000-10-28
"5051",29.0029296875,2000-10-29
"5052",29.4833984375,2000-10-30
"5053",33.9130859375,2000-10-31
"5054",35.4482421875,2000-11-01
"5055",34.73828125,2000-11-02
"5056",36.6982421875,2000-11-03
"5057",31.6484375,2000-11-04
"5058",33.0380859375,2000-11-05
"5059",34.2177734375,2000-11-06
"5060",37.3076171875,2000-11-07
"5061",36.748046875,2000-11-08
"5062",36.2978515625,2000-11-09
"5063",33.2275390625,2000-11-10
"5064",32.908203125,2000-11-11
"5065",35.1982421875,2000-11-12
"5066",34.568359375,2000-11-13
"5067",35.3779296875,2000-11-14
"5068",32.59765625,2000-11-15
"5069",31.7880859375,2000-11-16
"5070",32.337890625,2000-11-17
"5071",32.6279296875,2000-11-18
"5072",33.3779296875,2000-11-19
"5073",35.908203125,2000-11-20
"5074",35.3583984375,2000-11-21
"5075",35.7578125,2000-11-22
"5076",34.3779296875,2000-11-23
"5077",36.16796875,2000-11-24
"5078",34.0576171875,2000-11-25
"5079",35.3681640625,2000-11-26
"5080",36.3984375,2000-11-27
"5081",38.087890625,2000-11-28
"5082",38.34765625,2000-11-29
"5083",38.59765625,2000-11-30
"5084",36.30859375,2000-12-01
"5085",38.12890625,2000-12-02
"5086",39.46875,2000-12-03
"5087",39.0986328125,2000-12-04
"5088",39.2890625,2000-12-05
"5089",38.7685546875,2000-12-06
"5090",38.5791015625,2000-12-07
"5091",33.029296875,2000-12-08
"5092",33.9287109375,2000-12-09
"5093",37.5087890625,2000-12-10
"5094",36.3291015625,2000-12-11
"5095",31.5185546875,2000-12-12
"5096",27.119140625,2000-12-13
"5097",26.6787109375,2000-12-14
"5098",29.71875,2000-12-15
"5099",31.888671875,2000-12-16
"5100",33.208984375,2000-12-17
"5101",32.1689453125,2000-12-18
"5102",28.8994140625,2000-12-19
"5103",29.3291015625,2000-12-20
"5104",33.208984375,2000-12-21
"5105",34.12890625,2000-12-22
"5106",31.0390625,2000-12-23
"5107",28.8388671875,2000-12-24
"5108",31.029296875,2000-12-25
"5109",32.048828125,2000-12-26
"5110",32.62890625,2000-12-27
"5111",33.12890625,2000-12-28
"5112",33.208984375,2000-12-29
"5113",35.3486328125,2000-12-30
"5114",36.2392578125,2000-12-31
"5115",36.0068359375,2001-01-01
"5116",34.8369140625,2001-01-02
"5117",34.806640625,2001-01-03
"5118",34.7666015625,2001-01-04
"5119",35.2265625,2001-01-05
"5120",36.9365234375,2001-01-06
"5121",38.1669921875,2001-01-07
"5122",38.626953125,2001-01-08
"5123",39.3466796875,2001-01-09
"5124",38.4765625,2001-01-10
"5125",38.3369140625,2001-01-11
"5126",37.4267578125,2001-01-12
"5127",37.6767578125,2001-01-13
"5128",37.6572265625,2001-01-14
"5129",38.13671875,2001-01-15
"5130",39.8974609375,2001-01-16
"5131",42.77734375,2001-01-17
"5132",43.45703125,2001-01-18
"5133",41.1572265625,2001-01-19
"5134",40.2568359375,2001-01-20
"5135",37.947265625,2001-01-21
"5136",36.7470703125,2001-01-22
"5137",37.0771484375,2001-01-23
"5138",38.607421875,2001-01-24
"5139",39.6865234375,2001-01-25
"5140",35.77734375,2001-01-26
"5141",36.3671875,2001-01-27
"5142",36.796875,2001-01-28
"5143",37.4267578125,2001-01-29
"5144",35.466796875,2001-01-30
"5145",36.697265625,2001-01-31
"5146",38.3583984375,2001-02-01
"5147",37.7275390625,2001-02-02
"5148",36.408203125,2001-02-03
"5149",35.4580078125,2001-02-04
"5150",35.6083984375,2001-02-05
"5151",35.658203125,2001-02-06
"5152",36.5478515625,2001-02-07
"5153",37.4384765625,2001-02-08
"5154",37.6279296875,2001-02-09
"5155",38.248046875,2001-02-10
"5156",38.078125,2001-02-11
"5157",36.0478515625,2001-02-12
"5158",38.4482421875,2001-02-13
"5159",40.5380859375,2001-02-14
"5160",39.23828125,2001-02-15
"5161",39.998046875,2001-02-16
"5162",34.1484375,2001-02-17
"5163",32.48828125,2001-02-18
"5164",36.1181640625,2001-02-19
"5165",36.7978515625,2001-02-20
"5166",38.748046875,2001-02-21
"5167",39.6484375,2001-02-22
"5168",41.267578125,2001-02-23
"5169",42.017578125,2001-02-24
"5170",40.6884765625,2001-02-25
"5171",39.9482421875,2001-02-26
"5172",38.4580078125,2001-02-27
"5173",35.5078125,2001-02-28
"5174",36.271484375,2001-03-01
"5175",34.2314453125,2001-03-02
"5176",32.9912109375,2001-03-03
"5177",31.1513671875,2001-03-04
"5178",34.1708984375,2001-03-05
"5179",34.7607421875,2001-03-06
"5180",35.521484375,2001-03-07
"5181",37.6513671875,2001-03-08
"5182",38.291015625,2001-03-09
"5183",39.3310546875,2001-03-10
"5184",40.19140625,2001-03-11
"5185",39.220703125,2001-03-12
"5186",38.861328125,2001-03-13
"5187",39.8505859375,2001-03-14
"5188",38.7412109375,2001-03-15
"5189",39.1513671875,2001-03-16
"5190",38.3310546875,2001-03-17
"5191",36.271484375,2001-03-18
"5192",34.5712890625,2001-03-19
"5193",36.140625,2001-03-20
"5194",26.78125,2001-03-21
"5195",27.78125,2001-03-22
"5196",35.1806640625,2001-03-23
"5197",26.220703125,2001-03-24
"5198",25.9609375,2001-03-25
"5199",28.2109375,2001-03-26
"5200",31.3310546875,2001-03-27
"5201",31.87109375,2001-03-28
"5202",30.861328125,2001-03-29
"5203",33.4306640625,2001-03-30
"5204",35.0908203125,2001-03-31
"5205",34.9775390625,2001-04-01
"5206",34.84765625,2001-04-02
"5207",34.5576171875,2001-04-03
"5208",34.0576171875,2001-04-04
"5209",34.1083984375,2001-04-05
"5210",31.1181640625,2001-04-06
"5211",33.837890625,2001-04-07
"5212",32.0078125,2001-04-08
"5213",30.0078125,2001-04-09
"5214",31.9775390625,2001-04-10
"5215",34.4677734375,2001-04-11
"5216",32.2783203125,2001-04-12
"5217",30.8779296875,2001-04-13
"5218",33.4580078125,2001-04-14
"5219",33.568359375,2001-04-15
"5220",34.177734375,2001-04-16
"5221",34.84765625,2001-04-17
"5222",35.177734375,2001-04-18
"5223",35.578125,2001-04-19
"5224",34.73828125,2001-04-20
"5225",27.837890625,2001-04-21
"5226",23.587890625,2001-04-22
"5227",25.068359375,2001-04-23
"5228",26.84765625,2001-04-24
"5229",30.2578125,2001-04-25
"5230",31.8984375,2001-04-26
"5231",32.2177734375,2001-04-27
"5232",32.98828125,2001-04-28
"5233",33.248046875,2001-04-29
"5234",31.748046875,2001-04-30
"5235",31.181640625,2001-05-01
"5236",30.4521484375,2001-05-02
"5237",32.3720703125,2001-05-03
"5238",32.7421875,2001-05-04
"5239",29.2724609375,2001-05-05
"5240",30.01171875,2001-05-06
"5241",26.572265625,2001-05-07
"5242",26.5322265625,2001-05-08
"5243",26.732421875,2001-05-09
"5244",26.7021484375,2001-05-10
"5245",26.1416015625,2001-05-11
"5246",28.232421875,2001-05-12
"5247",30.8515625,2001-05-13
"5248",32.232421875,2001-05-14
"5249",30.1923828125,2001-05-15
"5250",24.8720703125,2001-05-16
"5251",22.9521484375,2001-05-17
"5252",20.26171875,2001-05-18
"5253",20.482421875,2001-05-19
"5254",22.51171875,2001-05-20
"5255",23.2021484375,2001-05-21
"5256",23.7421875,2001-05-22
"5257",24.33203125,2001-05-23
"5258",24.2421875,2001-05-24
"5259",26.6015625,2001-05-25
"5260",28.2021484375,2001-05-26
"5261",24.8720703125,2001-05-27
"5262",21.7421875,2001-05-28
"5263",20.8916015625,2001-05-29
"5264",21.9521484375,2001-05-30
"5265",24.7119140625,2001-05-31
"5266",27.5400390625,2001-06-01
"5267",28.2001953125,2001-06-02
"5268",27.83984375,2001-06-03
"5269",28.490234375,2001-06-04
"5270",30.25,2001-06-05
"5271",29.580078125,2001-06-06
"5272",22.6396484375,2001-06-07
"5273",22,2001-06-08
"5274",23.3798828125,2001-06-09
"5275",30.4599609375,2001-06-10
"5276",31.7998046875,2001-06-11
"5277",31.7998046875,2001-06-12
"5278",22.2001953125,2001-06-13
"5279",20.509765625,2001-06-14
"5280",19.8095703125,2001-06-15
"5281",18.240234375,2001-06-16
"5282",19.9404296875,2001-06-17
"5283",21.3701171875,2001-06-18
"5284",21.23046875,2001-06-19
"5285",22.3095703125,2001-06-20
"5286",21.080078125,2001-06-21
"5287",21.2802734375,2001-06-22
"5288",22.1103515625,2001-06-23
"5289",23.5,2001-06-24
"5290",23.8701171875,2001-06-25
"5291",24.0302734375,2001-06-26
"5292",25.1103515625,2001-06-27
"5293",23.8896484375,2001-06-28
"5294",23.76953125,2001-06-29
"5295",23.2802734375,2001-06-30
"5296",25.69140625,2001-07-01
"5297",25.1708984375,2001-07-02
"5298",25.021484375,2001-07-03
"5299",25.9912109375,2001-07-04
"5300",22.271484375,2001-07-05
"5301",18.53125,2001-07-06
"5302",19.3310546875,2001-07-07
"5303",20.5009765625,2001-07-08
"5304",23.701171875,2001-07-09
"5305",26.640625,2001-07-10
"5306",24.470703125,2001-07-11
"5307",24.9208984375,2001-07-12
"5308",26.53125,2001-07-13
"5309",27.630859375,2001-07-14
"5310",27.201171875,2001-07-15
"5311",23.0009765625,2001-07-16
"5312",24.4208984375,2001-07-17
"5313",17.7607421875,2001-07-18
"5314",20.4912109375,2001-07-19
"5315",18.62109375,2001-07-20
"5316",21.8505859375,2001-07-21
"5317",21.8408203125,2001-07-22
"5318",20.521484375,2001-07-23
"5319",18.1611328125,2001-07-24
"5320",18.880859375,2001-07-25
"5321",18.30078125,2001-07-26
"5322",20.021484375,2001-07-27
"5323",21.9111328125,2001-07-28
"5324",21.9609375,2001-07-29
"5325",23.640625,2001-07-30
"5326",27.451171875,2001-07-31
"5327",27.9072265625,2001-08-01
"5328",26.5771484375,2001-08-02
"5329",27.716796875,2001-08-03
"5330",28.796875,2001-08-04
"5331",28.7568359375,2001-08-05
"5332",23.6669921875,2001-08-06
"5333",28.6767578125,2001-08-07
"5334",22.8173828125,2001-08-08
"5335",25.4169921875,2001-08-09
"5336",28.4970703125,2001-08-10
"5337",29.77734375,2001-08-11
"5338",29.38671875,2001-08-12
"5339",26.296875,2001-08-13
"5340",26.6572265625,2001-08-14
"5341",29.787109375,2001-08-15
"5342",30.4169921875,2001-08-16
"5343",23.056640625,2001-08-17
"5344",22.88671875,2001-08-18
"5345",22.466796875,2001-08-19
"5346",23.537109375,2001-08-20
"5347",24.126953125,2001-08-21
"5348",21.88671875,2001-08-22
"5349",23.1669921875,2001-08-23
"5350",25.9365234375,2001-08-24
"5351",29.537109375,2001-08-25
"5352",19.197265625,2001-08-26
"5353",19.8271484375,2001-08-27
"5354",21.8974609375,2001-08-28
"5355",23.77734375,2001-08-29
"5356",26.357421875,2001-08-30
"5357",28.3671875,2001-08-31
"5358",22.4267578125,2001-09-01
"5359",23.966796875,2001-09-02
"5360",25.806640625,2001-09-03
"5361",28.3173828125,2001-09-04
"5362",27.716796875,2001-09-05
"5363",30.70703125,2001-09-06
"5364",35.556640625,2001-09-07
"5365",22.306640625,2001-09-08
"5366",25.5166015625,2001-09-09
"5367",22.70703125,2001-09-10
"5368",25.3173828125,2001-09-11
"5369",25.4072265625,2001-09-12
"5370",27.3671875,2001-09-13
"5371",27.9765625,2001-09-14
"5372",28.626953125,2001-09-15
"5373",30.537109375,2001-09-16
"5374",32.6474609375,2001-09-17
"5375",34.52734375,2001-09-18
"5376",35.3974609375,2001-09-19
"5377",35.02734375,2001-09-20
"5378",35.5771484375,2001-09-21
"5379",35.4873046875,2001-09-22
"5380",35.27734375,2001-09-23
"5381",36.0966796875,2001-09-24
"5382",29.9765625,2001-09-25
"5383",27.3173828125,2001-09-26
"5384",31.197265625,2001-09-27
"5385",35.0869140625,2001-09-28
"5386",37.0771484375,2001-09-29
"5387",38.1865234375,2001-09-30
"5388",36.3134765625,2001-10-01
"5389",33.0234375,2001-10-02
"5390",20.6630859375,2001-10-03
"5391",28.462890625,2001-10-04
"5392",30.61328125,2001-10-05
"5393",33.8330078125,2001-10-06
"5394",28.4833984375,2001-10-07
"5395",23.97265625,2001-10-08
"5396",32.36328125,2001-10-09
"5397",35.8525390625,2001-10-10
"5398",29.3330078125,2001-10-11
"5399",34.4931640625,2001-10-12
"5400",26.5126953125,2001-10-13
"5401",26.7529296875,2001-10-14
"5402",31.4130859375,2001-10-15
"5403",35.1533203125,2001-10-16
"5404",25.6533203125,2001-10-17
"5405",28.9130859375,2001-10-18
"5406",28.392578125,2001-10-19
"5407",29.1025390625,2001-10-20
"5408",34.3330078125,2001-10-21
"5409",39.72265625,2001-10-22
"5410",29.9931640625,2001-10-23
"5411",31.3134765625,2001-10-24
"5412",29.453125,2001-10-25
"5413",28.4833984375,2001-10-26
"5414",29.212890625,2001-10-27
"5415",33.4033203125,2001-10-28
"5416",37.052734375,2001-10-29
"5417",37.5634765625,2001-10-30
"5418",37.5029296875,2001-10-31
"5419",39.6083984375,2001-11-01
"5420",39.91796875,2001-11-02
"5421",39.318359375,2001-11-03
"5422",39.828125,2001-11-04
"5423",41.6181640625,2001-11-05
"5424",36.8984375,2001-11-06
"5425",38.658203125,2001-11-07
"5426",36.1083984375,2001-11-08
"5427",21.7080078125,2001-11-09
"5428",28.09765625,2001-11-10
"5429",29.6279296875,2001-11-11
"5430",28.5283203125,2001-11-12
"5431",28.0576171875,2001-11-13
"5432",23.9775390625,2001-11-14
"5433",32.5576171875,2001-11-15
"5434",36.4482421875,2001-11-16
"5435",39.337890625,2001-11-17
"5436",40.41796875,2001-11-18
"5437",31.0576171875,2001-11-19
"5438",31.5078125,2001-11-20
"5439",34.3583984375,2001-11-21
"5440",39.0283203125,2001-11-22
"5441",43.4677734375,2001-11-23
"5442",39.9677734375,2001-11-24
"5443",34.73828125,2001-11-25
"5444",35.16796875,2001-11-26
"5445",33.9775390625,2001-11-27
"5446",35.2578125,2001-11-28
"5447",38.1982421875,2001-11-29
"5448",38.017578125,2001-11-30
"5449",40.62890625,2001-12-01
"5450",42.5693359375,2001-12-02
"5451",37.7392578125,2001-12-03
"5452",40.279296875,2001-12-04
"5453",43.3388671875,2001-12-05
"5454",38.7490234375,2001-12-06
"5455",32.7587890625,2001-12-07
"5456",36.048828125,2001-12-08
"5457",38.5986328125,2001-12-09
"5458",29.7490234375,2001-12-10
"5459",31.458984375,2001-12-11
"5460",37.0087890625,2001-12-12
"5461",41.62890625,2001-12-13
"5462",40.05859375,2001-12-14
"5463",29.8388671875,2001-12-15
"5464",31.279296875,2001-12-16
"5465",35.8486328125,2001-12-17
"5466",39.138671875,2001-12-18
"5467",40.8193359375,2001-12-19
"5468",42.978515625,2001-12-20
"5469",42.2890625,2001-12-21
"5470",40.958984375,2001-12-22
"5471",43.619140625,2001-12-23
"5472",43.2587890625,2001-12-24
"5473",42.7890625,2001-12-25
"5474",35.37890625,2001-12-26
"5475",35.8994140625,2001-12-27
"5476",39.3193359375,2001-12-28
"5477",43.4990234375,2001-12-29
"5478",44.0185546875,2001-12-30
"5479",37.46875,2001-12-31
"5480",39.107421875,2002-01-01
"5481",40.6865234375,2002-01-02
"5482",36.376953125,2002-01-03
"5483",36.20703125,2002-01-04
"5484",38.4765625,2002-01-05
"5485",38.8173828125,2002-01-06
"5486",32.447265625,2002-01-07
"5487",33.357421875,2002-01-08
"5488",35.5166015625,2002-01-09
"5489",39.306640625,2002-01-10
"5490",40.9970703125,2002-01-11
"5491",35.037109375,2002-01-12
"5492",32.52734375,2002-01-13
"5493",37.4169921875,2002-01-14
"5494",38.947265625,2002-01-15
"5495",40.7265625,2002-01-16
"5496",41.376953125,2002-01-17
"5497",42.4072265625,2002-01-18
"5498",41.4169921875,2002-01-19
"5499",40.0771484375,2002-01-20
"5500",37.556640625,2002-01-21
"5501",40.20703125,2002-01-22
"5502",41.216796875,2002-01-23
"5503",41.3671875,2002-01-24
"5504",40.45703125,2002-01-25
"5505",40.2265625,2002-01-26
"5506",41.357421875,2002-01-27
"5507",41.546875,2002-01-28
"5508",41.4365234375,2002-01-29
"5509",41.6474609375,2002-01-30
"5510",42.537109375,2002-01-31
"5511",42.8681640625,2002-02-01
"5512",42.41796875,2002-02-02
"5513",42.5478515625,2002-02-03
"5514",38.5478515625,2002-02-04
"5515",38.7080078125,2002-02-05
"5516",38.517578125,2002-02-06
"5517",39.568359375,2002-02-07
"5518",35.1279296875,2002-02-08
"5519",33.8984375,2002-02-09
"5520",35.0078125,2002-02-10
"5521",36.328125,2002-02-11
"5522",37.7783203125,2002-02-12
"5523",42.0078125,2002-02-13
"5524",43.8583984375,2002-02-14
"5525",42.59765625,2002-02-15
"5526",39.2177734375,2002-02-16
"5527",38.5283203125,2002-02-17
"5528",35.4580078125,2002-02-18
"5529",37.998046875,2002-02-19
"5530",38.66796875,2002-02-20
"5531",37.66796875,2002-02-21
"5532",36.1279296875,2002-02-22
"5533",34.9677734375,2002-02-23
"5534",34.177734375,2002-02-24
"5535",36.087890625,2002-02-25
"5536",36.2880859375,2002-02-26
"5537",36.66796875,2002-02-27
"5538",38.7880859375,2002-02-28
"5539",35.720703125,2002-03-01
"5540",32.951171875,2002-03-02
"5541",33.9814453125,2002-03-03
"5542",36.1806640625,2002-03-04
"5543",38.6005859375,2002-03-05
"5544",38.3408203125,2002-03-06
"5545",38.5810546875,2002-03-07
"5546",38.4609375,2002-03-08
"5547",39.271484375,2002-03-09
"5548",40.44140625,2002-03-10
"5549",41.390625,2002-03-11
"5550",40.0810546875,2002-03-12
"5551",40.19140625,2002-03-13
"5552",38.5107421875,2002-03-14
"5553",37.470703125,2002-03-15
"5554",37.44140625,2002-03-16
"5555",40.3310546875,2002-03-17
"5556",40.0712890625,2002-03-18
"5557",40.5009765625,2002-03-19
"5558",40.791015625,2002-03-20
"5559",40.451171875,2002-03-21
"5560",39.021484375,2002-03-22
"5561",39.7109375,2002-03-23
"5562",38.9814453125,2002-03-24
"5563",39.111328125,2002-03-25
"5564",34.3310546875,2002-03-26
"5565",27.810546875,2002-03-27
"5566",28.2607421875,2002-03-28
"5567",30.041015625,2002-03-29
"5568",31.701171875,2002-03-30
"5569",31.2314453125,2002-03-31
"5570",34.748046875,2002-04-01
"5571",37.677734375,2002-04-02
"5572",37.66796875,2002-04-03
"5573",37.2275390625,2002-04-04
"5574",36.73828125,2002-04-05
"5575",36.4677734375,2002-04-06
"5576",36.248046875,2002-04-07
"5577",37.2275390625,2002-04-08
"5578",36.427734375,2002-04-09
"5579",35.6376953125,2002-04-10
"5580",35.3984375,2002-04-11
"5581",34.7880859375,2002-04-12
"5582",35.3984375,2002-04-13
"5583",34.9580078125,2002-04-14
"5584",33.91796875,2002-04-15
"5585",33.2880859375,2002-04-16
"5586",32.177734375,2002-04-17
"5587",33.1279296875,2002-04-18
"5588",34.767578125,2002-04-19
"5589",35.318359375,2002-04-20
"5590",36.6884765625,2002-04-21
"5591",35.7578125,2002-04-22
"5592",33.84765625,2002-04-23
"5593",35.6484375,2002-04-24
"5594",38.1181640625,2002-04-25
"5595",36.8681640625,2002-04-26
"5596",36.1279296875,2002-04-27
"5597",35.2578125,2002-04-28
"5598",34.2783203125,2002-04-29
"5599",34.017578125,2002-04-30
"5600",33.7021484375,2002-05-01
"5601",31.3818359375,2002-05-02
"5602",30.6220703125,2002-05-03
"5603",30.9921875,2002-05-04
"5604",30.912109375,2002-05-05
"5605",31.6220703125,2002-05-06
"5606",32.1015625,2002-05-07
"5607",31.751953125,2002-05-08
"5608",31.9619140625,2002-05-09
"5609",32.3115234375,2002-05-10
"5610",30.58203125,2002-05-11
"5611",31.8515625,2002-05-12
"5612",32.2919921875,2002-05-13
"5613",31.15234375,2002-05-14
"5614",32.7421875,2002-05-15
"5615",30.8623046875,2002-05-16
"5616",26.58203125,2002-05-17
"5617",31.8818359375,2002-05-18
"5618",25.091796875,2002-05-19
"5619",22.181640625,2002-05-20
"5620",24.341796875,2002-05-21
"5621",29.1318359375,2002-05-22
"5622",28.2421875,2002-05-23
"5623",24.8720703125,2002-05-24
"5624",22.7724609375,2002-05-25
"5625",21.7421875,2002-05-26
"5626",21.6923828125,2002-05-27
"5627",22.0419921875,2002-05-28
"5628",21.931640625,2002-05-29
"5629",21.251953125,2002-05-30
"5630",22.2919921875,2002-05-31
"5631",21.41015625,2002-06-01
"5632",20.98046875,2002-06-02
"5633",23.5703125,2002-06-03
"5634",24.6103515625,2002-06-04
"5635",27.080078125,2002-06-05
"5636",29.8095703125,2002-06-06
"5637",30.48046875,2002-06-07
"5638",23.6298828125,2002-06-08
"5639",21.3701171875,2002-06-09
"5640",23.3896484375,2002-06-10
"5641",25.25,2002-06-11
"5642",27.330078125,2002-06-12
"5643",27.580078125,2002-06-13
"5644",30.7900390625,2002-06-14
"5645",33.4296875,2002-06-15
"5646",23.6298828125,2002-06-16
"5647",20.1103515625,2002-06-17
"5648",20.66015625,2002-06-18
"5649",21.900390625,2002-06-19
"5650",24.740234375,2002-06-20
"5651",23.169921875,2002-06-21
"5652",21.400390625,2002-06-22
"5653",22.990234375,2002-06-23
"5654",23.58984375,2002-06-24
"5655",24.9404296875,2002-06-25
"5656",23.83984375,2002-06-26
"5657",24.2197265625,2002-06-27
"5658",20.419921875,2002-06-28
"5659",17.1103515625,2002-06-29
"5660",20.73046875,2002-06-30
"5661",24.5810546875,2002-07-01
"5662",25.6806640625,2002-07-02
"5663",23.9912109375,2002-07-03
"5664",20.890625,2002-07-04
"5665",21.55078125,2002-07-05
"5666",22.1513671875,2002-07-06
"5667",22.1005859375,2002-07-07
"5668",25.130859375,2002-07-08
"5669",24.5712890625,2002-07-09
"5670",24.5009765625,2002-07-10
"5671",25.810546875,2002-07-11
"5672",26.7412109375,2002-07-12
"5673",27.8310546875,2002-07-13
"5674",18.9111328125,2002-07-14
"5675",19.7109375,2002-07-15
"5676",20.6611328125,2002-07-16
"5677",21.271484375,2002-07-17
"5678",23.701171875,2002-07-18
"5679",25.62109375,2002-07-19
"5680",25.951171875,2002-07-20
"5681",26.4208984375,2002-07-21
"5682",28.0908203125,2002-07-22
"5683",28.30078125,2002-07-23
"5684",27.7607421875,2002-07-24
"5685",27.78125,2002-07-25
"5686",28.140625,2002-07-26
"5687",29.810546875,2002-07-27
"5688",30.0712890625,2002-07-28
"5689",18.9013671875,2002-07-29
"5690",23.271484375,2002-07-30
"5691",24.8505859375,2002-07-31
"5692",26.38671875,2002-08-01
"5693",30.4072265625,2002-08-02
"5694",21.4072265625,2002-08-03
"5695",21.6865234375,2002-08-04
"5696",27.2666015625,2002-08-05
"5697",26.947265625,2002-08-06
"5698",25.697265625,2002-08-07
"5699",27.126953125,2002-08-08
"5700",28.7666015625,2002-08-09
"5701",29.806640625,2002-08-10
"5702",31.70703125,2002-08-11
"5703",23.4072265625,2002-08-12
"5704",19.947265625,2002-08-13
"5705",18.63671875,2002-08-14
"5706",19.787109375,2002-08-15
"5707",25.2470703125,2002-08-16
"5708",26.63671875,2002-08-17
"5709",23.5771484375,2002-08-18
"5710",25.2265625,2002-08-19
"5711",26.0869140625,2002-08-20
"5712",25.9169921875,2002-08-21
"5713",25.626953125,2002-08-22
"5714",25.4970703125,2002-08-23
"5715",24.4267578125,2002-08-24
"5716",24.7470703125,2002-08-25
"5717",24.876953125,2002-08-26
"5718",26.947265625,2002-08-27
"5719",30.9267578125,2002-08-28
"5720",31.966796875,2002-08-29
"5721",33.8466796875,2002-08-30
"5722",35.6767578125,2002-08-31
"5723",35.88671875,2002-09-01
"5724",36.0966796875,2002-09-02
"5725",35.1767578125,2002-09-03
"5726",33.7265625,2002-09-04
"5727",35.2568359375,2002-09-05
"5728",34.20703125,2002-09-06
"5729",30.546875,2002-09-07
"5730",32.02734375,2002-09-08
"5731",33.0771484375,2002-09-09
"5732",29.107421875,2002-09-10
"5733",26.796875,2002-09-11
"5734",30.2265625,2002-09-12
"5735",31.537109375,2002-09-13
"5736",32.5673828125,2002-09-14
"5737",34.5869140625,2002-09-15
"5738",33.27734375,2002-09-16
"5739",21.537109375,2002-09-17
"5740",24.3173828125,2002-09-18
"5741",28.2666015625,2002-09-19
"5742",30.447265625,2002-09-20
"5743",34.9365234375,2002-09-21
"5744",34.546875,2002-09-22
"5745",38.1572265625,2002-09-23
"5746",39.4169921875,2002-09-24
"5747",36.546875,2002-09-25
"5748",39.2568359375,2002-09-26
"5749",38.7666015625,2002-09-27
"5750",24.1767578125,2002-09-28
"5751",21.3671875,2002-09-29
"5752",26.0068359375,2002-09-30
"5753",29.5634765625,2002-10-01
"5754",34.0029296875,2002-10-02
"5755",34.283203125,2002-10-03
"5756",30.2431640625,2002-10-04
"5757",29.5234375,2002-10-05
"5758",36.4033203125,2002-10-06
"5759",37.11328125,2002-10-07
"5760",34.7333984375,2002-10-08
"5761",30.212890625,2002-10-09
"5762",30.04296875,2002-10-10
"5763",30.5830078125,2002-10-11
"5764",34.3525390625,2002-10-12
"5765",33.373046875,2002-10-13
"5766",31.7734375,2002-10-14
"5767",35.04296875,2002-10-15
"5768",38.8427734375,2002-10-16
"5769",40.4833984375,2002-10-17
"5770",43.1533203125,2002-10-18
"5771",38.2734375,2002-10-19
"5772",36.4228515625,2002-10-20
"5773",35.193359375,2002-10-21
"5774",38.22265625,2002-10-22
"5775",29.97265625,2002-10-23
"5776",33.0126953125,2002-10-24
"5777",40.7333984375,2002-10-25
"5778",35.953125,2002-10-26
"5779",31.8330078125,2002-10-27
"5780",33.212890625,2002-10-28
"5781",36.5927734375,2002-10-29
"5782",40.3828125,2002-10-30
"5783",41.3828125,2002-10-31
"5784",40.748046875,2002-11-01
"5785",40.328125,2002-11-02
"5786",40.34765625,2002-11-03
"5787",37.3779296875,2002-11-04
"5788",37.658203125,2002-11-05
"5789",38.23828125,2002-11-06
"5790",40.8876953125,2002-11-07
"5791",41.3681640625,2002-11-08
"5792",40.84765625,2002-11-09
"5793",40.7275390625,2002-11-10
"5794",42.0283203125,2002-11-11
"5795",42.177734375,2002-11-12
"5796",37.7978515625,2002-11-13
"5797",40.5283203125,2002-11-14
"5798",40.1279296875,2002-11-15
"5799",41.0283203125,2002-11-16
"5800",41.3779296875,2002-11-17
"5801",41.158203125,2002-11-18
"5802",40.177734375,2002-11-19
"5803",35.7275390625,2002-11-20
"5804",36.7880859375,2002-11-21
"5805",40.0380859375,2002-11-22
"5806",40.587890625,2002-11-23
"5807",41.828125,2002-11-24
"5808",36.1376953125,2002-11-25
"5809",38.66796875,2002-11-26
"5810",27.8076171875,2002-11-27
"5811",36.9482421875,2002-11-28
"5812",37.8583984375,2002-11-29
"5813",38.748046875,2002-11-30
"5814",40.37890625,2002-12-01
"5815",44.5986328125,2002-12-02
"5816",43.0390625,2002-12-03
"5817",37.529296875,2002-12-04
"5818",36.478515625,2002-12-05
"5819",34.869140625,2002-12-06
"5820",34.62890625,2002-12-07
"5821",38.94921875,2002-12-08
"5822",42.298828125,2002-12-09
"5823",30.279296875,2002-12-10
"5824",32.728515625,2002-12-11
"5825",35.2685546875,2002-12-12
"5826",37.9892578125,2002-12-13
"5827",40.4189453125,2002-12-14
"5828",42.12890625,2002-12-15
"5829",43.5986328125,2002-12-16
"5830",43.138671875,2002-12-17
"5831",43.048828125,2002-12-18
"5832",42.7392578125,2002-12-19
"5833",41.8388671875,2002-12-20
"5834",41.87890625,2002-12-21
"5835",41.109375,2002-12-22
"5836",41.5791015625,2002-12-23
"5837",42.6494140625,2002-12-24
"5838",39.5693359375,2002-12-25
"5839",38.6787109375,2002-12-26
"5840",40.62890625,2002-12-27
"5841",44.869140625,2002-12-28
"5842",44.3193359375,2002-12-29
"5843",44.208984375,2002-12-30
"5844",34.439453125,2002-12-31
"5845",31.0068359375,2003-01-01
"5846",32.8369140625,2003-01-02
"5847",36.7265625,2003-01-03
"5848",39.4169921875,2003-01-04
"5849",41.8271484375,2003-01-05
"5850",41.1572265625,2003-01-06
"5851",38.5966796875,2003-01-07
"5852",40.8974609375,2003-01-08
"5853",40.6474609375,2003-01-09
"5854",40.5966796875,2003-01-10
"5855",41.27734375,2003-01-11
"5856",39.966796875,2003-01-12
"5857",41.0166015625,2003-01-13
"5858",39.8671875,2003-01-14
"5859",39.607421875,2003-01-15
"5860",39.2568359375,2003-01-16
"5861",36.9873046875,2003-01-17
"5862",26.787109375,2003-01-18
"5863",26.2470703125,2003-01-19
"5864",27.787109375,2003-01-20
"5865",29.556640625,2003-01-21
"5866",36.5673828125,2003-01-22
"5867",41.2265625,2003-01-23
"5868",41.0966796875,2003-01-24
"5869",39.8271484375,2003-01-25
"5870",38.056640625,2003-01-26
"5871",40.9267578125,2003-01-27
"5872",42.3974609375,2003-01-28
"5873",43.5068359375,2003-01-29
"5874",42.7265625,2003-01-30
"5875",33.107421875,2003-01-31
"5876",35.98828125,2003-02-01
"5877",39.318359375,2003-02-02
"5878",41.2275390625,2003-02-03
"5879",40.9482421875,2003-02-04
"5880",40.677734375,2003-02-05
"5881",37.837890625,2003-02-06
"5882",39.1484375,2003-02-07
"5883",38.5380859375,2003-02-08
"5884",37.66796875,2003-02-09
"5885",39.1982421875,2003-02-10
"5886",40.4580078125,2003-02-11
"5887",41.837890625,2003-02-12
"5888",41.2880859375,2003-02-13
"5889",35.408203125,2003-02-14
"5890",31.767578125,2003-02-15
"5891",33.2783203125,2003-02-16
"5892",37.1279296875,2003-02-17
"5893",38.8076171875,2003-02-18
"5894",37.658203125,2003-02-19
"5895",37.1083984375,2003-02-20
"5896",38.5380859375,2003-02-21
"5897",39.658203125,2003-02-22
"5898",34.828125,2003-02-23
"5899",36.1181640625,2003-02-24
"5900",37.408203125,2003-02-25
"5901",36.337890625,2003-02-26
"5902",36.7783203125,2003-02-27
"5903",31.5576171875,2003-02-28
"5904",30.111328125,2003-03-01
"5905",30.1806640625,2003-03-02
"5906",33.2109375,2003-03-03
"5907",34.890625,2003-03-04
"5908",35.361328125,2003-03-05
"5909",35.810546875,2003-03-06
"5910",37.12109375,2003-03-07
"5911",37.1708984375,2003-03-08
"5912",37.1005859375,2003-03-09
"5913",36.1806640625,2003-03-10
"5914",34.62109375,2003-03-11
"5915",36.130859375,2003-03-12
"5916",36.3212890625,2003-03-13
"5917",37.361328125,2003-03-14
"5918",37.5712890625,2003-03-15
"5919",37.5810546875,2003-03-16
"5920",39.0810546875,2003-03-17
"5921",41.2412109375,2003-03-18
"5922",40.37109375,2003-03-19
"5923",31.701171875,2003-03-20
"5924",29.380859375,2003-03-21
"5925",29.630859375,2003-03-22
"5926",29.5009765625,2003-03-23
"5927",31.8310546875,2003-03-24
"5928",34.7607421875,2003-03-25
"5929",37.3408203125,2003-03-26
"5930",37.390625,2003-03-27
"5931",34.970703125,2003-03-28
"5932",36.62109375,2003-03-29
"5933",36.9609375,2003-03-30
"5934",36.5107421875,2003-03-31
"5935",35.6884765625,2003-04-01
"5936",37.3583984375,2003-04-02
"5937",37.5283203125,2003-04-03
"5938",35.408203125,2003-04-04
"5939",34.59765625,2003-04-05
"5940",35.98828125,2003-04-06
"5941",37.4580078125,2003-04-07
"5942",39.427734375,2003-04-08
"5943",35.078125,2003-04-09
"5944",37.09765625,2003-04-10
"5945",39.3984375,2003-04-11
"5946",40.6484375,2003-04-12
"5947",35.5478515625,2003-04-13
"5948",27.927734375,2003-04-14
"5949",28.818359375,2003-04-15
"5950",27.5283203125,2003-04-16
"5951",27.818359375,2003-04-17
"5952",29.927734375,2003-04-18
"5953",31.7880859375,2003-04-19
"5954",30.34765625,2003-04-20
"5955",30.837890625,2003-04-21
"5956",31.1376953125,2003-04-22
"5957",30.9677734375,2003-04-23
"5958",30.517578125,2003-04-24
"5959",29.98828125,2003-04-25
"5960",30.337890625,2003-04-26
"5961",30.328125,2003-04-27
"5962",31.0576171875,2003-04-28
"5963",29.568359375,2003-04-29
"5964",30.1279296875,2003-04-30
"5965",30.162109375,2003-05-01
"5966",27.58203125,2003-05-02
"5967",27.072265625,2003-05-03
"5968",28.33203125,2003-05-04
"5969",29.0517578125,2003-05-05
"5970",28.4619140625,2003-05-06
"5971",28.2724609375,2003-05-07
"5972",29.2119140625,2003-05-08
"5973",29.2119140625,2003-05-09
"5974",29.7919921875,2003-05-10
"5975",30.8818359375,2003-05-11
"5976",26.6123046875,2003-05-12
"5977",27.5322265625,2003-05-13
"5978",30.4921875,2003-05-14
"5979",29.1416015625,2003-05-15
"5980",29.7822265625,2003-05-16
"5981",32.341796875,2003-05-17
"5982",32.8818359375,2003-05-18
"5983",32.3916015625,2003-05-19
"5984",24.2119140625,2003-05-20
"5985",25.3115234375,2003-05-21
"5986",27.40234375,2003-05-22
"5987",30.8115234375,2003-05-23
"5988",25.5224609375,2003-05-24
"5989",22.0224609375,2003-05-25
"5990",22.7021484375,2003-05-26
"5991",24.7119140625,2003-05-27
"5992",24.181640625,2003-05-28
"5993",24.8115234375,2003-05-29
"5994",27.671875,2003-05-30
"5995",25.822265625,2003-05-31
"5996",27.830078125,2003-06-01
"5997",30.5703125,2003-06-02
"5998",30.1103515625,2003-06-03
"5999",29.8701171875,2003-06-04
"6000",23.4501953125,2003-06-05
"6001",23.3095703125,2003-06-06
"6002",22.9404296875,2003-06-07
"6003",22.1396484375,2003-06-08
"6004",21.5400390625,2003-06-09
"6005",23.830078125,2003-06-10
"6006",27.4501953125,2003-06-11
"6007",28.3603515625,2003-06-12
"6008",22.6796875,2003-06-13
"6009",19.3798828125,2003-06-14
"6010",20.16015625,2003-06-15
"6011",20.6796875,2003-06-16
"6012",20.9599609375,2003-06-17
"6013",19.349609375,2003-06-18
"6014",18.8603515625,2003-06-19
"6015",18.16015625,2003-06-20
"6016",17.1103515625,2003-06-21
"6017",17.5400390625,2003-06-22
"6018",20.3603515625,2003-06-23
"6019",22.7197265625,2003-06-24
"6020",22.1396484375,2003-06-25
"6021",23.66015625,2003-06-26
"6022",29.900390625,2003-06-27
"6023",32.669921875,2003-06-28
"6024",28.5498046875,2003-06-29
"6025",24.349609375,2003-06-30
"6026",20.69140625,2003-07-01
"6027",20.4814453125,2003-07-02
"6028",20.611328125,2003-07-03
"6029",20.1005859375,2003-07-04
"6030",22.810546875,2003-07-05
"6031",24.28125,2003-07-06
"6032",27.37109375,2003-07-07
"6033",27.611328125,2003-07-08
"6034",24.62109375,2003-07-09
"6035",25.1611328125,2003-07-10
"6036",27.3505859375,2003-07-11
"6037",24.451171875,2003-07-12
"6038",22.30078125,2003-07-13
"6039",25.390625,2003-07-14
"6040",26.7412109375,2003-07-15
"6041",26.53125,2003-07-16
"6042",27.201171875,2003-07-17
"6043",27.0107421875,2003-07-18
"6044",27.5009765625,2003-07-19
"6045",27.640625,2003-07-20
"6046",28.19140625,2003-07-21
"6047",29.3212890625,2003-07-22
"6048",22.291015625,2003-07-23
"6049",17.791015625,2003-07-24
"6050",18.630859375,2003-07-25
"6051",20.271484375,2003-07-26
"6052",21.7412109375,2003-07-27
"6053",22.8212890625,2003-07-28
"6054",22.611328125,2003-07-29
"6055",19.7607421875,2003-07-30
"6056",18.1708984375,2003-07-31
"6057",20.5166015625,2003-08-01
"6058",22.4267578125,2003-08-02
"6059",25.9970703125,2003-08-03
"6060",29.3173828125,2003-08-04
"6061",28.876953125,2003-08-05
"6062",29.537109375,2003-08-06
"6063",29.9169921875,2003-08-07
"6064",29.1474609375,2003-08-08
"6065",27.626953125,2003-08-09
"6066",33.806640625,2003-08-10
"6067",34.796875,2003-08-11
"6068",34.4970703125,2003-08-12
"6069",25.107421875,2003-08-13
"6070",19.5068359375,2003-08-14
"6071",18.02734375,2003-08-15
"6072",21.13671875,2003-08-16
"6073",22.7666015625,2003-08-17
"6074",23.697265625,2003-08-18
"6075",26.0966796875,2003-08-19
"6076",30.966796875,2003-08-20
"6077",31.296875,2003-08-21
"6078",34.8671875,2003-08-22
"6079",26.2568359375,2003-08-23
"6080",22.4169921875,2003-08-24
"6081",24.787109375,2003-08-25
"6082",24.7470703125,2003-08-26
"6083",20.2470703125,2003-08-27
"6084",23.716796875,2003-08-28
"6085",28.63671875,2003-08-29
"6086",29.0673828125,2003-08-30
"6087",22.7666015625,2003-08-31
"6088",22.3173828125,2003-09-01
"6089",20.697265625,2003-09-02
"6090",22.13671875,2003-09-03
"6091",26.296875,2003-09-04
"6092",29.8173828125,2003-09-05
"6093",32.20703125,2003-09-06
"6094",33.2470703125,2003-09-07
"6095",33.45703125,2003-09-08
"6096",34.8271484375,2003-09-09
"6097",36.0966796875,2003-09-10
"6098",36.1474609375,2003-09-11
"6099",35.63671875,2003-09-12
"6100",34.4267578125,2003-09-13
"6101",32.1669921875,2003-09-14
"6102",30.9267578125,2003-09-15
"6103",26.6474609375,2003-09-16
"6104",27.0166015625,2003-09-17
"6105",31.216796875,2003-09-18
"6106",36.787109375,2003-09-19
"6107",38.3671875,2003-09-20
"6108",41.1572265625,2003-09-21
"6109",41.1865234375,2003-09-22
"6110",38.38671875,2003-09-23
"6111",34.27734375,2003-09-24
"6112",36.9365234375,2003-09-25
"6113",37.70703125,2003-09-26
"6114",30.6767578125,2003-09-27
"6115",30.716796875,2003-09-28
"6116",34.046875,2003-09-29
"6117",38.8369140625,2003-09-30
"6118",34.283203125,2003-10-01
"6119",29.1630859375,2003-10-02
"6120",25.462890625,2003-10-03
"6121",27.61328125,2003-10-04
"6122",35.7626953125,2003-10-05
"6123",23.2529296875,2003-10-06
"6124",26.5126953125,2003-10-07
"6125",29.4228515625,2003-10-08
"6126",28.5830078125,2003-10-09
"6127",25.7626953125,2003-10-10
"6128",25.3330078125,2003-10-11
"6129",27.1328125,2003-10-12
"6130",31.712890625,2003-10-13
"6131",35.1328125,2003-10-14
"6132",38.052734375,2003-10-15
"6133",35.802734375,2003-10-16
"6134",36.04296875,2003-10-17
"6135",39.04296875,2003-10-18
"6136",32.9033203125,2003-10-19
"6137",29.7529296875,2003-10-20
"6138",32.033203125,2003-10-21
"6139",35.5634765625,2003-10-22
"6140",34.9326171875,2003-10-23
"6141",37.193359375,2003-10-24
"6142",42.2734375,2003-10-25
"6143",38.0029296875,2003-10-26
"6144",42.533203125,2003-10-27
"6145",41.3134765625,2003-10-28
"6146",31.3134765625,2003-10-29
"6147",38.2734375,2003-10-30
"6148",35.9130859375,2003-10-31
"6149",32.078125,2003-11-01
"6150",31.017578125,2003-11-02
"6151",31.5478515625,2003-11-03
"6152",35.0576171875,2003-11-04
"6153",40.2177734375,2003-11-05
"6154",40.578125,2003-11-06
"6155",38.91796875,2003-11-07
"6156",39.2978515625,2003-11-08
"6157",38.59765625,2003-11-09
"6158",38.408203125,2003-11-10
"6159",36.4775390625,2003-11-11
"6160",37.6376953125,2003-11-12
"6161",39.6083984375,2003-11-13
"6162",41.087890625,2003-11-14
"6163",40.3779296875,2003-11-15
"6164",41.498046875,2003-11-16
"6165",42.568359375,2003-11-17
"6166",42.4384765625,2003-11-18
"6167",44.23828125,2003-11-19
"6168",41.8076171875,2003-11-20
"6169",29.818359375,2003-11-21
"6170",31.5078125,2003-11-22
"6171",30.8681640625,2003-11-23
"6172",30.9580078125,2003-11-24
"6173",33.9384765625,2003-11-25
"6174",37.568359375,2003-11-26
"6175",40.998046875,2003-11-27
"6176",42.7783203125,2003-11-28
"6177",40.578125,2003-11-29
"6178",37.41796875,2003-11-30
"6179",36.859375,2003-12-01
"6180",37.3486328125,2003-12-02
"6181",38.44921875,2003-12-03
"6182",36.779296875,2003-12-04
"6183",36.9892578125,2003-12-05
"6184",35.689453125,2003-12-06
"6185",37.5791015625,2003-12-07
"6186",38.5390625,2003-12-08
"6187",42.12890625,2003-12-09
"6188",42.029296875,2003-12-10
"6189",38.478515625,2003-12-11
"6190",36.5986328125,2003-12-12
"6191",39.3193359375,2003-12-13
"6192",41.208984375,2003-12-14
"6193",41.87890625,2003-12-15
"6194",40.458984375,2003-12-16
"6195",39.8291015625,2003-12-17
"6196",40.3291015625,2003-12-18
"6197",41.359375,2003-12-19
"6198",42.1591796875,2003-12-20
"6199",43.189453125,2003-12-21
"6200",38.1689453125,2003-12-22
"6201",41.3388671875,2003-12-23
"6202",42.439453125,2003-12-24
"6203",43.4189453125,2003-12-25
"6204",41.728515625,2003-12-26
"6205",31.55859375,2003-12-27
"6206",34.7587890625,2003-12-28
"6207",39.4189453125,2003-12-29
"6208",39.69921875,2003-12-30
"6209",42.0185546875,2003-12-31
"6210",43.056640625,2004-01-01
"6211",43.447265625,2004-01-02
"6212",45.8671875,2004-01-03
"6213",45.6767578125,2004-01-04
"6214",46.4365234375,2004-01-05
"6215",44.63671875,2004-01-06
"6216",42.357421875,2004-01-07
"6217",36.126953125,2004-01-08
"6218",37.3271484375,2004-01-09
"6219",39.6669921875,2004-01-10
"6220",41.3369140625,2004-01-11
"6221",35.126953125,2004-01-12
"6222",34.796875,2004-01-13
"6223",34.5166015625,2004-01-14
"6224",33.9267578125,2004-01-15
"6225",39.4873046875,2004-01-16
"6226",40.1474609375,2004-01-17
"6227",38.3974609375,2004-01-18
"6228",39.4267578125,2004-01-19
"6229",40.2568359375,2004-01-20
"6230",40.5166015625,2004-01-21
"6231",40.7265625,2004-01-22
"6232",41.306640625,2004-01-23
"6233",41.7265625,2004-01-24
"6234",39.607421875,2004-01-25
"6235",40.8271484375,2004-01-26
"6236",41.697265625,2004-01-27
"6237",39.4267578125,2004-01-28
"6238",39.126953125,2004-01-29
"6239",40.0869140625,2004-01-30
"6240",39.806640625,2004-01-31
"6241",33.3876953125,2004-02-01
"6242",22.068359375,2004-02-02
"6243",29.9677734375,2004-02-03
"6244",34.068359375,2004-02-04
"6245",36.0380859375,2004-02-05
"6246",36.6982421875,2004-02-06
"6247",37.0078125,2004-02-07
"6248",38.837890625,2004-02-08
"6249",38.5380859375,2004-02-09
"6250",39.84765625,2004-02-10
"6251",40.1884765625,2004-02-11
"6252",40.8779296875,2004-02-12
"6253",37.087890625,2004-02-13
"6254",35.91796875,2004-02-14
"6255",39.6279296875,2004-02-15
"6256",41.568359375,2004-02-16
"6257",41.587890625,2004-02-17
"6258",37.1083984375,2004-02-18
"6259",39.328125,2004-02-19
"6260",40.267578125,2004-02-20
"6261",41.2978515625,2004-02-21
"6262",35.748046875,2004-02-22
"6263",35.767578125,2004-02-23
"6264",36.658203125,2004-02-24
"6265",36.8076171875,2004-02-25
"6266",35.6884765625,2004-02-26
"6267",36.2978515625,2004-02-27
"6268",37.4775390625,2004-02-28
"6269",38.8681640625,2004-02-29
"6270",38.7509765625,2004-03-01
"6271",37.791015625,2004-03-02
"6272",37.140625,2004-03-03
"6273",36.5908203125,2004-03-04
"6274",36.560546875,2004-03-05
"6275",38.78125,2004-03-06
"6276",38.791015625,2004-03-07
"6277",41.3212890625,2004-03-08
"6278",34.130859375,2004-03-09
"6279",36.970703125,2004-03-10
"6280",38.5810546875,2004-03-11
"6281",38.1005859375,2004-03-12
"6282",37.4013671875,2004-03-13
"6283",36.7509765625,2004-03-14
"6284",37.630859375,2004-03-15
"6285",39.3212890625,2004-03-16
"6286",39.78125,2004-03-17
"6287",40.0712890625,2004-03-18
"6288",39.611328125,2004-03-19
"6289",37.5908203125,2004-03-20
"6290",37.4814453125,2004-03-21
"6291",35.94140625,2004-03-22
"6292",35.7509765625,2004-03-23
"6293",34.140625,2004-03-24
"6294",36.44140625,2004-03-25
"6295",37.7109375,2004-03-26
"6296",37.521484375,2004-03-27
"6297",38.6708984375,2004-03-28
"6298",37.9609375,2004-03-29
"6299",37.521484375,2004-03-30
"6300",39.060546875,2004-03-31
"6301",38.498046875,2004-04-01
"6302",38.5576171875,2004-04-02
"6303",38.2275390625,2004-04-03
"6304",37.6376953125,2004-04-04
"6305",36.9384765625,2004-04-05
"6306",37.1083984375,2004-04-06
"6307",36.828125,2004-04-07
"6308",37.328125,2004-04-08
"6309",36.0078125,2004-04-09
"6310",35.908203125,2004-04-10
"6311",34.837890625,2004-04-11
"6312",34.427734375,2004-04-12
"6313",35.267578125,2004-04-13
"6314",35.427734375,2004-04-14
"6315",35.568359375,2004-04-15
"6316",35.3583984375,2004-04-16
"6317",35.3779296875,2004-04-17
"6318",32.568359375,2004-04-18
"6319",31.6376953125,2004-04-19
"6320",32.1083984375,2004-04-20
"6321",33.8583984375,2004-04-21
"6322",36.09765625,2004-04-22
"6323",34.158203125,2004-04-23
"6324",29.7978515625,2004-04-24
"6325",28.0078125,2004-04-25
"6326",30.3681640625,2004-04-26
"6327",27.98828125,2004-04-27
"6328",27.3681640625,2004-04-28
"6329",23.8076171875,2004-04-29
"6330",23.998046875,2004-04-30
"6331",25.7119140625,2004-05-01
"6332",24.9921875,2004-05-02
"6333",24.3623046875,2004-05-03
"6334",27.1123046875,2004-05-04
"6335",28.912109375,2004-05-05
"6336",25.5224609375,2004-05-06
"6337",26.681640625,2004-05-07
"6338",29.7021484375,2004-05-08
"6339",28.072265625,2004-05-09
"6340",28.5419921875,2004-05-10
"6341",27.8115234375,2004-05-11
"6342",28.072265625,2004-05-12
"6343",29.3115234375,2004-05-13
"6344",30.5615234375,2004-05-14
"6345",29.6318359375,2004-05-15
"6346",30.072265625,2004-05-16
"6347",32.6123046875,2004-05-17
"6348",27.7822265625,2004-05-18
"6349",24.1220703125,2004-05-19
"6350",23.7724609375,2004-05-20
"6351",22.732421875,2004-05-21
"6352",30.171875,2004-05-22
"6353",26.072265625,2004-05-23
"6354",31.2421875,2004-05-24
"6355",25.51171875,2004-05-25
"6356",21.5419921875,2004-05-26
"6357",19.5224609375,2004-05-27
"6358",18.26171875,2004-05-28
"6359",17.4716796875,2004-05-29
"6360",21.162109375,2004-05-30
"6361",25.572265625,2004-05-31
"6362",29.9697265625,2004-06-01
"6363",30.5400390625,2004-06-02
"6364",23.2099609375,2004-06-03
"6365",20.58984375,2004-06-04
"6366",23.33984375,2004-06-05
"6367",27.2001953125,2004-06-06
"6368",28.8896484375,2004-06-07
"6369",29.2001953125,2004-06-08
"6370",29.7900390625,2004-06-09
"6371",29.4296875,2004-06-10
"6372",27.490234375,2004-06-11
"6373",28.3701171875,2004-06-12
"6374",28.919921875,2004-06-13
"6375",26.5498046875,2004-06-14
"6376",22.0703125,2004-06-15
"6377",19.1298828125,2004-06-16
"6378",17.7197265625,2004-06-17
"6379",20.0595703125,2004-06-18
"6380",22.1298828125,2004-06-19
"6381",17.8603515625,2004-06-20
"6382",19.080078125,2004-06-21
"6383",21.759765625,2004-06-22
"6384",24.8203125,2004-06-23
"6385",24.2099609375,2004-06-24
"6386",21.1396484375,2004-06-25
"6387",18.990234375,2004-06-26
"6388",19.3798828125,2004-06-27
"6389",21.919921875,2004-06-28
"6390",24.009765625,2004-06-29
"6391",25.58984375,2004-06-30
"6392",25.3212890625,2004-07-01
"6393",25.890625,2004-07-02
"6394",27.6005859375,2004-07-03
"6395",27.9013671875,2004-07-04
"6396",23.8408203125,2004-07-05
"6397",22.28125,2004-07-06
"6398",20.560546875,2004-07-07
"6399",22.0107421875,2004-07-08
"6400",26.140625,2004-07-09
"6401",28.041015625,2004-07-10
"6402",25.7314453125,2004-07-11
"6403",22.470703125,2004-07-12
"6404",20.541015625,2004-07-13
"6405",18.630859375,2004-07-14
"6406",20.4912109375,2004-07-15
"6407",21.861328125,2004-07-16
"6408",18.0810546875,2004-07-17
"6409",16.0009765625,2004-07-18
"6410",14.55078125,2004-07-19
"6411",16.361328125,2004-07-20
"6412",19.5810546875,2004-07-21
"6413",23.890625,2004-07-22
"6414",27.1806640625,2004-07-23
"6415",29.6611328125,2004-07-24
"6416",31.2109375,2004-07-25
"6417",22.4912109375,2004-07-26
"6418",21.0009765625,2004-07-27
"6419",21.05078125,2004-07-28
"6420",22.53125,2004-07-29
"6421",23.8310546875,2004-07-30
"6422",28.701171875,2004-07-31
"6423",30.296875,2004-08-01
"6424",31.8369140625,2004-08-02
"6425",19.306640625,2004-08-03
"6426",21.0673828125,2004-08-04
"6427",22.3271484375,2004-08-05
"6428",21.63671875,2004-08-06
"6429",23.296875,2004-08-07
"6430",25.1474609375,2004-08-08
"6431",23.857421875,2004-08-09
"6432",22.3173828125,2004-08-10
"6433",22.296875,2004-08-11
"6434",24.6171875,2004-08-12
"6435",30.4072265625,2004-08-13
"6436",24.63671875,2004-08-14
"6437",25.787109375,2004-08-15
"6438",28.607421875,2004-08-16
"6439",20.1767578125,2004-08-17
"6440",20.5869140625,2004-08-18
"6441",21.126953125,2004-08-19
"6442",22.8369140625,2004-08-20
"6443",25.697265625,2004-08-21
"6444",27.6474609375,2004-08-22
"6445",28.0869140625,2004-08-23
"6446",29.9873046875,2004-08-24
"6447",31.6171875,2004-08-25
"6448",33.287109375,2004-08-26
"6449",33.5068359375,2004-08-27
"6450",34.1474609375,2004-08-28
"6451",33.787109375,2004-08-29
"6452",12.88671875,2004-08-30
"6453",20.0966796875,2004-08-31
"6454",20.1865234375,2004-09-01
"6455",20.8173828125,2004-09-02
"6456",22.2666015625,2004-09-03
"6457",23.546875,2004-09-04
"6458",23.0966796875,2004-09-05
"6459",28.216796875,2004-09-06
"6460",31.1474609375,2004-09-07
"6461",19.216796875,2004-09-08
"6462",23.1767578125,2004-09-09
"6463",25.70703125,2004-09-10
"6464",25.716796875,2004-09-11
"6465",21.5166015625,2004-09-12
"6466",21.046875,2004-09-13
"6467",24.95703125,2004-09-14
"6468",27.7666015625,2004-09-15
"6469",30.2568359375,2004-09-16
"6470",32.2568359375,2004-09-17
"6471",33.6572265625,2004-09-18
"6472",32.0869140625,2004-09-19
"6473",31.9267578125,2004-09-20
"6474",34.4765625,2004-09-21
"6475",34.607421875,2004-09-22
"6476",33.7265625,2004-09-23
"6477",31.3671875,2004-09-24
"6478",33.466796875,2004-09-25
"6479",37.4169921875,2004-09-26
"6480",38.5869140625,2004-09-27
"6481",38.806640625,2004-09-28
"6482",35.27734375,2004-09-29
"6483",35.5068359375,2004-09-30
"6484",31.11328125,2004-10-01
"6485",31.6025390625,2004-10-02
"6486",33.6328125,2004-10-03
"6487",35.693359375,2004-10-04
"6488",37.1728515625,2004-10-05
"6489",38.2734375,2004-10-06
"6490",40.5234375,2004-10-07
"6491",33.0732421875,2004-10-08
"6492",32.193359375,2004-10-09
"6493",33.6328125,2004-10-10
"6494",37.4033203125,2004-10-11
"6495",38.72265625,2004-10-12
"6496",38.3828125,2004-10-13
"6497",38.0732421875,2004-10-14
"6498",34.9931640625,2004-10-15
"6499",35.5830078125,2004-10-16
"6500",38.5126953125,2004-10-17
"6501",33.7333984375,2004-10-18
"6502",32.04296875,2004-10-19
"6503",32.302734375,2004-10-20
"6504",35.6826171875,2004-10-21
"6505",41.1533203125,2004-10-22
"6506",40.22265625,2004-10-23
"6507",35.3232421875,2004-10-24
"6508",39.873046875,2004-10-25
"6509",42.5234375,2004-10-26
"6510",33.3232421875,2004-10-27
"6511",30.2529296875,2004-10-28
"6512",31.7431640625,2004-10-29
"6513",33.9931640625,2004-10-30
"6514",38.5830078125,2004-10-31
"6515",41.158203125,2004-11-01
"6516",42.078125,2004-11-02
"6517",40.91796875,2004-11-03
"6518",32.2783203125,2004-11-04
"6519",26.4580078125,2004-11-05
"6520",28.6083984375,2004-11-06
"6521",29.48828125,2004-11-07
"6522",31.078125,2004-11-08
"6523",34.59765625,2004-11-09
"6524",41.73828125,2004-11-10
"6525",36.2177734375,2004-11-11
"6526",39.9775390625,2004-11-12
"6527",37.078125,2004-11-13
"6528",33.6884765625,2004-11-14
"6529",35.0380859375,2004-11-15
"6530",36.7080078125,2004-11-16
"6531",39.2275390625,2004-11-17
"6532",43.318359375,2004-11-18
"6533",39.1884765625,2004-11-19
"6534",36.7783203125,2004-11-20
"6535",34.7783203125,2004-11-21
"6536",35.267578125,2004-11-22
"6537",34.84765625,2004-11-23
"6538",37.0380859375,2004-11-24
"6539",37.4775390625,2004-11-25
"6540",38.677734375,2004-11-26
"6541",39.5380859375,2004-11-27
"6542",39.5078125,2004-11-28
"6543",40.4384765625,2004-11-29
"6544",42.578125,2004-11-30
"6545",39.458984375,2004-12-01
"6546",35.0185546875,2004-12-02
"6547",37.5986328125,2004-12-03
"6548",40.109375,2004-12-04
"6549",40.6494140625,2004-12-05
"6550",43.9091796875,2004-12-06
"6551",33.529296875,2004-12-07
"6552",32.19921875,2004-12-08
"6553",36.208984375,2004-12-09
"6554",38.9990234375,2004-12-10
"6555",40.37890625,2004-12-11
"6556",43.3994140625,2004-12-12
"6557",42.3291015625,2004-12-13
"6558",37.708984375,2004-12-14
"6559",37.9990234375,2004-12-15
"6560",40.1689453125,2004-12-16
"6561",42.3388671875,2004-12-17
"6562",41.138671875,2004-12-18
"6563",41.548828125,2004-12-19
"6564",42.689453125,2004-12-20
"6565",42.5693359375,2004-12-21
"6566",41.71875,2004-12-22
"6567",40.7890625,2004-12-23
"6568",33.80859375,2004-12-24
"6569",35.029296875,2004-12-25
"6570",36.3994140625,2004-12-26
"6571",39.7890625,2004-12-27
"6572",38.69921875,2004-12-28
"6573",35.619140625,2004-12-29
"6574",39.7890625,2004-12-30
"6575",41.8291015625,2004-12-31
"6576",40.037109375,2005-01-01
"6577",39.876953125,2005-01-02
"6578",38.8466796875,2005-01-03
"6579",26.7265625,2005-01-04
"6580",23.7568359375,2005-01-05
"6581",30.876953125,2005-01-06
"6582",34.9873046875,2005-01-07
"6583",36.806640625,2005-01-08
"6584",38.357421875,2005-01-09
"6585",39.3369140625,2005-01-10
"6586",39.1669921875,2005-01-11
"6587",38.876953125,2005-01-12
"6588",40.1669921875,2005-01-13
"6589",39.9970703125,2005-01-14
"6590",39.3466796875,2005-01-15
"6591",38.796875,2005-01-16
"6592",35.9267578125,2005-01-17
"6593",38.607421875,2005-01-18
"6594",40.5673828125,2005-01-19
"6595",39.9072265625,2005-01-20
"6596",38.806640625,2005-01-21
"6597",39.9072265625,2005-01-22
"6598",41.6767578125,2005-01-23
"6599",40.3671875,2005-01-24
"6600",38.3974609375,2005-01-25
"6601",38.4365234375,2005-01-26
"6602",39.296875,2005-01-27
"6603",40.806640625,2005-01-28
"6604",42.0673828125,2005-01-29
"6605",39.716796875,2005-01-30
"6606",40.45703125,2005-01-31
"6607",42.068359375,2005-02-01
"6608",28.427734375,2005-02-02
"6609",29.4677734375,2005-02-03
"6610",31.998046875,2005-02-04
"6611",34.8984375,2005-02-05
"6612",39.5078125,2005-02-06
"6613",41.568359375,2005-02-07
"6614",37.677734375,2005-02-08
"6615",35.1279296875,2005-02-09
"6616",35.177734375,2005-02-10
"6617",35.7783203125,2005-02-11
"6618",37.2978515625,2005-02-12
"6619",37.328125,2005-02-13
"6620",40.1884765625,2005-02-14
"6621",40.2177734375,2005-02-15
"6622",41.5478515625,2005-02-16
"6623",42.0078125,2005-02-17
"6624",43.34765625,2005-02-18
"6625",37.5576171875,2005-02-19
"6626",36.3876953125,2005-02-20
"6627",38.91796875,2005-02-21
"6628",40.8583984375,2005-02-22
"6629",41.9580078125,2005-02-23
"6630",43.09765625,2005-02-24
"6631",42.3779296875,2005-02-25
"6632",41.2978515625,2005-02-26
"6633",41.2177734375,2005-02-27
"6634",42.408203125,2005-02-28
"6635",40.951171875,2005-03-01
"6636",41.30078125,2005-03-02
"6637",40.9208984375,2005-03-03
"6638",40.69140625,2005-03-04
"6639",39.2412109375,2005-03-05
"6640",37.2109375,2005-03-06
"6641",36.6005859375,2005-03-07
"6642",36.361328125,2005-03-08
"6643",37.78125,2005-03-09
"6644",39.2314453125,2005-03-10
"6645",39.7109375,2005-03-11
"6646",38.890625,2005-03-12
"6647",38.451171875,2005-03-13
"6648",38.80078125,2005-03-14
"6649",39.1708984375,2005-03-15
"6650",37.4208984375,2005-03-16
"6651",33.271484375,2005-03-17
"6652",36.0908203125,2005-03-18
"6653",37.271484375,2005-03-19
"6654",38.951171875,2005-03-20
"6655",37.7412109375,2005-03-21
"6656",36.310546875,2005-03-22
"6657",35.3212890625,2005-03-23
"6658",33.87109375,2005-03-24
"6659",32.9306640625,2005-03-25
"6660",32.291015625,2005-03-26
"6661",33.6513671875,2005-03-27
"6662",37.201171875,2005-03-28
"6663",39.1708984375,2005-03-29
"6664",40.041015625,2005-03-30
"6665",40.390625,2005-03-31
"6666",39.9482421875,2005-04-01
"6667",38.248046875,2005-04-02
"6668",37.6982421875,2005-04-03
"6669",34.9677734375,2005-04-04
"6670",35.6982421875,2005-04-05
"6671",36.0078125,2005-04-06
"6672",36.498046875,2005-04-07
"6673",37.927734375,2005-04-08
"6674",38.578125,2005-04-09
"6675",38.7783203125,2005-04-10
"6676",37.658203125,2005-04-11
"6677",37.4482421875,2005-04-12
"6678",36.2080078125,2005-04-13
"6679",35.9482421875,2005-04-14
"6680",34.0380859375,2005-04-15
"6681",33.6181640625,2005-04-16
"6682",35.427734375,2005-04-17
"6683",36.7080078125,2005-04-18
"6684",37.177734375,2005-04-19
"6685",36.6484375,2005-04-20
"6686",35.7880859375,2005-04-21
"6687",35.1376953125,2005-04-22
"6688",33.328125,2005-04-23
"6689",33.23828125,2005-04-24
"6690",34.1083984375,2005-04-25
"6691",34.078125,2005-04-26
"6692",33.9482421875,2005-04-27
"6693",33.158203125,2005-04-28
"6694",32.5283203125,2005-04-29
"6695",33.1376953125,2005-04-30
"6696",31.931640625,2005-05-01
"6697",28.7021484375,2005-05-02
"6698",31.90234375,2005-05-03
"6699",32.421875,2005-05-04
"6700",31.65234375,2005-05-05
"6701",31.912109375,2005-05-06
"6702",30.4619140625,2005-05-07
"6703",31.251953125,2005-05-08
"6704",31.6220703125,2005-05-09
"6705",28.7216796875,2005-05-10
"6706",28.5224609375,2005-05-11
"6707",27.931640625,2005-05-12
"6708",27.1220703125,2005-05-13
"6709",28.5615234375,2005-05-14
"6710",28.01171875,2005-05-15
"6711",24.9716796875,2005-05-16
"6712",26.1123046875,2005-05-17
"6713",25.1416015625,2005-05-18
"6714",25.4423828125,2005-05-19
"6715",25.8623046875,2005-05-20
"6716",26.8916015625,2005-05-21
"6717",28.0419921875,2005-05-22
"6718",29.65234375,2005-05-23
"6719",29.8818359375,2005-05-24
"6720",29.2421875,2005-05-25
"6721",26.7724609375,2005-05-26
"6722",24.4423828125,2005-05-27
"6723",21.3115234375,2005-05-28
"6724",21.76171875,2005-05-29
"6725",22.8515625,2005-05-30
"6726",24.341796875,2005-05-31
"6727",24.240234375,2005-06-01
"6728",24.580078125,2005-06-02
"6729",25.9501953125,2005-06-03
"6730",27.75,2005-06-04
"6731",29.1396484375,2005-06-05
"6732",30.2900390625,2005-06-06
"6733",31.6201171875,2005-06-07
"6734",32.25,2005-06-08
"6735",32.25,2005-06-09
"6736",33.3701171875,2005-06-10
"6737",21.6201171875,2005-06-11
"6738",27.240234375,2005-06-12
"6739",21.7802734375,2005-06-13
"6740",15.58984375,2005-06-14
"6741",19.6796875,2005-06-15
"6742",19.5703125,2005-06-16
"6743",18.58984375,2005-06-17
"6744",21.080078125,2005-06-18
"6745",19.1796875,2005-06-19
"6746",18.1298828125,2005-06-20
"6747",16.4697265625,2005-06-21
"6748",17.009765625,2005-06-22
"6749",16.66015625,2005-06-23
"6750",17.48046875,2005-06-24
"6751",18.51953125,2005-06-25
"6752",18.5,2005-06-26
"6753",18.08984375,2005-06-27
"6754",18.2197265625,2005-06-28
"6755",17.98046875,2005-06-29
"6756",18.9404296875,2005-06-30
"6757",20.69140625,2005-07-01
"6758",18.9111328125,2005-07-02
"6759",19.9111328125,2005-07-03
"6760",22.5908203125,2005-07-04
"6761",26.05078125,2005-07-05
"6762",28.05078125,2005-07-06
"6763",30.0810546875,2005-07-07
"6764",18.55078125,2005-07-08
"6765",17.3408203125,2005-07-09
"6766",16.7607421875,2005-07-10
"6767",17.6611328125,2005-07-11
"6768",21.12109375,2005-07-12
"6769",25.7509765625,2005-07-13
"6770",22.4609375,2005-07-14
"6771",19.7607421875,2005-07-15
"6772",18.6611328125,2005-07-16
"6773",19.5107421875,2005-07-17
"6774",19.630859375,2005-07-18
"6775",19.1513671875,2005-07-19
"6776",22.2412109375,2005-07-20
"6777",23.78125,2005-07-21
"6778",25.140625,2005-07-22
"6779",25.87109375,2005-07-23
"6780",23.8310546875,2005-07-24
"6781",24.720703125,2005-07-25
"6782",23.87109375,2005-07-26
"6783",23.791015625,2005-07-27
"6784",24.5908203125,2005-07-28
"6785",25.8505859375,2005-07-29
"6786",26.6611328125,2005-07-30
"6787",25.53125,2005-07-31
"6788",25.107421875,2005-08-01
"6789",24.7568359375,2005-08-02
"6790",25.9267578125,2005-08-03
"6791",23.20703125,2005-08-04
"6792",18.9072265625,2005-08-05
"6793",18.0966796875,2005-08-06
"6794",19.697265625,2005-08-07
"6795",21.5166015625,2005-08-08
"6796",23.1474609375,2005-08-09
"6797",23.4365234375,2005-08-10
"6798",22.4169921875,2005-08-11
"6799",20.1474609375,2005-08-12
"6800",20.306640625,2005-08-13
"6801",23.9169921875,2005-08-14
"6802",22.1865234375,2005-08-15
"6803",25.466796875,2005-08-16
"6804",29.0673828125,2005-08-17
"6805",29.607421875,2005-08-18
"6806",31.5966796875,2005-08-19
"6807",20.9169921875,2005-08-20
"6808",22.876953125,2005-08-21
"6809",23.9365234375,2005-08-22
"6810",24.38671875,2005-08-23
"6811",25.126953125,2005-08-24
"6812",28.88671875,2005-08-25
"6813",29.4873046875,2005-08-26
"6814",28.0673828125,2005-08-27
"6815",30.2666015625,2005-08-28
"6816",31.046875,2005-08-29
"6817",33.6171875,2005-08-30
"6818",29.0869140625,2005-08-31
"6819",31.4970703125,2005-09-01
"6820",33.6767578125,2005-09-02
"6821",34.546875,2005-09-03
"6822",31.8271484375,2005-09-04
"6823",28.8271484375,2005-09-05
"6824",30.2666015625,2005-09-06
"6825",35.6474609375,2005-09-07
"6826",36.5869140625,2005-09-08
"6827",36.1669921875,2005-09-09
"6828",29.1474609375,2005-09-10
"6829",22.4267578125,2005-09-11
"6830",24.52734375,2005-09-12
"6831",30.9970703125,2005-09-13
"6832",31.8671875,2005-09-14
"6833",29.376953125,2005-09-15
"6834",20.306640625,2005-09-16
"6835",23.4365234375,2005-09-17
"6836",29.1171875,2005-09-18
"6837",31.3974609375,2005-09-19
"6838",29.716796875,2005-09-20
"6839",33.5068359375,2005-09-21
"6840",36.1767578125,2005-09-22
"6841",36.4970703125,2005-09-23
"6842",36.5869140625,2005-09-24
"6843",36.796875,2005-09-25
"6844",33.77734375,2005-09-26
"6845",35.4267578125,2005-09-27
"6846",40.0673828125,2005-09-28
"6847",31.5966796875,2005-09-29
"6848",36.947265625,2005-09-30
"6849",37.3232421875,2005-10-01
"6850",39.123046875,2005-10-02
"6851",32.22265625,2005-10-03
"6852",36.283203125,2005-10-04
"6853",38.373046875,2005-10-05
"6854",39.1533203125,2005-10-06
"6855",40.5126953125,2005-10-07
"6856",25.11328125,2005-10-08
"6857",29.1533203125,2005-10-09
"6858",34.3134765625,2005-10-10
"6859",34.4130859375,2005-10-11
"6860",35.72265625,2005-10-12
"6861",27.0029296875,2005-10-13
"6862",29.943359375,2005-10-14
"6863",32.703125,2005-10-15
"6864",32.29296875,2005-10-16
"6865",34.7431640625,2005-10-17
"6866",27.9033203125,2005-10-18
"6867",28.4033203125,2005-10-19
"6868",30.1630859375,2005-10-20
"6869",34.0732421875,2005-10-21
"6870",36.462890625,2005-10-22
"6871",38.3134765625,2005-10-23
"6872",34.203125,2005-10-24
"6873",39.22265625,2005-10-25
"6874",37.61328125,2005-10-26
"6875",39.6728515625,2005-10-27
"6876",42.3134765625,2005-10-28
"6877",43.6533203125,2005-10-29
"6878",39.552734375,2005-10-30
"6879",40.5830078125,2005-10-31
"6880",41.2880859375,2005-11-01
"6881",40.337890625,2005-11-02
"6882",28.017578125,2005-11-03
"6883",37.2880859375,2005-11-04
"6884",40.34765625,2005-11-05
"6885",40.59765625,2005-11-06
"6886",33.34765625,2005-11-07
"6887",40.568359375,2005-11-08
"6888",42.48828125,2005-11-09
"6889",33.5380859375,2005-11-10
"6890",33.6982421875,2005-11-11
"6891",34.3076171875,2005-11-12
"6892",35.2880859375,2005-11-13
"6893",37.1181640625,2005-11-14
"6894",39.6279296875,2005-11-15
"6895",39.8984375,2005-11-16
"6896",39.8583984375,2005-11-17
"6897",41.8779296875,2005-11-18
"6898",41.0078125,2005-11-19
"6899",38.1181640625,2005-11-20
"6900",38.498046875,2005-11-21
"6901",37.9482421875,2005-11-22
"6902",38.587890625,2005-11-23
"6903",39.7880859375,2005-11-24
"6904",41.818359375,2005-11-25
"6905",41.1279296875,2005-11-26
"6906",34.9580078125,2005-11-27
"6907",33.8779296875,2005-11-28
"6908",35.1884765625,2005-11-29
"6909",39.5576171875,2005-11-30
"6910",39.3291015625,2005-12-01
"6911",33.2392578125,2005-12-02
"6912",37.0185546875,2005-12-03
"6913",41.8994140625,2005-12-04
"6914",42.109375,2005-12-05
"6915",42.7890625,2005-12-06
"6916",41.298828125,2005-12-07
"6917",42.978515625,2005-12-08
"6918",43.96875,2005-12-09
"6919",42.8486328125,2005-12-10
"6920",44.4990234375,2005-12-11
"6921",41.6787109375,2005-12-12
"6922",34.0693359375,2005-12-13
"6923",36.4990234375,2005-12-14
"6924",41.279296875,2005-12-15
"6925",36.369140625,2005-12-16
"6926",38.1787109375,2005-12-17
"6927",36.0390625,2005-12-18
"6928",37.5693359375,2005-12-19
"6929",41.3994140625,2005-12-20
"6930",44.7685546875,2005-12-21
"6931",44.439453125,2005-12-22
"6932",44.478515625,2005-12-23
"6933",41.9091796875,2005-12-24
"6934",40.0185546875,2005-12-25
"6935",41.298828125,2005-12-26
"6936",44.0185546875,2005-12-27
"6937",40.029296875,2005-12-28
"6938",37.7685546875,2005-12-29
"6939",40.9189453125,2005-12-30
"6940",43.0791015625,2005-12-31
"6941",43.3271484375,2006-01-01
"6942",43.3369140625,2006-01-02
"6943",44.296875,2006-01-03
"6944",44.806640625,2006-01-04
"6945",45.1865234375,2006-01-05
"6946",44.8271484375,2006-01-06
"6947",44.45703125,2006-01-07
"6948",43.3369140625,2006-01-08
"6949",44.296875,2006-01-09
"6950",43.056640625,2006-01-10
"6951",41.8974609375,2006-01-11
"6952",39.02734375,2006-01-12
"6953",36.6865234375,2006-01-13
"6954",37.4267578125,2006-01-14
"6955",39.466796875,2006-01-15
"6956",39.1669921875,2006-01-16
"6957",38.88671875,2006-01-17
"6958",39.6669921875,2006-01-18
"6959",39.5673828125,2006-01-19
"6960",39.95703125,2006-01-20
"6961",42.0771484375,2006-01-21
"6962",41.88671875,2006-01-22
"6963",41.8466796875,2006-01-23
"6964",41.8466796875,2006-01-24
"6965",38.9765625,2006-01-25
"6966",38.537109375,2006-01-26
"6967",36.3671875,2006-01-27
"6968",38.13671875,2006-01-28
"6969",39.0869140625,2006-01-29
"6970",39.0771484375,2006-01-30
"6971",40.4072265625,2006-01-31
"6972",40.658203125,2006-02-01
"6973",40.34765625,2006-02-02
"6974",39.017578125,2006-02-03
"6975",42.1484375,2006-02-04
"6976",42.8876953125,2006-02-05
"6977",41.09765625,2006-02-06
"6978",43.6982421875,2006-02-07
"6979",42.517578125,2006-02-08
"6980",42.158203125,2006-02-09
"6981",38.0283203125,2006-02-10
"6982",37.3876953125,2006-02-11
"6983",39.2783203125,2006-02-12
"6984",40.517578125,2006-02-13
"6985",42.7080078125,2006-02-14
"6986",43.568359375,2006-02-15
"6987",42.4482421875,2006-02-16
"6988",43.177734375,2006-02-17
"6989",42.498046875,2006-02-18
"6990",41.408203125,2006-02-19
"6991",42.5478515625,2006-02-20
"6992",40.068359375,2006-02-21
"6993",37.7783203125,2006-02-22
"6994",36.3076171875,2006-02-23
"6995",37.73828125,2006-02-24
"6996",38.9384765625,2006-02-25
"6997",38.8681640625,2006-02-26
"6998",39.158203125,2006-02-27
"6999",39.7080078125,2006-02-28
"7000",38.6513671875,2006-03-01
"7001",39.041015625,2006-03-02
"7002",38.6611328125,2006-03-03
"7003",37.87109375,2006-03-04
"7004",37.640625,2006-03-05
"7005",38.05078125,2006-03-06
"7006",38.810546875,2006-03-07
"7007",38.5908203125,2006-03-08
"7008",37.060546875,2006-03-09
"7009",34.630859375,2006-03-10
"7010",34.9609375,2006-03-11
"7011",36.6806640625,2006-03-12
"7012",37.9814453125,2006-03-13
"7013",37.7314453125,2006-03-14
"7014",37.390625,2006-03-15
"7015",37.9912109375,2006-03-16
"7016",37.451171875,2006-03-17
"7017",36.0712890625,2006-03-18
"7018",37.5810546875,2006-03-19
"7019",38.03125,2006-03-20
"7020",30.2412109375,2006-03-21
"7021",29.5009765625,2006-03-22
"7022",30.390625,2006-03-23
"7023",34.05078125,2006-03-24
"7024",37.19140625,2006-03-25
"7025",38.0712890625,2006-03-26
"7026",36.05078125,2006-03-27
"7027",33.2607421875,2006-03-28
"7028",33.3310546875,2006-03-29
"7029",33.970703125,2006-03-30
"7030",33.62109375,2006-03-31
"7031",32.8779296875,2006-04-01
"7032",32.5380859375,2006-04-02
"7033",36.0380859375,2006-04-03
"7034",38.8876953125,2006-04-04
"7035",28.7177734375,2006-04-05
"7036",24.6982421875,2006-04-06
"7037",22.408203125,2006-04-07
"7038",26.1181640625,2006-04-08
"7039",29.23828125,2006-04-09
"7040",32.1279296875,2006-04-10
"7041",34.6484375,2006-04-11
"7042",35.4384765625,2006-04-12
"7043",35.8984375,2006-04-13
"7044",35.748046875,2006-04-14
"7045",34.7978515625,2006-04-15
"7046",34.158203125,2006-04-16
"7047",34.84765625,2006-04-17
"7048",34.48828125,2006-04-18
"7049",35.017578125,2006-04-19
"7050",31.908203125,2006-04-20
"7051",28.4580078125,2006-04-21
"7052",27.587890625,2006-04-22
"7053",27.16796875,2006-04-23
"7054",29.658203125,2006-04-24
"7055",31.6279296875,2006-04-25
"7056",33.177734375,2006-04-26
"7057",29.23828125,2006-04-27
"7058",25.8779296875,2006-04-28
"7059",23.7978515625,2006-04-29
"7060",25.7978515625,2006-04-30
"7061",24.7216796875,2006-05-01
"7062",24.1416015625,2006-05-02
"7063",24.5322265625,2006-05-03
"7064",26.1318359375,2006-05-04
"7065",26.482421875,2006-05-05
"7066",26.8623046875,2006-05-06
"7067",28.431640625,2006-05-07
"7068",22.8623046875,2006-05-08
"7069",23.0517578125,2006-05-09
"7070",25.7421875,2006-05-10
"7071",28.0517578125,2006-05-11
"7072",27.8115234375,2006-05-12
"7073",26.1923828125,2006-05-13
"7074",26.7919921875,2006-05-14
"7075",27.0224609375,2006-05-15
"7076",27.5224609375,2006-05-16
"7077",28.8916015625,2006-05-17
"7078",28.8515625,2006-05-18
"7079",28.5517578125,2006-05-19
"7080",29.0322265625,2006-05-20
"7081",29.2919921875,2006-05-21
"7082",22.7919921875,2006-05-22
"7083",22.2216796875,2006-05-23
"7084",19.9521484375,2006-05-24
"7085",20.5615234375,2006-05-25
"7086",22.4423828125,2006-05-26
"7087",21.8017578125,2006-05-27
"7088",21.4619140625,2006-05-28
"7089",21.6123046875,2006-05-29
"7090",22.3623046875,2006-05-30
"7091",22.412109375,2006-05-31
"7092",20.7197265625,2006-06-01
"7093",20.08984375,2006-06-02
"7094",19.3603515625,2006-06-03
"7095",20.0400390625,2006-06-04
"7096",19.16015625,2006-06-05
"7097",19.5703125,2006-06-06
"7098",21.83984375,2006-06-07
"7099",22.240234375,2006-06-08
"7100",23.2099609375,2006-06-09
"7101",20.1298828125,2006-06-10
"7102",18.6904296875,2006-06-11
"7103",15.7001953125,2006-06-12
"7104",19.6298828125,2006-06-13
"7105",24.6396484375,2006-06-14
"7106",24.6796875,2006-06-15
"7107",25.4296875,2006-06-16
"7108",22.8095703125,2006-06-17
"7109",24.1796875,2006-06-18
"7110",22.330078125,2006-06-19
"7111",22.7900390625,2006-06-20
"7112",24.0302734375,2006-06-21
"7113",23.3798828125,2006-06-22
"7114",23.8701171875,2006-06-23
"7115",24.6201171875,2006-06-24
"7116",24.58984375,2006-06-25
"7117",22.490234375,2006-06-26
"7118",23.240234375,2006-06-27
"7119",26.6796875,2006-06-28
"7120",28.240234375,2006-06-29
"7121",20.4296875,2006-06-30
"7122",20.021484375,2006-07-01
"7123",22.2509765625,2006-07-02
"7124",18.630859375,2006-07-03
"7125",19.03125,2006-07-04
"7126",21.451171875,2006-07-05
"7127",22.1513671875,2006-07-06
"7128",22.130859375,2006-07-07
"7129",21.6513671875,2006-07-08
"7130",23.6611328125,2006-07-09
"7131",26.5009765625,2006-07-10
"7132",27.771484375,2006-07-11
"7133",28.630859375,2006-07-12
"7134",27.1513671875,2006-07-13
"7135",22.140625,2006-07-14
"7136",16.111328125,2006-07-15
"7137",17.720703125,2006-07-16
"7138",16.7412109375,2006-07-17
"7139",17.3310546875,2006-07-18
"7140",18.80078125,2006-07-19
"7141",22.03125,2006-07-20
"7142",24.380859375,2006-07-21
"7143",26.2412109375,2006-07-22
"7144",24.7109375,2006-07-23
"7145",21.060546875,2006-07-24
"7146",21.1806640625,2006-07-25
"7147",21.69140625,2006-07-26
"7148",23.5009765625,2006-07-27
"7149",25.111328125,2006-07-28
"7150",27.9306640625,2006-07-29
"7151",28.380859375,2006-07-30
"7152",24.5009765625,2006-07-31
"7153",24.447265625,2006-08-01
"7154",27.8466796875,2006-08-02
"7155",23.8466796875,2006-08-03
"7156",22.2265625,2006-08-04
"7157",22.056640625,2006-08-05
"7158",22.6669921875,2006-08-06
"7159",23.2568359375,2006-08-07
"7160",25.8271484375,2006-08-08
"7161",26.3369140625,2006-08-09
"7162",25.376953125,2006-08-10
"7163",24.7568359375,2006-08-11
"7164",26.8466796875,2006-08-12
"7165",27.6171875,2006-08-13
"7166",28.046875,2006-08-14
"7167",28.357421875,2006-08-15
"7168",29.9970703125,2006-08-16
"7169",28.7265625,2006-08-17
"7170",25.8671875,2006-08-18
"7171",27.7470703125,2006-08-19
"7172",29.7568359375,2006-08-20
"7173",31.6865234375,2006-08-21
"7174",32.9873046875,2006-08-22
"7175",33.3369140625,2006-08-23
"7176",33.2568359375,2006-08-24
"7177",28.0166015625,2006-08-25
"7178",28.6171875,2006-08-26
"7179",30.27734375,2006-08-27
"7180",24.95703125,2006-08-28
"7181",24.546875,2006-08-29
"7182",25.63671875,2006-08-30
"7183",27.3671875,2006-08-31
"7184",29.537109375,2006-09-01
"7185",30.45703125,2006-09-02
"7186",32.966796875,2006-09-03
"7187",33.3369140625,2006-09-04
"7188",34.38671875,2006-09-05
"7189",33.6865234375,2006-09-06
"7190",23.5771484375,2006-09-07
"7191",22.9970703125,2006-09-08
"7192",23.037109375,2006-09-09
"7193",21.1474609375,2006-09-10
"7194",24.4765625,2006-09-11
"7195",27.3369140625,2006-09-12
"7196",28.4970703125,2006-09-13
"7197",29.2666015625,2006-09-14
"7198",30.0869140625,2006-09-15
"7199",30.45703125,2006-09-16
"7200",30.7568359375,2006-09-17
"7201",32.0966796875,2006-09-18
"7202",32.5673828125,2006-09-19
"7203",33.966796875,2006-09-20
"7204",32.6171875,2006-09-21
"7205",35.9365234375,2006-09-22
"7206",36.45703125,2006-09-23
"7207",35.6171875,2006-09-24
"7208",31.607421875,2006-09-25
"7209",35.45703125,2006-09-26
"7210",36.0966796875,2006-09-27
"7211",35.7265625,2006-09-28
"7212",35.0966796875,2006-09-29
"7213",34.7265625,2006-09-30
"7214",36.5830078125,2006-10-01
"7215",36.61328125,2006-10-02
"7216",36.1025390625,2006-10-03
"7217",36.5126953125,2006-10-04
"7218",35.7734375,2006-10-05
"7219",34.22265625,2006-10-06
"7220",34.623046875,2006-10-07
"7221",35.1728515625,2006-10-08
"7222",34.873046875,2006-10-09
"7223",34.7734375,2006-10-10
"7224",37.1328125,2006-10-11
"7225",35.7431640625,2006-10-12
"7226",36.4033203125,2006-10-13
"7227",36.36328125,2006-10-14
"7228",36.9833984375,2006-10-15
"7229",38.4228515625,2006-10-16
"7230",38.97265625,2006-10-17
"7231",38.9130859375,2006-10-18
"7232",38.8828125,2006-10-19
"7233",38.3232421875,2006-10-20
"7234",36.283203125,2006-10-21
"7235",35.7529296875,2006-10-22
"7236",38.0927734375,2006-10-23
"7237",39.61328125,2006-10-24
"7238",39.5234375,2006-10-25
"7239",39.6025390625,2006-10-26
"7240",36.3525390625,2006-10-27
"7241",34.5234375,2006-10-28
"7242",33.962890625,2006-10-29
"7243",35.203125,2006-10-30
"7244",37.86328125,2006-10-31
"7245",35.7177734375,2006-11-01
"7246",39.4775390625,2006-11-02
"7247",32.568359375,2006-11-03
"7248",33.158203125,2006-11-04
"7249",35.1181640625,2006-11-05
"7250",36.66796875,2006-11-06
"7251",37.427734375,2006-11-07
"7252",37.568359375,2006-11-08
"7253",35.1083984375,2006-11-09
"7254",36.1376953125,2006-11-10
"7255",39.677734375,2006-11-11
"7256",42.9580078125,2006-11-12
"7257",36.6181640625,2006-11-13
"7258",36.1884765625,2006-11-14
"7259",34.908203125,2006-11-15
"7260",30.498046875,2006-11-16
"7261",33.837890625,2006-11-17
"7262",37.73828125,2006-11-18
"7263",38.767578125,2006-11-19
"7264",37.998046875,2006-11-20
"7265",39.6484375,2006-11-21
"7266",39.8681640625,2006-11-22
"7267",41.2978515625,2006-11-23
"7268",42.5380859375,2006-11-24
"7269",43.1484375,2006-11-25
"7270",43.73828125,2006-11-26
"7271",43.9580078125,2006-11-27
"7272",43.9384765625,2006-11-28
"7273",44.908203125,2006-11-29
"7274",46.2080078125,2006-11-30
"7275",44.80859375,2006-12-01
"7276",36.71875,2006-12-02
"7277",35.69921875,2006-12-03
"7278",36.0390625,2006-12-04
"7279",39.3994140625,2006-12-05
"7280",40.6494140625,2006-12-06
"7281",39.0986328125,2006-12-07
"7282",38.279296875,2006-12-08
"7283",38.4287109375,2006-12-09
"7284",39.728515625,2006-12-10
"7285",40.388671875,2006-12-11
"7286",41.2890625,2006-12-12
"7287",42.458984375,2006-12-13
"7288",43.05859375,2006-12-14
"7289",43.609375,2006-12-15
"7290",43.208984375,2006-12-16
"7291",41.4091796875,2006-12-17
"7292",42.029296875,2006-12-18
"7293",44.0087890625,2006-12-19
"7294",42.888671875,2006-12-20
"7295",40.388671875,2006-12-21
"7296",35.7490234375,2006-12-22
"7297",35.0791015625,2006-12-23
"7298",26.8388671875,2006-12-24
"7299",23.439453125,2006-12-25
"7300",24.05859375,2006-12-26
"7301",27.279296875,2006-12-27
"7302",33.0986328125,2006-12-28
"7303",35.8291015625,2006-12-29
"7304",39.3486328125,2006-12-30
"7305",42.0986328125,2006-12-31
"7306",42.9970703125,2007-01-01
"7307",43.52734375,2007-01-02
"7308",42.796875,2007-01-03
"7309",42.3173828125,2007-01-04
"7310",42.63671875,2007-01-05
"7311",43.1669921875,2007-01-06
"7312",33.8271484375,2007-01-07
"7313",38.4072265625,2007-01-08
"7314",41.1171875,2007-01-09
"7315",41.8369140625,2007-01-10
"7316",40.5166015625,2007-01-11
"7317",39.02734375,2007-01-12
"7318",41.607421875,2007-01-13
"7319",39.45703125,2007-01-14
"7320",34.5771484375,2007-01-15
"7321",26.7568359375,2007-01-16
"7322",29.546875,2007-01-17
"7323",31.3173828125,2007-01-18
"7324",35.88671875,2007-01-19
"7325",31.9169921875,2007-01-20
"7326",22.296875,2007-01-21
"7327",25.2373046875,2007-01-22
"7328",29.466796875,2007-01-23
"7329",32.2265625,2007-01-24
"7330",34.5673828125,2007-01-25
"7331",30.296875,2007-01-26
"7332",35.306640625,2007-01-27
"7333",31.1572265625,2007-01-28
"7334",32.4267578125,2007-01-29
"7335",36.7265625,2007-01-30
"7336",37.806640625,2007-01-31
"7337",37.7080078125,2007-02-01
"7338",35.0576171875,2007-02-02
"7339",32.48828125,2007-02-03
"7340",35.158203125,2007-02-04
"7341",35.587890625,2007-02-05
"7342",37.9580078125,2007-02-06
"7343",39.7177734375,2007-02-07
"7344",39.5576171875,2007-02-08
"7345",36.9580078125,2007-02-09
"7346",36.7783203125,2007-02-10
"7347",36.6376953125,2007-02-11
"7348",34.078125,2007-02-12
"7349",35.158203125,2007-02-13
"7350",37.0576171875,2007-02-14
"7351",37.837890625,2007-02-15
"7352",38.73828125,2007-02-16
"7353",39.078125,2007-02-17
"7354",38.7275390625,2007-02-18
"7355",37.4775390625,2007-02-19
"7356",38.2578125,2007-02-20
"7357",38.1181640625,2007-02-21
"7358",38.658203125,2007-02-22
"7359",38.8583984375,2007-02-23
"7360",39.2177734375,2007-02-24
"7361",40.0576171875,2007-02-25
"7362",39.5576171875,2007-02-26
"7363",40.2978515625,2007-02-27
"7364",39.818359375,2007-02-28
"7365",40.810546875,2007-03-01
"7366",41.6611328125,2007-03-02
"7367",42.2509765625,2007-03-03
"7368",42.291015625,2007-03-04
"7369",40.291015625,2007-03-05
"7370",36.3505859375,2007-03-06
"7371",36.271484375,2007-03-07
"7372",38.0810546875,2007-03-08
"7373",39.140625,2007-03-09
"7374",40.1611328125,2007-03-10
"7375",40.5009765625,2007-03-11
"7376",40.9013671875,2007-03-12
"7377",40.140625,2007-03-13
"7378",41.390625,2007-03-14
"7379",40.861328125,2007-03-15
"7380",38.130859375,2007-03-16
"7381",35.7607421875,2007-03-17
"7382",36.890625,2007-03-18
"7383",36.7607421875,2007-03-19
"7384",37.28125,2007-03-20
"7385",38.1005859375,2007-03-21
"7386",36.951171875,2007-03-22
"7387",36.771484375,2007-03-23
"7388",31.5908203125,2007-03-24
"7389",30.4013671875,2007-03-25
"7390",32.37109375,2007-03-26
"7391",37.041015625,2007-03-27
"7392",37.6611328125,2007-03-28
"7393",20.1611328125,2007-03-29
"7394",25.111328125,2007-03-30
"7395",27.3212890625,2007-03-31
"7396",31.5576171875,2007-04-01
"7397",34.4775390625,2007-04-02
"7398",35.1376953125,2007-04-03
"7399",35.1181640625,2007-04-04
"7400",35.6884765625,2007-04-05
"7401",33.73828125,2007-04-06
"7402",31.068359375,2007-04-07
"7403",34.337890625,2007-04-08
"7404",34.0078125,2007-04-09
"7405",33.1884765625,2007-04-10
"7406",32.3984375,2007-04-11
"7407",33.087890625,2007-04-12
"7408",32.828125,2007-04-13
"7409",32.9384765625,2007-04-14
"7410",33.767578125,2007-04-15
"7411",34.318359375,2007-04-16
"7412",34.73828125,2007-04-17
"7413",34.7978515625,2007-04-18
"7414",35.568359375,2007-04-19
"7415",35.837890625,2007-04-20
"7416",35.158203125,2007-04-21
"7417",35.1982421875,2007-04-22
"7418",35.7978515625,2007-04-23
"7419",35.3076171875,2007-04-24
"7420",36.5478515625,2007-04-25
"7421",36.84765625,2007-04-26
"7422",33.0380859375,2007-04-27
"7423",25.4677734375,2007-04-28
"7424",27.7783203125,2007-04-29
"7425",29.4580078125,2007-04-30
"7426",32.76171875,2007-05-01
"7427",34.1416015625,2007-05-02
"7428",36.0322265625,2007-05-03
"7429",34.4716796875,2007-05-04
"7430",34.5322265625,2007-05-05
"7431",32.3818359375,2007-05-06
"7432",32.8115234375,2007-05-07
"7433",32.2119140625,2007-05-08
"7434",31.181640625,2007-05-09
"7435",23.751953125,2007-05-10
"7436",28.5322265625,2007-05-11
"7437",29.08203125,2007-05-12
"7438",31.08203125,2007-05-13
"7439",32.0419921875,2007-05-14
"7440",31.51171875,2007-05-15
"7441",29.681640625,2007-05-16
"7442",25.33203125,2007-05-17
"7443",22.912109375,2007-05-18
"7444",23.5615234375,2007-05-19
"7445",23.08203125,2007-05-20
"7446",25.01171875,2007-05-21
"7447",23.6123046875,2007-05-22
"7448",23.431640625,2007-05-23
"7449",25.8916015625,2007-05-24
"7450",29.2119140625,2007-05-25
"7451",30.171875,2007-05-26
"7452",30.4521484375,2007-05-27
"7453",32.0615234375,2007-05-28
"7454",29.921875,2007-05-29
"7455",21.4521484375,2007-05-30
"7456",20.6416015625,2007-05-31
"7457",21.26953125,2007-06-01
"7458",21.580078125,2007-06-02
"7459",21.669921875,2007-06-03
"7460",20.5,2007-06-04
"7461",20.41015625,2007-06-05
"7462",18.1201171875,2007-06-06
"7463",17,2007-06-07
"7464",17.3701171875,2007-06-08
"7465",19.2802734375,2007-06-09
"7466",19.6201171875,2007-06-10
"7467",20.150390625,2007-06-11
"7468",19.919921875,2007-06-12
"7469",20.259765625,2007-06-13
"7470",17.599609375,2007-06-14
"7471",17.1396484375,2007-06-15
"7472",20.1904296875,2007-06-16
"7473",14.240234375,2007-06-17
"7474",19.080078125,2007-06-18
"7475",15.759765625,2007-06-19
"7476",9.169921875,2007-06-20
"7477",13.8701171875,2007-06-21
"7478",17.3798828125,2007-06-22
"7479",18.0703125,2007-06-23
"7480",18.8603515625,2007-06-24
"7481",15.58984375,2007-06-25
"7482",19.169921875,2007-06-26
"7483",18.1201171875,2007-06-27
"7484",18.6396484375,2007-06-28
"7485",20.51953125,2007-06-29
"7486",23.8701171875,2007-06-30
"7487",26.0107421875,2007-07-01
"7488",28.291015625,2007-07-02
"7489",28.55078125,2007-07-03
"7490",26.12109375,2007-07-04
"7491",22.060546875,2007-07-05
"7492",22.12109375,2007-07-06
"7493",20.861328125,2007-07-07
"7494",18.19140625,2007-07-08
"7495",18.4208984375,2007-07-09
"7496",19.4814453125,2007-07-10
"7497",20.140625,2007-07-11
"7498",20.7412109375,2007-07-12
"7499",19.1611328125,2007-07-13
"7500",18.2509765625,2007-07-14
"7501",19.810546875,2007-07-15
"7502",19.630859375,2007-07-16
"7503",21.060546875,2007-07-17
"7504",20.291015625,2007-07-18
"7505",18.201171875,2007-07-19
"7506",19.03125,2007-07-20
"7507",20.470703125,2007-07-21
"7508",23.2607421875,2007-07-22
"7509",25.1806640625,2007-07-23
"7510",26.3408203125,2007-07-24
"7511",27.4208984375,2007-07-25
"7512",28.0712890625,2007-07-26
"7513",27.7509765625,2007-07-27
"7514",28.3310546875,2007-07-28
"7515",29.87109375,2007-07-29
"7516",24.7412109375,2007-07-30
"7517",27.69140625,2007-07-31
"7518",31.02734375,2007-08-01
"7519",30.876953125,2007-08-02
"7520",21.4873046875,2007-08-03
"7521",19.697265625,2007-08-04
"7522",20.357421875,2007-08-05
"7523",23.4873046875,2007-08-06
"7524",25.3173828125,2007-08-07
"7525",25.52734375,2007-08-08
"7526",25.3466796875,2007-08-09
"7527",27.0869140625,2007-08-10
"7528",28.8271484375,2007-08-11
"7529",28.95703125,2007-08-12
"7530",27.70703125,2007-08-13
"7531",28.2373046875,2007-08-14
"7532",30.716796875,2007-08-15
"7533",19.88671875,2007-08-16
"7534",19.7373046875,2007-08-17
"7535",20.20703125,2007-08-18
"7536",22.4169921875,2007-08-19
"7537",23.27734375,2007-08-20
"7538",23.126953125,2007-08-21
"7539",27.13671875,2007-08-22
"7540",27.2373046875,2007-08-23
"7541",26.9873046875,2007-08-24
"7542",25.6171875,2007-08-25
"7543",27.9873046875,2007-08-26
"7544",30.6572265625,2007-08-27
"7545",31.6669921875,2007-08-28
"7546",30.7265625,2007-08-29
"7547",29.4072265625,2007-08-30
"7548",29.6669921875,2007-08-31
"7549",30.0673828125,2007-09-01
"7550",30.5673828125,2007-09-02
"7551",31.037109375,2007-09-03
"7552",29.0673828125,2007-09-04
"7553",27.02734375,2007-09-05
"7554",27.4873046875,2007-09-06
"7555",29.046875,2007-09-07
"7556",29.63671875,2007-09-08
"7557",32.77734375,2007-09-09
"7558",33.5966796875,2007-09-10
"7559",26.1572265625,2007-09-11
"7560",31.13671875,2007-09-12
"7561",35.0966796875,2007-09-13
"7562",30.6767578125,2007-09-14
"7563",33.1572265625,2007-09-15
"7564",36.8466796875,2007-09-16
"7565",32.6474609375,2007-09-17
"7566",34.5068359375,2007-09-18
"7567",38.376953125,2007-09-19
"7568",28.0673828125,2007-09-20
"7569",30.6474609375,2007-09-21
"7570",32.1767578125,2007-09-22
"7571",34.626953125,2007-09-23
"7572",38.046875,2007-09-24
"7573",39.0771484375,2007-09-25
"7574",27.046875,2007-09-26
"7575",28.537109375,2007-09-27
"7576",31.8369140625,2007-09-28
"7577",29.1669921875,2007-09-29
"7578",29.1767578125,2007-09-30
"7579",34.962890625,2007-10-01
"7580",36.8525390625,2007-10-02
"7581",37.7734375,2007-10-03
"7582",37.4130859375,2007-10-04
"7583",38.0234375,2007-10-05
"7584",40.3525390625,2007-10-06
"7585",40.5830078125,2007-10-07
"7586",41.4931640625,2007-10-08
"7587",41.783203125,2007-10-09
"7588",37.033203125,2007-10-10
"7589",38.6630859375,2007-10-11
"7590",29.5234375,2007-10-12
"7591",26.712890625,2007-10-13
"7592",28.9228515625,2007-10-14
"7593",33.3232421875,2007-10-15
"7594",35.5732421875,2007-10-16
"7595",36.7734375,2007-10-17
"7596",37.97265625,2007-10-18
"7597",37.7529296875,2007-10-19
"7598",37.97265625,2007-10-20
"7599",36.4931640625,2007-10-21
"7600",37.712890625,2007-10-22
"7601",34.6826171875,2007-10-23
"7602",28.8232421875,2007-10-24
"7603",31.1025390625,2007-10-25
"7604",33.6630859375,2007-10-26
"7605",39.04296875,2007-10-27
"7606",39.4228515625,2007-10-28
"7607",37.703125,2007-10-29
"7608",37.4130859375,2007-10-30
"7609",36.462890625,2007-10-31
"7610",36.4775390625,2007-11-01
"7611",29.5576171875,2007-11-02
"7612",34.767578125,2007-11-03
"7613",30.3681640625,2007-11-04
"7614",28.1484375,2007-11-05
"7615",30.2783203125,2007-11-06
"7616",30.59765625,2007-11-07
"7617",31.7978515625,2007-11-08
"7618",35.1884765625,2007-11-09
"7619",34.6376953125,2007-11-10
"7620",36.837890625,2007-11-11
"7621",36.4775390625,2007-11-12
"7622",36.0478515625,2007-11-13
"7623",35.4384765625,2007-11-14
"7624",32.48828125,2007-11-15
"7625",34.587890625,2007-11-16
"7626",35.6279296875,2007-11-17
"7627",37.517578125,2007-11-18
"7628",39.6376953125,2007-11-19
"7629",40.1083984375,2007-11-20
"7630",39.498046875,2007-11-21
"7631",34.828125,2007-11-22
"7632",33.16796875,2007-11-23
"7633",34.7978515625,2007-11-24
"7634",35.9677734375,2007-11-25
"7635",36.5078125,2007-11-26
"7636",37.09765625,2007-11-27
"7637",38.677734375,2007-11-28
"7638",39.2177734375,2007-11-29
"7639",40.8681640625,2007-11-30
"7640",41.7890625,2007-12-01
"7641",41.6591796875,2007-12-02
"7642",42.5888671875,2007-12-03
"7643",37.21875,2007-12-04
"7644",37.94921875,2007-12-05
"7645",43.12890625,2007-12-06
"7646",43.5693359375,2007-12-07
"7647",43.87890625,2007-12-08
"7648",42.19921875,2007-12-09
"7649",40.2587890625,2007-12-10
"7650",39.109375,2007-12-11
"7651",39.708984375,2007-12-12
"7652",41.0888671875,2007-12-13
"7653",43.0791015625,2007-12-14
"7654",44.978515625,2007-12-15
"7655",42.80859375,2007-12-16
"7656",42.4892578125,2007-12-17
"7657",42.2890625,2007-12-18
"7658",40.44921875,2007-12-19
"7659",39.279296875,2007-12-20
"7660",41.619140625,2007-12-21
"7661",31.869140625,2007-12-22
"7662",31.208984375,2007-12-23
"7663",32.6689453125,2007-12-24
"7664",33.138671875,2007-12-25
"7665",35.869140625,2007-12-26
"7666",36.05859375,2007-12-27
"7667",36.21875,2007-12-28
"7668",37.6591796875,2007-12-29
"7669",39.3291015625,2007-12-30
"7670",40.8388671875,2007-12-31
"7671",41.447265625,2008-01-01
"7672",41.8369140625,2008-01-02
"7673",42.3173828125,2008-01-03
"7674",41.4267578125,2008-01-04
"7675",42.107421875,2008-01-05
"7676",41.7666015625,2008-01-06
"7677",43.0068359375,2008-01-07
"7678",43.8173828125,2008-01-08
"7679",42.4970703125,2008-01-09
"7680",38.6572265625,2008-01-10
"7681",40.6171875,2008-01-11
"7682",41.0673828125,2008-01-12
"7683",42.0166015625,2008-01-13
"7684",41.9072265625,2008-01-14
"7685",43.0166015625,2008-01-15
"7686",42.306640625,2008-01-16
"7687",40.6474609375,2008-01-17
"7688",39.45703125,2008-01-18
"7689",40.947265625,2008-01-19
"7690",42.20703125,2008-01-20
"7691",42.447265625,2008-01-21
"7692",41.9169921875,2008-01-22
"7693",42.1474609375,2008-01-23
"7694",41.2568359375,2008-01-24
"7695",41.787109375,2008-01-25
"7696",42.546875,2008-01-26
"7697",40.966796875,2008-01-27
"7698",42.197265625,2008-01-28
"7699",42.1669921875,2008-01-29
"7700",41.8974609375,2008-01-30
"7701",43.20703125,2008-01-31
"7702",41.4482421875,2008-02-01
"7703",39.818359375,2008-02-02
"7704",39.7275390625,2008-02-03
"7705",41.1279296875,2008-02-04
"7706",41.337890625,2008-02-05
"7707",41.0283203125,2008-02-06
"7708",39.068359375,2008-02-07
"7709",36.5283203125,2008-02-08
"7710",37.017578125,2008-02-09
"7711",39.248046875,2008-02-10
"7712",39.2578125,2008-02-11
"7713",40.5078125,2008-02-12
"7714",37.828125,2008-02-13
"7715",38.0380859375,2008-02-14
"7716",39.2578125,2008-02-15
"7717",38.16796875,2008-02-16
"7718",36.8876953125,2008-02-17
"7719",39.1484375,2008-02-18
"7720",39.9384765625,2008-02-19
"7721",41.23828125,2008-02-20
"7722",42.16796875,2008-02-21
"7723",43.0283203125,2008-02-22
"7724",37.908203125,2008-02-23
"7725",37.1884765625,2008-02-24
"7726",34.658203125,2008-02-25
"7727",36.8876953125,2008-02-26
"7728",37.84765625,2008-02-27
"7729",37.6884765625,2008-02-28
"7730",34.1484375,2008-02-29
"7731",34.021484375,2008-03-01
"7732",36.3212890625,2008-03-02
"7733",36.810546875,2008-03-03
"7734",35.8505859375,2008-03-04
"7735",35.720703125,2008-03-05
"7736",35.5810546875,2008-03-06
"7737",35.6708984375,2008-03-07
"7738",38.140625,2008-03-08
"7739",38.2412109375,2008-03-09
"7740",37.2314453125,2008-03-10
"7741",36.37109375,2008-03-11
"7742",37.1005859375,2008-03-12
"7743",37.451171875,2008-03-13
"7744",39.0908203125,2008-03-14
"7745",38.771484375,2008-03-15
"7746",36.970703125,2008-03-16
"7747",36.94140625,2008-03-17
"7748",36.3505859375,2008-03-18
"7749",36.890625,2008-03-19
"7750",37.640625,2008-03-20
"7751",37.541015625,2008-03-21
"7752",37.53125,2008-03-22
"7753",38.03125,2008-03-23
"7754",39.4208984375,2008-03-24
"7755",34.9111328125,2008-03-25
"7756",30.380859375,2008-03-26
"7757",26.1611328125,2008-03-27
"7758",26.810546875,2008-03-28
"7759",28.130859375,2008-03-29
"7760",29.4814453125,2008-03-30
"7761",30.8310546875,2008-03-31
"7762",34.3076171875,2008-04-01
"7763",36.828125,2008-04-02
"7764",27.1083984375,2008-04-03
"7765",27.2783203125,2008-04-04
"7766",30.267578125,2008-04-05
"7767",31.7978515625,2008-04-06
"7768",33.09765625,2008-04-07
"7769",34.16796875,2008-04-08
"7770",34.4775390625,2008-04-09
"7771",32.6884765625,2008-04-10
"7772",33.9580078125,2008-04-11
"7773",34.828125,2008-04-12
"7774",33.3779296875,2008-04-13
"7775",31.267578125,2008-04-14
"7776",29.3779296875,2008-04-15
"7777",29.41796875,2008-04-16
"7778",31.5380859375,2008-04-17
"7779",30.73828125,2008-04-18
"7780",31.41796875,2008-04-19
"7781",32.408203125,2008-04-20
"7782",33.1279296875,2008-04-21
"7783",31.9580078125,2008-04-22
"7784",29.017578125,2008-04-23
"7785",28.9580078125,2008-04-24
"7786",28.6982421875,2008-04-25
"7787",29.84765625,2008-04-26
"7788",30.7177734375,2008-04-27
"7789",25.2578125,2008-04-28
"7790",25.91796875,2008-04-29
"7791",29.2578125,2008-04-30
"7792",31.591796875,2008-05-01
"7793",31.3916015625,2008-05-02
"7794",31.1220703125,2008-05-03
"7795",28.572265625,2008-05-04
"7796",29.232421875,2008-05-05
"7797",29.7021484375,2008-05-06
"7798",27.5322265625,2008-05-07
"7799",26.671875,2008-05-08
"7800",28.7021484375,2008-05-09
"7801",28.2919921875,2008-05-10
"7802",28.40234375,2008-05-11
"7803",28.171875,2008-05-12
"7804",29.7021484375,2008-05-13
"7805",30.2021484375,2008-05-14
"7806",31.4423828125,2008-05-15
"7807",30.6123046875,2008-05-16
"7808",21.2421875,2008-05-17
"7809",20.591796875,2008-05-18
"7810",23.0322265625,2008-05-19
"7811",23.9619140625,2008-05-20
"7812",23.6923828125,2008-05-21
"7813",24.681640625,2008-05-22
"7814",26.072265625,2008-05-23
"7815",27.412109375,2008-05-24
"7816",29.8916015625,2008-05-25
"7817",30.1123046875,2008-05-26
"7818",27.6220703125,2008-05-27
"7819",25.251953125,2008-05-28
"7820",25.822265625,2008-05-29
"7821",25.3623046875,2008-05-30
"7822",25.162109375,2008-05-31
"7823",26.240234375,2008-06-01
"7824",24.1103515625,2008-06-02
"7825",24.2001953125,2008-06-03
"7826",23.7001953125,2008-06-04
"7827",23.5400390625,2008-06-05
"7828",21.4599609375,2008-06-06
"7829",16.3603515625,2008-06-07
"7830",19.2197265625,2008-06-08
"7831",22.490234375,2008-06-09
"7832",26.9296875,2008-06-10
"7833",28.8095703125,2008-06-11
"7834",28.6298828125,2008-06-12
"7835",26,2008-06-13
"7836",20.419921875,2008-06-14
"7837",20.08984375,2008-06-15
"7838",23.8203125,2008-06-16
"7839",27.2197265625,2008-06-17
"7840",28.080078125,2008-06-18
"7841",21.75,2008-06-19
"7842",20.0703125,2008-06-20
"7843",19.080078125,2008-06-21
"7844",20.259765625,2008-06-22
"7845",20.8798828125,2008-06-23
"7846",19.1298828125,2008-06-24
"7847",22.900390625,2008-06-25
"7848",22.3095703125,2008-06-26
"7849",24.6201171875,2008-06-27
"7850",25.8701171875,2008-06-28
"7851",27.7802734375,2008-06-29
"7852",27.7099609375,2008-06-30
"7853",20.8310546875,2008-07-01
"7854",21.80078125,2008-07-02
"7855",20.9306640625,2008-07-03
"7856",21.541015625,2008-07-04
"7857",23.9306640625,2008-07-05
"7858",25.6806640625,2008-07-06
"7859",21.970703125,2008-07-07
"7860",17.4208984375,2008-07-08
"7861",18.630859375,2008-07-09
"7862",20.4111328125,2008-07-10
"7863",21.6005859375,2008-07-11
"7864",25.4609375,2008-07-12
"7865",28.361328125,2008-07-13
"7866",21.8505859375,2008-07-14
"7867",20.2109375,2008-07-15
"7868",24.28125,2008-07-16
"7869",26.9111328125,2008-07-17
"7870",28.03125,2008-07-18
"7871",30.720703125,2008-07-19
"7872",23.701171875,2008-07-20
"7873",19.8408203125,2008-07-21
"7874",19.271484375,2008-07-22
"7875",19.0810546875,2008-07-23
"7876",18.8408203125,2008-07-24
"7877",20.4306640625,2008-07-25
"7878",21.53125,2008-07-26
"7879",23.220703125,2008-07-27
"7880",18.2109375,2008-07-28
"7881",20.8408203125,2008-07-29
"7882",28.0908203125,2008-07-30
"7883",32.9111328125,2008-07-31
"7884",29.2373046875,2008-08-01
"7885",22.9765625,2008-08-02
"7886",27.02734375,2008-08-03
"7887",28.3173828125,2008-08-04
"7888",20.8369140625,2008-08-05
"7889",20.287109375,2008-08-06
"7890",20.7568359375,2008-08-07
"7891",20.107421875,2008-08-08
"7892",20.607421875,2008-08-09
"7893",19.1767578125,2008-08-10
"7894",17.77734375,2008-08-11
"7895",19.4970703125,2008-08-12
"7896",20.1669921875,2008-08-13
"7897",20.546875,2008-08-14
"7898",19.1865234375,2008-08-15
"7899",17.4873046875,2008-08-16
"7900",18.447265625,2008-08-17
"7901",20.216796875,2008-08-18
"7902",23.216796875,2008-08-19
"7903",25.9365234375,2008-08-20
"7904",24.9365234375,2008-08-21
"7905",17.0771484375,2008-08-22
"7906",18.5771484375,2008-08-23
"7907",21.4873046875,2008-08-24
"7908",27.806640625,2008-08-25
"7909",27.7373046875,2008-08-26
"7910",27.806640625,2008-08-27
"7911",28.556640625,2008-08-28
"7912",33.13671875,2008-08-29
"7913",35.9072265625,2008-08-30
"7914",20.7470703125,2008-08-31
"7915",21.9365234375,2008-09-01
"7916",22.1572265625,2008-09-02
"7917",19.9365234375,2008-09-03
"7918",23.38671875,2008-09-04
"7919",23.546875,2008-09-05
"7920",25.9267578125,2008-09-06
"7921",27.537109375,2008-09-07
"7922",28.716796875,2008-09-08
"7923",29.0166015625,2008-09-09
"7924",30.2568359375,2008-09-10
"7925",34.787109375,2008-09-11
"7926",37.5068359375,2008-09-12
"7927",37.6865234375,2008-09-13
"7928",32.3466796875,2008-09-14
"7929",35.947265625,2008-09-15
"7930",28.1572265625,2008-09-16
"7931",30.70703125,2008-09-17
"7932",35.876953125,2008-09-18
"7933",38.126953125,2008-09-19
"7934",39.046875,2008-09-20
"7935",38.3369140625,2008-09-21
"7936",34.9072265625,2008-09-22
"7937",22.1865234375,2008-09-23
"7938",24.63671875,2008-09-24
"7939",31.38671875,2008-09-25
"7940",34.0771484375,2008-09-26
"7941",35.0166015625,2008-09-27
"7942",36.8466796875,2008-09-28
"7943",34.9873046875,2008-09-29
"7944",33.7568359375,2008-09-30
"7945",38.9833984375,2008-10-01
"7946",40.892578125,2008-10-02
"7947",41.1533203125,2008-10-03
"7948",41.1826171875,2008-10-04
"7949",40.2431640625,2008-10-05
"7950",31.3525390625,2008-10-06
"7951",28.703125,2008-10-07
"7952",25.9033203125,2008-10-08
"7953",29.7333984375,2008-10-09
"7954",30.29296875,2008-10-10
"7955",32.8427734375,2008-10-11
"7956",35.8330078125,2008-10-12
"7957",38.6728515625,2008-10-13
"7958",36.0732421875,2008-10-14
"7959",33.6328125,2008-10-15
"7960",34.892578125,2008-10-16
"7961",37.8232421875,2008-10-17
"7962",37.6328125,2008-10-18
"7963",36.4833984375,2008-10-19
"7964",36.5234375,2008-10-20
"7965",36.443359375,2008-10-21
"7966",31.5126953125,2008-10-22
"7967",32.4228515625,2008-10-23
"7968",33.2626953125,2008-10-24
"7969",36.29296875,2008-10-25
"7970",40.0732421875,2008-10-26
"7971",38.7626953125,2008-10-27
"7972",40.29296875,2008-10-28
"7973",41.4130859375,2008-10-29
"7974",41.6728515625,2008-10-30
"7975",42.0634765625,2008-10-31
"7976",41.998046875,2008-11-01
"7977",39.1982421875,2008-11-02
"7978",38.48828125,2008-11-03
"7979",38.578125,2008-11-04
"7980",37.66796875,2008-11-05
"7981",40.4775390625,2008-11-06
"7982",37.6181640625,2008-11-07
"7983",19.1279296875,2008-11-08
"7984",26.98828125,2008-11-09
"7985",32.0283203125,2008-11-10
"7986",36.1484375,2008-11-11
"7987",38.908203125,2008-11-12
"7988",41.2978515625,2008-11-13
"7989",41.3681640625,2008-11-14
"7990",34.98828125,2008-11-15
"7991",35.16796875,2008-11-16
"7992",31.3076171875,2008-11-17
"7993",35.3583984375,2008-11-18
"7994",38.2275390625,2008-11-19
"7995",35.6181640625,2008-11-20
"7996",40.427734375,2008-11-21
"7997",34.2578125,2008-11-22
"7998",32.158203125,2008-11-23
"7999",35.73828125,2008-11-24
"8000",34.828125,2008-11-25
"8001",35.9677734375,2008-11-26
"8002",40.9482421875,2008-11-27
"8003",38.5078125,2008-11-28
"8004",35.5478515625,2008-11-29
"8005",34.16796875,2008-11-30
"8006",37.7392578125,2008-12-01
"8007",41.7490234375,2008-12-02
"8008",43.4990234375,2008-12-03
"8009",43.7685546875,2008-12-04
"8010",42.87890625,2008-12-05
"8011",39.869140625,2008-12-06
"8012",35.3994140625,2008-12-07
"8013",35.4287109375,2008-12-08
"8014",41.62890625,2008-12-09
"8015",42.9091796875,2008-12-10
"8016",39.5791015625,2008-12-11
"8017",38.21875,2008-12-12
"8018",32.44921875,2008-12-13
"8019",32.87890625,2008-12-14
"8020",32.369140625,2008-12-15
"8021",35.2685546875,2008-12-16
"8022",38.798828125,2008-12-17
"8023",41.9287109375,2008-12-18
"8024",41.279296875,2008-12-19
"8025",39.388671875,2008-12-20
"8026",40.6787109375,2008-12-21
"8027",43.0185546875,2008-12-22
"8028",43.298828125,2008-12-23
"8029",43.779296875,2008-12-24
"8030",42.96875,2008-12-25
"8031",43.2587890625,2008-12-26
"8032",37.87890625,2008-12-27
"8033",40.0888671875,2008-12-28
"8034",39.779296875,2008-12-29
"8035",40.6689453125,2008-12-30
"8036",42.0185546875,2008-12-31
"8037",33.2666015625,2009-01-01
"8038",29.546875,2009-01-02
"8039",28.7568359375,2009-01-03
"8040",30.0166015625,2009-01-04
"8041",32.537109375,2009-01-05
"8042",32.9072265625,2009-01-06
"8043",30.3466796875,2009-01-07
"8044",30.5068359375,2009-01-08
"8045",37.1767578125,2009-01-09
"8046",37.1669921875,2009-01-10
"8047",37.1572265625,2009-01-11
"8048",36.4873046875,2009-01-12
"8049",33.1767578125,2009-01-13
"8050",30.7470703125,2009-01-14
"8051",32.9169921875,2009-01-15
"8052",34.5966796875,2009-01-16
"8053",35.3671875,2009-01-17
"8054",33.357421875,2009-01-18
"8055",33.2666015625,2009-01-19
"8056",32.5068359375,2009-01-20
"8057",33.7568359375,2009-01-21
"8058",34.4970703125,2009-01-22
"8059",37.2666015625,2009-01-23
"8060",37.787109375,2009-01-24
"8061",37.447265625,2009-01-25
"8062",36.70703125,2009-01-26
"8063",35.95703125,2009-01-27
"8064",35.107421875,2009-01-28
"8065",31.2568359375,2009-01-29
"8066",30.6865234375,2009-01-30
"8067",31.6767578125,2009-01-31
"8068",34.8779296875,2009-02-01
"8069",37.6279296875,2009-02-02
"8070",37.1982421875,2009-02-03
"8071",37.1376953125,2009-02-04
"8072",38.408203125,2009-02-05
"8073",38.7275390625,2009-02-06
"8074",37.8876953125,2009-02-07
"8075",38.2080078125,2009-02-08
"8076",32.0078125,2009-02-09
"8077",33.248046875,2009-02-10
"8078",31.267578125,2009-02-11
"8079",30.9580078125,2009-02-12
"8080",32.1279296875,2009-02-13
"8081",31.0576171875,2009-02-14
"8082",31.84765625,2009-02-15
"8083",34.0380859375,2009-02-16
"8084",33.767578125,2009-02-17
"8085",33.828125,2009-02-18
"8086",36.59765625,2009-02-19
"8087",38.087890625,2009-02-20
"8088",37.7783203125,2009-02-21
"8089",38.4677734375,2009-02-22
"8090",37.5078125,2009-02-23
"8091",36.927734375,2009-02-24
"8092",35.818359375,2009-02-25
"8093",36.748046875,2009-02-26
"8094",38.578125,2009-02-27
"8095",39.3779296875,2009-02-28
"8096",39.44140625,2009-03-01
"8097",39.7109375,2009-03-02
"8098",39.970703125,2009-03-03
"8099",30.771484375,2009-03-04
"8100",31.521484375,2009-03-05
"8101",31.1513671875,2009-03-06
"8102",33.640625,2009-03-07
"8103",35.9208984375,2009-03-08
"8104",36.220703125,2009-03-09
"8105",37.7109375,2009-03-10
"8106",38.2314453125,2009-03-11
"8107",37.55078125,2009-03-12
"8108",37.390625,2009-03-13
"8109",38.861328125,2009-03-14
"8110",36.9306640625,2009-03-15
"8111",31.5009765625,2009-03-16
"8112",31.2412109375,2009-03-17
"8113",34.5712890625,2009-03-18
"8114",35.7109375,2009-03-19
"8115",37.2412109375,2009-03-20
"8116",38.560546875,2009-03-21
"8117",39.94140625,2009-03-22
"8118",39.6513671875,2009-03-23
"8119",38.701171875,2009-03-24
"8120",37.3212890625,2009-03-25
"8121",37.6513671875,2009-03-26
"8122",37.451171875,2009-03-27
"8123",37.8310546875,2009-03-28
"8124",37.451171875,2009-03-29
"8125",36.12109375,2009-03-30
"8126",36.7109375,2009-03-31
"8127",35.7177734375,2009-04-01
"8128",34.9384765625,2009-04-02
"8129",35.8583984375,2009-04-03
"8130",33.658203125,2009-04-04
"8131",32.017578125,2009-04-05
"8132",30.828125,2009-04-06
"8133",29.8583984375,2009-04-07
"8134",32.267578125,2009-04-08
"8135",30.8076171875,2009-04-09
"8136",32.3583984375,2009-04-10
"8137",30.677734375,2009-04-11
"8138",32.2578125,2009-04-12
"8139",31.587890625,2009-04-13
"8140",32.66796875,2009-04-14
"8141",33.73828125,2009-04-15
"8142",34.5380859375,2009-04-16
"8143",33.6181640625,2009-04-17
"8144",33.5478515625,2009-04-18
"8145",31.7783203125,2009-04-19
"8146",31.2578125,2009-04-20
"8147",31.8984375,2009-04-21
"8148",31.48828125,2009-04-22
"8149",35.427734375,2009-04-23
"8150",30.8583984375,2009-04-24
"8151",27.5283203125,2009-04-25
"8152",28.59765625,2009-04-26
"8153",25.568359375,2009-04-27
"8154",26.1279296875,2009-04-28
"8155",27.3876953125,2009-04-29
"8156",27.3076171875,2009-04-30
"8157",27.431640625,2009-05-01
"8158",26.1015625,2009-05-02
"8159",27.072265625,2009-05-03
"8160",26.26171875,2009-05-04
"8161",28.662109375,2009-05-05
"8162",28.572265625,2009-05-06
"8163",28.162109375,2009-05-07
"8164",27.8115234375,2009-05-08
"8165",27.33203125,2009-05-09
"8166",26.001953125,2009-05-10
"8167",23.822265625,2009-05-11
"8168",23.4716796875,2009-05-12
"8169",24.921875,2009-05-13
"8170",24.7021484375,2009-05-14
"8171",25.162109375,2009-05-15
"8172",23.0517578125,2009-05-16
"8173",24.8515625,2009-05-17
"8174",25.2216796875,2009-05-18
"8175",25.4521484375,2009-05-19
"8176",22.6220703125,2009-05-20
"8177",22.8515625,2009-05-21
"8178",22.9716796875,2009-05-22
"8179",26.3017578125,2009-05-23
"8180",28.4619140625,2009-05-24
"8181",28.3515625,2009-05-25
"8182",28.08203125,2009-05-26
"8183",26.6220703125,2009-05-27
"8184",25.0615234375,2009-05-28
"8185",25.3515625,2009-05-29
"8186",24.4716796875,2009-05-30
"8187",21.572265625,2009-05-31
"8188",20.25,2009-06-01
"8189",18.0498046875,2009-06-02
"8190",20.8896484375,2009-06-03
"8191",21.58984375,2009-06-04
"8192",25.3798828125,2009-06-05
"8193",24.7802734375,2009-06-06
"8194",21.400390625,2009-06-07
"8195",20.599609375,2009-06-08
"8196",20.849609375,2009-06-09
"8197",20.2998046875,2009-06-10
"8198",21.3896484375,2009-06-11
"8199",24.2197265625,2009-06-12
"8200",27.6103515625,2009-06-13
"8201",22.7197265625,2009-06-14
"8202",20.0703125,2009-06-15
"8203",20.23046875,2009-06-16
"8204",18.9404296875,2009-06-17
"8205",20.26953125,2009-06-18
"8206",23.25,2009-06-19
"8207",25.5400390625,2009-06-20
"8208",27.1796875,2009-06-21
"8209",28.259765625,2009-06-22
"8210",27.8203125,2009-06-23
"8211",27.3798828125,2009-06-24
"8212",29.8603515625,2009-06-25
"8213",25.5400390625,2009-06-26
"8214",23.9404296875,2009-06-27
"8215",26.75,2009-06-28
"8216",29.1396484375,2009-06-29
"8217",34.080078125,2009-06-30
"8218",27.1708984375,2009-07-01
"8219",22.7109375,2009-07-02
"8220",20.44140625,2009-07-03
"8221",20.2412109375,2009-07-04
"8222",20.8408203125,2009-07-05
"8223",19.9013671875,2009-07-06
"8224",19.5009765625,2009-07-07
"8225",20.140625,2009-07-08
"8226",23.9609375,2009-07-09
"8227",26.6806640625,2009-07-10
"8228",26.9912109375,2009-07-11
"8229",29.53125,2009-07-12
"8230",23.4609375,2009-07-13
"8231",19.6806640625,2009-07-14
"8232",18.861328125,2009-07-15
"8233",20.05078125,2009-07-16
"8234",20.201171875,2009-07-17
"8235",22.291015625,2009-07-18
"8236",23.4814453125,2009-07-19
"8237",28.771484375,2009-07-20
"8238",32.4306640625,2009-07-21
"8239",29.4912109375,2009-07-22
"8240",22.5908203125,2009-07-23
"8241",21.0908203125,2009-07-24
"8242",24.271484375,2009-07-25
"8243",25.021484375,2009-07-26
"8244",19.791015625,2009-07-27
"8245",19.701171875,2009-07-28
"8246",21.1806640625,2009-07-29
"8247",20.9013671875,2009-07-30
"8248",21.4013671875,2009-07-31
"8249",23.447265625,2009-08-01
"8250",24.626953125,2009-08-02
"8251",25.13671875,2009-08-03
"8252",24.796875,2009-08-04
"8253",24.697265625,2009-08-05
"8254",28.3466796875,2009-08-06
"8255",28.796875,2009-08-07
"8256",27.95703125,2009-08-08
"8257",27.966796875,2009-08-09
"8258",30.9365234375,2009-08-10
"8259",34.0068359375,2009-08-11
"8260",34.2373046875,2009-08-12
"8261",34.357421875,2009-08-13
"8262",34.6669921875,2009-08-14
"8263",35.4169921875,2009-08-15
"8264",35.5771484375,2009-08-16
"8265",25.9267578125,2009-08-17
"8266",29.716796875,2009-08-18
"8267",34.4873046875,2009-08-19
"8268",35.046875,2009-08-20
"8269",36.046875,2009-08-21
"8270",37.0771484375,2009-08-22
"8271",36.95703125,2009-08-23
"8272",35.607421875,2009-08-24
"8273",29.4765625,2009-08-25
"8274",26.3271484375,2009-08-26
"8275",34.0166015625,2009-08-27
"8276",37.0166015625,2009-08-28
"8277",37.8671875,2009-08-29
"8278",29.6474609375,2009-08-30
"8279",24.52734375,2009-08-31
"8280",28.27734375,2009-09-01
"8281",34.77734375,2009-09-02
"8282",34.216796875,2009-09-03
"8283",28.3466796875,2009-09-04
"8284",28.0771484375,2009-09-05
"8285",35.2568359375,2009-09-06
"8286",26.9169921875,2009-09-07
"8287",24.7666015625,2009-09-08
"8288",26.20703125,2009-09-09
"8289",29.7568359375,2009-09-10
"8290",31.296875,2009-09-11
"8291",33.88671875,2009-09-12
"8292",37.607421875,2009-09-13
"8293",36.1572265625,2009-09-14
"8294",35.8271484375,2009-09-15
"8295",37.52734375,2009-09-16
"8296",35.287109375,2009-09-17
"8297",35.45703125,2009-09-18
"8298",37.0068359375,2009-09-19
"8299",38.3466796875,2009-09-20
"8300",40.0966796875,2009-09-21
"8301",39.197265625,2009-09-22
"8302",24.7666015625,2009-09-23
"8303",27.357421875,2009-09-24
"8304",33.216796875,2009-09-25
"8305",21.8271484375,2009-09-26
"8306",23.9765625,2009-09-27
"8307",25.4072265625,2009-09-28
"8308",30.0869140625,2009-09-29
"8309",35.9267578125,2009-09-30
"8310",39.283203125,2009-10-01
"8311",26.9326171875,2009-10-02
"8312",26.4033203125,2009-10-03
"8313",26.6728515625,2009-10-04
"8314",27.3828125,2009-10-05
"8315",28.61328125,2009-10-06
"8316",29.4833984375,2009-10-07
"8317",27.54296875,2009-10-08
"8318",29.0732421875,2009-10-09
"8319",32.783203125,2009-10-10
"8320",37.8134765625,2009-10-11
"8321",39.4033203125,2009-10-12
"8322",33.2431640625,2009-10-13
"8323",30.72265625,2009-10-14
"8324",31.36328125,2009-10-15
"8325",28.123046875,2009-10-16
"8326",26.97265625,2009-10-17
"8327",29.5830078125,2009-10-18
"8328",34.8525390625,2009-10-19
"8329",37.0927734375,2009-10-20
"8330",36.6328125,2009-10-21
"8331",36.9833984375,2009-10-22
"8332",38.6630859375,2009-10-23
"8333",38.9931640625,2009-10-24
"8334",40.392578125,2009-10-25
"8335",30.04296875,2009-10-26
"8336",29.79296875,2009-10-27
"8337",32.453125,2009-10-28
"8338",35.0927734375,2009-10-29
"8339",38.203125,2009-10-30
"8340",38.97265625,2009-10-31
"8341",37.9775390625,2009-11-01
"8342",37.568359375,2009-11-02
"8343",37.9580078125,2009-11-03
"8344",36.9384765625,2009-11-04
"8345",36.1884765625,2009-11-05
"8346",38.587890625,2009-11-06
"8347",39.6181640625,2009-11-07
"8348",39.6884765625,2009-11-08
"8349",38.318359375,2009-11-09
"8350",36.2080078125,2009-11-10
"8351",35.84765625,2009-11-11
"8352",36.818359375,2009-11-12
"8353",39.3583984375,2009-11-13
"8354",41.84765625,2009-11-14
"8355",42.3076171875,2009-11-15
"8356",42.91796875,2009-11-16
"8357",43.7783203125,2009-11-17
"8358",44.498046875,2009-11-18
"8359",43.84765625,2009-11-19
"8360",44.2578125,2009-11-20
"8361",42.16796875,2009-11-21
"8362",28.748046875,2009-11-22
"8363",20.927734375,2009-11-23
"8364",20.7578125,2009-11-24
"8365",25.658203125,2009-11-25
"8366",34.1376953125,2009-11-26
"8367",40.1279296875,2009-11-27
"8368",35.2783203125,2009-11-28
"8369",32.7578125,2009-11-29
"8370",31.9482421875,2009-11-30
"8371",32.5791015625,2009-12-01
"8372",33.9990234375,2009-12-02
"8373",37.5888671875,2009-12-03
"8374",40.478515625,2009-12-04
"8375",39.7685546875,2009-12-05
"8376",39.609375,2009-12-06
"8377",42.71875,2009-12-07
"8378",44.548828125,2009-12-08
"8379",43.21875,2009-12-09
"8380",37.369140625,2009-12-10
"8381",34.529296875,2009-12-11
"8382",33.7587890625,2009-12-12
"8383",28.8291015625,2009-12-13
"8384",31.138671875,2009-12-14
"8385",38.4287109375,2009-12-15
"8386",39.638671875,2009-12-16
"8387",39.1689453125,2009-12-17
"8388",34.109375,2009-12-18
"8389",35.4287109375,2009-12-19
"8390",38.6494140625,2009-12-20
"8391",40.3388671875,2009-12-21
"8392",41.62890625,2009-12-22
"8393",42.8388671875,2009-12-23
"8394",42.3388671875,2009-12-24
"8395",31.609375,2009-12-25
"8396",35.44921875,2009-12-26
"8397",37.5986328125,2009-12-27
"8398",40.44921875,2009-12-28
"8399",38.30859375,2009-12-29
"8400",37.0693359375,2009-12-30
"8401",38.6591796875,2009-12-31
"8402",39.9765625,2010-01-01
"8403",40.02734375,2010-01-02
"8404",37.697265625,2010-01-03
"8405",36.7666015625,2010-01-04
"8406",34.7373046875,2010-01-05
"8407",30.5673828125,2010-01-06
"8408",28.38671875,2010-01-07
"8409",31.38671875,2010-01-08
"8410",33.2470703125,2010-01-09
"8411",35.7666015625,2010-01-10
"8412",37.037109375,2010-01-11
"8413",38.13671875,2010-01-12
"8414",38.7265625,2010-01-13
"8415",36.5673828125,2010-01-14
"8416",38.2373046875,2010-01-15
"8417",39.806640625,2010-01-16
"8418",38.7470703125,2010-01-17
"8419",36.5068359375,2010-01-18
"8420",34.046875,2010-01-19
"8421",36.7470703125,2010-01-20
"8422",39.6865234375,2010-01-21
"8423",40.77734375,2010-01-22
"8424",41.6474609375,2010-01-23
"8425",42.38671875,2010-01-24
"8426",42.537109375,2010-01-25
"8427",40.9970703125,2010-01-26
"8428",40.1474609375,2010-01-27
"8429",38.857421875,2010-01-28
"8430",36.556640625,2010-01-29
"8431",32.45703125,2010-01-30
"8432",35.8271484375,2010-01-31
"8433",35.34765625,2010-02-01
"8434",33.7578125,2010-02-02
"8435",36.4677734375,2010-02-03
"8436",37.1982421875,2010-02-04
"8437",38.66796875,2010-02-05
"8438",36.3876953125,2010-02-06
"8439",37.4775390625,2010-02-07
"8440",38.408203125,2010-02-08
"8441",40.2978515625,2010-02-09
"8442",34.998046875,2010-02-10
"8443",37.828125,2010-02-11
"8444",38.2080078125,2010-02-12
"8445",35.1376953125,2010-02-13
"8446",33.587890625,2010-02-14
"8447",35.6279296875,2010-02-15
"8448",35.517578125,2010-02-16
"8449",35.748046875,2010-02-17
"8450",37.837890625,2010-02-18
"8451",38.8876953125,2010-02-19
"8452",38.2880859375,2010-02-20
"8453",38.1279296875,2010-02-21
"8454",38.328125,2010-02-22
"8455",36.818359375,2010-02-23
"8456",33.5576171875,2010-02-24
"8457",34.3984375,2010-02-25
"8458",33.5576171875,2010-02-26
"8459",31.068359375,2010-02-27
"8460",28.4482421875,2010-02-28
"8461",26.111328125,2010-03-01
"8462",24.060546875,2010-03-02
"8463",24.791015625,2010-03-03
"8464",30.1611328125,2010-03-04
"8465",35.1611328125,2010-03-05
"8466",35.951171875,2010-03-06
"8467",32.1708984375,2010-03-07
"8468",32.12109375,2010-03-08
"8469",30.5908203125,2010-03-09
"8470",31.2509765625,2010-03-10
"8471",30.390625,2010-03-11
"8472",33.0009765625,2010-03-12
"8473",34.4013671875,2010-03-13
"8474",34.0009765625,2010-03-14
"8475",34.380859375,2010-03-15
"8476",34.55078125,2010-03-16
"8477",34.361328125,2010-03-17
"8478",34.1806640625,2010-03-18
"8479",33.890625,2010-03-19
"8480",34.140625,2010-03-20
"8481",34.720703125,2010-03-21
"8482",32.4912109375,2010-03-22
"8483",34.0810546875,2010-03-23
"8484",34.5810546875,2010-03-24
"8485",34.6708984375,2010-03-25
"8486",34.271484375,2010-03-26
"8487",34.7412109375,2010-03-27
"8488",34.8505859375,2010-03-28
"8489",35.720703125,2010-03-29
"8490",34.9912109375,2010-03-30
"8491",33.3505859375,2010-03-31
"8492",34.0576171875,2010-04-01
"8493",32.1884765625,2010-04-02
"8494",32.7978515625,2010-04-03
"8495",32.568359375,2010-04-04
"8496",34.177734375,2010-04-05
"8497",35.9677734375,2010-04-06
"8498",36.7275390625,2010-04-07
"8499",37.3779296875,2010-04-08
"8500",33.4677734375,2010-04-09
"8501",32.1884765625,2010-04-10
"8502",23.767578125,2010-04-11
"8503",23.568359375,2010-04-12
"8504",25.7783203125,2010-04-13
"8505",27.1083984375,2010-04-14
"8506",29.6884765625,2010-04-15
"8507",31.4384765625,2010-04-16
"8508",32.2578125,2010-04-17
"8509",32.2880859375,2010-04-18
"8510",32.078125,2010-04-19
"8511",32.2578125,2010-04-20
"8512",32.2177734375,2010-04-21
"8513",31.7578125,2010-04-22
"8514",32.517578125,2010-04-23
"8515",33.7275390625,2010-04-24
"8516",31.6181640625,2010-04-25
"8517",30.2880859375,2010-04-26
"8518",28.4384765625,2010-04-27
"8519",26.177734375,2010-04-28
"8520",26.7783203125,2010-04-29
"8521",29.2783203125,2010-04-30
"8522",30.9521484375,2010-05-01
"8523",32.1220703125,2010-05-02
"8524",31.5322265625,2010-05-03
"8525",31.671875,2010-05-04
"8526",27.6123046875,2010-05-05
"8527",25.6923828125,2010-05-06
"8528",23.90234375,2010-05-07
"8529",27.091796875,2010-05-08
"8530",28.2724609375,2010-05-09
"8531",29.51171875,2010-05-10
"8532",28.2021484375,2010-05-11
"8533",27.001953125,2010-05-12
"8534",25.2724609375,2010-05-13
"8535",26.251953125,2010-05-14
"8536",23.6015625,2010-05-15
"8537",18.6015625,2010-05-16
"8538",24.181640625,2010-05-17
"8539",24.3720703125,2010-05-18
"8540",24.9521484375,2010-05-19
"8541",22.3515625,2010-05-20
"8542",24.5322265625,2010-05-21
"8543",27.5419921875,2010-05-22
"8544",30.7021484375,2010-05-23
"8545",31.572265625,2010-05-24
"8546",26.90234375,2010-05-25
"8547",24.2021484375,2010-05-26
"8548",24.3515625,2010-05-27
"8549",22.26171875,2010-05-28
"8550",22.2421875,2010-05-29
"8551",19.0615234375,2010-05-30
"8552",20.26171875,2010-05-31
"8553",22.08984375,2010-06-01
"8554",21.3603515625,2010-06-02
"8555",22.0498046875,2010-06-03
"8556",21.900390625,2010-06-04
"8557",21.3203125,2010-06-05
"8558",20.9501953125,2010-06-06
"8559",20.73046875,2010-06-07
"8560",21.01953125,2010-06-08
"8561",21,2010-06-09
"8562",17.849609375,2010-06-10
"8563",18.73046875,2010-06-11
"8564",17.76953125,2010-06-12
"8565",19.2001953125,2010-06-13
"8566",19.8798828125,2010-06-14
"8567",23.2802734375,2010-06-15
"8568",26.5,2010-06-16
"8569",27.2099609375,2010-06-17
"8570",25.419921875,2010-06-18
"8571",20.5498046875,2010-06-19
"8572",22.3603515625,2010-06-20
"8573",23.7998046875,2010-06-21
"8574",24.990234375,2010-06-22
"8575",26.6298828125,2010-06-23
"8576",27.740234375,2010-06-24
"8577",28.4599609375,2010-06-25
"8578",23.5498046875,2010-06-26
"8579",20.150390625,2010-06-27
"8580",19.919921875,2010-06-28
"8581",19.509765625,2010-06-29
"8582",20.4697265625,2010-06-30
"8583",16.3212890625,2010-07-01
"8584",15.310546875,2010-07-02
"8585",18.9208984375,2010-07-03
"8586",22.720703125,2010-07-04
"8587",17.8310546875,2010-07-05
"8588",7.451171875,2010-07-06
"8589",11.521484375,2010-07-07
"8590",17.470703125,2010-07-08
"8591",20.0009765625,2010-07-09
"8592",24.5009765625,2010-07-10
"8593",23.2412109375,2010-07-11
"8594",29.630859375,2010-07-12
"8595",31.05078125,2010-07-13
"8596",20.380859375,2010-07-14
"8597",19.970703125,2010-07-15
"8598",23.791015625,2010-07-16
"8599",22.62109375,2010-07-17
"8600",24.6005859375,2010-07-18
"8601",21.05078125,2010-07-19
"8602",19.7509765625,2010-07-20
"8603",19.7509765625,2010-07-21
"8604",18.220703125,2010-07-22
"8605",21.560546875,2010-07-23
"8606",23.37109375,2010-07-24
"8607",22.380859375,2010-07-25
"8608",25.03125,2010-07-26
"8609",27.53125,2010-07-27
"8610",30.640625,2010-07-28
"8611",32.8505859375,2010-07-29
"8612",27.5712890625,2010-07-30
"8613",19.2314453125,2010-07-31
"8614",20.5966796875,2010-08-01
"8615",18.357421875,2010-08-02
"8616",17.787109375,2010-08-03
"8617",19.796875,2010-08-04
"8618",19.4072265625,2010-08-05
"8619",19.1572265625,2010-08-06
"8620",23.046875,2010-08-07
"8621",25.966796875,2010-08-08
"8622",26.1767578125,2010-08-09
"8623",21.447265625,2010-08-10
"8624",20.0869140625,2010-08-11
"8625",20.876953125,2010-08-12
"8626",23.1171875,2010-08-13
"8627",28.306640625,2010-08-14
"8628",22.02734375,2010-08-15
"8629",21.7568359375,2010-08-16
"8630",27.3671875,2010-08-17
"8631",34.357421875,2010-08-18
"8632",31.5166015625,2010-08-19
"8633",24.0068359375,2010-08-20
"8634",23.806640625,2010-08-21
"8635",34.697265625,2010-08-22
"8636",26.197265625,2010-08-23
"8637",22.716796875,2010-08-24
"8638",15.7568359375,2010-08-25
"8639",19.7568359375,2010-08-26
"8640",20.7373046875,2010-08-27
"8641",21.7666015625,2010-08-28
"8642",23.6171875,2010-08-29
"8643",26.6767578125,2010-08-30
"8644",31.88671875,2010-08-31
"8645",32.88671875,2010-09-01
"8646",26.6474609375,2010-09-02
"8647",28.0869140625,2010-09-03
"8648",22.1572265625,2010-09-04
"8649",22.7373046875,2010-09-05
"8650",21.9169921875,2010-09-06
"8651",26.8369140625,2010-09-07
"8652",34.8271484375,2010-09-08
"8653",35.0966796875,2010-09-09
"8654",25.947265625,2010-09-10
"8655",25.1865234375,2010-09-11
"8656",30.2265625,2010-09-12
"8657",33.4765625,2010-09-13
"8658",26.1474609375,2010-09-14
"8659",24.9873046875,2010-09-15
"8660",20.9072265625,2010-09-16
"8661",16.037109375,2010-09-17
"8662",13.3974609375,2010-09-18
"8663",14.4873046875,2010-09-19
"8664",18.0166015625,2010-09-20
"8665",23.046875,2010-09-21
"8666",27.126953125,2010-09-22
"8667",28.77734375,2010-09-23
"8668",27.38671875,2010-09-24
"8669",31.287109375,2010-09-25
"8670",29.1865234375,2010-09-26
"8671",30.7373046875,2010-09-27
"8672",31.88671875,2010-09-28
"8673",28.5673828125,2010-09-29
"8674",28.0166015625,2010-09-30
"8675",29.6630859375,2010-10-01
"8676",33.892578125,2010-10-02
"8677",36.5927734375,2010-10-03
"8678",37.642578125,2010-10-04
"8679",33.97265625,2010-10-05
"8680",36.5634765625,2010-10-06
"8681",20.0126953125,2010-10-07
"8682",23.6328125,2010-10-08
"8683",27.5830078125,2010-10-09
"8684",31.72265625,2010-10-10
"8685",33.3232421875,2010-10-11
"8686",35.203125,2010-10-12
"8687",35.2626953125,2010-10-13
"8688",32.4033203125,2010-10-14
"8689",21.802734375,2010-10-15
"8690",22.8427734375,2010-10-16
"8691",23.2431640625,2010-10-17
"8692",25.373046875,2010-10-18
"8693",28.4931640625,2010-10-19
"8694",32.9833984375,2010-10-20
"8695",34.4130859375,2010-10-21
"8696",35.373046875,2010-10-22
"8697",35.4326171875,2010-10-23
"8698",35.2529296875,2010-10-24
"8699",35.5830078125,2010-10-25
"8700",31.6826171875,2010-10-26
"8701",33.4228515625,2010-10-27
"8702",36.2734375,2010-10-28
"8703",38.5732421875,2010-10-29
"8704",25.6328125,2010-10-30
"8705",24.0830078125,2010-10-31
"8706",26.177734375,2010-11-01
"8707",27.5078125,2010-11-02
"8708",28.4384765625,2010-11-03
"8709",30.3681640625,2010-11-04
"8710",31.5078125,2010-11-05
"8711",34.41796875,2010-11-06
"8712",37.177734375,2010-11-07
"8713",37.908203125,2010-11-08
"8714",33.48828125,2010-11-09
"8715",35.6484375,2010-11-10
"8716",35.908203125,2010-11-11
"8717",33.8984375,2010-11-12
"8718",29.0380859375,2010-11-13
"8719",35.2978515625,2010-11-14
"8720",35.9677734375,2010-11-15
"8721",33.5576171875,2010-11-16
"8722",29.6279296875,2010-11-17
"8723",32.1982421875,2010-11-18
"8724",34.2177734375,2010-11-19
"8725",36.0380859375,2010-11-20
"8726",36.48828125,2010-11-21
"8727",37.267578125,2010-11-22
"8728",38.078125,2010-11-23
"8729",37.66796875,2010-11-24
"8730",37.48828125,2010-11-25
"8731",37.837890625,2010-11-26
"8732",34.5078125,2010-11-27
"8733",32.5576171875,2010-11-28
"8734",28.2880859375,2010-11-29
"8735",29.9580078125,2010-11-30
"8736",31.8388671875,2010-12-01
"8737",36.0390625,2010-12-02
"8738",38.55859375,2010-12-03
"8739",40.3486328125,2010-12-04
"8740",37.94921875,2010-12-05
"8741",40.478515625,2010-12-06
"8742",40.298828125,2010-12-07
"8743",41.21875,2010-12-08
"8744",39.109375,2010-12-09
"8745",28.798828125,2010-12-10
"8746",33.46875,2010-12-11
"8747",36.0693359375,2010-12-12
"8748",36.4091796875,2010-12-13
"8749",39.208984375,2010-12-14
"8750",41.6787109375,2010-12-15
"8751",40.939453125,2010-12-16
"8752",39.6689453125,2010-12-17
"8753",35.869140625,2010-12-18
"8754",32.7685546875,2010-12-19
"8755",34.6591796875,2010-12-20
"8756",34.1689453125,2010-12-21
"8757",37.228515625,2010-12-22
"8758",37.1787109375,2010-12-23
"8759",38.0185546875,2010-12-24
"8760",37.6494140625,2010-12-25
"8761",39.9990234375,2010-12-26
"8762",38.228515625,2010-12-27
"8763",40.6787109375,2010-12-28
"8764",41.0888671875,2010-12-29
"8765",39.2685546875,2010-12-30
"8766",38.859375,2010-12-31
"8767",38.4873046875,2011-01-01
"8768",40.376953125,2011-01-02
"8769",42.02734375,2011-01-03
"8770",41.88671875,2011-01-04
"8771",35.5771484375,2011-01-05
"8772",39.626953125,2011-01-06
"8773",41.1669921875,2011-01-07
"8774",41.3271484375,2011-01-08
"8775",38.4072265625,2011-01-09
"8776",38.947265625,2011-01-10
"8777",38.45703125,2011-01-11
"8778",33.0166015625,2011-01-12
"8779",33.6767578125,2011-01-13
"8780",35.8671875,2011-01-14
"8781",36.537109375,2011-01-15
"8782",37.376953125,2011-01-16
"8783",36.126953125,2011-01-17
"8784",39.3271484375,2011-01-18
"8785",39.6474609375,2011-01-19
"8786",39.126953125,2011-01-20
"8787",40.6572265625,2011-01-21
"8788",39.466796875,2011-01-22
"8789",39.7470703125,2011-01-23
"8790",41.4970703125,2011-01-24
"8791",41.8974609375,2011-01-25
"8792",43.216796875,2011-01-26
"8793",44.88671875,2011-01-27
"8794",44.037109375,2011-01-28
"8795",43.7373046875,2011-01-29
"8796",38.9267578125,2011-01-30
"8797",39.63671875,2011-01-31
"8798",41.16796875,2011-02-01
"8799",37.6376953125,2011-02-02
"8800",36.3876953125,2011-02-03
"8801",26.98828125,2011-02-04
"8802",32.177734375,2011-02-05
"8803",34.6181640625,2011-02-06
"8804",35.7578125,2011-02-07
"8805",36.2978515625,2011-02-08
"8806",34.9482421875,2011-02-09
"8807",34.9775390625,2011-02-10
"8808",37.23828125,2011-02-11
"8809",37.7080078125,2011-02-12
"8810",38.1181640625,2011-02-13
"8811",38.0283203125,2011-02-14
"8812",38.3779296875,2011-02-15
"8813",38.16796875,2011-02-16
"8814",38.5380859375,2011-02-17
"8815",38.578125,2011-02-18
"8816",39.4482421875,2011-02-19
"8817",38.818359375,2011-02-20
"8818",37.8583984375,2011-02-21
"8819",36.1982421875,2011-02-22
"8820",37.7880859375,2011-02-23
"8821",37.09765625,2011-02-24
"8822",37.2578125,2011-02-25
"8823",38.0283203125,2011-02-26
"8824",37.9775390625,2011-02-27
"8825",37.998046875,2011-02-28
"8826",38.7412109375,2011-03-01
"8827",35.80078125,2011-03-02
"8828",30.8505859375,2011-03-03
"8829",31.3505859375,2011-03-04
"8830",29.37109375,2011-03-05
"8831",32.19140625,2011-03-06
"8832",32.470703125,2011-03-07
"8833",33.0908203125,2011-03-08
"8834",32.8212890625,2011-03-09
"8835",32.4814453125,2011-03-10
"8836",31.44140625,2011-03-11
"8837",30.060546875,2011-03-12
"8838",29.78125,2011-03-13
"8839",32.4306640625,2011-03-14
"8840",33.861328125,2011-03-15
"8841",34.1513671875,2011-03-16
"8842",34.0908203125,2011-03-17
"8843",36.28125,2011-03-18
"8844",32.701171875,2011-03-19
"8845",32.53125,2011-03-20
"8846",30.1005859375,2011-03-21
"8847",28.4609375,2011-03-22
"8848",26.6806640625,2011-03-23
"8849",27.9306640625,2011-03-24
"8850",28.390625,2011-03-25
"8851",27.5107421875,2011-03-26
"8852",29.94140625,2011-03-27
"8853",32.890625,2011-03-28
"8854",31.8408203125,2011-03-29
"8855",29.7109375,2011-03-30
"8856",30.87109375,2011-03-31
"8857",30.818359375,2011-04-01
"8858",31.0478515625,2011-04-02
"8859",31.1884765625,2011-04-03
"8860",30.658203125,2011-04-04
"8861",31.328125,2011-04-05
"8862",31.8583984375,2011-04-06
"8863",31.91796875,2011-04-07
"8864",32.6982421875,2011-04-08
"8865",32.34765625,2011-04-09
"8866",29.6884765625,2011-04-10
"8867",25.2177734375,2011-04-11
"8868",25.677734375,2011-04-12
"8869",28.677734375,2011-04-13
"8870",32.4580078125,2011-04-14
"8871",28.2578125,2011-04-15
"8872",26.408203125,2011-04-16
"8873",26.927734375,2011-04-17
"8874",27.3876953125,2011-04-18
"8875",29.6083984375,2011-04-19
"8876",30.09765625,2011-04-20
"8877",30.6083984375,2011-04-21
"8878",28.4580078125,2011-04-22
"8879",27.6181640625,2011-04-23
"8880",29.0078125,2011-04-24
"8881",30.6376953125,2011-04-25
"8882",30.2177734375,2011-04-26
"8883",30.23828125,2011-04-27
"8884",29.078125,2011-04-28
"8885",29.158203125,2011-04-29
"8886",30.2177734375,2011-04-30
"8887",30.7021484375,2011-05-01
"8888",28.732421875,2011-05-02
"8889",25.5615234375,2011-05-03
"8890",25.9521484375,2011-05-04
"8891",25.3818359375,2011-05-05
"8892",26.9921875,2011-05-06
"8893",27.83203125,2011-05-07
"8894",21.732421875,2011-05-08
"8895",23.7919921875,2011-05-09
"8896",22.482421875,2011-05-10
"8897",21.5517578125,2011-05-11
"8898",22.341796875,2011-05-12
"8899",22.662109375,2011-05-13
"8900",22.7822265625,2011-05-14
"8901",23.2822265625,2011-05-15
"8902",24.232421875,2011-05-16
"8903",26.40234375,2011-05-17
"8904",28.091796875,2011-05-18
"8905",28.591796875,2011-05-19
"8906",28.5517578125,2011-05-20
"8907",29.6923828125,2011-05-21
"8908",30.5419921875,2011-05-22
"8909",22.091796875,2011-05-23
"8910",20.51171875,2011-05-24
"8911",18.841796875,2011-05-25
"8912",17.65234375,2011-05-26
"8913",20.1220703125,2011-05-27
"8914",21.8515625,2011-05-28
"8915",22.4423828125,2011-05-29
"8916",19.7724609375,2011-05-30
"8917",20.33203125,2011-05-31
"8918",22.759765625,2011-06-01
"8919",24.0302734375,2011-06-02
"8920",24.9296875,2011-06-03
"8921",26.5703125,2011-06-04
"8922",27.58984375,2011-06-05
"8923",28.5,2011-06-06
"8924",26.8798828125,2011-06-07
"8925",20.650390625,2011-06-08
"8926",13.169921875,2011-06-09
"8927",11.75,2011-06-10
"8928",17.5703125,2011-06-11
"8929",18.509765625,2011-06-12
"8930",18.099609375,2011-06-13
"8931",19.3701171875,2011-06-14
"8932",19.5400390625,2011-06-15
"8933",21.48046875,2011-06-16
"8934",21.8203125,2011-06-17
"8935",19.740234375,2011-06-18
"8936",20.9501953125,2011-06-19
"8937",23.169921875,2011-06-20
"8938",23.6103515625,2011-06-21
"8939",19.2197265625,2011-06-22
"8940",20.1396484375,2011-06-23
"8941",23.0400390625,2011-06-24
"8942",24.759765625,2011-06-25
"8943",24.330078125,2011-06-26
"8944",24.1396484375,2011-06-27
"8945",24.669921875,2011-06-28
"8946",22.1396484375,2011-06-29
"8947",24.9697265625,2011-06-30
"8948",25.5810546875,2011-07-01
"8949",26.2109375,2011-07-02
"8950",28.9111328125,2011-07-03
"8951",26.4111328125,2011-07-04
"8952",21.810546875,2011-07-05
"8953",22.69140625,2011-07-06
"8954",20.560546875,2011-07-07
"8955",20.2412109375,2011-07-08
"8956",18.5908203125,2011-07-09
"8957",17.791015625,2011-07-10
"8958",19.7509765625,2011-07-11
"8959",22.8408203125,2011-07-12
"8960",20.951171875,2011-07-13
"8961",14.310546875,2011-07-14
"8962",16.220703125,2011-07-15
"8963",18.5810546875,2011-07-16
"8964",21.12109375,2011-07-17
"8965",22.05078125,2011-07-18
"8966",20.5810546875,2011-07-19
"8967",19.771484375,2011-07-20
"8968",19.9814453125,2011-07-21
"8969",21.560546875,2011-07-22
"8970",20.69140625,2011-07-23
"8971",21.810546875,2011-07-24
"8972",23.640625,2011-07-25
"8973",24.7412109375,2011-07-26
"8974",25.9609375,2011-07-27
"8975",27.021484375,2011-07-28
"8976",27.6513671875,2011-07-29
"8977",29.220703125,2011-07-30
"8978",29.5908203125,2011-07-31
"8979",29.037109375,2011-08-01
"8980",28.8974609375,2011-08-02
"8981",28.2265625,2011-08-03
"8982",27.8271484375,2011-08-04
"8983",28.796875,2011-08-05
"8984",28.037109375,2011-08-06
"8985",25.7265625,2011-08-07
"8986",25.376953125,2011-08-08
"8987",26.3369140625,2011-08-09
"8988",26.2568359375,2011-08-10
"8989",22.5771484375,2011-08-11
"8990",23.546875,2011-08-12
"8991",23.8466796875,2011-08-13
"8992",25.7568359375,2011-08-14
"8993",28.5068359375,2011-08-15
"8994",30.9169921875,2011-08-16
"8995",21.876953125,2011-08-17
"8996",20.4072265625,2011-08-18
"8997",22.3369140625,2011-08-19
"8998",22.796875,2011-08-20
"8999",25.0673828125,2011-08-21
"9000",25.8173828125,2011-08-22
"9001",25.7470703125,2011-08-23
"9002",27.4765625,2011-08-24
"9003",29.2373046875,2011-08-25
"9004",29.4169921875,2011-08-26
"9005",28.95703125,2011-08-27
"9006",27.9169921875,2011-08-28
"9007",28.95703125,2011-08-29
"9008",28.9970703125,2011-08-30
"9009",28.8173828125,2011-08-31
"9010",29.2568359375,2011-09-01
"9011",30.6474609375,2011-09-02
"9012",32.4365234375,2011-09-03
"9013",31.556640625,2011-09-04
"9014",30.607421875,2011-09-05
"9015",30.546875,2011-09-06
"9016",29.27734375,2011-09-07
"9017",21.197265625,2011-09-08
"9018",22.697265625,2011-09-09
"9019",22.52734375,2011-09-10
"9020",23.4169921875,2011-09-11
"9021",24.126953125,2011-09-12
"9022",26.95703125,2011-09-13
"9023",29.216796875,2011-09-14
"9024",30.7265625,2011-09-15
"9025",31.6669921875,2011-09-16
"9026",32.6865234375,2011-09-17
"9027",34.2373046875,2011-09-18
"9028",36.3369140625,2011-09-19
"9029",25.966796875,2011-09-20
"9030",29.8271484375,2011-09-21
"9031",33.5869140625,2011-09-22
"9032",35.0068359375,2011-09-23
"9033",36.0869140625,2011-09-24
"9034",32.5869140625,2011-09-25
"9035",35.6572265625,2011-09-26
"9036",37.216796875,2011-09-27
"9037",35.5068359375,2011-09-28
"9038",25.626953125,2011-09-29
"9039",30.716796875,2011-09-30
"9040",26.033203125,2011-10-01
"9041",26.4931640625,2011-10-02
"9042",26.142578125,2011-10-03
"9043",34.3427734375,2011-10-04
"9044",34.462890625,2011-10-05
"9045",31.6630859375,2011-10-06
"9046",33.552734375,2011-10-07
"9047",31.8525390625,2011-10-08
"9048",36.443359375,2011-10-09
"9049",39.36328125,2011-10-10
"9050",32.5732421875,2011-10-11
"9051",32.5927734375,2011-10-12
"9052",39.1826171875,2011-10-13
"9053",39.54296875,2011-10-14
"9054",32.212890625,2011-10-15
"9055",31.123046875,2011-10-16
"9056",34.29296875,2011-10-17
"9057",34.8525390625,2011-10-18
"9058",34.8427734375,2011-10-19
"9059",34.623046875,2011-10-20
"9060",34.4326171875,2011-10-21
"9061",35.9130859375,2011-10-22
"9062",36.962890625,2011-10-23
"9063",38.4130859375,2011-10-24
"9064",37.4833984375,2011-10-25
"9065",36.712890625,2011-10-26
"9066",37.6728515625,2011-10-27
"9067",39.7626953125,2011-10-28
"9068",39.9228515625,2011-10-29
"9069",39.5234375,2011-10-30
"9070",37.283203125,2011-10-31
"9071",35.2177734375,2011-11-01
"9072",35.9482421875,2011-11-02
"9073",37.828125,2011-11-03
"9074",31.3984375,2011-11-04
"9075",36.9482421875,2011-11-05
"9076",39.2080078125,2011-11-06
"9077",40.7177734375,2011-11-07
"9078",41.34765625,2011-11-08
"9079",39.1376953125,2011-11-09
"9080",38.5380859375,2011-11-10
"9081",37.9482421875,2011-11-11
"9082",39.4482421875,2011-11-12
"9083",40.748046875,2011-11-13
"9084",41.41796875,2011-11-14
"9085",41.8779296875,2011-11-15
"9086",36.568359375,2011-11-16
"9087",37.4580078125,2011-11-17
"9088",40.1083984375,2011-11-18
"9089",40.4482421875,2011-11-19
"9090",35.337890625,2011-11-20
"9091",32.9482421875,2011-11-21
"9092",27.1083984375,2011-11-22
"9093",25.1982421875,2011-11-23
"9094",30.578125,2011-11-24
"9095",33.0283203125,2011-11-25
"9096",34.6982421875,2011-11-26
"9097",36.5283203125,2011-11-27
"9098",39.3779296875,2011-11-28
"9099",42.0576171875,2011-11-29
"9100",38.017578125,2011-11-30
"9101",35.6689453125,2011-12-01
"9102",36.0087890625,2011-12-02
"9103",36.55859375,2011-12-03
"9104",28.5791015625,2011-12-04
"9105",26.9189453125,2011-12-05
"9106",32.7587890625,2011-12-06
"9107",35.80859375,2011-12-07
"9108",37.21875,2011-12-08
"9109",38.1591796875,2011-12-09
"9110",40.779296875,2011-12-10
"9111",33.7890625,2011-12-11
"9112",35.96875,2011-12-12
"9113",35.6689453125,2011-12-13
"9114",37.609375,2011-12-14
"9115",40.5087890625,2011-12-15
"9116",42.5791015625,2011-12-16
"9117",34.8994140625,2011-12-17
"9118",36.369140625,2011-12-18
"9119",36.6591796875,2011-12-19
"9120",39.1494140625,2011-12-20
"9121",40.109375,2011-12-21
"9122",40.029296875,2011-12-22
"9123",38.189453125,2011-12-23
"9124",40.7490234375,2011-12-24
"9125",41.439453125,2011-12-25
"9126",41.958984375,2011-12-26
"9127",38.0791015625,2011-12-27
"9128",38.2392578125,2011-12-28
"9129",38.94921875,2011-12-29
"9130",40.728515625,2011-12-30
"9131",41.4189453125,2011-12-31
"9132",41.626953125,2012-01-01
"9133",42.63671875,2012-01-02
"9134",40.697265625,2012-01-03
"9135",41.5966796875,2012-01-04
"9136",41.787109375,2012-01-05
"9137",43.7470703125,2012-01-06
"9138",44.296875,2012-01-07
"9139",38.716796875,2012-01-08
"9140",37.4267578125,2012-01-09
"9141",37.107421875,2012-01-10
"9142",36.6767578125,2012-01-11
"9143",37.0068359375,2012-01-12
"9144",37.3466796875,2012-01-13
"9145",38.27734375,2012-01-14
"9146",38.0966796875,2012-01-15
"9147",39.197265625,2012-01-16
"9148",40.2265625,2012-01-17
"9149",41.1474609375,2012-01-18
"9150",42.107421875,2012-01-19
"9151",42.697265625,2012-01-20
"9152",43.6474609375,2012-01-21
"9153",42.8974609375,2012-01-22
"9154",41.0771484375,2012-01-23
"9155",38.6572265625,2012-01-24
"9156",37.1767578125,2012-01-25
"9157",40.7265625,2012-01-26
"9158",35.1572265625,2012-01-27
"9159",39.63671875,2012-01-28
"9160",41.77734375,2012-01-29
"9161",42.1669921875,2012-01-30
"9162",37.8271484375,2012-01-31
"9163",37.908203125,2012-02-01
"9164",37.0380859375,2012-02-02
"9165",37.0283203125,2012-02-03
"9166",40.587890625,2012-02-04
"9167",42.677734375,2012-02-05
"9168",32.7275390625,2012-02-06
"9169",33.0576171875,2012-02-07
"9170",34.0380859375,2012-02-08
"9171",36.16796875,2012-02-09
"9172",36.34765625,2012-02-10
"9173",34.4775390625,2012-02-11
"9174",36.7880859375,2012-02-12
"9175",38.837890625,2012-02-13
"9176",40.59765625,2012-02-14
"9177",41.408203125,2012-02-15
"9178",42.2783203125,2012-02-16
"9179",41.837890625,2012-02-17
"9180",41.908203125,2012-02-18
"9181",41.7978515625,2012-02-19
"9182",43.0283203125,2012-02-20
"9183",38.7978515625,2012-02-21
"9184",29.6376953125,2012-02-22
"9185",32.3583984375,2012-02-23
"9186",35.8076171875,2012-02-24
"9187",33.2783203125,2012-02-25
"9188",37.068359375,2012-02-26
"9189",37.7783203125,2012-02-27
"9190",36.2978515625,2012-02-28
"9191",37.1982421875,2012-02-29
"9192",34.3408203125,2012-03-01
"9193",32.140625,2012-03-02
"9194",30.1005859375,2012-03-03
"9195",28.291015625,2012-03-04
"9196",28.2109375,2012-03-05
"9197",29.3408203125,2012-03-06
"9198",31.310546875,2012-03-07
"9199",33.2509765625,2012-03-08
"9200",33.2109375,2012-03-09
"9201",34.640625,2012-03-10
"9202",35.6005859375,2012-03-11
"9203",35.5908203125,2012-03-12
"9204",33.9111328125,2012-03-13
"9205",35.87109375,2012-03-14
"9206",34.9208984375,2012-03-15
"9207",33.05078125,2012-03-16
"9208",28.220703125,2012-03-17
"9209",28.4013671875,2012-03-18
"9210",29.4609375,2012-03-19
"9211",30.7109375,2012-03-20
"9212",34.630859375,2012-03-21
"9213",32.4111328125,2012-03-22
"9214",30.80078125,2012-03-23
"9215",29.53125,2012-03-24
"9216",31.060546875,2012-03-25
"9217",33.2607421875,2012-03-26
"9218",34.7607421875,2012-03-27
"9219",35.2412109375,2012-03-28
"9220",35.0810546875,2012-03-29
"9221",35.6611328125,2012-03-30
"9222",36.4814453125,2012-03-31
"9223",35.84765625,2012-04-01
"9224",37.517578125,2012-04-02
"9225",38.568359375,2012-04-03
"9226",38.767578125,2012-04-04
"9227",37.2783203125,2012-04-05
"9228",38.2880859375,2012-04-06
"9229",35.498046875,2012-04-07
"9230",35.1376953125,2012-04-08
"9231",30.84765625,2012-04-09
"9232",27.248046875,2012-04-10
"9233",26.8076171875,2012-04-11
"9234",28.2880859375,2012-04-12
"9235",28.7978515625,2012-04-13
"9236",31.517578125,2012-04-14
"9237",32.6181640625,2012-04-15
"9238",32.658203125,2012-04-16
"9239",32.6884765625,2012-04-17
"9240",32.337890625,2012-04-18
"9241",33.5576171875,2012-04-19
"9242",33.6884765625,2012-04-20
"9243",35.9482421875,2012-04-21
"9244",32.158203125,2012-04-22
"9245",22.6083984375,2012-04-23
"9246",22.017578125,2012-04-24
"9247",21.248046875,2012-04-25
"9248",23.8779296875,2012-04-26
"9249",25.078125,2012-04-27
"9250",24.8779296875,2012-04-28
"9251",27.1181640625,2012-04-29
"9252",30.017578125,2012-04-30
"9253",32.572265625,2012-05-01
"9254",31.751953125,2012-05-02
"9255",28.6015625,2012-05-03
"9256",25.2724609375,2012-05-04
"9257",25.0615234375,2012-05-05
"9258",27.5419921875,2012-05-06
"9259",29.4619140625,2012-05-07
"9260",31.181640625,2012-05-08
"9261",32.26171875,2012-05-09
"9262",32.3017578125,2012-05-10
"9263",30.5419921875,2012-05-11
"9264",30.40234375,2012-05-12
"9265",28.322265625,2012-05-13
"9266",22.8017578125,2012-05-14
"9267",21.921875,2012-05-15
"9268",23.40234375,2012-05-16
"9269",25.822265625,2012-05-17
"9270",27.482421875,2012-05-18
"9271",27.732421875,2012-05-19
"9272",26.8720703125,2012-05-20
"9273",27.1123046875,2012-05-21
"9274",27.9521484375,2012-05-22
"9275",28.671875,2012-05-23
"9276",19.90234375,2012-05-24
"9277",19.482421875,2012-05-25
"9278",19.921875,2012-05-26
"9279",22.5419921875,2012-05-27
"9280",22.01171875,2012-05-28
"9281",22.091796875,2012-05-29
"9282",25.232421875,2012-05-30
"9283",23.2724609375,2012-05-31
"9284",22.23046875,2012-06-01
"9285",20.3095703125,2012-06-02
"9286",18.41015625,2012-06-03
"9287",19.41015625,2012-06-04
"9288",19.7099609375,2012-06-05
"9289",18.6396484375,2012-06-06
"9290",19.7802734375,2012-06-07
"9291",20.349609375,2012-06-08
"9292",19.41015625,2012-06-09
"9293",19.330078125,2012-06-10
"9294",21.01953125,2012-06-11
"9295",23.4404296875,2012-06-12
"9296",25.08984375,2012-06-13
"9297",29.830078125,2012-06-14
"9298",31.0595703125,2012-06-15
"9299",25.76953125,2012-06-16
"9300",21.9599609375,2012-06-17
"9301",21.6201171875,2012-06-18
"9302",21.830078125,2012-06-19
"9303",23.919921875,2012-06-20
"9304",26.3798828125,2012-06-21
"9305",17.5498046875,2012-06-22
"9306",16.5498046875,2012-06-23
"9307",17.83984375,2012-06-24
"9308",18.7802734375,2012-06-25
"9309",20.900390625,2012-06-26
"9310",21.830078125,2012-06-27
"9311",22.3095703125,2012-06-28
"9312",23.9501953125,2012-06-29
"9313",21.400390625,2012-06-30
"9314",18.4208984375,2012-07-01
"9315",17.1513671875,2012-07-02
"9316",16.970703125,2012-07-03
"9317",18.861328125,2012-07-04
"9318",18.28125,2012-07-05
"9319",19.201171875,2012-07-06
"9320",23.611328125,2012-07-07
"9321",26.9111328125,2012-07-08
"9322",26.630859375,2012-07-09
"9323",24.630859375,2012-07-10
"9324",28.7109375,2012-07-11
"9325",28.2314453125,2012-07-12
"9326",21.9912109375,2012-07-13
"9327",14.30078125,2012-07-14
"9328",17.12109375,2012-07-15
"9329",19.5712890625,2012-07-16
"9330",21.470703125,2012-07-17
"9331",20.630859375,2012-07-18
"9332",19.271484375,2012-07-19
"9333",17.5712890625,2012-07-20
"9334",19.44140625,2012-07-21
"9335",21.201171875,2012-07-22
"9336",23.470703125,2012-07-23
"9337",25.80078125,2012-07-24
"9338",27.130859375,2012-07-25
"9339",18.7109375,2012-07-26
"9340",18.021484375,2012-07-27
"9341",19.1611328125,2012-07-28
"9342",20.021484375,2012-07-29
"9343",19.12109375,2012-07-30
"9344",19.291015625,2012-07-31
"9345",21.4169921875,2012-08-01
"9346",24.5771484375,2012-08-02
"9347",25.3369140625,2012-08-03
"9348",26.5166015625,2012-08-04
"9349",28.3369140625,2012-08-05
"9350",25.2373046875,2012-08-06
"9351",25.4765625,2012-08-07
"9352",28.6865234375,2012-08-08
"9353",28.1865234375,2012-08-09
"9354",21.0673828125,2012-08-10
"9355",20.537109375,2012-08-11
"9356",20.376953125,2012-08-12
"9357",24.7265625,2012-08-13
"9358",27.2470703125,2012-08-14
"9359",27.9072265625,2012-08-15
"9360",29.7666015625,2012-08-16
"9361",25.2265625,2012-08-17
"9362",21.1865234375,2012-08-18
"9363",21.6474609375,2012-08-19
"9364",24.9765625,2012-08-20
"9365",30.7568359375,2012-08-21
"9366",34.7568359375,2012-08-22
"9367",31.4072265625,2012-08-23
"9368",23.9169921875,2012-08-24
"9369",25.216796875,2012-08-25
"9370",25.1767578125,2012-08-26
"9371",25.7568359375,2012-08-27
"9372",28.95703125,2012-08-28
"9373",33.716796875,2012-08-29
"9374",28.306640625,2012-08-30
"9375",23.6865234375,2012-08-31
"9376",24.9873046875,2012-09-01
"9377",27.046875,2012-09-02
"9378",30.2470703125,2012-09-03
"9379",32.0869140625,2012-09-04
"9380",35.8271484375,2012-09-05
"9381",32.9873046875,2012-09-06
"9382",26.296875,2012-09-07
"9383",23.6767578125,2012-09-08
"9384",25.556640625,2012-09-09
"9385",29.9873046875,2012-09-10
"9386",31.5068359375,2012-09-11
"9387",33.537109375,2012-09-12
"9388",29.95703125,2012-09-13
"9389",24.1865234375,2012-09-14
"9390",26.3369140625,2012-09-15
"9391",28.716796875,2012-09-16
"9392",28.6171875,2012-09-17
"9393",33.4970703125,2012-09-18
"9394",39.13671875,2012-09-19
"9395",40.6171875,2012-09-20
"9396",39.947265625,2012-09-21
"9397",40.607421875,2012-09-22
"9398",34.947265625,2012-09-23
"9399",30.126953125,2012-09-24
"9400",33.1171875,2012-09-25
"9401",37.287109375,2012-09-26
"9402",40.306640625,2012-09-27
"9403",38.9169921875,2012-09-28
"9404",20.796875,2012-09-29
"9405",25.8271484375,2012-09-30
"9406",27.142578125,2012-10-01
"9407",29.9033203125,2012-10-02
"9408",34.7333984375,2012-10-03
"9409",34.97265625,2012-10-04
"9410",35.8525390625,2012-10-05
"9411",37.873046875,2012-10-06
"9412",38.4228515625,2012-10-07
"9413",35.72265625,2012-10-08
"9414",38.2431640625,2012-10-09
"9415",36.0830078125,2012-10-10
"9416",24.693359375,2012-10-11
"9417",24.2626953125,2012-10-12
"9418",27.953125,2012-10-13
"9419",32.72265625,2012-10-14
"9420",35.6630859375,2012-10-15
"9421",37.1025390625,2012-10-16
"9422",38.0732421875,2012-10-17
"9423",38.783203125,2012-10-18
"9424",40.033203125,2012-10-19
"9425",39.9130859375,2012-10-20
"9426",40.29296875,2012-10-21
"9427",41.1728515625,2012-10-22
"9428",41.61328125,2012-10-23
"9429",42.29296875,2012-10-24
"9430",38.9130859375,2012-10-25
"9431",31.0732421875,2012-10-26
"9432",29.283203125,2012-10-27
"9433",31.72265625,2012-10-28
"9434",34.86328125,2012-10-29
"9435",36.9326171875,2012-10-30
"9436",40.9033203125,2012-10-31
"9437",42.5283203125,2012-11-01
"9438",39.4677734375,2012-11-02
"9439",40.7783203125,2012-11-03
"9440",43.158203125,2012-11-04
"9441",42.677734375,2012-11-05
"9442",31.587890625,2012-11-06
"9443",38.2578125,2012-11-07
"9444",29.5078125,2012-11-08
"9445",26.408203125,2012-11-09
"9446",32.66796875,2012-11-10
"9447",34.6376953125,2012-11-11
"9448",37.7783203125,2012-11-12
"9449",38.3076171875,2012-11-13
"9450",39.1884765625,2012-11-14
"9451",40.4775390625,2012-11-15
"9452",42.0478515625,2012-11-16
"9453",39.23828125,2012-11-17
"9454",36.677734375,2012-11-18
"9455",38.7978515625,2012-11-19
"9456",40.1083984375,2012-11-20
"9457",41.5478515625,2012-11-21
"9458",41.927734375,2012-11-22
"9459",42.2783203125,2012-11-23
"9460",41.068359375,2012-11-24
"9461",43.177734375,2012-11-25
"9462",43.98828125,2012-11-26
"9463",43.0078125,2012-11-27
"9464",41.7080078125,2012-11-28
"9465",41.8583984375,2012-11-29
"9466",42.318359375,2012-11-30
"9467",43.619140625,2012-12-01
"9468",40.9189453125,2012-12-02
"9469",39.1591796875,2012-12-03
"9470",35.6787109375,2012-12-04
"9471",36.0693359375,2012-12-05
"9472",38.029296875,2012-12-06
"9473",42.189453125,2012-12-07
"9474",44.119140625,2012-12-08
"9475",42.728515625,2012-12-09
"9476",42.728515625,2012-12-10
"9477",42.1787109375,2012-12-11
"9478",42.0888671875,2012-12-12
"9479",42.1591796875,2012-12-13
"9480",42.7490234375,2012-12-14
"9481",42.439453125,2012-12-15
"9482",40.888671875,2012-12-16
"9483",41.728515625,2012-12-17
"9484",36.458984375,2012-12-18
"9485",37.0693359375,2012-12-19
"9486",35.529296875,2012-12-20
"9487",38.0087890625,2012-12-21
"9488",40.80859375,2012-12-22
"9489",41.87890625,2012-12-23
"9490",41.939453125,2012-12-24
"9491",43.279296875,2012-12-25
"9492",41.029296875,2012-12-26
"9493",42.2685546875,2012-12-27
"9494",41.71875,2012-12-28
"9495",41.5693359375,2012-12-29
"9496",41.71875,2012-12-30
"9497",40.8994140625,2012-12-31
"9498",41.1474609375,2013-01-01
"9499",42.626953125,2013-01-02
"9500",44.126953125,2013-01-03
"9501",44.63671875,2013-01-04
"9502",43.8671875,2013-01-05
"9503",43.5869140625,2013-01-06
"9504",43.52734375,2013-01-07
"9505",42.357421875,2013-01-08
"9506",45.20703125,2013-01-09
"9507",44.13671875,2013-01-10
"9508",45.296875,2013-01-11
"9509",45.4970703125,2013-01-12
"9510",45.546875,2013-01-13
"9511",45.126953125,2013-01-14
"9512",43.037109375,2013-01-15
"9513",41.947265625,2013-01-16
"9514",38.3271484375,2013-01-17
"9515",39.52734375,2013-01-18
"9516",40.8671875,2013-01-19
"9517",43.3466796875,2013-01-20
"9518",42.7373046875,2013-01-21
"9519",43.7373046875,2013-01-22
"9520",43.5966796875,2013-01-23
"9521",44.2470703125,2013-01-24
"9522",43.4267578125,2013-01-25
"9523",41.3271484375,2013-01-26
"9524",39.357421875,2013-01-27
"9525",36.9267578125,2013-01-28
"9526",36.5771484375,2013-01-29
"9527",36.9970703125,2013-01-30
"9528",39.056640625,2013-01-31
"9529",33.8583984375,2013-02-01
"9530",32.408203125,2013-02-02
"9531",34.5380859375,2013-02-03
"9532",38.318359375,2013-02-04
"9533",40.9775390625,2013-02-05
"9534",41.73828125,2013-02-06
"9535",40.6279296875,2013-02-07
"9536",39.8681640625,2013-02-08
"9537",41.2080078125,2013-02-09
"9538",41.5576171875,2013-02-10
"9539",39.91796875,2013-02-11
"9540",39.2783203125,2013-02-12
"9541",39.1376953125,2013-02-13
"9542",38.2177734375,2013-02-14
"9543",39.7880859375,2013-02-15
"9544",40.068359375,2013-02-16
"9545",38.587890625,2013-02-17
"9546",36.498046875,2013-02-18
"9547",36.09765625,2013-02-19
"9548",38.4482421875,2013-02-20
"9549",40.48828125,2013-02-21
"9550",40.267578125,2013-02-22
"9551",40.908203125,2013-02-23
"9552",41.677734375,2013-02-24
"9553",40.9775390625,2013-02-25
"9554",40.8681640625,2013-02-26
"9555",40.1484375,2013-02-27
"9556",38.3876953125,2013-02-28
"9557",35.701171875,2013-03-01
"9558",34.62109375,2013-03-02
"9559",35.94140625,2013-03-03
"9560",38.111328125,2013-03-04
"9561",39.80078125,2013-03-05
"9562",39.6708984375,2013-03-06
"9563",38.310546875,2013-03-07
"9564",37.80078125,2013-03-08
"9565",38.1513671875,2013-03-09
"9566",37.5908203125,2013-03-10
"9567",38.1708984375,2013-03-11
"9568",38.12109375,2013-03-12
"9569",37.9609375,2013-03-13
"9570",37.7314453125,2013-03-14
"9571",40.060546875,2013-03-15
"9572",40.1005859375,2013-03-16
"9573",37.140625,2013-03-17
"9574",33.0009765625,2013-03-18
"9575",34.541015625,2013-03-19
"9576",37.7509765625,2013-03-20
"9577",39.4609375,2013-03-21
"9578",40.94140625,2013-03-22
"9579",40.4013671875,2013-03-23
"9580",39.19140625,2013-03-24
"9581",39.8408203125,2013-03-25
"9582",41.111328125,2013-03-26
"9583",40.5009765625,2013-03-27
"9584",36.7109375,2013-03-28
"9585",36.2109375,2013-03-29
"9586",36.8408203125,2013-03-30
"9587",28.271484375,2013-03-31
"9588",30.7177734375,2013-04-01
"9589",31.16796875,2013-04-02
"9590",33.177734375,2013-04-03
"9591",35.6083984375,2013-04-04
"9592",34.7578125,2013-04-05
"9593",33.2880859375,2013-04-06
"9594",34.3984375,2013-04-07
"9595",33.767578125,2013-04-08
"9596",33.4677734375,2013-04-09
"9597",32.7080078125,2013-04-10
"9598",32.6484375,2013-04-11
"9599",31.41796875,2013-04-12
"9600",32.1884765625,2013-04-13
"9601",33.9482421875,2013-04-14
"9602",35.177734375,2013-04-15
"9603",33.267578125,2013-04-16
"9604",33.998046875,2013-04-17
"9605",33.6884765625,2013-04-18
"9606",33.818359375,2013-04-19
"9607",30.0576171875,2013-04-20
"9608",35.7177734375,2013-04-21
"9609",35.91796875,2013-04-22
"9610",29.8681640625,2013-04-23
"9611",29.48828125,2013-04-24
"9612",29.328125,2013-04-25
"9613",29.7578125,2013-04-26
"9614",32.158203125,2013-04-27
"9615",32.8681640625,2013-04-28
"9616",33.6982421875,2013-04-29
"9617",33.5283203125,2013-04-30
"9618",32.83203125,2013-05-01
"9619",34.01171875,2013-05-02
"9620",34.1123046875,2013-05-03
"9621",33.3916015625,2013-05-04
"9622",33.1015625,2013-05-05
"9623",33.33203125,2013-05-06
"9624",32.001953125,2013-05-07
"9625",30.822265625,2013-05-08
"9626",32.341796875,2013-05-09
"9627",31.5615234375,2013-05-10
"9628",30.7021484375,2013-05-11
"9629",29.26171875,2013-05-12
"9630",17.2822265625,2013-05-13
"9631",20.6923828125,2013-05-14
"9632",18.8115234375,2013-05-15
"9633",19.662109375,2013-05-16
"9634",23.5419921875,2013-05-17
"9635",24.15234375,2013-05-18
"9636",25.5615234375,2013-05-19
"9637",27.732421875,2013-05-20
"9638",30.7216796875,2013-05-21
"9639",23.6416015625,2013-05-22
"9640",20.0517578125,2013-05-23
"9641",20.08203125,2013-05-24
"9642",21.8017578125,2013-05-25
"9643",22.51171875,2013-05-26
"9644",25.482421875,2013-05-27
"9645",27.33203125,2013-05-28
"9646",28.6923828125,2013-05-29
"9647",29.2119140625,2013-05-30
"9648",29.9423828125,2013-05-31
"9649",30.650390625,2013-06-01
"9650",21.259765625,2013-06-02
"9651",21.0400390625,2013-06-03
"9652",24.91015625,2013-06-04
"9653",27.7099609375,2013-06-05
"9654",28.349609375,2013-06-06
"9655",25.349609375,2013-06-07
"9656",26.51953125,2013-06-08
"9657",27.75,2013-06-09
"9658",28.080078125,2013-06-10
"9659",29.599609375,2013-06-11
"9660",22.6396484375,2013-06-12
"9661",21.23046875,2013-06-13
"9662",19.5498046875,2013-06-14
"9663",22.6396484375,2013-06-15
"9664",18.98046875,2013-06-16
"9665",19.5400390625,2013-06-17
"9666",19.3603515625,2013-06-18
"9667",20.330078125,2013-06-19
"9668",15.7001953125,2013-06-20
"9669",20.7197265625,2013-06-21
"9670",21.3095703125,2013-06-22
"9671",20.91015625,2013-06-23
"9672",21.4501953125,2013-06-24
"9673",23.3203125,2013-06-25
"9674",24.0498046875,2013-06-26
"9675",20.73046875,2013-06-27
"9676",22.98046875,2013-06-28
"9677",22.0595703125,2013-06-29
"9678",21.0400390625,2013-06-30
"9679",20.7314453125,2013-07-01
"9680",21.611328125,2013-07-02
"9681",23.2412109375,2013-07-03
"9682",25.640625,2013-07-04
"9683",24.291015625,2013-07-05
"9684",22.80078125,2013-07-06
"9685",23.2109375,2013-07-07
"9686",24.771484375,2013-07-08
"9687",24.7509765625,2013-07-09
"9688",25.5908203125,2013-07-10
"9689",27.861328125,2013-07-11
"9690",28.9814453125,2013-07-12
"9691",29.890625,2013-07-13
"9692",30.6611328125,2013-07-14
"9693",27.771484375,2013-07-15
"9694",26.951171875,2013-07-16
"9695",29.3310546875,2013-07-17
"9696",31.12109375,2013-07-18
"9697",24.0009765625,2013-07-19
"9698",18.791015625,2013-07-20
"9699",17.8310546875,2013-07-21
"9700",17.5107421875,2013-07-22
"9701",18.69140625,2013-07-23
"9702",19.9609375,2013-07-24
"9703",21.9208984375,2013-07-25
"9704",26.0810546875,2013-07-26
"9705",28.62109375,2013-07-27
"9706",29.87109375,2013-07-28
"9707",28.62109375,2013-07-29
"9708",23.7109375,2013-07-30
"9709",24.880859375,2013-07-31
"9710",26.88671875,2013-08-01
"9711",25.0166015625,2013-08-02
"9712",24.27734375,2013-08-03
"9713",23.447265625,2013-08-04
"9714",24.38671875,2013-08-05
"9715",26.716796875,2013-08-06
"9716",28.4072265625,2013-08-07
"9717",26.7373046875,2013-08-08
"9718",27.9873046875,2013-08-09
"9719",29.466796875,2013-08-10
"9720",32.046875,2013-08-11
"9721",32.3271484375,2013-08-12
"9722",30.697265625,2013-08-13
"9723",33.4267578125,2013-08-14
"9724",30.63671875,2013-08-15
"9725",35.857421875,2013-08-16
"9726",26.0869140625,2013-08-17
"9727",27.3271484375,2013-08-18
"9728",28.626953125,2013-08-19
"9729",23.2373046875,2013-08-20
"9730",22.5166015625,2013-08-21
"9731",22.4873046875,2013-08-22
"9732",23.4365234375,2013-08-23
"9733",24.8466796875,2013-08-24
"9734",27.537109375,2013-08-25
"9735",30.447265625,2013-08-26
"9736",31.6171875,2013-08-27
"9737",32.857421875,2013-08-28
"9738",34.5771484375,2013-08-29
"9739",35.4169921875,2013-08-30
"9740",35.8271484375,2013-08-31
"9741",35.88671875,2013-09-01
"9742",35.3369140625,2013-09-02
"9743",34.046875,2013-09-03
"9744",31.9365234375,2013-09-04
"9745",31.8974609375,2013-09-05
"9746",31.4970703125,2013-09-06
"9747",31.376953125,2013-09-07
"9748",31.9365234375,2013-09-08
"9749",32.8466796875,2013-09-09
"9750",34.8271484375,2013-09-10
"9751",35.197265625,2013-09-11
"9752",37.27734375,2013-09-12
"9753",35.77734375,2013-09-13
"9754",35.8173828125,2013-09-14
"9755",38.7265625,2013-09-15
"9756",32.126953125,2013-09-16
"9757",30.716796875,2013-09-17
"9758",35.376953125,2013-09-18
"9759",30.4072265625,2013-09-19
"9760",30.876953125,2013-09-20
"9761",33.95703125,2013-09-21
"9762",35.1669921875,2013-09-22
"9763",38.9873046875,2013-09-23
"9764",40.5166015625,2013-09-24
"9765",40.7666015625,2013-09-25
"9766",36.3369140625,2013-09-26
"9767",36.4267578125,2013-09-27
"9768",34.306640625,2013-09-28
"9769",30.4765625,2013-09-29
"9770",37.0166015625,2013-09-30
"9771",37.86328125,2013-10-01
"9772",32.3525390625,2013-10-02
"9773",29.7431640625,2013-10-03
"9774",31.212890625,2013-10-04
"9775",35.5029296875,2013-10-05
"9776",37.9228515625,2013-10-06
"9777",39.11328125,2013-10-07
"9778",39.2529296875,2013-10-08
"9779",39.0634765625,2013-10-09
"9780",41.5927734375,2013-10-10
"9781",33.4130859375,2013-10-11
"9782",39.6630859375,2013-10-12
"9783",39.052734375,2013-10-13
"9784",24.873046875,2013-10-14
"9785",32.5732421875,2013-10-15
"9786",35.5234375,2013-10-16
"9787",39.2734375,2013-10-17
"9788",34.552734375,2013-10-18
"9789",38.6328125,2013-10-19
"9790",40.86328125,2013-10-20
"9791",40.7333984375,2013-10-21
"9792",38.9931640625,2013-10-22
"9793",33.5634765625,2013-10-23
"9794",28.4833984375,2013-10-24
"9795",33.033203125,2013-10-25
"9796",35.9326171875,2013-10-26
"9797",37.8828125,2013-10-27
"9798",41.4130859375,2013-10-28
"9799",34.2626953125,2013-10-29
"9800",33.8134765625,2013-10-30
"9801",33.0927734375,2013-10-31
"9802",34.8876953125,2013-11-01
"9803",38.41796875,2013-11-02
"9804",39.5576171875,2013-11-03
"9805",39.48828125,2013-11-04
"9806",38.1181640625,2013-11-05
"9807",38.017578125,2013-11-06
"9808",40.98828125,2013-11-07
"9809",39.4677734375,2013-11-08
"9810",35.1279296875,2013-11-09
"9811",30.068359375,2013-11-10
"9812",31.5380859375,2013-11-11
"9813",31.6181640625,2013-11-12
"9814",33.9677734375,2013-11-13
"9815",36.837890625,2013-11-14
"9816",38.7080078125,2013-11-15
"9817",41.16796875,2013-11-16
"9818",33.8876953125,2013-11-17
"9819",36.1484375,2013-11-18
"9820",36.8681640625,2013-11-19
"9821",40.4482421875,2013-11-20
"9822",39.3876953125,2013-11-21
"9823",35.73828125,2013-11-22
"9824",38.8583984375,2013-11-23
"9825",38.658203125,2013-11-24
"9826",40.9482421875,2013-11-25
"9827",40.3779296875,2013-11-26
"9828",42.2978515625,2013-11-27
"9829",41.998046875,2013-11-28
"9830",38.2578125,2013-11-29
"9831",39.9580078125,2013-11-30
"9832",42.5087890625,2013-12-01
"9833",42.3388671875,2013-12-02
"9834",40.609375,2013-12-03
"9835",36.0986328125,2013-12-04
"9836",30.4990234375,2013-12-05
"9837",32.478515625,2013-12-06
"9838",37.80859375,2013-12-07
"9839",42.5791015625,2013-12-08
"9840",44.689453125,2013-12-09
"9841",36.9091796875,2013-12-10
"9842",35.609375,2013-12-11
"9843",35.2587890625,2013-12-12
"9844",36.939453125,2013-12-13
"9845",39.5888671875,2013-12-14
"9846",41.46875,2013-12-15
"9847",41.0390625,2013-12-16
"9848",42.5888671875,2013-12-17
"9849",43.109375,2013-12-18
"9850",41.4091796875,2013-12-19
"9851",41.208984375,2013-12-20
"9852",42.4091796875,2013-12-21
"9853",42.728515625,2013-12-22
"9854",37.05859375,2013-12-23
"9855",35.21875,2013-12-24
"9856",34.2890625,2013-12-25
"9857",35.5888671875,2013-12-26
"9858",41.0693359375,2013-12-27
"9859",43.779296875,2013-12-28
"9860",45.0986328125,2013-12-29
"9861",46.189453125,2013-12-30
"9862",45.869140625,2013-12-31
"9863",45.7373046875,2014-01-01
"9864",47.1669921875,2014-01-02
"9865",41.697265625,2014-01-03
"9866",37.0068359375,2014-01-04
"9867",36.4267578125,2014-01-05
"9868",36.296875,2014-01-06
"9869",36.70703125,2014-01-07
"9870",38.7373046875,2014-01-08
"9871",40.8671875,2014-01-09
"9872",41.77734375,2014-01-10
"9873",41.8466796875,2014-01-11
"9874",40.857421875,2014-01-12
"9875",40.8369140625,2014-01-13
"9876",39.2265625,2014-01-14
"9877",34.45703125,2014-01-15
"9878",33.5966796875,2014-01-16
"9879",36.787109375,2014-01-17
"9880",36.9765625,2014-01-18
"9881",38.2470703125,2014-01-19
"9882",38.607421875,2014-01-20
"9883",41.1171875,2014-01-21
"9884",42.857421875,2014-01-22
"9885",45.0166015625,2014-01-23
"9886",44.5771484375,2014-01-24
"9887",41.27734375,2014-01-25
"9888",39.697265625,2014-01-26
"9889",37.9365234375,2014-01-27
"9890",39.0068359375,2014-01-28
"9891",41.216796875,2014-01-29
"9892",41.5068359375,2014-01-30
"9893",40.5673828125,2014-01-31
"9894",38.337890625,2014-02-01
"9895",40.0078125,2014-02-02
"9896",35.658203125,2014-02-03
"9897",37.658203125,2014-02-04
"9898",39.0380859375,2014-02-05
"9899",37.677734375,2014-02-06
"9900",38.6181640625,2014-02-07
"9901",39.3681640625,2014-02-08
"9902",39.658203125,2014-02-09
"9903",37.8984375,2014-02-10
"9904",38.837890625,2014-02-11
"9905",40.9775390625,2014-02-12
"9906",41.3681640625,2014-02-13
"9907",41.84765625,2014-02-14
"9908",30.8076171875,2014-02-15
"9909",33.8076171875,2014-02-16
"9910",34.7275390625,2014-02-17
"9911",36.337890625,2014-02-18
"9912",37.2880859375,2014-02-19
"9913",33.91796875,2014-02-20
"9914",34.078125,2014-02-21
"9915",30.2783203125,2014-02-22
"9916",34.8583984375,2014-02-23
"9917",38.2880859375,2014-02-24
"9918",35.41796875,2014-02-25
"9919",25.8076171875,2014-02-26
"9920",24.9384765625,2014-02-27
"9921",28.9677734375,2014-02-28
"9922",31.4306640625,2014-03-01
"9923",31.9013671875,2014-03-02
"9924",24.0908203125,2014-03-03
"9925",32.880859375,2014-03-04
"9926",35.4013671875,2014-03-05
"9927",36.201171875,2014-03-06
"9928",36.7314453125,2014-03-07
"9929",36.53125,2014-03-08
"9930",36.3505859375,2014-03-09
"9931",36.1708984375,2014-03-10
"9932",35.791015625,2014-03-11
"9933",36.380859375,2014-03-12
"9934",36.9208984375,2014-03-13
"9935",37.9111328125,2014-03-14
"9936",39.3310546875,2014-03-15
"9937",39.6611328125,2014-03-16
"9938",36.4912109375,2014-03-17
"9939",37.0908203125,2014-03-18
"9940",38.62109375,2014-03-19
"9941",37.9013671875,2014-03-20
"9942",37.69140625,2014-03-21
"9943",37.37109375,2014-03-22
"9944",37.87109375,2014-03-23
"9945",32.9814453125,2014-03-24
"9946",30.69140625,2014-03-25
"9947",32.1513671875,2014-03-26
"9948",33.9912109375,2014-03-27
"9949",34.44140625,2014-03-28
"9950",36.060546875,2014-03-29
"9951",37.2109375,2014-03-30
"9952",38.271484375,2014-03-31
"9953",39.578125,2014-04-01
"9954",39.3984375,2014-04-02
"9955",36.09765625,2014-04-03
"9956",35.498046875,2014-04-04
"9957",36.8681640625,2014-04-05
"9958",38.248046875,2014-04-06
"9959",38.9384765625,2014-04-07
"9960",38.2783203125,2014-04-08
"9961",37.2080078125,2014-04-09
"9962",33.6884765625,2014-04-10
"9963",30.248046875,2014-04-11
"9964",30.0576171875,2014-04-12
"9965",30.1279296875,2014-04-13
"9966",31.9677734375,2014-04-14
"9967",32.41796875,2014-04-15
"9968",31.98828125,2014-04-16
"9969",31.7880859375,2014-04-17
"9970",31.2978515625,2014-04-18
"9971",31.16796875,2014-04-19
"9972",30.66796875,2014-04-20
"9973",33.9384765625,2014-04-21
"9974",34.578125,2014-04-22
"9975",34.5078125,2014-04-23
"9976",33.5078125,2014-04-24
"9977",34.0478515625,2014-04-25
"9978",35.427734375,2014-04-26
"9979",35.8984375,2014-04-27
"9980",36.017578125,2014-04-28
"9981",36.8876953125,2014-04-29
"9982",25.0478515625,2014-04-30
"9983",25.0517578125,2014-05-01
"9984",24.51171875,2014-05-02
"9985",22.171875,2014-05-03
"9986",23.9521484375,2014-05-04
"9987",25.0224609375,2014-05-05
"9988",25.572265625,2014-05-06
"9989",26.322265625,2014-05-07
"9990",27.4521484375,2014-05-08
"9991",31.572265625,2014-05-09
"9992",32.4521484375,2014-05-10
"9993",31.8916015625,2014-05-11
"9994",31.2421875,2014-05-12
"9995",30.431640625,2014-05-13
"9996",30.7216796875,2014-05-14
"9997",30.3515625,2014-05-15
"9998",30.7119140625,2014-05-16
"9999",30.58203125,2014-05-17
"10000",30.982421875,2014-05-18
"10001",28.8115234375,2014-05-19
"10002",29.5517578125,2014-05-20
"10003",29.662109375,2014-05-21
"10004",30.841796875,2014-05-22
"10005",30.4716796875,2014-05-23
"10006",30.171875,2014-05-24
"10007",30.90234375,2014-05-25
"10008",33.7119140625,2014-05-26
"10009",31.0517578125,2014-05-27
"10010",29.501953125,2014-05-28
"10011",30.0419921875,2014-05-29
"10012",31.51171875,2014-05-30
"10013",28.01171875,2014-05-31
"10014",22.599609375,2014-06-01
"10015",21.990234375,2014-06-02
"10016",23.5302734375,2014-06-03
"10017",25.150390625,2014-06-04
"10018",27,2014-06-05
"10019",24.400390625,2014-06-06
"10020",22.98046875,2014-06-07
"10021",21.83984375,2014-06-08
"10022",21.66015625,2014-06-09
"10023",23.9501953125,2014-06-10
"10024",28.669921875,2014-06-11
"10025",29.6201171875,2014-06-12
"10026",16.83984375,2014-06-13
"10027",17.98046875,2014-06-14
"10028",19.1904296875,2014-06-15
"10029",19.0595703125,2014-06-16
"10030",20.4296875,2014-06-17
"10031",22.2197265625,2014-06-18
"10032",26.2998046875,2014-06-19
"10033",26.1103515625,2014-06-20
"10034",24.4697265625,2014-06-21
"10035",24.580078125,2014-06-22
"10036",26.4501953125,2014-06-23
"10037",17.91015625,2014-06-24
"10038",20.26953125,2014-06-25
"10039",21.98046875,2014-06-26
"10040",25.9697265625,2014-06-27
"10041",19.2802734375,2014-06-28
"10042",18.3203125,2014-06-29
"10043",19.1904296875,2014-06-30
"10044",19.291015625,2014-07-01
"10045",19.861328125,2014-07-02
"10046",23.771484375,2014-07-03
"10047",23.880859375,2014-07-04
"10048",20.7109375,2014-07-05
"10049",19.140625,2014-07-06
"10050",20.701171875,2014-07-07
"10051",24.4912109375,2014-07-08
"10052",20.521484375,2014-07-09
"10053",18.041015625,2014-07-10
"10054",18.78125,2014-07-11
"10055",19.78125,2014-07-12
"10056",19.8212890625,2014-07-13
"10057",24.3408203125,2014-07-14
"10058",26.12109375,2014-07-15
"10059",22.78125,2014-07-16
"10060",21.2314453125,2014-07-17
"10061",19.94140625,2014-07-18
"10062",19.6806640625,2014-07-19
"10063",21.9609375,2014-07-20
"10064",24.771484375,2014-07-21
"10065",25.44140625,2014-07-22
"10066",27.3505859375,2014-07-23
"10067",27.5810546875,2014-07-24
"10068",25.9814453125,2014-07-25
"10069",24.2109375,2014-07-26
"10070",25.4609375,2014-07-27
"10071",27.2109375,2014-07-28
"10072",27.630859375,2014-07-29
"10073",26.9609375,2014-07-30
"10074",28.0009765625,2014-07-31
"10075",23.697265625,2014-08-01
"10076",19.0869140625,2014-08-02
"10077",18.3369140625,2014-08-03
"10078",18.556640625,2014-08-04
"10079",23.5869140625,2014-08-05
"10080",27.0166015625,2014-08-06
"10081",26.626953125,2014-08-07
"10082",25.857421875,2014-08-08
"10083",26.6572265625,2014-08-09
"10084",26.20703125,2014-08-10
"10085",24.9765625,2014-08-11
"10086",20.0068359375,2014-08-12
"10087",16.6669921875,2014-08-13
"10088",18.306640625,2014-08-14
"10089",19.1171875,2014-08-15
"10090",20.27734375,2014-08-16
"10091",20.306640625,2014-08-17
"10092",21.447265625,2014-08-18
"10093",21.1572265625,2014-08-19
"10094",21.287109375,2014-08-20
"10095",23.13671875,2014-08-21
"10096",26.3671875,2014-08-22
"10097",28.216796875,2014-08-23
"10098",27.3271484375,2014-08-24
"10099",26.546875,2014-08-25
"10100",25.607421875,2014-08-26
"10101",24.7470703125,2014-08-27
"10102",26.4072265625,2014-08-28
"10103",26.4072265625,2014-08-29
"10104",27.7666015625,2014-08-30
"10105",29.38671875,2014-08-31
"10106",32.357421875,2014-09-01
"10107",23.2666015625,2014-09-02
"10108",22.9873046875,2014-09-03
"10109",28.697265625,2014-09-04
"10110",28.8271484375,2014-09-05
"10111",29.046875,2014-09-06
"10112",31.9970703125,2014-09-07
"10113",34.3974609375,2014-09-08
"10114",38.0166015625,2014-09-09
"10115",30.5068359375,2014-09-10
"10116",29.7265625,2014-09-11
"10117",30.306640625,2014-09-12
"10118",30.1767578125,2014-09-13
"10119",32.3173828125,2014-09-14
"10120",33.376953125,2014-09-15
"10121",31.7666015625,2014-09-16
"10122",29.857421875,2014-09-17
"10123",29.9970703125,2014-09-18
"10124",32.197265625,2014-09-19
"10125",29.787109375,2014-09-20
"10126",26.4765625,2014-09-21
"10127",28.466796875,2014-09-22
"10128",32.3173828125,2014-09-23
"10129",31.7265625,2014-09-24
"10130",30.0966796875,2014-09-25
"10131",30.7265625,2014-09-26
"10132",31.546875,2014-09-27
"10133",33.9970703125,2014-09-28
"10134",37.2373046875,2014-09-29
"10135",38.9765625,2014-09-30
"10136",37.47265625,2014-10-01
"10137",34.04296875,2014-10-02
"10138",34.2734375,2014-10-03
"10139",35.302734375,2014-10-04
"10140",37.3427734375,2014-10-05
"10141",39.1630859375,2014-10-06
"10142",34.443359375,2014-10-07
"10143",33.623046875,2014-10-08
"10144",35.4033203125,2014-10-09
"10145",39.5029296875,2014-10-10
"10146",36.4130859375,2014-10-11
"10147",37.802734375,2014-10-12
"10148",35.3525390625,2014-10-13
"10149",26.3828125,2014-10-14
"10150",26.3232421875,2014-10-15
"10151",28.86328125,2014-10-16
"10152",32.0126953125,2014-10-17
"10153",34.892578125,2014-10-18
"10154",36.9033203125,2014-10-19
"10155",36.533203125,2014-10-20
"10156",36.953125,2014-10-21
"10157",36.3427734375,2014-10-22
"10158",37.4931640625,2014-10-23
"10159",38.6630859375,2014-10-24
"10160",40.1630859375,2014-10-25
"10161",41.2431640625,2014-10-26
"10162",41.0732421875,2014-10-27
"10163",37.4833984375,2014-10-28
"10164",37.6728515625,2014-10-29
"10165",38.9326171875,2014-10-30
"10166",41.4326171875,2014-10-31
"10167",35.1279296875,2014-11-01
"10168",34.7177734375,2014-11-02
"10169",37.5283203125,2014-11-03
"10170",39.7783203125,2014-11-04
"10171",39.4775390625,2014-11-05
"10172",37.927734375,2014-11-06
"10173",41.34765625,2014-11-07
"10174",43.6279296875,2014-11-08
"10175",43.017578125,2014-11-09
"10176",41.4677734375,2014-11-10
"10177",41.2978515625,2014-11-11
"10178",42.408203125,2014-11-12
"10179",43.5380859375,2014-11-13
"10180",42.677734375,2014-11-14
"10181",41.1083984375,2014-11-15
"10182",35.1982421875,2014-11-16
"10183",36.328125,2014-11-17
"10184",38.0283203125,2014-11-18
"10185",40.517578125,2014-11-19
"10186",43.658203125,2014-11-20
"10187",44.408203125,2014-11-21
"10188",41.2978515625,2014-11-22
"10189",42.0283203125,2014-11-23
"10190",39.41796875,2014-11-24
"10191",37.677734375,2014-11-25
"10192",37.328125,2014-11-26
"10193",40.5576171875,2014-11-27
"10194",38.8779296875,2014-11-28
"10195",40.578125,2014-11-29
"10196",39.41796875,2014-11-30
"10197",39.1787109375,2014-12-01
"10198",39.728515625,2014-12-02
"10199",37.4990234375,2014-12-03
"10200",41.0791015625,2014-12-04
"10201",40.609375,2014-12-05
"10202",40.458984375,2014-12-06
"10203",40.5791015625,2014-12-07
"10204",41.5390625,2014-12-08
"10205",41.6787109375,2014-12-09
"10206",44.048828125,2014-12-10
"10207",43.5185546875,2014-12-11
"10208",40.6494140625,2014-12-12
"10209",38.8193359375,2014-12-13
"10210",39.7890625,2014-12-14
"10211",43.1689453125,2014-12-15
"10212",45.388671875,2014-12-16
"10213",42.779296875,2014-12-17
"10214",28.2685546875,2014-12-18
"10215",37.55859375,2014-12-19
"10216",40.0087890625,2014-12-20
"10217",42.37890625,2014-12-21
"10218",41.638671875,2014-12-22
"10219",38.2890625,2014-12-23
"10220",34.208984375,2014-12-24
"10221",29.37890625,2014-12-25
"10222",26.2490234375,2014-12-26
"10223",27.0185546875,2014-12-27
"10224",27.3291015625,2014-12-28
"10225",36.119140625,2014-12-29
"10226",39.138671875,2014-12-30
"10227",39.3291015625,2014-12-31
"10228",40.77734375,2015-01-01
"10229",38.556640625,2015-01-02
"10230",35.6171875,2015-01-03
"10231",31.2265625,2015-01-04
"10232",30.3466796875,2015-01-05
"10233",32.376953125,2015-01-06
"10234",27.3466796875,2015-01-07
"10235",31.056640625,2015-01-08
"10236",32.857421875,2015-01-09
"10237",33.306640625,2015-01-10
"10238",34.5166015625,2015-01-11
"10239",35.9873046875,2015-01-12
"10240",37.5966796875,2015-01-13
"10241",32.1767578125,2015-01-14
"10242",34.6865234375,2015-01-15
"10243",37.2568359375,2015-01-16
"10244",36.4267578125,2015-01-17
"10245",39.2470703125,2015-01-18
"10246",40.63671875,2015-01-19
"10247",41.1865234375,2015-01-20
"10248",34.9873046875,2015-01-21
"10249",38.1669921875,2015-01-22
"10250",39.4765625,2015-01-23
"10251",41.3369140625,2015-01-24
"10252",40.806640625,2015-01-25
"10253",38.5068359375,2015-01-26
"10254",35.63671875,2015-01-27
"10255",34.466796875,2015-01-28
"10256",37.306640625,2015-01-29
"10257",39.2373046875,2015-01-30
"10258",38.8466796875,2015-01-31
"10259",38.828125,2015-02-01
"10260",35.517578125,2015-02-02
"10261",34.408203125,2015-02-03
"10262",36.6083984375,2015-02-04
"10263",38.7978515625,2015-02-05
"10264",39.7978515625,2015-02-06
"10265",40.8583984375,2015-02-07
"10266",40.91796875,2015-02-08
"10267",41.7783203125,2015-02-09
"10268",42.2978515625,2015-02-10
"10269",41.517578125,2015-02-11
"10270",40.427734375,2015-02-12
"10271",40.1083984375,2015-02-13
"10272",40.427734375,2015-02-14
"10273",40.4677734375,2015-02-15
"10274",42.4482421875,2015-02-16
"10275",42.34765625,2015-02-17
"10276",40.8876953125,2015-02-18
"10277",40.84765625,2015-02-19
"10278",40.748046875,2015-02-20
"10279",41.4482421875,2015-02-21
"10280",41.927734375,2015-02-22
"10281",43.158203125,2015-02-23
"10282",42.98828125,2015-02-24
"10283",43.0576171875,2015-02-25
"10284",41.7275390625,2015-02-26
"10285",42.1376953125,2015-02-27
"10286",42.5380859375,2015-02-28
"10287",42.9111328125,2015-03-01
"10288",43.2412109375,2015-03-02
"10289",42.9013671875,2015-03-03
"10290",41.94140625,2015-03-04
"10291",41.3212890625,2015-03-05
"10292",34.8212890625,2015-03-06
"10293",34.951171875,2015-03-07
"10294",36.3505859375,2015-03-08
"10295",37.1611328125,2015-03-09
"10296",38.630859375,2015-03-10
"10297",40.1513671875,2015-03-11
"10298",39.9814453125,2015-03-12
"10299",38.9814453125,2015-03-13
"10300",38.5107421875,2015-03-14
"10301",38.451171875,2015-03-15
"10302",38.880859375,2015-03-16
"10303",41.5107421875,2015-03-17
"10304",42.9814453125,2015-03-18
"10305",43.701171875,2015-03-19
"10306",43.69140625,2015-03-20
"10307",39.62109375,2015-03-21
"10308",38.4013671875,2015-03-22
"10309",37.5712890625,2015-03-23
"10310",34.521484375,2015-03-24
"10311",31.9013671875,2015-03-25
"10312",31.44140625,2015-03-26
"10313",32.5009765625,2015-03-27
"10314",34.9912109375,2015-03-28
"10315",37.4013671875,2015-03-29
"10316",36.611328125,2015-03-30
"10317",37.041015625,2015-03-31
"10318",36.927734375,2015-04-01
"10319",36.6982421875,2015-04-02
"10320",36.7177734375,2015-04-03
"10321",35.7080078125,2015-04-04
"10322",35.1982421875,2015-04-05
"10323",25.587890625,2015-04-06
"10324",25.2080078125,2015-04-07
"10325",26.34765625,2015-04-08
"10326",28.6982421875,2015-04-09
"10327",30.9384765625,2015-04-10
"10328",32.0380859375,2015-04-11
"10329",34.177734375,2015-04-12
"10330",37.177734375,2015-04-13
"10331",39.2080078125,2015-04-14
"10332",37.7783203125,2015-04-15
"10333",37.1982421875,2015-04-16
"10334",35.8583984375,2015-04-17
"10335",25.087890625,2015-04-18
"10336",22.09765625,2015-04-19
"10337",23.568359375,2015-04-20
"10338",23.158203125,2015-04-21
"10339",26.068359375,2015-04-22
"10340",26.318359375,2015-04-23
"10341",27.8076171875,2015-04-24
"10342",23.5478515625,2015-04-25
"10343",24.66796875,2015-04-26
"10344",24.6376953125,2015-04-27
"10345",23.927734375,2015-04-28
"10346",24.908203125,2015-04-29
"10347",24.1181640625,2015-04-30
"10348",25.2822265625,2015-05-01
"10349",26.7724609375,2015-05-02
"10350",28.7021484375,2015-05-03
"10351",32.0517578125,2015-05-04
"10352",31.8017578125,2015-05-05
"10353",24.6220703125,2015-05-06
"10354",24.001953125,2015-05-07
"10355",23.982421875,2015-05-08
"10356",24.9521484375,2015-05-09
"10357",25.0224609375,2015-05-10
"10358",25.822265625,2015-05-11
"10359",26.51171875,2015-05-12
"10360",22.51171875,2015-05-13
"10361",18.681640625,2015-05-14
"10362",20.6123046875,2015-05-15
"10363",25.3515625,2015-05-16
"10364",28.681640625,2015-05-17
"10365",30.15234375,2015-05-18
"10366",32.251953125,2015-05-19
"10367",29.162109375,2015-05-20
"10368",22.3623046875,2015-05-21
"10369",19.732421875,2015-05-22
"10370",21.7919921875,2015-05-23
"10371",25.8115234375,2015-05-24
"10372",28.572265625,2015-05-25
"10373",30.0615234375,2015-05-26
"10374",30.2724609375,2015-05-27
"10375",31.482421875,2015-05-28
"10376",32.2216796875,2015-05-29
"10377",31.0419921875,2015-05-30
"10378",24.982421875,2015-05-31
"10379",22.7099609375,2015-06-01
"10380",22.669921875,2015-06-02
"10381",23.0302734375,2015-06-03
"10382",24.7197265625,2015-06-04
"10383",24.7802734375,2015-06-05
"10384",23.580078125,2015-06-06
"10385",24.740234375,2015-06-07
"10386",27.1103515625,2015-06-08
"10387",27.2998046875,2015-06-09
"10388",25.849609375,2015-06-10
"10389",24.740234375,2015-06-11
"10390",26.009765625,2015-06-12
"10391",27.259765625,2015-06-13
"10392",25.8603515625,2015-06-14
"10393",27.51953125,2015-06-15
"10394",24.3896484375,2015-06-16
"10395",22.599609375,2015-06-17
"10396",21.009765625,2015-06-18
"10397",19.9501953125,2015-06-19
"10398",19.7197265625,2015-06-20
"10399",20.669921875,2015-06-21
"10400",24.759765625,2015-06-22
"10401",28.0703125,2015-06-23
"10402",20.9404296875,2015-06-24
"10403",19.58984375,2015-06-25
"10404",20.150390625,2015-06-26
"10405",23.6201171875,2015-06-27
"10406",26.76953125,2015-06-28
"10407",27.7900390625,2015-06-29
"10408",26.0302734375,2015-06-30
"10409",25.1806640625,2015-07-01
"10410",21.5107421875,2015-07-02
"10411",20.7412109375,2015-07-03
"10412",21.970703125,2015-07-04
"10413",22.4306640625,2015-07-05
"10414",21.7509765625,2015-07-06
"10415",22.1005859375,2015-07-07
"10416",22.470703125,2015-07-08
"10417",24.4306640625,2015-07-09
"10418",27.390625,2015-07-10
"10419",21.3310546875,2015-07-11
"10420",16.5712890625,2015-07-12
"10421",17.0908203125,2015-07-13
"10422",18.4208984375,2015-07-14
"10423",18.3310546875,2015-07-15
"10424",17.4013671875,2015-07-16
"10425",17.611328125,2015-07-17
"10426",17.6708984375,2015-07-18
"10427",18.28125,2015-07-19
"10428",20.880859375,2015-07-20
"10429",26.1513671875,2015-07-21
"10430",27.1806640625,2015-07-22
"10431",30.30078125,2015-07-23
"10432",29.1611328125,2015-07-24
"10433",25.140625,2015-07-25
"10434",23.05078125,2015-07-26
"10435",20.4111328125,2015-07-27
"10436",21.0107421875,2015-07-28
"10437",23.55078125,2015-07-29
"10438",25.9609375,2015-07-30
"10439",27.810546875,2015-07-31
"10440",30.857421875,2015-08-01
"10441",28.607421875,2015-08-02
"10442",20.77734375,2015-08-03
"10443",20.3173828125,2015-08-04
"10444",20.046875,2015-08-05
"10445",20.556640625,2015-08-06
"10446",22.1572265625,2015-08-07
"10447",23.0068359375,2015-08-08
"10448",25.3369140625,2015-08-09
"10449",28.9970703125,2015-08-10
"10450",30.9267578125,2015-08-11
"10451",21.5673828125,2015-08-12
"10452",20.9169921875,2015-08-13
"10453",23.197265625,2015-08-14
"10454",24.1572265625,2015-08-15
"10455",24.0869140625,2015-08-16
"10456",23.3271484375,2015-08-17
"10457",23.537109375,2015-08-18
"10458",25.5673828125,2015-08-19
"10459",29.9267578125,2015-08-20
"10460",32.52734375,2015-08-21
"10461",33.9169921875,2015-08-22
"10462",34.70703125,2015-08-23
"10463",25.626953125,2015-08-24
"10464",23.6474609375,2015-08-25
"10465",21.046875,2015-08-26
"10466",21.966796875,2015-08-27
"10467",22.056640625,2015-08-28
"10468",25.70703125,2015-08-29
"10469",25.4169921875,2015-08-30
"10470",26.8271484375,2015-08-31
"10471",32.7666015625,2015-09-01
"10472",29.1865234375,2015-09-02
"10473",24.037109375,2015-09-03
"10474",24.8369140625,2015-09-04
"10475",24.95703125,2015-09-05
"10476",28.1572265625,2015-09-06
"10477",29.3271484375,2015-09-07
"10478",26.13671875,2015-09-08
"10479",25.697265625,2015-09-09
"10480",27.2666015625,2015-09-10
"10481",29.466796875,2015-09-11
"10482",31.45703125,2015-09-12
"10483",32.45703125,2015-09-13
"10484",33.537109375,2015-09-14
"10485",34.4267578125,2015-09-15
"10486",33.6669921875,2015-09-16
"10487",27.287109375,2015-09-17
"10488",26.9873046875,2015-09-18
"10489",26.8466796875,2015-09-19
"10490",28.38671875,2015-09-20
"10491",30.376953125,2015-09-21
"10492",29.6572265625,2015-09-22
"10493",26.7470703125,2015-09-23
"10494",24.8369140625,2015-09-24
"10495",26.537109375,2015-09-25
"10496",28.9873046875,2015-09-26
"10497",31.2470703125,2015-09-27
"10498",32.1865234375,2015-09-28
"10499",32.197265625,2015-09-29
"10500",33.447265625,2015-09-30
"10501",35.552734375,2015-10-01
"10502",34.953125,2015-10-02
"10503",34.4228515625,2015-10-03
"10504",33.79296875,2015-10-04
"10505",34.36328125,2015-10-05
"10506",35.3525390625,2015-10-06
"10507",35.8330078125,2015-10-07
"10508",35.7529296875,2015-10-08
"10509",34.1328125,2015-10-09
"10510",34.8525390625,2015-10-10
"10511",35.642578125,2015-10-11
"10512",37.79296875,2015-10-12
"10513",36.9931640625,2015-10-13
"10514",36.79296875,2015-10-14
"10515",39.0732421875,2015-10-15
"10516",37.7529296875,2015-10-16
"10517",36.79296875,2015-10-17
"10518",37.453125,2015-10-18
"10519",38.2529296875,2015-10-19
"10520",38.7333984375,2015-10-20
"10521",37.703125,2015-10-21
"10522",34.953125,2015-10-22
"10523",34.6826171875,2015-10-23
"10524",36.8134765625,2015-10-24
"10525",39.6630859375,2015-10-25
"10526",41.0634765625,2015-10-26
"10527",41.7431640625,2015-10-27
"10528",40.552734375,2015-10-28
"10529",40.22265625,2015-10-29
"10530",40.7333984375,2015-10-30
"10531",39.3330078125,2015-10-31
"10532",40.6884765625,2015-11-01
"10533",40.3076171875,2015-11-02
"10534",34.158203125,2015-11-03
"10535",36.9384765625,2015-11-04
"10536",36.828125,2015-11-05
"10537",37.017578125,2015-11-06
"10538",37.177734375,2015-11-07
"10539",38.2880859375,2015-11-08
"10540",37.587890625,2015-11-09
"10541",39.3779296875,2015-11-10
"10542",42.0380859375,2015-11-11
"10543",41.6376953125,2015-11-12
"10544",41.9775390625,2015-11-13
"10545",36.7578125,2015-11-14
"10546",34.09765625,2015-11-15
"10547",35.0478515625,2015-11-16
"10548",37.6279296875,2015-11-17
"10549",40.0576171875,2015-11-18
"10550",41.0078125,2015-11-19
"10551",41.267578125,2015-11-20
"10552",41.7880859375,2015-11-21
"10553",40.6279296875,2015-11-22
"10554",39.267578125,2015-11-23
"10555",39.7177734375,2015-11-24
"10556",44.158203125,2015-11-25
"10557",42.3779296875,2015-11-26
"10558",39.0380859375,2015-11-27
"10559",41.4384765625,2015-11-28
"10560",41.6083984375,2015-11-29
"10561",39.2578125,2015-11-30
"10562",32.689453125,2015-12-01
"10563",36.689453125,2015-12-02
"10564",39.359375,2015-12-03
"10565",42.0986328125,2015-12-04
"10566",43.388671875,2015-12-05
"10567",44.3193359375,2015-12-06
"10568",40.859375,2015-12-07
"10569",40.0986328125,2015-12-08
"10570",41.6591796875,2015-12-09
"10571",41.6787109375,2015-12-10
"10572",40.0693359375,2015-12-11
"10573",36.6494140625,2015-12-12
"10574",38.37890625,2015-12-13
"10575",41.69921875,2015-12-14
"10576",42.3994140625,2015-12-15
"10577",36.19921875,2015-12-16
"10578",32.728515625,2015-12-17
"10579",36.8994140625,2015-12-18
"10580",37.9990234375,2015-12-19
"10581",38.6787109375,2015-12-20
"10582",39.55859375,2015-12-21
"10583",39.7392578125,2015-12-22
"10584",42.279296875,2015-12-23
"10585",41.8193359375,2015-12-24
"10586",42.46875,2015-12-25
"10587",35.619140625,2015-12-26
"10588",33.8486328125,2015-12-27
"10589",30.7392578125,2015-12-28
"10590",34.8291015625,2015-12-29
"10591",31.1494140625,2015-12-30
"10592",31.87890625,2015-12-31
"10593",29.0771484375,2016-01-01
"10594",28.287109375,2016-01-02
"10595",35.3369140625,2016-01-03
"10596",37.6171875,2016-01-04
"10597",37.27734375,2016-01-05
"10598",37.6572265625,2016-01-06
"10599",38.88671875,2016-01-07
"10600",39.716796875,2016-01-08
"10601",41.2666015625,2016-01-09
"10602",42.037109375,2016-01-10
"10603",43.27734375,2016-01-11
"10604",41.3271484375,2016-01-12
"10605",39.9267578125,2016-01-13
"10606",39.546875,2016-01-14
"10607",35.3974609375,2016-01-15
"10608",37.2373046875,2016-01-16
"10609",40.2666015625,2016-01-17
"10610",40.9169921875,2016-01-18
"10611",41.5869140625,2016-01-19
"10612",41.056640625,2016-01-20
"10613",38.70703125,2016-01-21
"10614",41.4970703125,2016-01-22
"10615",42.1865234375,2016-01-23
"10616",40.466796875,2016-01-24
"10617",41.4970703125,2016-01-25
"10618",41.95703125,2016-01-26
"10619",42.9267578125,2016-01-27
"10620",41.806640625,2016-01-28
"10621",38.537109375,2016-01-29
"10622",36.27734375,2016-01-30
"10623",39.4169921875,2016-01-31
"10624",39.2275390625,2016-02-01
"10625",39.91796875,2016-02-02
"10626",24.0478515625,2016-02-03
"10627",33.587890625,2016-02-04
"10628",34.7578125,2016-02-05
"10629",37.5380859375,2016-02-06
"10630",36.8984375,2016-02-07
"10631",37.408203125,2016-02-08
"10632",39.1279296875,2016-02-09
"10633",38.818359375,2016-02-10
"10634",39.2880859375,2016-02-11
"10635",40.7978515625,2016-02-12
"10636",42.068359375,2016-02-13
"10637",42.4384765625,2016-02-14
"10638",42.998046875,2016-02-15
"10639",39.8681640625,2016-02-16
"10640",34.767578125,2016-02-17
"10641",36.4775390625,2016-02-18
"10642",37.7080078125,2016-02-19
"10643",40.6484375,2016-02-20
"10644",42.5576171875,2016-02-21
"10645",41.8681640625,2016-02-22
"10646",41.09765625,2016-02-23
"10647",41.7080078125,2016-02-24
"10648",40.8984375,2016-02-25
"10649",41.0380859375,2016-02-26
"10650",42.0478515625,2016-02-27
"10651",40.6982421875,2016-02-28
"10652",39.2783203125,2016-02-29
"10653",41.201171875,2016-03-01
"10654",42.3505859375,2016-03-02
"10655",38.6806640625,2016-03-03
"10656",38.9912109375,2016-03-04
"10657",36.3408203125,2016-03-05
"10658",36.970703125,2016-03-06
"10659",37.4013671875,2016-03-07
"10660",38.140625,2016-03-08
"10661",34.701171875,2016-03-09
"10662",32.9306640625,2016-03-10
"10663",33.1611328125,2016-03-11
"10664",31.791015625,2016-03-12
"10665",32.771484375,2016-03-13
"10666",36.37109375,2016-03-14
"10667",36.720703125,2016-03-15
"10668",37.1005859375,2016-03-16
"10669",37.271484375,2016-03-17
"10670",37.80078125,2016-03-18
"10671",33.9912109375,2016-03-19
"10672",32.451171875,2016-03-20
"10673",32.130859375,2016-03-21
"10674",32.451171875,2016-03-22
"10675",34.861328125,2016-03-23
"10676",36.9208984375,2016-03-24
"10677",38.8310546875,2016-03-25
"10678",37.861328125,2016-03-26
"10679",36.7412109375,2016-03-27
"10680",37.7412109375,2016-03-28
"10681",35.80078125,2016-03-29
"10682",31.201171875,2016-03-30
"10683",30.6708984375,2016-03-31
"10684",33.6181640625,2016-04-01
"10685",35.328125,2016-04-02
"10686",36.2978515625,2016-04-03
"10687",36.9384765625,2016-04-04
"10688",37.1181640625,2016-04-05
"10689",38.8076171875,2016-04-06
"10690",37.2880859375,2016-04-07
"10691",36.16796875,2016-04-08
"10692",36.6279296875,2016-04-09
"10693",35.828125,2016-04-10
"10694",32.7080078125,2016-04-11
"10695",31.6484375,2016-04-12
"10696",33.677734375,2016-04-13
"10697",34.7880859375,2016-04-14
"10698",34.7978515625,2016-04-15
"10699",34.8076171875,2016-04-16
"10700",33.677734375,2016-04-17
"10701",34.1484375,2016-04-18
"10702",35.2275390625,2016-04-19
"10703",36.177734375,2016-04-20
"10704",36.0078125,2016-04-21
"10705",34.6982421875,2016-04-22
"10706",32.2275390625,2016-04-23
"10707",30.767578125,2016-04-24
"10708",32.7783203125,2016-04-25
"10709",31.9482421875,2016-04-26
"10710",32.2177734375,2016-04-27
"10711",33.498046875,2016-04-28
"10712",35.7783203125,2016-04-29
"10713",35.8984375,2016-04-30
"10714",35.9921875,2016-05-01
"10715",27.5517578125,2016-05-02
"10716",23.65234375,2016-05-03
"10717",29.5322265625,2016-05-04
"10718",31.01171875,2016-05-05
"10719",33.2119140625,2016-05-06
"10720",34.3515625,2016-05-07
"10721",34.01171875,2016-05-08
"10722",22.8515625,2016-05-09
"10723",20.421875,2016-05-10
"10724",21.8017578125,2016-05-11
"10725",24.1015625,2016-05-12
"10726",27.7119140625,2016-05-13
"10727",29.6123046875,2016-05-14
"10728",29.5322265625,2016-05-15
"10729",30.7021484375,2016-05-16
"10730",30.8916015625,2016-05-17
"10731",30.1923828125,2016-05-18
"10732",29.1416015625,2016-05-19
"10733",28.822265625,2016-05-20
"10734",31.572265625,2016-05-21
"10735",32.181640625,2016-05-22
"10736",29.58203125,2016-05-23
"10737",28.591796875,2016-05-24
"10738",32.171875,2016-05-25
"10739",33.4521484375,2016-05-26
"10740",25.921875,2016-05-27
"10741",22.7822265625,2016-05-28
"10742",25.822265625,2016-05-29
"10743",28.5322265625,2016-05-30
"10744",20.4423828125,2016-05-31
"10745",23.6904296875,2016-06-01
"10746",24.75,2016-06-02
"10747",18.740234375,2016-06-03
"10748",20.2802734375,2016-06-04
"10749",22.1796875,2016-06-05
"10750",24,2016-06-06
"10751",27.7802734375,2016-06-07
"10752",34.1201171875,2016-06-08
"10753",20.8798828125,2016-06-09
"10754",20.8896484375,2016-06-10
"10755",19.5302734375,2016-06-11
"10756",19.58984375,2016-06-12
"10757",21.4501953125,2016-06-13
"10758",25.759765625,2016-06-14
"10759",27.990234375,2016-06-15
"10760",28.3095703125,2016-06-16
"10761",25.2197265625,2016-06-17
"10762",16.75,2016-06-18
"10763",18.900390625,2016-06-19
"10764",18.75,2016-06-20
"10765",22.8798828125,2016-06-21
"10766",25.01953125,2016-06-22
"10767",26.9296875,2016-06-23
"10768",18.9501953125,2016-06-24
"10769",20.01953125,2016-06-25
"10770",21.5302734375,2016-06-26
"10771",15.9404296875,2016-06-27
"10772",17.3896484375,2016-06-28
"10773",21.1298828125,2016-06-29
"10774",23.8701171875,2016-06-30
"10775",22.19140625,2016-07-01
"10776",18.0712890625,2016-07-02
"10777",20.861328125,2016-07-03
"10778",23.78125,2016-07-04
"10779",18.2509765625,2016-07-05
"10780",16.7509765625,2016-07-06
"10781",19.4814453125,2016-07-07
"10782",22.5107421875,2016-07-08
"10783",24.53125,2016-07-09
"10784",30.880859375,2016-07-10
"10785",23.8408203125,2016-07-11
"10786",16.5107421875,2016-07-12
"10787",13.361328125,2016-07-13
"10788",11.8310546875,2016-07-14
"10789",17.53125,2016-07-15
"10790",17.3408203125,2016-07-16
"10791",17.041015625,2016-07-17
"10792",24.62109375,2016-07-18
"10793",25.6611328125,2016-07-19
"10794",26.630859375,2016-07-20
"10795",28.4609375,2016-07-21
"10796",30.5712890625,2016-07-22
"10797",22.3310546875,2016-07-23
"10798",24.37109375,2016-07-24
"10799",20.5810546875,2016-07-25
"10800",18.1005859375,2016-07-26
"10801",21.890625,2016-07-27
"10802",21.861328125,2016-07-28
"10803",23.390625,2016-07-29
"10804",24.060546875,2016-07-30
"10805",25.8408203125,2016-07-31
"10806",29.02734375,2016-08-01
"10807",17.806640625,2016-08-02
"10808",17.876953125,2016-08-03
"10809",20.2265625,2016-08-04
"10810",21.9873046875,2016-08-05
"10811",24.7666015625,2016-08-06
"10812",25.9365234375,2016-08-07
"10813",27.5966796875,2016-08-08
"10814",29.8974609375,2016-08-09
"10815",30.3369140625,2016-08-10
"10816",23.107421875,2016-08-11
"10817",25.796875,2016-08-12
"10818",25.5966796875,2016-08-13
"10819",23.6767578125,2016-08-14
"10820",26.947265625,2016-08-15
"10821",27.13671875,2016-08-16
"10822",27.9970703125,2016-08-17
"10823",29.1171875,2016-08-18
"10824",29.1572265625,2016-08-19
"10825",23.5966796875,2016-08-20
"10826",25.3369140625,2016-08-21
"10827",23.6572265625,2016-08-22
"10828",19.5869140625,2016-08-23
"10829",18.9970703125,2016-08-24
"10830",19.537109375,2016-08-25
"10831",20.9765625,2016-08-26
"10832",22.107421875,2016-08-27
"10833",25.787109375,2016-08-28
"10834",31.7373046875,2016-08-29
"10835",31.2373046875,2016-08-30
"10836",27.02734375,2016-08-31
"10837",28.9970703125,2016-09-01
"10838",21.88671875,2016-09-02
"10839",22.796875,2016-09-03
"10840",22.20703125,2016-09-04
"10841",24.697265625,2016-09-05
"10842",28.1171875,2016-09-06
"10843",30.5166015625,2016-09-07
"10844",32.4970703125,2016-09-08
"10845",28.537109375,2016-09-09
"10846",24.5869140625,2016-09-10
"10847",28.1171875,2016-09-11
"10848",30.447265625,2016-09-12
"10849",33.287109375,2016-09-13
"10850",18.1669921875,2016-09-14
"10851",13.6171875,2016-09-15
"10852",23.8271484375,2016-09-16
"10853",25.466796875,2016-09-17
"10854",19.20703125,2016-09-18
"10855",24.2373046875,2016-09-19
"10856",21.046875,2016-09-20
"10857",20.6572265625,2016-09-21
"10858",21.7265625,2016-09-22
"10859",25.9267578125,2016-09-23
"10860",34.1474609375,2016-09-24
"10861",26.20703125,2016-09-25
"10862",28.216796875,2016-09-26
"10863",22.6669921875,2016-09-27
"10864",23.8466796875,2016-09-28
"10865",22.287109375,2016-09-29
"10866",26.0869140625,2016-09-30
"10867",31.693359375,2016-10-01
"10868",24.283203125,2016-10-02
"10869",24.3525390625,2016-10-03
"10870",27.2431640625,2016-10-04
"10871",28.1826171875,2016-10-05
"10872",30.642578125,2016-10-06
"10873",33.552734375,2016-10-07
"10874",34.193359375,2016-10-08
"10875",35.72265625,2016-10-09
"10876",34.9228515625,2016-10-10
"10877",24.1025390625,2016-10-11
"10878",26.3525390625,2016-10-12
"10879",27.193359375,2016-10-13
"10880",28.533203125,2016-10-14
"10881",31.7529296875,2016-10-15
"10882",36.693359375,2016-10-16
"10883",24.4833984375,2016-10-17
"10884",28.623046875,2016-10-18
"10885",31.6328125,2016-10-19
"10886",34.623046875,2016-10-20
"10887",39.9130859375,2016-10-21
"10888",20.3828125,2016-10-22
"10889",25.2734375,2016-10-23
"10890",28.36328125,2016-10-24
"10891",32.2333984375,2016-10-25
"10892",37.392578125,2016-10-26
"10893",36.8134765625,2016-10-27
"10894",34.9931640625,2016-10-28
"10895",36.9033203125,2016-10-29
"10896",41.86328125,2016-10-30
"10897",32.0634765625,2016-10-31
"10898",27.0478515625,2016-11-01
"10899",29.9580078125,2016-11-02
"10900",34.587890625,2016-11-03
"10901",35.9775390625,2016-11-04
"10902",36.9580078125,2016-11-05
"10903",37.587890625,2016-11-06
"10904",40.8779296875,2016-11-07
"10905",41.2080078125,2016-11-08
"10906",40.427734375,2016-11-09
"10907",33.498046875,2016-11-10
"10908",37.48828125,2016-11-11
"10909",33.34765625,2016-11-12
"10910",30.7783203125,2016-11-13
"10911",29.8681640625,2016-11-14
"10912",32.267578125,2016-11-15
"10913",34.6279296875,2016-11-16
"10914",37.9677734375,2016-11-17
"10915",38.09765625,2016-11-18
"10916",38.4482421875,2016-11-19
"10917",39.087890625,2016-11-20
"10918",39.4580078125,2016-11-21
"10919",38.6884765625,2016-11-22
"10920",39.267578125,2016-11-23
"10921",36.98828125,2016-11-24
"10922",37.3583984375,2016-11-25
"10923",37.068359375,2016-11-26
"10924",37.658203125,2016-11-27
"10925",38.6279296875,2016-11-28
"10926",39.837890625,2016-11-29
"10927",41.068359375,2016-11-30
"10928",43.0087890625,2016-12-01
"10929",44.119140625,2016-12-02
"10930",42.779296875,2016-12-03
"10931",41.87890625,2016-12-04
"10932",43.298828125,2016-12-05
"10933",42.548828125,2016-12-06
"10934",39.939453125,2016-12-07
"10935",34.859375,2016-12-08
"10936",32.708984375,2016-12-09
"10937",36.5888671875,2016-12-10
"10938",38.21875,2016-12-11
"10939",37.6494140625,2016-12-12
"10940",39.19921875,2016-12-13
"10941",41.689453125,2016-12-14
"10942",38.3193359375,2016-12-15
"10943",37.208984375,2016-12-16
"10944",37.9892578125,2016-12-17
"10945",40.869140625,2016-12-18
"10946",41.798828125,2016-12-19
"10947",41.0185546875,2016-12-20
"10948",37.1494140625,2016-12-21
"10949",26.8486328125,2016-12-22
"10950",30.9287109375,2016-12-23
"10951",30.9990234375,2016-12-24
"10952",34.1494140625,2016-12-25
"10953",34.3193359375,2016-12-26
"10954",35.529296875,2016-12-27
"10955",36.0087890625,2016-12-28
"10956",38.708984375,2016-12-29
"10957",36.478515625,2016-12-30
"10958",38.298828125,2016-12-31
"10959",38.5166015625,2017-01-01
"10960",37.45703125,2017-01-02
"10961",38.966796875,2017-01-03
"10962",38.9765625,2017-01-04
"10963",38.1171875,2017-01-05
"10964",39.1572265625,2017-01-06
"10965",37.796875,2017-01-07
"10966",39.7373046875,2017-01-08
"10967",38.1767578125,2017-01-09
"10968",38.947265625,2017-01-10
"10969",35.4873046875,2017-01-11
"10970",40.5166015625,2017-01-12
"10971",37.8671875,2017-01-13
"10972",35.947265625,2017-01-14
"10973",36.5068359375,2017-01-15
"10974",36.3671875,2017-01-16
"10975",35.70703125,2017-01-17
"10976",37.546875,2017-01-18
"10977",39.2666015625,2017-01-19
"10978",39.20703125,2017-01-20
"10979",38.7568359375,2017-01-21
"10980",37.9873046875,2017-01-22
"10981",37.5673828125,2017-01-23
"10982",37.27734375,2017-01-24
"10983",38.2265625,2017-01-25
"10984",40.306640625,2017-01-26
"10985",41.8466796875,2017-01-27
"10986",42.056640625,2017-01-28
"10987",42.0166015625,2017-01-29
"10988",41.7568359375,2017-01-30
"10989",40.4970703125,2017-01-31
"10990",39.087890625,2017-02-01
"10991",36.927734375,2017-02-02
"10992",40.7275390625,2017-02-03
"10993",40.6083984375,2017-02-04
"10994",40.6484375,2017-02-05
"10995",39.837890625,2017-02-06
"10996",41.677734375,2017-02-07
"10997",41.7880859375,2017-02-08
"10998",41.5380859375,2017-02-09
"10999",41.48828125,2017-02-10
"11000",42.4482421875,2017-02-11
"11001",42.66796875,2017-02-12
"11002",41.177734375,2017-02-13
"11003",39.9580078125,2017-02-14
"11004",40.2275390625,2017-02-15
"11005",40.828125,2017-02-16
"11006",42.0478515625,2017-02-17
"11007",37.2978515625,2017-02-18
"11008",33.068359375,2017-02-19
"11009",33.318359375,2017-02-20
"11010",37.9580078125,2017-02-21
"11011",37.91796875,2017-02-22
"11012",35.0380859375,2017-02-23
"11013",37.408203125,2017-02-24
"11014",41.068359375,2017-02-25
"11015",40.8583984375,2017-02-26
"11016",40.2880859375,2017-02-27
"11017",40.9775390625,2017-02-28
"11018",40.541015625,2017-03-01
"11019",40.8310546875,2017-03-02
"11020",40.640625,2017-03-03
"11021",40.361328125,2017-03-04
"11022",40.7412109375,2017-03-05
"11023",42.201171875,2017-03-06
"11024",38.0107421875,2017-03-07
"11025",37.19140625,2017-03-08
"11026",39.6611328125,2017-03-09
"11027",38.5810546875,2017-03-10
"11028",40.03125,2017-03-11
"11029",41.1806640625,2017-03-12
"11030",36.6806640625,2017-03-13
"11031",37.291015625,2017-03-14
"11032",39.1708984375,2017-03-15
"11033",39.94140625,2017-03-16
"11034",40.8310546875,2017-03-17
"11035",41.4306640625,2017-03-18
"11036",39.9609375,2017-03-19
"11037",39.861328125,2017-03-20
"11038",41.0009765625,2017-03-21
"11039",41.7607421875,2017-03-22
"11040",40.5712890625,2017-03-23
"11041",41.4814453125,2017-03-24
"11042",41.201171875,2017-03-25
"11043",41.55078125,2017-03-26
"11044",41.970703125,2017-03-27
"11045",42.8310546875,2017-03-28
"11046",41.720703125,2017-03-29
"11047",31.0107421875,2017-03-30
"11048",28.37109375,2017-03-31
"11049",29.828125,2017-04-01
"11050",32.017578125,2017-04-02
"11051",33.2783203125,2017-04-03
"11052",34.8681640625,2017-04-04
"11053",34.7880859375,2017-04-05
"11054",35.177734375,2017-04-06
"11055",35.8681640625,2017-04-07
"11056",33.3984375,2017-04-08
"11057",34.23828125,2017-04-09
"11058",30.4775390625,2017-04-10
"11059",27.6376953125,2017-04-11
"11060",31.328125,2017-04-12
"11061",33.3984375,2017-04-13
"11062",32.927734375,2017-04-14
"11063",34.9482421875,2017-04-15
"11064",35.6982421875,2017-04-16
"11065",35.658203125,2017-04-17
"11066",36.0283203125,2017-04-18
"11067",36.0478515625,2017-04-19
"11068",34.908203125,2017-04-20
"11069",34.4677734375,2017-04-21
"11070",34.5078125,2017-04-22
"11071",34.498046875,2017-04-23
"11072",35.8076171875,2017-04-24
"11073",36.0078125,2017-04-25
"11074",25.98828125,2017-04-26
"11075",23.2880859375,2017-04-27
"11076",26.177734375,2017-04-28
"11077",24.7578125,2017-04-29
"11078",28.84765625,2017-04-30
"11079",29.931640625,2017-05-01
"11080",28.2119140625,2017-05-02
"11081",26.9423828125,2017-05-03
"11082",28.8720703125,2017-05-04
"11083",32.6220703125,2017-05-05
"11084",32.5615234375,2017-05-06
"11085",31.732421875,2017-05-07
"11086",29.341796875,2017-05-08
"11087",27.2119140625,2017-05-09
"11088",26.51171875,2017-05-10
"11089",28.2822265625,2017-05-11
"11090",27.7421875,2017-05-12
"11091",28.431640625,2017-05-13
"11092",30.501953125,2017-05-14
"11093",30.0615234375,2017-05-15
"11094",31.3623046875,2017-05-16
"11095",33.251953125,2017-05-17
"11096",29.681640625,2017-05-18
"11097",26.9716796875,2017-05-19
"11098",27.4716796875,2017-05-20
"11099",28.7421875,2017-05-21
"11100",31.482421875,2017-05-22
"11101",33.15234375,2017-05-23
"11102",29.751953125,2017-05-24
"11103",29.51171875,2017-05-25
"11104",27.0615234375,2017-05-26
"11105",29.6015625,2017-05-27
"11106",28.9521484375,2017-05-28
"11107",21.6220703125,2017-05-29
"11108",22.7724609375,2017-05-30
"11109",22.1923828125,2017-05-31
"11110",21.759765625,2017-06-01
"11111",22.5498046875,2017-06-02
"11112",24.83984375,2017-06-03
"11113",25.2998046875,2017-06-04
"11114",24.1103515625,2017-06-05
"11115",22.3701171875,2017-06-06
"11116",21.23046875,2017-06-07
"11117",20.7197265625,2017-06-08
"11118",21.150390625,2017-06-09
"11119",20.48046875,2017-06-10
"11120",20.009765625,2017-06-11
"11121",22.3798828125,2017-06-12
"11122",22.9296875,2017-06-13
"11123",24.849609375,2017-06-14
"11124",26.8603515625,2017-06-15
"11125",27.0302734375,2017-06-16
"11126",25.8095703125,2017-06-17
"11127",25.4697265625,2017-06-18
"11128",24.5703125,2017-06-19
"11129",26.2001953125,2017-06-20
"11130",27.169921875,2017-06-21
"11131",27.7998046875,2017-06-22
"11132",27.580078125,2017-06-23
"11133",28.01953125,2017-06-24
"11134",28.26953125,2017-06-25
"11135",28.669921875,2017-06-26
"11136",29.73046875,2017-06-27
"11137",26.48046875,2017-06-28
"11138",19.4501953125,2017-06-29
"11139",19.509765625,2017-06-30
"11140",24.111328125,2017-07-01
"11141",27.951171875,2017-07-02
"11142",29.060546875,2017-07-03
"11143",29.2412109375,2017-07-04
"11144",29.3212890625,2017-07-05
"11145",29.451171875,2017-07-06
"11146",20.810546875,2017-07-07
"11147",19.9208984375,2017-07-08
"11148",15.2412109375,2017-07-09
"11149",19.4306640625,2017-07-10
"11150",23.2314453125,2017-07-11
"11151",26.05078125,2017-07-12
"11152",27.2412109375,2017-07-13
"11153",27.2109375,2017-07-14
"11154",22.2607421875,2017-07-15
"11155",23.7412109375,2017-07-16
"11156",27.9306640625,2017-07-17
"11157",27.3310546875,2017-07-18
"11158",19.810546875,2017-07-19
"11159",20.220703125,2017-07-20
"11160",21.951171875,2017-07-21
"11161",23.021484375,2017-07-22
"11162",25.12109375,2017-07-23
"11163",26.8408203125,2017-07-24
"11164",27.8505859375,2017-07-25
"11165",28.4013671875,2017-07-26
"11166",28.2509765625,2017-07-27
"11167",28.4814453125,2017-07-28
"11168",28.791015625,2017-07-29
"11169",30.8408203125,2017-07-30
"11170",23.5908203125,2017-07-31
"11171",27.88671875,2017-08-01
"11172",29.6669921875,2017-08-02
"11173",21.787109375,2017-08-03
"11174",21.806640625,2017-08-04
"11175",22.7265625,2017-08-05
"11176",25.4267578125,2017-08-06
"11177",24.8671875,2017-08-07
"11178",23.0673828125,2017-08-08
"11179",27.466796875,2017-08-09
"11180",31.1865234375,2017-08-10
"11181",28.8369140625,2017-08-11
"11182",30.2568359375,2017-08-12
"11183",31.7666015625,2017-08-13
"11184",32.52734375,2017-08-14
"11185",33.0166015625,2017-08-15
"11186",30.9765625,2017-08-16
"11187",31.9365234375,2017-08-17
"11188",27.306640625,2017-08-18
"11189",25.3671875,2017-08-19
"11190",27.5068359375,2017-08-20
"11191",29.697265625,2017-08-21
"11192",25.857421875,2017-08-22
"11193",27.63671875,2017-08-23
"11194",24.556640625,2017-08-24
"11195",23.037109375,2017-08-25
"11196",24.447265625,2017-08-26
"11197",24.0869140625,2017-08-27
"11198",22.966796875,2017-08-28
"11199",22.1474609375,2017-08-29
"11200",23.3369140625,2017-08-30
"11201",26.806640625,2017-08-31
"11202",30.1171875,2017-09-01
"11203",32.70703125,2017-09-02
"11204",28.466796875,2017-09-03
"11205",24.197265625,2017-09-04
"11206",25.037109375,2017-09-05
"11207",24.546875,2017-09-06
"11208",25.45703125,2017-09-07
"11209",26.3173828125,2017-09-08
"11210",25.95703125,2017-09-09
"11211",29.0966796875,2017-09-10
"11212",33.3974609375,2017-09-11
"11213",35.7265625,2017-09-12
"11214",34.197265625,2017-09-13
"11215",23.8974609375,2017-09-14
"11216",26.88671875,2017-09-15
"11217",28.2568359375,2017-09-16
"11218",30.216796875,2017-09-17
"11219",33.6669921875,2017-09-18
"11220",32.2265625,2017-09-19
"11221",33.0673828125,2017-09-20
"11222",37.1572265625,2017-09-21
"11223",38.806640625,2017-09-22
"11224",39.4169921875,2017-09-23
"11225",38.466796875,2017-09-24
"11226",40.046875,2017-09-25
"11227",39.7568359375,2017-09-26
"11228",41.0771484375,2017-09-27
"11229",35.787109375,2017-09-28
"11230",38.0869140625,2017-09-29
"11231",32.607421875,2017-09-30
"11232",26.693359375,2017-10-01
"11233",28.5126953125,2017-10-02
"11234",31.7734375,2017-10-03
"11235",34.712890625,2017-10-04
"11236",37.552734375,2017-10-05
"11237",38.3427734375,2017-10-06
"11238",39.0126953125,2017-10-07
"11239",35.8828125,2017-10-08
"11240",39.4833984375,2017-10-09
"11241",40.552734375,2017-10-10
"11242",33.9931640625,2017-10-11
"11243",33.47265625,2017-10-12
"11244",33.1728515625,2017-10-13
"11245",34.453125,2017-10-14
"11246",35.8525390625,2017-10-15
"11247",35.203125,2017-10-16
"11248",34.623046875,2017-10-17
"11249",36.1328125,2017-10-18
"11250",37.0634765625,2017-10-19
"11251",33.6728515625,2017-10-20
"11252",31.552734375,2017-10-21
"11253",31.4033203125,2017-10-22
"11254",31.7333984375,2017-10-23
"11255",36.11328125,2017-10-24
"11256",41.3330078125,2017-10-25
"11257",39.7431640625,2017-10-26
"11258",42.1533203125,2017-10-27
"11259",34.54296875,2017-10-28
"11260",39.9033203125,2017-10-29
"11261",31.4931640625,2017-10-30
"11262",29.943359375,2017-10-31
"11263",30.5576171875,2017-11-01
"11264",33.2783203125,2017-11-02
"11265",35.818359375,2017-11-03
"11266",39.9580078125,2017-11-04
"11267",42.248046875,2017-11-05
"11268",41.3076171875,2017-11-06
"11269",34.5576171875,2017-11-07
"11270",33.7080078125,2017-11-08
"11271",32.91796875,2017-11-09
"11272",35.73828125,2017-11-10
"11273",36.0576171875,2017-11-11
"11274",35.0576171875,2017-11-12
"11275",33.828125,2017-11-13
"11276",34.158203125,2017-11-14
"11277",37.7978515625,2017-11-15
"11278",34.98828125,2017-11-16
"11279",35.7880859375,2017-11-17
"11280",37.3681640625,2017-11-18
"11281",37.98828125,2017-11-19
"11282",37.7275390625,2017-11-20
"11283",39.9384765625,2017-11-21
"11284",37.66796875,2017-11-22
"11285",37.4482421875,2017-11-23
"11286",39.1884765625,2017-11-24
"11287",40.5478515625,2017-11-25
"11288",41.5283203125,2017-11-26
"11289",34.6484375,2017-11-27
"11290",35.4580078125,2017-11-28
"11291",38.7177734375,2017-11-29
"11292",41.7177734375,2017-11-30
"11293",40.638671875,2017-12-01
"11294",32.119140625,2017-12-02
"11295",32.4287109375,2017-12-03
"11296",30.7685546875,2017-12-04
"11297",32.5693359375,2017-12-05
"11298",35.939453125,2017-12-06
"11299",40.5986328125,2017-12-07
"11300",38.1591796875,2017-12-08
"11301",37.3994140625,2017-12-09
"11302",39.8994140625,2017-12-10
"11303",41.728515625,2017-12-11
"11304",42.87890625,2017-12-12
"11305",42.798828125,2017-12-13
"11306",40.958984375,2017-12-14
"11307",43.388671875,2017-12-15
"11308",44.46875,2017-12-16
"11309",44.029296875,2017-12-17
"11310",44.4189453125,2017-12-18
"11311",44.3291015625,2017-12-19
"11312",37.279296875,2017-12-20
"11313",39.8486328125,2017-12-21
"11314",40.689453125,2017-12-22
"11315",41.9091796875,2017-12-23
"11316",42.9091796875,2017-12-24
"11317",44.638671875,2017-12-25
"11318",42.9990234375,2017-12-26
"11319",44.21875,2017-12-27
"11320",44.5185546875,2017-12-28
"11321",45.7685546875,2017-12-29
"11322",43.46875,2017-12-30
"11323",44.3193359375,2017-12-31
"11324",44.197265625,2018-01-01
"11325",38.2373046875,2018-01-02
"11326",39.556640625,2018-01-03
"11327",40.9267578125,2018-01-04
"11328",44.2373046875,2018-01-05
"11329",41.2666015625,2018-01-06
"11330",39.7265625,2018-01-07
"11331",40.5068359375,2018-01-08
"11332",43.1171875,2018-01-09
"11333",43.8974609375,2018-01-10
"11334",43.6865234375,2018-01-11
"11335",37.3974609375,2018-01-12
"11336",41.787109375,2018-01-13
"11337",36.5068359375,2018-01-14
"11338",37.4365234375,2018-01-15
"11339",41.546875,2018-01-16
"11340",39.70703125,2018-01-17
"11341",40.1171875,2018-01-18
"11342",38.5966796875,2018-01-19
"11343",39.546875,2018-01-20
"11344",42.0068359375,2018-01-21
"11345",42.8271484375,2018-01-22
"11346",40.8671875,2018-01-23
"11347",40.6865234375,2018-01-24
"11348",41.0166015625,2018-01-25
"11349",41.20703125,2018-01-26
"11350",42.13671875,2018-01-27
"11351",42.52734375,2018-01-28
"11352",42.1767578125,2018-01-29
"11353",41.556640625,2018-01-30
"11354",41.45703125,2018-01-31
"11355",41.068359375,2018-02-01
"11356",41.2578125,2018-02-02
"11357",40.1279296875,2018-02-03
"11358",36.34765625,2018-02-04
"11359",36.3984375,2018-02-05
"11360",38.7880859375,2018-02-06
"11361",39.328125,2018-02-07
"11362",39.568359375,2018-02-08
"11363",40.3779296875,2018-02-09
"11364",41.2177734375,2018-02-10
"11365",42.4677734375,2018-02-11
"11366",44.3076171875,2018-02-12
"11367",44.248046875,2018-02-13
"11368",41.5380859375,2018-02-14
"11369",42.16796875,2018-02-15
"11370",40.6376953125,2018-02-16
"11371",42.818359375,2018-02-17
"11372",45.09765625,2018-02-18
"11373",45.3779296875,2018-02-19
"11374",44.7080078125,2018-02-20
"11375",41.6376953125,2018-02-21
"11376",40.34765625,2018-02-22
"11377",41.4677734375,2018-02-23
"11378",41.8583984375,2018-02-24
"11379",37.6376953125,2018-02-25
"11380",37.3583984375,2018-02-26
"11381",39.9580078125,2018-02-27
"11382",42.828125,2018-02-28
"11383",41.87109375,2018-03-01
"11384",37.69140625,2018-03-02
"11385",33.2607421875,2018-03-03
"11386",35.041015625,2018-03-04
"11387",35.2109375,2018-03-05
"11388",32.9912109375,2018-03-06
"11389",29.12109375,2018-03-07
"11390",24.1611328125,2018-03-08
"11391",27.470703125,2018-03-09
"11392",29.8505859375,2018-03-10
"11393",33.8505859375,2018-03-11
"11394",35.140625,2018-03-12
"11395",37.05078125,2018-03-13
"11396",36.470703125,2018-03-14
"11397",36.130859375,2018-03-15
"11398",37.8408203125,2018-03-16
"11399",39.041015625,2018-03-17
"11400",39.861328125,2018-03-18
"11401",39.611328125,2018-03-19
"11402",39.130859375,2018-03-20
"11403",38.0908203125,2018-03-21
"11404",35.861328125,2018-03-22
"11405",34.8212890625,2018-03-23
"11406",33.2314453125,2018-03-24
"11407",36.041015625,2018-03-25
"11408",34.021484375,2018-03-26
"11409",34.810546875,2018-03-27
"11410",37.791015625,2018-03-28
"11411",38.55078125,2018-03-29
"11412",38.951171875,2018-03-30
"11413",37.8408203125,2018-03-31
"11414",37.837890625,2018-04-01
"11415",38.017578125,2018-04-02
"11416",37.017578125,2018-04-03
"11417",36.4677734375,2018-04-04
"11418",35.3779296875,2018-04-05
"11419",35.41796875,2018-04-06
"11420",35.427734375,2018-04-07
"11421",36.2783203125,2018-04-08
"11422",36.408203125,2018-04-09
"11423",36.9482421875,2018-04-10
"11424",36.0478515625,2018-04-11
"11425",34.337890625,2018-04-12
"11426",35.1083984375,2018-04-13
"11427",36.0380859375,2018-04-14
"11428",32.0078125,2018-04-15
"11429",32.7275390625,2018-04-16
"11430",34.7578125,2018-04-17
"11431",35.0078125,2018-04-18
"11432",36.59765625,2018-04-19
"11433",36.6484375,2018-04-20
"11434",36.818359375,2018-04-21
"11435",33.6181640625,2018-04-22
"11436",30.73828125,2018-04-23
"11437",32.91796875,2018-04-24
"11438",32.8779296875,2018-04-25
"11439",32.748046875,2018-04-26
"11440",31.9677734375,2018-04-27
"11441",29.3876953125,2018-04-28
"11442",31.23828125,2018-04-29
"11443",31.7177734375,2018-04-30
"11444",32.7119140625,2018-05-01
"11445",33.0615234375,2018-05-02
"11446",33.8623046875,2018-05-03
"11447",22.9716796875,2018-05-04
"11448",27.171875,2018-05-05
"11449",27.8720703125,2018-05-06
"11450",28.0224609375,2018-05-07
"11451",29.3515625,2018-05-08
"11452",31.01171875,2018-05-09
"11453",27.482421875,2018-05-10
"11454",22.1416015625,2018-05-11
"11455",20.7021484375,2018-05-12
"11456",23.08203125,2018-05-13
"11457",23.6015625,2018-05-14
"11458",24.3916015625,2018-05-15
"11459",24.171875,2018-05-16
"11460",24.3515625,2018-05-17
"11461",23.90234375,2018-05-18
"11462",24.3515625,2018-05-19
"11463",25.822265625,2018-05-20
"11464",22.6416015625,2018-05-21
"11465",24.8623046875,2018-05-22
"11466",23.4716796875,2018-05-23
"11467",27.171875,2018-05-24
"11468",27.3515625,2018-05-25
"11469",29.3916015625,2018-05-26
"11470",29.931640625,2018-05-27
"11471",29.681640625,2018-05-28
"11472",29.26171875,2018-05-29
"11473",24.4619140625,2018-05-30
"11474",22.5224609375,2018-05-31
"11475",23.849609375,2018-06-01
"11476",23.4599609375,2018-06-02
"11477",21.58984375,2018-06-03
"11478",21.5498046875,2018-06-04
"11479",22.16015625,2018-06-05
"11480",24.669921875,2018-06-06
"11481",27.66015625,2018-06-07
"11482",28.669921875,2018-06-08
"11483",29.400390625,2018-06-09
"11484",30.669921875,2018-06-10
"11485",32.1201171875,2018-06-11
"11486",27.1201171875,2018-06-12
"11487",19,2018-06-13
"11488",20.3798828125,2018-06-14
"11489",21.6396484375,2018-06-15
"11490",20.8701171875,2018-06-16
"11491",18.7099609375,2018-06-17
"11492",17.669921875,2018-06-18
"11493",20.1201171875,2018-06-19
"11494",21.0400390625,2018-06-20
"11495",20.33984375,2018-06-21
"11496",22.6904296875,2018-06-22
"11497",23.7001953125,2018-06-23
"11498",25.08984375,2018-06-24
"11499",25.1796875,2018-06-25
"11500",21.990234375,2018-06-26
"11501",20.490234375,2018-06-27
"11502",23.5,2018-06-28
"11503",25.48046875,2018-06-29
"11504",22.7802734375,2018-06-30
"11505",23.0908203125,2018-07-01
"11506",23.7607421875,2018-07-02
"11507",26.310546875,2018-07-03
"11508",27.291015625,2018-07-04
"11509",28.9208984375,2018-07-05
"11510",24.8310546875,2018-07-06
"11511",19.380859375,2018-07-07
"11512",19.720703125,2018-07-08
"11513",20.05078125,2018-07-09
"11514",21.2509765625,2018-07-10
"11515",21.0009765625,2018-07-11
"11516",20.8310546875,2018-07-12
"11517",21.380859375,2018-07-13
"11518",21.1708984375,2018-07-14
"11519",23.1005859375,2018-07-15
"11520",25.9013671875,2018-07-16
"11521",26.4609375,2018-07-17
"11522",24.6708984375,2018-07-18
"11523",27.771484375,2018-07-19
"11524",19.9013671875,2018-07-20
"11525",20.111328125,2018-07-21
"11526",23.8408203125,2018-07-22
"11527",27.44140625,2018-07-23
"11528",29.361328125,2018-07-24
"11529",28.7314453125,2018-07-25
"11530",31.201171875,2018-07-26
"11531",30.8505859375,2018-07-27
"11532",26.0810546875,2018-07-28
"11533",23.810546875,2018-07-29
"11534",22.4609375,2018-07-30
"11535",24.9111328125,2018-07-31
"11536",26.287109375,2018-08-01
"11537",29.857421875,2018-08-02
"11538",19.5673828125,2018-08-03
"11539",24.3173828125,2018-08-04
"11540",31.4267578125,2018-08-05
"11541",18.9765625,2018-08-06
"11542",20.88671875,2018-08-07
"11543",22.3466796875,2018-08-08
"11544",24.546875,2018-08-09
"11545",29.056640625,2018-08-10
"11546",20.6865234375,2018-08-11
"11547",19.8671875,2018-08-12
"11548",20.6669921875,2018-08-13
"11549",24.056640625,2018-08-14
"11550",27.466796875,2018-08-15
"11551",28.6669921875,2018-08-16
"11552",28.7568359375,2018-08-17
"11553",29.4365234375,2018-08-18
"11554",21.7568359375,2018-08-19
"11555",21.3466796875,2018-08-20
"11556",24.306640625,2018-08-21
"11557",27.88671875,2018-08-22
"11558",28.13671875,2018-08-23
"11559",23.9765625,2018-08-24
"11560",24.13671875,2018-08-25
"11561",25.697265625,2018-08-26
"11562",25.9072265625,2018-08-27
"11563",27.3466796875,2018-08-28
"11564",30.63671875,2018-08-29
"11565",34.6669921875,2018-08-30
"11566",27.20703125,2018-08-31
"11567",28.3974609375,2018-09-01
"11568",27.8671875,2018-09-02
"11569",26.5068359375,2018-09-03
"11570",24.607421875,2018-09-04
"11571",28.13671875,2018-09-05
"11572",35.046875,2018-09-06
"11573",27.88671875,2018-09-07
"11574",27.5068359375,2018-09-08
"11575",26.6572265625,2018-09-09
"11576",29.466796875,2018-09-10
"11577",32.4873046875,2018-09-11
"11578",31.626953125,2018-09-12
"11579",31.796875,2018-09-13
"11580",34.4365234375,2018-09-14
"11581",33.8369140625,2018-09-15
"11582",22.7373046875,2018-09-16
"11583",26.8369140625,2018-09-17
"11584",33.9169921875,2018-09-18
"11585",26.6865234375,2018-09-19
"11586",26.947265625,2018-09-20
"11587",28.216796875,2018-09-21
"11588",31.296875,2018-09-22
"11589",32.3974609375,2018-09-23
"11590",33.056640625,2018-09-24
"11591",31.806640625,2018-09-25
"11592",32.296875,2018-09-26
"11593",34.5771484375,2018-09-27
"11594",36.3671875,2018-09-28
"11595",35.3974609375,2018-09-29
"11596",36.0673828125,2018-09-30
"11597",36.623046875,2018-10-01
"11598",37.3828125,2018-10-02
"11599",37.4130859375,2018-10-03
"11600",30.5927734375,2018-10-04
"11601",29.7431640625,2018-10-05
"11602",32.7734375,2018-10-06
"11603",36.212890625,2018-10-07
"11604",37.462890625,2018-10-08
"11605",38.0234375,2018-10-09
"11606",33.9033203125,2018-10-10
"11607",28.6533203125,2018-10-11
"11608",32.3525390625,2018-10-12
"11609",35.962890625,2018-10-13
"11610",40.1630859375,2018-10-14
"11611",37.9326171875,2018-10-15
"11612",33.6025390625,2018-10-16
"11613",31.693359375,2018-10-17
"11614",34.36328125,2018-10-18
"11615",38.5634765625,2018-10-19
"11616",32.9931640625,2018-10-20
"11617",32.9033203125,2018-10-21
"11618",37.453125,2018-10-22
"11619",40.1630859375,2018-10-23
"11620",42.0634765625,2018-10-24
"11621",42.7431640625,2018-10-25
"11622",43.4228515625,2018-10-26
"11623",42.4130859375,2018-10-27
"11624",37.7734375,2018-10-28
"11625",38.302734375,2018-10-29
"11626",39.953125,2018-10-30
"11627",41.693359375,2018-10-31
"11628",42.6279296875,2018-11-01
"11629",42.3681640625,2018-11-02
"11630",42.568359375,2018-11-03
"11631",42.7783203125,2018-11-04
"11632",41.3984375,2018-11-05
"11633",41.48828125,2018-11-06
"11634",30.59765625,2018-11-07
"11635",27.5380859375,2018-11-08
"11636",30.828125,2018-11-09
"11637",33.017578125,2018-11-10
"11638",38.087890625,2018-11-11
"11639",40.3583984375,2018-11-12
"11640",40.3779296875,2018-11-13
"11641",37.3583984375,2018-11-14
"11642",39.2880859375,2018-11-15
"11643",40.3876953125,2018-11-16
"11644",39.1376953125,2018-11-17
"11645",38.6083984375,2018-11-18
"11646",38.9482421875,2018-11-19
"11647",40.6083984375,2018-11-20
"11648",24.4775390625,2018-11-21
"11649",28.9775390625,2018-11-22
"11650",34.5380859375,2018-11-23
"11651",41.017578125,2018-11-24
"11652",38.498046875,2018-11-25
"11653",39.4580078125,2018-11-26
"11654",37.087890625,2018-11-27
"11655",32.73828125,2018-11-28
"11656",34.8984375,2018-11-29
"11657",38.3583984375,2018-11-30
"11658",42.208984375,2018-12-01
"11659",41.138671875,2018-12-02
"11660",37.6591796875,2018-12-03
"11661",38.2587890625,2018-12-04
"11662",39.7685546875,2018-12-05
"11663",41.619140625,2018-12-06
"11664",39.548828125,2018-12-07
"11665",40.1494140625,2018-12-08
"11666",40.71875,2018-12-09
"11667",41.708984375,2018-12-10
"11668",43.2587890625,2018-12-11
"11669",44.55859375,2018-12-12
"11670",38.4892578125,2018-12-13
"11671",35.228515625,2018-12-14
"11672",34.8486328125,2018-12-15
"11673",37.9892578125,2018-12-16
"11674",40.62890625,2018-12-17
"11675",44.228515625,2018-12-18
"11676",45.708984375,2018-12-19
"11677",45.4091796875,2018-12-20
"11678",43.12890625,2018-12-21
"11679",39.208984375,2018-12-22
"11680",38.298828125,2018-12-23
"11681",42.208984375,2018-12-24
"11682",42.869140625,2018-12-25
"11683",43.0390625,2018-12-26
"11684",42.96875,2018-12-27
"11685",43.109375,2018-12-28
"11686",43.2587890625,2018-12-29
"11687",42.8291015625,2018-12-30
"11688",43.048828125,2018-12-31
"11689",42.3173828125,2019-01-01
"11690",43.5966796875,2019-01-02
"11691",43.3271484375,2019-01-03
"11692",43.7666015625,2019-01-04
"11693",42.5673828125,2019-01-05
"11694",41.626953125,2019-01-06
"11695",41.5869140625,2019-01-07
"11696",42.1572265625,2019-01-08
"11697",41.4765625,2019-01-09
"11698",43.546875,2019-01-10
"11699",43.376953125,2019-01-11
"11700",43.9765625,2019-01-12
"11701",44.216796875,2019-01-13
"11702",43.52734375,2019-01-14
"11703",43.4072265625,2019-01-15
"11704",42.6767578125,2019-01-16
"11705",44.287109375,2019-01-17
"11706",44.45703125,2019-01-18
"11707",44.4970703125,2019-01-19
"11708",44.0771484375,2019-01-20
"11709",43.0166015625,2019-01-21
"11710",43.5673828125,2019-01-22
"11711",44.4169921875,2019-01-23
"11712",44.6865234375,2019-01-24
"11713",43.7470703125,2019-01-25
"11714",42.1767578125,2019-01-26
"11715",41.876953125,2019-01-27
"11716",41.556640625,2019-01-28
"11717",38.126953125,2019-01-29
"11718",37.45703125,2019-01-30
"11719",32.9873046875,2019-01-31
"11720",28.2578125,2019-02-01
"11721",27.8681640625,2019-02-02
"11722",30.587890625,2019-02-03
"11723",31.408203125,2019-02-04
"11724",31.2783203125,2019-02-05
"11725",31.2578125,2019-02-06
"11726",34.4775390625,2019-02-07
"11727",37.8984375,2019-02-08
"11728",35.98828125,2019-02-09
"11729",35.5283203125,2019-02-10
"11730",38.3076171875,2019-02-11
"11731",41.837890625,2019-02-12
"11732",37.2578125,2019-02-13
"11733",33.8779296875,2019-02-14
"11734",35.837890625,2019-02-15
"11735",38.2978515625,2019-02-16
"11736",40.4677734375,2019-02-17
"11737",42.4677734375,2019-02-18
"11738",43.1376953125,2019-02-19
"11739",39.908203125,2019-02-20
"11740",37.1376953125,2019-02-21
"11741",37.7578125,2019-02-22
"11742",40.91796875,2019-02-23
"11743",40.158203125,2019-02-24
"11744",37.4775390625,2019-02-25
"11745",36.6484375,2019-02-26
"11746",37.568359375,2019-02-27
"11747",38.09765625,2019-02-28
"11748",37.2412109375,2019-03-01
"11749",37.060546875,2019-03-02
"11750",37.6806640625,2019-03-03
"11751",37.9208984375,2019-03-04
"11752",38.640625,2019-03-05
"11753",39.630859375,2019-03-06
"11754",37.201171875,2019-03-07
"11755",38.130859375,2019-03-08
"11756",39.9306640625,2019-03-09
"11757",41.0009765625,2019-03-10
"11758",43.201171875,2019-03-11
"11759",43.0107421875,2019-03-12
"11760",41.291015625,2019-03-13
"11761",39.1806640625,2019-03-14
"11762",37.69140625,2019-03-15
"11763",36.4111328125,2019-03-16
"11764",36.37109375,2019-03-17
"11765",38.0810546875,2019-03-18
"11766",39.9013671875,2019-03-19
"11767",40.05078125,2019-03-20
"11768",39.9912109375,2019-03-21
"11769",40.1005859375,2019-03-22
"11770",38.2412109375,2019-03-23
"11771",34.6513671875,2019-03-24
"11772",29.9111328125,2019-03-25
"11773",23.640625,2019-03-26
"11774",25.53125,2019-03-27
"11775",25.7412109375,2019-03-28
"11776",29.6708984375,2019-03-29
"11777",25.380859375,2019-03-30
"11778",25.37109375,2019-03-31
"11779",27.3876953125,2019-04-01
"11780",29.4677734375,2019-04-02
"11781",31.908203125,2019-04-03
"11782",32.7275390625,2019-04-04
"11783",32.98828125,2019-04-05
"11784",32.568359375,2019-04-06
"11785",32.5078125,2019-04-07
"11786",33.48828125,2019-04-08
"11787",32.98828125,2019-04-09
"11788",32.2080078125,2019-04-10
"11789",28.7080078125,2019-04-11
"11790",29.7783203125,2019-04-12
"11791",31.8876953125,2019-04-13
"11792",31.1083984375,2019-04-14
"11793",31.1279296875,2019-04-15
"11794",31.248046875,2019-04-16
"11795",31.48828125,2019-04-17
"11796",31.9677734375,2019-04-18
"11797",31.73828125,2019-04-19
"11798",31.3779296875,2019-04-20
"11799",31.017578125,2019-04-21
"11800",31.6484375,2019-04-22
"11801",29.068359375,2019-04-23
"11802",27.6884765625,2019-04-24
"11803",28.5283203125,2019-04-25
"11804",28.6884765625,2019-04-26
"11805",28.328125,2019-04-27
"11806",28.7578125,2019-04-28
"11807",27.48828125,2019-04-29
"11808",31.41796875,2019-04-30
"11809",28.1416015625,2019-05-01
"11810",28.7216796875,2019-05-02
"11811",22.3720703125,2019-05-03
"11812",24.162109375,2019-05-04
"11813",23.2822265625,2019-05-05
"11814",23.4619140625,2019-05-06
"11815",25.3515625,2019-05-07
"11816",24.8623046875,2019-05-08
"11817",23.8623046875,2019-05-09
"11818",18.591796875,2019-05-10
"11819",19.181640625,2019-05-11
"11820",21.5615234375,2019-05-12
"11821",25.162109375,2019-05-13
"11822",27.51171875,2019-05-14
"11823",28.6923828125,2019-05-15
"11824",30.08203125,2019-05-16
"11825",31.40234375,2019-05-17
"11826",31.3818359375,2019-05-18
"11827",27.40234375,2019-05-19
"11828",29.26171875,2019-05-20
"11829",29.2119140625,2019-05-21
"11830",29.08203125,2019-05-22
"11831",28.5419921875,2019-05-23
"11832",27.83203125,2019-05-24
"11833",27.7724609375,2019-05-25
"11834",27.2724609375,2019-05-26
"11835",21.7919921875,2019-05-27
"11836",21.01171875,2019-05-28
"11837",21.181640625,2019-05-29
"11838",20.3720703125,2019-05-30
"11839",17.1123046875,2019-05-31
"11840",17.8095703125,2019-06-01
"11841",19.259765625,2019-06-02
"11842",19.1103515625,2019-06-03
"11843",16.8603515625,2019-06-04
"11844",16.25,2019-06-05
"11845",18.9501953125,2019-06-06
"11846",22.1201171875,2019-06-07
"11847",24.66015625,2019-06-08
"11848",28.16015625,2019-06-09
"11849",30.9404296875,2019-06-10
"11850",29.8896484375,2019-06-11
"11851",31.1796875,2019-06-12
"11852",27,2019-06-13
"11853",25.3095703125,2019-06-14
"11854",24.16015625,2019-06-15
"11855",21.5498046875,2019-06-16
"11856",20.4296875,2019-06-17
"11857",20.0595703125,2019-06-18
"11858",19.580078125,2019-06-19
"11859",18.580078125,2019-06-20
"11860",17.009765625,2019-06-21
"11861",17.3896484375,2019-06-22
"11862",17.48046875,2019-06-23
"11863",18.51953125,2019-06-24
"11864",21.8798828125,2019-06-25
"11865",22.4296875,2019-06-26
"11866",24.169921875,2019-06-27
"11867",27.5400390625,2019-06-28
"11868",26.7197265625,2019-06-29
"11869",20.7802734375,2019-06-30
"11870",23.4912109375,2019-07-01
"11871",23.041015625,2019-07-02
"11872",20.720703125,2019-07-03
"11873",24.880859375,2019-07-04
"11874",25.03125,2019-07-05
"11875",23.6513671875,2019-07-06
"11876",24.30078125,2019-07-07
"11877",25.021484375,2019-07-08
"11878",23.94140625,2019-07-09
"11879",24.560546875,2019-07-10
"11880",24.9306640625,2019-07-11
"11881",22.87109375,2019-07-12
"11882",20.7314453125,2019-07-13
"11883",17.5107421875,2019-07-14
"11884",18.771484375,2019-07-15
"11885",19.80078125,2019-07-16
"11886",22.361328125,2019-07-17
"11887",23.53125,2019-07-18
"11888",22.5810546875,2019-07-19
"11889",25.291015625,2019-07-20
"11890",26.611328125,2019-07-21
"11891",25.8310546875,2019-07-22
"11892",24.2607421875,2019-07-23
"11893",24.44140625,2019-07-24
"11894",25.541015625,2019-07-25
"11895",26.111328125,2019-07-26
"11896",27.2607421875,2019-07-27
"11897",27.1611328125,2019-07-28
"11898",27.2509765625,2019-07-29
"11899",27.0810546875,2019-07-30
"11900",24.87109375,2019-07-31
"11901",19.6474609375,2019-08-01
"11902",22.806640625,2019-08-02
"11903",24.357421875,2019-08-03
"11904",25.2265625,2019-08-04
"11905",26.6669921875,2019-08-05
"11906",26.046875,2019-08-06
"11907",28.556640625,2019-08-07
"11908",21.4169921875,2019-08-08
"11909",21.63671875,2019-08-09
"11910",20.5166015625,2019-08-10
"11911",19.0771484375,2019-08-11
"11912",19.9072265625,2019-08-12
"11913",20.6171875,2019-08-13
"11914",24.0673828125,2019-08-14
"11915",27.5966796875,2019-08-15
"11916",29.697265625,2019-08-16
"11917",31.52734375,2019-08-17
"11918",27.5869140625,2019-08-18
"11919",17.796875,2019-08-19
"11920",19.107421875,2019-08-20
"11921",21.9765625,2019-08-21
"11922",23.6171875,2019-08-22
"11923",25.197265625,2019-08-23
"11924",27.6572265625,2019-08-24
"11925",26.77734375,2019-08-25
"11926",24.7470703125,2019-08-26
"11927",24.4765625,2019-08-27
"11928",20.8671875,2019-08-28
"11929",22.556640625,2019-08-29
"11930",22.88671875,2019-08-30
"11931",25.5966796875,2019-08-31
"11932",28.5068359375,2019-09-01
"11933",30.857421875,2019-09-02
"11934",32.3271484375,2019-09-03
"11935",33.4970703125,2019-09-04
"11936",35.0068359375,2019-09-05
"11937",26.697265625,2019-09-06
"11938",24.6767578125,2019-09-07
"11939",24.6669921875,2019-09-08
"11940",25.357421875,2019-09-09
"11941",24.9365234375,2019-09-10
"11942",26.9765625,2019-09-11
"11943",29.046875,2019-09-12
"11944",31.0166015625,2019-09-13
"11945",32.4765625,2019-09-14
"11946",32.537109375,2019-09-15
"11947",34.3671875,2019-09-16
"11948",32.6865234375,2019-09-17
"11949",31.876953125,2019-09-18
"11950",34.52734375,2019-09-19
"11951",36.5869140625,2019-09-20
"11952",24.5771484375,2019-09-21
"11953",25.9267578125,2019-09-22
"11954",26.546875,2019-09-23
"11955",25.1171875,2019-09-24
"11956",26.9169921875,2019-09-25
"11957",31.6572265625,2019-09-26
"11958",33.0771484375,2019-09-27
"11959",32.8369140625,2019-09-28
"11960",35.4365234375,2019-09-29
"11961",36.45703125,2019-09-30
"11962",36.0029296875,2019-10-01
"11963",35.54296875,2019-10-02
"11964",35.7333984375,2019-10-03
"11965",35.3828125,2019-10-04
"11966",35.2431640625,2019-10-05
"11967",35.3828125,2019-10-06
"11968",37.5126953125,2019-10-07
"11969",32.11328125,2019-10-08
"11970",29.5234375,2019-10-09
"11971",29.7431640625,2019-10-10
"11972",31.783203125,2019-10-11
"11973",36.7734375,2019-10-12
"11974",40.7734375,2019-10-13
"11975",41.6728515625,2019-10-14
"11976",42.0927734375,2019-10-15
"11977",41.142578125,2019-10-16
"11978",33.6728515625,2019-10-17
"11979",34.6533203125,2019-10-18
"11980",36.4326171875,2019-10-19
"11981",34.3427734375,2019-10-20
"11982",32.3427734375,2019-10-21
"11983",36.3330078125,2019-10-22
"11984",37.2333984375,2019-10-23
"11985",36.783203125,2019-10-24
"11986",38.7529296875,2019-10-25
"11987",36.533203125,2019-10-26
"11988",33.0234375,2019-10-27
"11989",27.693359375,2019-10-28
"11990",27.703125,2019-10-29
"11991",33.0234375,2019-10-30
"11992",34.9130859375,2019-10-31
"11993",39.908203125,2019-11-01
"11994",41.498046875,2019-11-02
"11995",33.6884765625,2019-11-03
"11996",33.91796875,2019-11-04
"11997",32.837890625,2019-11-05
"11998",34.3984375,2019-11-06
"11999",37.16796875,2019-11-07
"12000",37.658203125,2019-11-08
"12001",31.5078125,2019-11-09
"12002",32.6083984375,2019-11-10
"12003",37.587890625,2019-11-11
"12004",40.7275390625,2019-11-12
"12005",34.0576171875,2019-11-13
"12006",33.677734375,2019-11-14
"12007",35.2080078125,2019-11-15
"12008",37.587890625,2019-11-16
"12009",37.517578125,2019-11-17
"12010",37.828125,2019-11-18
"12011",40.427734375,2019-11-19
"12012",43.427734375,2019-11-20
"12013",44.7978515625,2019-11-21
"12014",39.337890625,2019-11-22
"12015",38.7978515625,2019-11-23
"12016",39.427734375,2019-11-24
"12017",40.4580078125,2019-11-25
"12018",40.5576171875,2019-11-26
"12019",40.7783203125,2019-11-27
"12020",42.427734375,2019-11-28
"12021",40.8984375,2019-11-29
"12022",40.6884765625,2019-11-30
"12023",32.3291015625,2019-12-01
"12024",34.1787109375,2019-12-02
"12025",35.0087890625,2019-12-03
"12026",36.6689453125,2019-12-04
"12027",38.7490234375,2019-12-05
"12028",40.779296875,2019-12-06
"12029",42.46875,2019-12-07
"12030",43.958984375,2019-12-08
"12031",44.4287109375,2019-12-09
"12032",44.4091796875,2019-12-10
"12033",45.0693359375,2019-12-11
"12034",45.708984375,2019-12-12
"12035",40.779296875,2019-12-13
"12036",37.96875,2019-12-14
"12037",40.2392578125,2019-12-15
"12038",44.439453125,2019-12-16
"12039",46.2890625,2019-12-17
"12040",47.5185546875,2019-12-18
"12041",45.8291015625,2019-12-19
"12042",44.7685546875,2019-12-20
"12043",44.388671875,2019-12-21
"12044",44.5888671875,2019-12-22
"12045",45.9189453125,2019-12-23
"12046",47.0888671875,2019-12-24
"12047",46.529296875,2019-12-25
"12048",43.8193359375,2019-12-26
"12049",42.1494140625,2019-12-27
"12050",42.6689453125,2019-12-28
"12051",43.5791015625,2019-12-29
"12052",44.638671875,2019-12-30
"12053",44.05859375,2019-12-31
"12054",44.2373046875,2020-01-01
"12055",44.3271484375,2020-01-02
"12056",44.9765625,2020-01-03
"12057",43.556640625,2020-01-04
"12058",41.4267578125,2020-01-05
"12059",40.2373046875,2020-01-06
"12060",43.13671875,2020-01-07
"12061",42.70703125,2020-01-08
"12062",43.1474609375,2020-01-09
"12063",44.556640625,2020-01-10
"12064",42.2568359375,2020-01-11
"12065",40.876953125,2020-01-12
"12066",42.9970703125,2020-01-13
"12067",43.9267578125,2020-01-14
"12068",44.02734375,2020-01-15
"12069",43.296875,2020-01-16
"12070",40.046875,2020-01-17
"12071",40.7666015625,2020-01-18
"12072",35.966796875,2020-01-19
"12073",36.296875,2020-01-20
"12074",37.8369140625,2020-01-21
"12075",38.0166015625,2020-01-22
"12076",40.5166015625,2020-01-23
"12077",35.9765625,2020-01-24
"12078",34.947265625,2020-01-25
"12079",36.13671875,2020-01-26
"12080",38.5673828125,2020-01-27
"12081",35.4267578125,2020-01-28
"12082",33.2265625,2020-01-29
"12083",34.806640625,2020-01-30
"12084",35.8671875,2020-01-31
"12085",36.66796875,2020-02-01
"12086",35.3583984375,2020-02-02
"12087",36.48828125,2020-02-03
"12088",37.177734375,2020-02-04
"12089",37.2880859375,2020-02-05
"12090",38.078125,2020-02-06
"12091",40.09765625,2020-02-07
"12092",40.1982421875,2020-02-08
"12093",39.8681640625,2020-02-09
"12094",39.7978515625,2020-02-10
"12095",38.3681640625,2020-02-11
"12096",39.828125,2020-02-12
"12097",39.6484375,2020-02-13
"12098",41.568359375,2020-02-14
"12099",42.7177734375,2020-02-15
"12100",40.73828125,2020-02-16
"12101",41.7880859375,2020-02-17
"12102",43.98828125,2020-02-18
"12103",40.1982421875,2020-02-19
"12104",38.0576171875,2020-02-20
"12105",38.6884765625,2020-02-21
"12106",38.3583984375,2020-02-22
"12107",38.017578125,2020-02-23
"12108",36.6181640625,2020-02-24
"12109",36.7080078125,2020-02-25
"12110",37.3076171875,2020-02-26
"12111",40.2578125,2020-02-27
"12112",37.748046875,2020-02-28
"12113",38.3076171875,2020-02-29
"12114",41.4306640625,2020-03-01
"12115",36.78125,2020-03-02
"12116",29.0009765625,2020-03-03
"12117",28.451171875,2020-03-04
"12118",26.701171875,2020-03-05
"12119",31.791015625,2020-03-06
"12120",31.7509765625,2020-03-07
"12121",32.630859375,2020-03-08
"12122",32.9111328125,2020-03-09
"12123",34.791015625,2020-03-10
"12124",35.880859375,2020-03-11
"12125",36.2314453125,2020-03-12
"12126",35.8212890625,2020-03-13
"12127",34.94140625,2020-03-14
"12128",32.271484375,2020-03-15
"12129",35.30078125,2020-03-16
"12130",34.9208984375,2020-03-17
"12131",36.2412109375,2020-03-18
"12132",35.451171875,2020-03-19
"12133",36.03125,2020-03-20
"12134",37.611328125,2020-03-21
"12135",37.9013671875,2020-03-22
"12136",38.12109375,2020-03-23
"12137",38.1513671875,2020-03-24
"12138",35.6708984375,2020-03-25
"12139",34.94140625,2020-03-26
"12140",33.970703125,2020-03-27
"12141",36.05078125,2020-03-28
"12142",38.390625,2020-03-29
"12143",38.5009765625,2020-03-30
"12144",38.44140625,2020-03-31
"12145",35.267578125,2020-04-01
"12146",39.408203125,2020-04-02
"12147",36.767578125,2020-04-03
"12148",27.0283203125,2020-04-04
"12149",27.5283203125,2020-04-05
"12150",29.0078125,2020-04-06
"12151",30.34765625,2020-04-07
"12152",31.267578125,2020-04-08
"12153",28.1279296875,2020-04-09
"12154",29.6884765625,2020-04-10
"12155",30.4482421875,2020-04-11
"12156",33.16796875,2020-04-12
"12157",32.767578125,2020-04-13
"12158",35.16796875,2020-04-14
"12159",36.8984375,2020-04-15
"12160",36.8583984375,2020-04-16
"12161",35.337890625,2020-04-17
"12162",31.8681640625,2020-04-18
"12163",31.84765625,2020-04-19
"12164",36.7880859375,2020-04-20
"12165",36.3876953125,2020-04-21
"12166",35.16796875,2020-04-22
"12167",34.578125,2020-04-23
"12168",34.2880859375,2020-04-24
"12169",35.1376953125,2020-04-25
"12170",35.4775390625,2020-04-26
"12171",34.568359375,2020-04-27
"12172",34.998046875,2020-04-28
"12173",35.9677734375,2020-04-29
"12174",21.087890625,2020-04-30
"12175",20.5224609375,2020-05-01
"12176",22.2021484375,2020-05-02
"12177",24.8115234375,2020-05-03
"12178",25.2021484375,2020-05-04
"12179",27.3916015625,2020-05-05
"12180",29.732421875,2020-05-06
"12181",31.3515625,2020-05-07
"12182",32.3916015625,2020-05-08
"12183",30.0322265625,2020-05-09
"12184",23.8515625,2020-05-10
"12185",23.0224609375,2020-05-11
"12186",25.6416015625,2020-05-12
"12187",25.7724609375,2020-05-13
"12188",25.8017578125,2020-05-14
"12189",26.3017578125,2020-05-15
"12190",28.0224609375,2020-05-16
"12191",27.51171875,2020-05-17
"12192",29.51171875,2020-05-18
"12193",29.51171875,2020-05-19
"12194",24.33203125,2020-05-20
"12195",17.65234375,2020-05-21
"12196",15.3623046875,2020-05-22
"12197",18.572265625,2020-05-23
"12198",20.572265625,2020-05-24
"12199",20.6015625,2020-05-25
"12200",22.2919921875,2020-05-26
"12201",23.7822265625,2020-05-27
"12202",25.90234375,2020-05-28
"12203",24.8515625,2020-05-29
"12204",27.6123046875,2020-05-30
"12205",29.841796875,2020-05-31
"12206",24.2099609375,2020-06-01
"12207",21.16015625,2020-06-02
"12208",21.0400390625,2020-06-03
"12209",21.6396484375,2020-06-04
"12210",24.759765625,2020-06-05
"12211",26.1904296875,2020-06-06
"12212",23.7802734375,2020-06-07
"12213",23.8603515625,2020-06-08
"12214",26.26953125,2020-06-09
"12215",27.4501953125,2020-06-10
"12216",26.599609375,2020-06-11
"12217",26.7001953125,2020-06-12
"12218",28.599609375,2020-06-13
"12219",24.650390625,2020-06-14
"12220",22.4697265625,2020-06-15
"12221",22.2099609375,2020-06-16
"12222",23.7802734375,2020-06-17
"12223",28.25,2020-06-18
"12224",28.16015625,2020-06-19
"12225",26.9404296875,2020-06-20
"12226",20.669921875,2020-06-21
"12227",19.4404296875,2020-06-22
"12228",19.400390625,2020-06-23
"12229",20.5,2020-06-24
"12230",20.259765625,2020-06-25
"12231",21.7001953125,2020-06-26
"12232",22.419921875,2020-06-27
"12233",22.509765625,2020-06-28
"12234",26.2998046875,2020-06-29
"12235",28.4501953125,2020-06-30
"12236",29.2109375,2020-07-01
"12237",28.861328125,2020-07-02
"12238",22.3505859375,2020-07-03
"12239",19.611328125,2020-07-04
"12240",18.7509765625,2020-07-05
"12241",19.55078125,2020-07-06
"12242",21.9111328125,2020-07-07
"12243",23.611328125,2020-07-08
"12244",26.0810546875,2020-07-09
"12245",26.8310546875,2020-07-10
"12246",23.4208984375,2020-07-11
"12247",18.810546875,2020-07-12
"12248",18.6708984375,2020-07-13
"12249",20.4609375,2020-07-14
"12250",21.1806640625,2020-07-15
"12251",21.9013671875,2020-07-16
"12252",22.3408203125,2020-07-17
"12253",24.880859375,2020-07-18
"12254",25.2509765625,2020-07-19
"12255",22.5908203125,2020-07-20
"12256",22.1513671875,2020-07-21
"12257",21.7607421875,2020-07-22
"12258",24.0107421875,2020-07-23
"12259",25.62109375,2020-07-24
"12260",24.3310546875,2020-07-25
"12261",21.1513671875,2020-07-26
"12262",22.0009765625,2020-07-27
"12263",21.4013671875,2020-07-28
"12264",21.9814453125,2020-07-29
"12265",23.9208984375,2020-07-30
"12266",24.791015625,2020-07-31
"12267",25.9169921875,2020-08-01
"12268",26.6572265625,2020-08-02
"12269",28.046875,2020-08-03
"12270",29.3974609375,2020-08-04
"12271",31.287109375,2020-08-05
"12272",25.4267578125,2020-08-06
"12273",20.537109375,2020-08-07
"12274",19.046875,2020-08-08
"12275",20.5869140625,2020-08-09
"12276",21.6572265625,2020-08-10
"12277",28.9267578125,2020-08-11
"12278",30.2470703125,2020-08-12
"12279",34.0673828125,2020-08-13
"12280",25.8671875,2020-08-14
"12281",25.8466796875,2020-08-15
"12282",26.0166015625,2020-08-16
"12283",32.966796875,2020-08-17
"12284",31.9169921875,2020-08-18
"12285",26.716796875,2020-08-19
"12286",24.9765625,2020-08-20
"12287",25.6669921875,2020-08-21
"12288",24.2470703125,2020-08-22
"12289",22.4970703125,2020-08-23
"12290",25.3369140625,2020-08-24
"12291",28.5966796875,2020-08-25
"12292",27.52734375,2020-08-26
"12293",28.6767578125,2020-08-27
"12294",26.0966796875,2020-08-28
"12295",29.3369140625,2020-08-29
"12296",31.13671875,2020-08-30
"12297",30.6572265625,2020-08-31
"12298",31.537109375,2020-09-01
"12299",33.4970703125,2020-09-02
"12300",35.1865234375,2020-09-03
"12301",34.197265625,2020-09-04
"12302",31.037109375,2020-09-05
"12303",32.20703125,2020-09-06
"12304",34.3369140625,2020-09-07
"12305",33.306640625,2020-09-08
"12306",32.296875,2020-09-09
"12307",33.9970703125,2020-09-10
"12308",34.4765625,2020-09-11
"12309",33.056640625,2020-09-12
"12310",32.3173828125,2020-09-13
"12311",32.447265625,2020-09-14
"12312",33.63671875,2020-09-15
"12313",33.6474609375,2020-09-16
"12314",34.5771484375,2020-09-17
"12315",35.8271484375,2020-09-18
"12316",35.6171875,2020-09-19
"12317",36.796875,2020-09-20
"12318",34.9970703125,2020-09-21
"12319",31.1572265625,2020-09-22
"12320",29.1171875,2020-09-23
"12321",28.2568359375,2020-09-24
"12322",31.1572265625,2020-09-25
"12323",26.1865234375,2020-09-26
"12324",28.63671875,2020-09-27
"12325",32.7265625,2020-09-28
"12326",36.4072265625,2020-09-29
"12327",34.2373046875,2020-09-30
"12328",33.142578125,2020-10-01
"12329",36.3427734375,2020-10-02
"12330",36.7529296875,2020-10-03
"12331",36.8427734375,2020-10-04
"12332",30.953125,2020-10-05
"12333",29.552734375,2020-10-06
"12334",23.1025390625,2020-10-07
"12335",25.5029296875,2020-10-08
"12336",26.2431640625,2020-10-09
"12337",29.5927734375,2020-10-10
"12338",31.8525390625,2020-10-11
"12339",34.5927734375,2020-10-12
"12340",35.8828125,2020-10-13
"12341",34.7734375,2020-10-14
"12342",35.36328125,2020-10-15
"12343",36.6826171875,2020-10-16
"12344",38.462890625,2020-10-17
"12345",36.8232421875,2020-10-18
"12346",36.0126953125,2020-10-19
"12347",35.9326171875,2020-10-20
"12348",38.5927734375,2020-10-21
"12349",41.802734375,2020-10-22
"12350",34.86328125,2020-10-23
"12351",30.8427734375,2020-10-24
"12352",28.943359375,2020-10-25
"12353",27.1630859375,2020-10-26
"12354",28.8828125,2020-10-27
"12355",31.212890625,2020-10-28
"12356",34.3427734375,2020-10-29
"12357",30.212890625,2020-10-30
"12358",30.3525390625,2020-10-31
"12359",35.1982421875,2020-11-01
"12360",37.4677734375,2020-11-02
"12361",40.837890625,2020-11-03
"12362",41.4580078125,2020-11-04
"12363",35.5380859375,2020-11-05
"12364",32.1376953125,2020-11-06
"12365",34.658203125,2020-11-07
"12366",37.158203125,2020-11-08
"12367",41.1083984375,2020-11-09
"12368",43.1181640625,2020-11-10
"12369",43.1376953125,2020-11-11
"12370",41.3876953125,2020-11-12
"12371",41.1884765625,2020-11-13
"12372",41.828125,2020-11-14
"12373",43.8779296875,2020-11-15
"12374",38.998046875,2020-11-16
"12375",40.16796875,2020-11-17
"12376",40.7080078125,2020-11-18
"12377",41.34765625,2020-11-19
"12378",41.068359375,2020-11-20
"12379",40.3681640625,2020-11-21
"12380",40.5380859375,2020-11-22
"12381",42.2275390625,2020-11-23
"12382",39.7275390625,2020-11-24
"12383",40.4482421875,2020-11-25
"12384",42.2080078125,2020-11-26
"12385",44.0576171875,2020-11-27
"12386",43.66796875,2020-11-28
"12387",44.568359375,2020-11-29
"12388",44.658203125,2020-11-30
"12389",44.7587890625,2020-12-01
"12390",43.1494140625,2020-12-02
"12391",45.0888671875,2020-12-03
"12392",45.208984375,2020-12-04
"12393",45.71875,2020-12-05
"12394",37.0986328125,2020-12-06
"12395",34.208984375,2020-12-07
"12396",33.1591796875,2020-12-08
"12397",37.7685546875,2020-12-09
"12398",38.8291015625,2020-12-10
"12399",40.5791015625,2020-12-11
"12400",39.0693359375,2020-12-12
"12401",38.2890625,2020-12-13
"12402",40.2490234375,2020-12-14
"12403",42.0791015625,2020-12-15
"12404",42.96875,2020-12-16
"12405",44.1591796875,2020-12-17
"12406",42.529296875,2020-12-18
"12407",40.708984375,2020-12-19
"12408",36.978515625,2020-12-20
"12409",30.3486328125,2020-12-21
"12410",23.71875,2020-12-22
"12411",24.8994140625,2020-12-23
"12412",27.2392578125,2020-12-24
"12413",31.80859375,2020-12-25
"12414",34.458984375,2020-12-26
"12415",38.869140625,2020-12-27
"12416",37.9091796875,2020-12-28
"12417",34.9091796875,2020-12-29
"12418",37.46875,2020-12-30
"12419",38.7392578125,2020-12-31
"12420",39.9873046875,2021-01-01
"12421",39.88671875,2021-01-02
"12422",39.6474609375,2021-01-03
"12423",36.8369140625,2021-01-04
"12424",37.0166015625,2021-01-05
"12425",37.107421875,2021-01-06
"12426",36.546875,2021-01-07
"12427",37.857421875,2021-01-08
"12428",36.556640625,2021-01-09
"12429",36.607421875,2021-01-10
"12430",38.197265625,2021-01-11
"12431",38.8173828125,2021-01-12
"12432",40.1572265625,2021-01-13
"12433",41.5771484375,2021-01-14
"12434",41.9970703125,2021-01-15
"12435",40.107421875,2021-01-16
"12436",36.20703125,2021-01-17
"12437",37.9970703125,2021-01-18
"12438",40.3173828125,2021-01-19
"12439",41.197265625,2021-01-20
"12440",41.6572265625,2021-01-21
"12441",40.1669921875,2021-01-22
"12442",40.52734375,2021-01-23
"12443",40.8173828125,2021-01-24
"12444",40.5869140625,2021-01-25
"12445",41.5068359375,2021-01-26
"12446",41.0673828125,2021-01-27
"12447",39.8974609375,2021-01-28
"12448",41.3671875,2021-01-29
"12449",40.9072265625,2021-01-30
"12450",41.9873046875,2021-01-31
"12451",42.927734375,2021-02-01
"12452",41.828125,2021-02-02
"12453",39.818359375,2021-02-03
"12454",42.3779296875,2021-02-04
"12455",38.0078125,2021-02-05
"12456",35.8876953125,2021-02-06
"12457",35.84765625,2021-02-07
"12458",38.7177734375,2021-02-08
"12459",38.9384765625,2021-02-09
"12460",41.4482421875,2021-02-10
"12461",41.9384765625,2021-02-11
"12462",40.48828125,2021-02-12
"12463",35.927734375,2021-02-13
"12464",38.23828125,2021-02-14
"12465",37.6279296875,2021-02-15
"12466",39.5380859375,2021-02-16
"12467",38.2783203125,2021-02-17
"12468",37.7880859375,2021-02-18
"12469",38.2275390625,2021-02-19
"12470",39.568359375,2021-02-20
"12471",40.068359375,2021-02-21
"12472",42.6376953125,2021-02-22
"12473",39.2880859375,2021-02-23
"12474",35.7080078125,2021-02-24
"12475",35.0576171875,2021-02-25
"12476",36.1884765625,2021-02-26
"12477",38.248046875,2021-02-27
"12478",39.9384765625,2021-02-28
"12479",41.1005859375,2021-03-01
"12480",42.3408203125,2021-03-02
"12481",41.2412109375,2021-03-03
"12482",38.1513671875,2021-03-04
"12483",36.8310546875,2021-03-05
"12484",38.6513671875,2021-03-06
"12485",41.03125,2021-03-07
"12486",41.201171875,2021-03-08
"12487",35.451171875,2021-03-09
"12488",38.4912109375,2021-03-10
"12489",37.94140625,2021-03-11
"12490",40.19140625,2021-03-12
"12491",39.880859375,2021-03-13
"12492",26.4912109375,2021-03-14
"12493",25.4814453125,2021-03-15
"12494",30.6611328125,2021-03-16
"12495",33.041015625,2021-03-17
"12496",33.9814453125,2021-03-18
"12497",33.771484375,2021-03-19
"12498",36.4609375,2021-03-20
"12499",34.1611328125,2021-03-21
"12500",35.4814453125,2021-03-22
"12501",31.6611328125,2021-03-23
"12502",31.771484375,2021-03-24
"12503",34.05078125,2021-03-25
"12504",35.521484375,2021-03-26
"12505",36.6611328125,2021-03-27
"12506",35.6708984375,2021-03-28
"12507",33.4208984375,2021-03-29
"12508",34.9013671875,2021-03-30
"12509",33.3505859375,2021-03-31
"12510",34.3076171875,2021-04-01
"12511",33.91796875,2021-04-02
"12512",33.427734375,2021-04-03
"12513",33.1982421875,2021-04-04
"12514",33.9482421875,2021-04-05
"12515",34.66796875,2021-04-06
"12516",35.1376953125,2021-04-07
"12517",34.9677734375,2021-04-08
"12518",35.927734375,2021-04-09
"12519",35.7080078125,2021-04-10
"12520",28.2080078125,2021-04-11
"12521",27.427734375,2021-04-12
"12522",31.068359375,2021-04-13
"12523",34.6279296875,2021-04-14
"12524",33.8583984375,2021-04-15
"12525",30.587890625,2021-04-16
"12526",28.328125,2021-04-17
"12527",27.998046875,2021-04-18
"12528",29.98828125,2021-04-19
"12529",32.568359375,2021-04-20
"12530",32.2783203125,2021-04-21
"12531",28.84765625,2021-04-22
"12532",27.48828125,2021-04-23
"12533",29.1376953125,2021-04-24
"12534",30.7880859375,2021-04-25
"12535",31.1982421875,2021-04-26
"12536",31.328125,2021-04-27
"12537",30.068359375,2021-04-28
"12538",29.998046875,2021-04-29
"12539",30.2880859375,2021-04-30
"12540",32.1220703125,2021-05-01
"12541",32.2421875,2021-05-02
"12542",32.341796875,2021-05-03
"12543",31.001953125,2021-05-04
"12544",25.1123046875,2021-05-05
"12545",25.501953125,2021-05-06
"12546",28.681640625,2021-05-07
"12547",29.33203125,2021-05-08
"12548",29.9423828125,2021-05-09
"12549",29.3115234375,2021-05-10
"12550",26.0419921875,2021-05-11
"12551",23.7216796875,2021-05-12
"12552",24.6123046875,2021-05-13
"12553",24.5224609375,2021-05-14
"12554",23.091796875,2021-05-15
"12555",22.8720703125,2021-05-16
"12556",22.921875,2021-05-17
"12557",26.15234375,2021-05-18
"12558",28.3623046875,2021-05-19
"12559",28.5517578125,2021-05-20
"12560",28.662109375,2021-05-21
"12561",27.9423828125,2021-05-22
"12562",28.421875,2021-05-23
"12563",30.8720703125,2021-05-24
"12564",31.6318359375,2021-05-25
"12565",23.01171875,2021-05-26
"12566",21.431640625,2021-05-27
"12567",21.921875,2021-05-28
"12568",22.3115234375,2021-05-29
"12569",24.3017578125,2021-05-30
"12570",28.671875,2021-05-31
"12571",30.8603515625,2021-06-01
"12572",25.990234375,2021-06-02
"12573",21.599609375,2021-06-03
"12574",21.0302734375,2021-06-04
"12575",21.75,2021-06-05
"12576",22.990234375,2021-06-06
"12577",24.3095703125,2021-06-07
"12578",22.330078125,2021-06-08
"12579",16.3095703125,2021-06-09
"12580",16.6298828125,2021-06-10
"12581",18.2900390625,2021-06-11
"12582",22.919921875,2021-06-12
"12583",26.1796875,2021-06-13
"12584",28.169921875,2021-06-14
"12585",29.4296875,2021-06-15
"12586",26.2099609375,2021-06-16
"12587",21.599609375,2021-06-17
"12588",18.740234375,2021-06-18
"12589",18.2099609375,2021-06-19
"12590",20.2197265625,2021-06-20
"12591",21.669921875,2021-06-21
"12592",27.01953125,2021-06-22
"12593",25.3701171875,2021-06-23
"12594",16.7001953125,2021-06-24
"12595",18.0703125,2021-06-25
"12596",16.830078125,2021-06-26
"12597",20.9296875,2021-06-27
"12598",21.4697265625,2021-06-28
"12599",23.91015625,2021-06-29
"12600",23.91015625,2021-06-30
"12601",22.5908203125,2021-07-01
"12602",22.060546875,2021-07-02
"12603",18.03125,2021-07-03
"12604",16.8310546875,2021-07-04
"12605",19.1513671875,2021-07-05
"12606",20.041015625,2021-07-06
"12607",21.611328125,2021-07-07
"12608",24.03125,2021-07-08
"12609",23.9609375,2021-07-09
"12610",22.7607421875,2021-07-10
"12611",23.630859375,2021-07-11
"12612",25.7509765625,2021-07-12
"12613",24.53125,2021-07-13
"12614",27.55078125,2021-07-14
"12615",30.9814453125,2021-07-15
"12616",21.78125,2021-07-16
"12617",21.4306640625,2021-07-17
"12618",20.5009765625,2021-07-18
"12619",21.0712890625,2021-07-19
"12620",23.19140625,2021-07-20
"12621",22.541015625,2021-07-21
"12622",28.53125,2021-07-22
"12623",23.720703125,2021-07-23
"12624",23.380859375,2021-07-24
"12625",22.6513671875,2021-07-25
"12626",24.3505859375,2021-07-26
"12627",29.560546875,2021-07-27
"12628",32.69140625,2021-07-28
"12629",29.6708984375,2021-07-29
"12630",33.361328125,2021-07-30
"12631",33.880859375,2021-07-31
"12632",28.4267578125,2021-08-01
"12633",32.4765625,2021-08-02
"12634",19.6767578125,2021-08-03
"12635",19.4072265625,2021-08-04
"12636",20.4970703125,2021-08-05
"12637",21.357421875,2021-08-06
"12638",22.5673828125,2021-08-07
"12639",25.8369140625,2021-08-08
"12640",27.5166015625,2021-08-09
"12641",29.2470703125,2021-08-10
"12642",31.6865234375,2021-08-11
"12643",25.6572265625,2021-08-12
"12644",25.6669921875,2021-08-13
"12645",29.216796875,2021-08-14
"12646",28.966796875,2021-08-15
"12647",25.63671875,2021-08-16
"12648",25.9765625,2021-08-17
"12649",26.716796875,2021-08-18
"12650",28.13671875,2021-08-19
"12651",29.537109375,2021-08-20
"12652",30.947265625,2021-08-21
"12653",32.95703125,2021-08-22
"12654",26.52734375,2021-08-23
"12655",19.63671875,2021-08-24
"12656",20.52734375,2021-08-25
"12657",22.716796875,2021-08-26
"12658",26.197265625,2021-08-27
"12659",30.5869140625,2021-08-28
"12660",29.6865234375,2021-08-29
"12661",31.556640625,2021-08-30
"12662",32.88671875,2021-08-31
"12663",34.3271484375,2021-09-01
"12664",31.546875,2021-09-02
"12665",33.537109375,2021-09-03
"12666",21.45703125,2021-09-04
"12667",20.6474609375,2021-09-05
"12668",22.5166015625,2021-09-06
"12669",25.4267578125,2021-09-07
"12670",29.4765625,2021-09-08
"12671",30.6171875,2021-09-09
"12672",30.8671875,2021-09-10
"12673",33.126953125,2021-09-11
"12674",34.466796875,2021-09-12
"12675",27.9365234375,2021-09-13
"12676",29.626953125,2021-09-14
"12677",35.466796875,2021-09-15
"12678",37.126953125,2021-09-16
"12679",38.7568359375,2021-09-17
"12680",31.607421875,2021-09-18
"12681",33.716796875,2021-09-19
"12682",33.357421875,2021-09-20
"12683",22.3173828125,2021-09-21
"12684",22.88671875,2021-09-22
"12685",28.357421875,2021-09-23
"12686",31.626953125,2021-09-24
"12687",32.5869140625,2021-09-25
"12688",33.6572265625,2021-09-26
"12689",35.4970703125,2021-09-27
"12690",39.7470703125,2021-09-28
"12691",34.6171875,2021-09-29
"12692",34.8369140625,2021-09-30
"12693",31.5234375,2021-10-01
"12694",33.4228515625,2021-10-02
"12695",37.212890625,2021-10-03
"12696",30.4033203125,2021-10-04
"12697",32.8427734375,2021-10-05
"12698",39.4228515625,2021-10-06
"12699",35.142578125,2021-10-07
"12700",38.6826171875,2021-10-08
"12701",41.8525390625,2021-10-09
"12702",30.0830078125,2021-10-10
"12703",23.5830078125,2021-10-11
"12704",28.2529296875,2021-10-12
"12705",31.97265625,2021-10-13
"12706",30.703125,2021-10-14
"12707",27.6630859375,2021-10-15
"12708",30.22265625,2021-10-16
"12709",34.2734375,2021-10-17
"12710",38.9833984375,2021-10-18
"12711",39.9833984375,2021-10-19
"12712",40.783203125,2021-10-20
"12713",38.703125,2021-10-21
"12714",38.5029296875,2021-10-22
"12715",37.4130859375,2021-10-23
"12716",38.36328125,2021-10-24
"12717",34.453125,2021-10-25
"12718",39.302734375,2021-10-26
"12719",42.36328125,2021-10-27
"12720",40.8427734375,2021-10-28
"12721",33.9033203125,2021-10-29
"12722",33.1533203125,2021-10-30
"12723",32.8525390625,2021-10-31
"12724",37.8681640625,2021-11-01
"12725",40.34765625,2021-11-02
"12726",35.84765625,2021-11-03
"12727",38.6376953125,2021-11-04
"12728",39.6484375,2021-11-05
"12729",41.7978515625,2021-11-06
"12730",31.908203125,2021-11-07
"12731",34.517578125,2021-11-08
"12732",35.498046875,2021-11-09
"12733",30.748046875,2021-11-10
"12734",32.34765625,2021-11-11
"12735",23.9775390625,2021-11-12
"12736",25.318359375,2021-11-13
"12737",27.91796875,2021-11-14
"12738",28.9384765625,2021-11-15
"12739",30.828125,2021-11-16
"12740",33.73828125,2021-11-17
"12741",37.6279296875,2021-11-18
"12742",39.908203125,2021-11-19
"12743",40.7880859375,2021-11-20
"12744",35.6884765625,2021-11-21
"12745",34.3984375,2021-11-22
"12746",33.5380859375,2021-11-23
"12747",32.1982421875,2021-11-24
"12748",31.8876953125,2021-11-25
"12749",29.7880859375,2021-11-26
"12750",31.8876953125,2021-11-27
"12751",33.16796875,2021-11-28
"12752",34.9384765625,2021-11-29
"12753",36.98828125,2021-11-30
"12754",39.5185546875,2021-12-01
"12755",41.0888671875,2021-12-02
"12756",41.619140625,2021-12-03
"12757",42.4892578125,2021-12-04
"12758",41.5087890625,2021-12-05
"12759",37.9892578125,2021-12-06
"12760",36.44921875,2021-12-07
"12761",37.4287109375,2021-12-08
"12762",32.978515625,2021-12-09
"12763",33.0087890625,2021-12-10
"12764",34.9892578125,2021-12-11
"12765",38.109375,2021-12-12
"12766",41.138671875,2021-12-13
"12767",43.19921875,2021-12-14
"12768",43.7490234375,2021-12-15
"12769",42.1494140625,2021-12-16
"12770",43.0888671875,2021-12-17
"12771",44.458984375,2021-12-18
"12772",43.1494140625,2021-12-19
"12773",39.958984375,2021-12-20
"12774",42.548828125,2021-12-21
"12775",42.548828125,2021-12-22
"12776",43.2392578125,2021-12-23
"12777",40.439453125,2021-12-24
"12778",39.369140625,2021-12-25
"12779",42.3994140625,2021-12-26
"12780",40.2890625,2021-12-27
"12781",40.0390625,2021-12-28
"12782",40.44921875,2021-12-29
"12783",40.1689453125,2021-12-30
"12784",41.548828125,2021-12-31
"12785",43.95703125,2022-01-01
"12786",45.8671875,2022-01-02
"12787",44.5869140625,2022-01-03
"12788",45.02734375,2022-01-04
"12789",39.306640625,2022-01-05
"12790",36.8271484375,2022-01-06
"12791",37.046875,2022-01-07
"12792",36.447265625,2022-01-08
"12793",40.5068359375,2022-01-09
"12794",44.8173828125,2022-01-10
"12795",42.8671875,2022-01-11
"12796",43.5771484375,2022-01-12
"12797",43.20703125,2022-01-13
"12798",42.5966796875,2022-01-14
"12799",44.9765625,2022-01-15
"12800",45.4765625,2022-01-16
"12801",41.63671875,2022-01-17
"12802",42.0068359375,2022-01-18
"12803",38.5166015625,2022-01-19
"12804",37.126953125,2022-01-20
"12805",36.1474609375,2022-01-21
"12806",35.3466796875,2022-01-22
"12807",33.357421875,2022-01-23
"12808",31.697265625,2022-01-24
"12809",35.1474609375,2022-01-25
"12810",36.0771484375,2022-01-26
"12811",33.876953125,2022-01-27
"12812",33.3173828125,2022-01-28
"12813",33.6572265625,2022-01-29
"12814",35.306640625,2022-01-30
"12815",35.2265625,2022-01-31
"12816",37.078125,2022-02-01
"12817",35.6982421875,2022-02-02
"12818",29.41796875,2022-02-03
"12819",32.748046875,2022-02-04
"12820",33.98828125,2022-02-05
"12821",36.1181640625,2022-02-06
"12822",36.16796875,2022-02-07
"12823",37.41796875,2022-02-08
"12824",39.078125,2022-02-09
"12825",38.748046875,2022-02-10
"12826",38.6884765625,2022-02-11
"12827",39.328125,2022-02-12
"12828",39.4384765625,2022-02-13
"12829",38.09765625,2022-02-14
"12830",37.658203125,2022-02-15
"12831",37.8779296875,2022-02-16
"12832",39.5380859375,2022-02-17
"12833",38.267578125,2022-02-18
"12834",37.328125,2022-02-19
"12835",37.5283203125,2022-02-20
"12836",36.1279296875,2022-02-21
"12837",36.337890625,2022-02-22
"12838",36.9384765625,2022-02-23
"12839",38.6484375,2022-02-24
"12840",38.5380859375,2022-02-25
"12841",39.767578125,2022-02-26
"12842",39.5478515625,2022-02-27
"12843",39.9482421875,2022-02-28
"12844",41.2314453125,2022-03-01
"12845",39.53125,2022-03-02
"12846",39.9306640625,2022-03-03
"12847",40.19140625,2022-03-04
"12848",40.220703125,2022-03-05
"12849",35.2412109375,2022-03-06
"12850",35.1005859375,2022-03-07
"12851",35.541015625,2022-03-08
"12852",36.62109375,2022-03-09
"12853",37.7314453125,2022-03-10
"12854",38.4208984375,2022-03-11
"12855",39.890625,2022-03-12
"12856",40.2412109375,2022-03-13
"12857",40.03125,2022-03-14
"12858",39.3505859375,2022-03-15
"12859",39.7314453125,2022-03-16
"12860",39.7314453125,2022-03-17
"12861",39.880859375,2022-03-18
"12862",39.5107421875,2022-03-19
"12863",39.3212890625,2022-03-20
"12864",38.701171875,2022-03-21
"12865",39.380859375,2022-03-22
"12866",40.5107421875,2022-03-23
"12867",39.8408203125,2022-03-24
"12868",35.130859375,2022-03-25
"12869",34.890625,2022-03-26
"12870",34.80078125,2022-03-27
"12871",34.6611328125,2022-03-28
"12872",34.5107421875,2022-03-29
"12873",35.140625,2022-03-30
"12874",31.701171875,2022-03-31
"12875",30.9580078125,2022-04-01
"12876",33.3681640625,2022-04-02
"12877",33.2978515625,2022-04-03
"12878",32.09765625,2022-04-04
"12879",34.068359375,2022-04-05
"12880",34.98828125,2022-04-06
"12881",33.5283203125,2022-04-07
"12882",33.2783203125,2022-04-08
"12883",35.2978515625,2022-04-09
"12884",38.0576171875,2022-04-10
"12885",38.068359375,2022-04-11
"12886",38.0576171875,2022-04-12
"12887",37.2177734375,2022-04-13
"12888",36.4677734375,2022-04-14
"12889",36.84765625,2022-04-15
"12890",36.3779296875,2022-04-16
"12891",35.9384765625,2022-04-17
"12892",36.7783203125,2022-04-18
"12893",29.677734375,2022-04-19
"12894",28.6484375,2022-04-20
"12895",30.1884765625,2022-04-21
"12896",32.177734375,2022-04-22
"12897",28.7578125,2022-04-23
"12898",27.7578125,2022-04-24
"12899",20.8681640625,2022-04-25
"12900",25.408203125,2022-04-26
"12901",27.3076171875,2022-04-27
"12902",33.0078125,2022-04-28
"12903",34.0078125,2022-04-29
"12904",30.4384765625,2022-04-30
"12905",29.2724609375,2022-05-01
"12906",28.0615234375,2022-05-02
"12907",28.8623046875,2022-05-03
"12908",28.2021484375,2022-05-04
"12909",20.40234375,2022-05-05
"12910",21.33203125,2022-05-06
"12911",21.6015625,2022-05-07
"12912",24.5419921875,2022-05-08
"12913",25.0615234375,2022-05-09
"12914",23.6015625,2022-05-10
"12915",23.482421875,2022-05-11
"12916",23.431640625,2022-05-12
"12917",27.3115234375,2022-05-13
"12918",26.26171875,2022-05-14
"12919",27.912109375,2022-05-15
"12920",27.7421875,2022-05-16
"12921",26.4716796875,2022-05-17
"12922",27.431640625,2022-05-18
"12923",26.671875,2022-05-19
"12924",25.4521484375,2022-05-20
"12925",25.4619140625,2022-05-21
"12926",27.6318359375,2022-05-22
"12927",26.8916015625,2022-05-23
"12928",26.662109375,2022-05-24
"12929",26.9423828125,2022-05-25
"12930",26.7919921875,2022-05-26
"12931",25.40234375,2022-05-27
"12932",24.2216796875,2022-05-28
"12933",27.90234375,2022-05-29
"12934",24.4921875,2022-05-30
"12935",18.5224609375,2022-05-31
"12936",14.5400390625,2022-06-01
"12937",22.75,2022-06-02
"12938",20.8701171875,2022-06-03
"12939",19.23046875,2022-06-04
"12940",21.2802734375,2022-06-05
"12941",20.16015625,2022-06-06
"12942",19.1904296875,2022-06-07
"12943",18.240234375,2022-06-08
"12944",17.98046875,2022-06-09
"12945",17.48046875,2022-06-10
"12946",18.4296875,2022-06-11
"12947",19.51953125,2022-06-12
"12948",20.5400390625,2022-06-13
"12949",23.5400390625,2022-06-14
"12950",24.650390625,2022-06-15
"12951",24.3095703125,2022-06-16
"12952",23.490234375,2022-06-17
"12953",23.3095703125,2022-06-18
"12954",25.4404296875,2022-06-19
"12955",24.7802734375,2022-06-20
"12956",24.9599609375,2022-06-21
"12957",24.1201171875,2022-06-22
"12958",24.6201171875,2022-06-23
"12959",24.9599609375,2022-06-24
"12960",25.400390625,2022-06-25
"12961",24.509765625,2022-06-26
"12962",23.099609375,2022-06-27
"12963",19.759765625,2022-06-28
"12964",18.169921875,2022-06-29
"12965",19.3203125,2022-06-30
"12966",13.5810546875,2022-07-01
"12967",17.6708984375,2022-07-02
"12968",17.3408203125,2022-07-03
"12969",17.5107421875,2022-07-04
"12970",19.111328125,2022-07-05
"12971",18.8505859375,2022-07-06
"12972",21.0810546875,2022-07-07
"12973",19.7412109375,2022-07-08
"12974",18.1708984375,2022-07-09
"12975",18.55078125,2022-07-10
"12976",18.2509765625,2022-07-11
"12977",18.9208984375,2022-07-12
"12978",18.62109375,2022-07-13
"12979",18.4306640625,2022-07-14
"12980",20.1708984375,2022-07-15
"12981",23.7109375,2022-07-16
"12982",25.6708984375,2022-07-17
"12983",24.7314453125,2022-07-18
"12984",23.9814453125,2022-07-19
"12985",22.5009765625,2022-07-20
"12986",17.87109375,2022-07-21
"12987",20.8212890625,2022-07-22
"12988",24.4013671875,2022-07-23
"12989",28.1005859375,2022-07-24
"12990",27.3505859375,2022-07-25
"12991",22.7509765625,2022-07-26
"12992",21.291015625,2022-07-27
"12993",23.951171875,2022-07-28
"12994",23.55078125,2022-07-29
"12995",24.3310546875,2022-07-30
"12996",26.701171875,2022-07-31
"12997",26.2470703125,2022-08-01
"12998",29.947265625,2022-08-02
"12999",33.9267578125,2022-08-03
"13000",34.0771484375,2022-08-04
"13001",28.607421875,2022-08-05
"13002",23.27734375,2022-08-06
"13003",22.0673828125,2022-08-07
"13004",21.8671875,2022-08-08
"13005",24.2265625,2022-08-09
"13006",26.13671875,2022-08-10
"13007",24.0869140625,2022-08-11
"13008",21.947265625,2022-08-12
"13009",21.9970703125,2022-08-13
"13010",22.4169921875,2022-08-14
"13011",24.7568359375,2022-08-15
"13012",24.1865234375,2022-08-16
"13013",24.52734375,2022-08-17
"13014",29.126953125,2022-08-18
"13015",22.7568359375,2022-08-19
"13016",22.9072265625,2022-08-20
"13017",24.8173828125,2022-08-21
"13018",28.296875,2022-08-22
"13019",18.716796875,2022-08-23
"13020",18.9169921875,2022-08-24
"13021",21.5166015625,2022-08-25
"13022",24.38671875,2022-08-26
"13023",26.8369140625,2022-08-27
"13024",33.056640625,2022-08-28
"13025",30.0869140625,2022-08-29
"13026",21.9267578125,2022-08-30
"13027",28.3974609375,2022-08-31
"13028",24.697265625,2022-09-01
"13029",16.5869140625,2022-09-02
"13030",19.9765625,2022-09-03
"13031",22.6669921875,2022-09-04
"13032",25.126953125,2022-09-05
"13033",28.88671875,2022-09-06
"13034",31.70703125,2022-09-07
"13035",26.9072265625,2022-09-08
"13036",26.4365234375,2022-09-09
"13037",28.2568359375,2022-09-10
"13038",22.1171875,2022-09-11
"13039",27.447265625,2022-09-12
"13040",30.1669921875,2022-09-13
"13041",32.287109375,2022-09-14
"13042",36.3466796875,2022-09-15
"13043",31.9365234375,2022-09-16
"13044",29.6474609375,2022-09-17
"13045",29.8271484375,2022-09-18
"13046",36.20703125,2022-09-19
"13047",37.3369140625,2022-09-20
"13048",27.046875,2022-09-21
"13049",29.107421875,2022-09-22
"13050",29.8974609375,2022-09-23
"13051",31.2470703125,2022-09-24
"13052",34.02734375,2022-09-25
"13053",34.0869140625,2022-09-26
"13054",27.537109375,2022-09-27
"13055",25.5673828125,2022-09-28
"13056",28.0068359375,2022-09-29
"13057",29.2470703125,2022-09-30
"13058",29.892578125,2022-10-01
"13059",31.9931640625,2022-10-02
"13060",36.04296875,2022-10-03
"13061",32.7431640625,2022-10-04
"13062",33.4833984375,2022-10-05
"13063",35.802734375,2022-10-06
"13064",35.4833984375,2022-10-07
"13065",27.5234375,2022-10-08
"13066",27.3134765625,2022-10-09
"13067",29.9033203125,2022-10-10
"13068",35.4228515625,2022-10-11
"13069",38.72265625,2022-10-12
"13070",37.3427734375,2022-10-13
"13071",26.052734375,2022-10-14
"13072",31.2734375,2022-10-15
"13073",31.943359375,2022-10-16
"13074",37.0830078125,2022-10-17
"13075",32.0830078125,2022-10-18
"13076",31.6630859375,2022-10-19
"13077",31.2734375,2022-10-20
"13078",33.2333984375,2022-10-21
"13079",35.8134765625,2022-10-22
"13080",38.1630859375,2022-10-23
"13081",34.7333984375,2022-10-24
"13082",38.86328125,2022-10-25
"13083",37.5830078125,2022-10-26
"13084",32.783203125,2022-10-27
"13085",33.1826171875,2022-10-28
"13086",35.1533203125,2022-10-29
"13087",40.7529296875,2022-10-30
"13088",39.8525390625,2022-10-31
"13089",28.0478515625,2022-11-01
"13090",26.828125,2022-11-02
"13091",27.2880859375,2022-11-03
"13092",30.1181640625,2022-11-04
"13093",33.1484375,2022-11-05
"13094",35.767578125,2022-11-06
"13095",37.5380859375,2022-11-07
"13096",40.328125,2022-11-08
"13097",39.267578125,2022-11-09
"13098",39.2783203125,2022-11-10
"13099",40.41796875,2022-11-11
"13100",34.337890625,2022-11-12
"13101",38.7578125,2022-11-13
"13102",31.677734375,2022-11-14
"13103",31.677734375,2022-11-15
"13104",31.337890625,2022-11-16
"13105",30.4482421875,2022-11-17
"13106",37.73828125,2022-11-18
"13107",40.98828125,2022-11-19
"13108",32.517578125,2022-11-20
"13109",31.9677734375,2022-11-21
"13110",29.8984375,2022-11-22
"13111",30.6884765625,2022-11-23
"13112",31.1982421875,2022-11-24
"13113",35.3583984375,2022-11-25
"13114",36.8779296875,2022-11-26
"13115",31.9482421875,2022-11-27
"13116",36.4775390625,2022-11-28
"13117",35.4580078125,2022-11-29
"13118",35.2080078125,2022-11-30
"13119",35.478515625,2022-12-01
"13120",36.0693359375,2022-12-02
"13121",37.62890625,2022-12-03
"13122",38.0185546875,2022-12-04
"13123",39.9189453125,2022-12-05
"13124",42.71875,2022-12-06
"13125",44.7392578125,2022-12-07
"13126",39.8291015625,2022-12-08
"13127",39.478515625,2022-12-09
"13128",42.30859375,2022-12-10
"13129",44.1689453125,2022-12-11
"13130",38.7392578125,2022-12-12
"13131",35.189453125,2022-12-13
"13132",32.96875,2022-12-14
"13133",33.2490234375,2022-12-15
"13134",34.978515625,2022-12-16
"13135",37.869140625,2022-12-17
"13136",39.7685546875,2022-12-18
"13137",39.3193359375,2022-12-19
"13138",38.0986328125,2022-12-20
"13139",37.359375,2022-12-21
"13140",33.94921875,2022-12-22
"13141",28.6689453125,2022-12-23
"13142",30.619140625,2022-12-24
"13143",31.21875,2022-12-25
"13144",30.9287109375,2022-12-26
"13145",34.21875,2022-12-27
"13146",37.0888671875,2022-12-28
"13147",38.109375,2022-12-29
"13148",38.869140625,2022-12-30
"13149",38.5390625,2022-12-31
