"","time","x","y","bs","pv","npv","ue","spatial_ref"
"1",1987-09-14 00:31:52.442503,257250,-1503750,5.3125,31.875,61.8125,14.625,3577
"2",1987-09-30 00:32:13.73376,257250,-1503750,6.5625,29.4375,62.75,13.625,3577
"3",1987-10-16 00:32:31.824635,257250,-1503750,6.9375,27.125,64.8125,13.6875,3577
"4",1987-11-01 00:32:48.497704,257250,-1503750,2.375,27.875,69,13.3125,3577
"5",1987-11-17 00:33:09.756076,257250,-1503750,9,21.4375,68.6875,12.3125,3577
"6",1988-01-04 00:33:54.645516,257250,-1503750,0,44,55.3125,13.8125,3577
"7",1988-02-05 00:34:30.44066,257250,-1503750,1.625,41.0625,56.0625,16,3577
"8",1988-02-21 00:34:44.763459,257250,-1503750,3.375,45.5,49.6875,16.9375,3577
"9",1988-03-08 00:34:54.62384,257250,-1503750,5.4375,47.5625,45.6875,14.6875,3577
"10",1988-04-09 00:35:08.454883,257265,-1503795,12.3333333333333,21.6666666666667,65,18.6666666666667,3577
"11",1988-05-27 00:35:30.48945,257250,-1503750,4.8125,35.5625,58.6875,17.0625,3577
"12",1988-06-28 00:35:41.624759,257250,-1503750,6.25,31.875,60.6875,16.5625,3577
"13",1988-07-14 00:35:44.955044,257250,-1503750,7.125,31,60.875,16.3125,3577
"14",1988-07-30 00:35:47.085356,257250,-1503750,4,31.125,63.75,15.125,3577
"15",1988-08-15 00:35:46.263699,257250,-1503750,5.875,31,62,15.1875,3577
"16",1988-08-31 00:35:50.653676,257258.076923077,-1503758.07692308,0.384615384615385,28,70.8461538461538,12.2307692307692,3577
"17",1988-10-02 00:35:41.662178,257250,-1503750,10.625,21.8125,66.375,14.4375,3577
"18",1988-10-18 00:35:36.585773,257250,-1503750,5.0625,24.625,69.5,14.4375,3577
"19",1988-11-03 00:35:39.768299,257247,-1503747,0.866666666666667,30,68.6666666666667,12.5333333333333,3577
"20",1988-11-19 00:35:38.157466,257250,-1503750,7.75,19.4375,71.625,11,3577
"21",1988-12-05 00:35:33.881838,257250,-1503750,2.125,30.0625,66.8125,13.9375,3577
"22",1988-12-21 00:35:22.078442,257250,-1503750,0,25.375,74.6875,4.125,3577
"23",1989-01-06 00:35:21.637626,257250,-1503750,8.0625,35.0625,55.8125,16.9375,3577
"24",1989-02-07 00:35:04.744201,257250,-1503750,6.125,36.9375,55.625,14.1875,3577
"25",1989-02-23 00:34:56.08592,257250,-1503750,8.1875,42.5625,47.875,16.75,3577
"26",1989-03-27 00:34:00.153333,257250,-1503750,2.125,50.75,46.1875,13.625,3577
"27",1989-04-28 00:33:51.012993,257250,-1503750,2.75,50.375,45.75,17.5,3577
"28",1989-05-30 00:33:22.827925,257250,-1503750,5.5,46.4375,47,18.3125,3577
"29",1989-07-01 00:32:43.752681,257250,-1503750,6.8125,38.1875,53.875,17.375,3577
"30",1989-08-02 00:32:04.108869,257250,-1503750,7.8125,36.75,54.125,16,3577
"31",1989-08-18 00:31:39.683372,257250,-1503750,7.4375,37.1875,54.3125,15.875,3577
"32",1989-09-03 00:31:22.371304,257250,-1503750,5.1875,29.4375,64.25,12.0625,3577
"33",1989-09-19 00:30:49.939834,257250,-1503750,5.9375,31.875,61.25,14.6875,3577
"34",1989-10-05 00:30:40.769286,257250,-1503750,11.4375,22.6875,64.8125,14.75,3577
"35",1989-11-06 00:29:40.208085,257250,-1503750,10.375,22.875,65.625,13.6875,3577
"36",1989-11-22 00:29:00.730013,257250,-1503750,7.3125,34,57.25,15.9375,3577
"37",1989-12-08 00:28:41.320362,257250,-1503750,5.5,32.4375,61,16.1875,3577
"38",1990-04-15 00:25:16.525451,257250,-1503750,1.125,36.6875,61.25,19.0625,3577
"39",1990-05-01 00:25:07.413581,257250,-1503750,9.375,36.6875,52.6875,16.75,3577
"40",1990-05-17 00:25:18.940801,257250,-1503750,6.375,34.5,58,17.0625,3577
"41",1990-06-18 00:25:12.73628,257250,-1503750,12.25,31.9375,54.5,14.75,3577
"42",1990-07-20 00:25:06.536217,257250,-1503750,5.3125,32.0625,61.5625,15.8125,3577
"43",1990-08-21 00:24:59.357044,257250,-1503750,11.25,26.6875,60.75,15.4375,3577
"44",1990-09-06 00:24:52.007666,257250,-1503750,11.5625,29,58.0625,15.4375,3577
"45",1990-10-24 00:24:34.898686,257250,-1503750,14.25,24.3125,59.875,14.1875,3577
"46",1990-11-09 00:24:32.88787,257250,-1503750,10.0625,22.0625,66.6875,13.8125,3577
"47",1990-11-25 00:24:23.669188,257250,-1503750,10.125,20.375,68.3125,14.5,3577
"48",1990-12-11 00:24:22.465198,257250,-1503750,8.75,24,65.9375,13.5625,3577
"49",1991-03-17 00:26:27.466138,257250,-1503750,4.3125,52,42.625,17.625,3577
"50",1991-04-18 00:26:59.322158,257250,-1503750,15.4375,50.125,33.3125,12.5,3577
"51",1991-05-04 00:27:18.730299,257250,-1503750,8.0625,45,45.5625,14.25,3577
"52",1991-06-21 00:28:01.054531,257250,-1503750,6.875,43.4375,48.5625,16.6875,3577
"53",1991-07-07 00:28:15.914143,257250,-1503750,3.1875,39.75,56,16.625,3577
"54",1991-07-23 00:28:28.895335,257250,-1503750,2.0625,30.6875,66.3125,13.8125,3577
"55",1991-08-08 00:28:34.1751,257250,-1503750,7.3125,30.3125,61.125,13.125,3577
"56",1991-08-24 00:28:39.59177,257250,-1503750,7.125,23.625,68.125,12.125,3577
"57",1991-09-09 00:28:53.472394,257250,-1503750,3,26.375,69.5,12.9375,3577
"58",1991-09-25 00:28:59.34048,257250,-1503750,0.8125,26.375,72.0625,12.75,3577
"59",1991-10-11 00:29:07.113881,257250,-1503750,1.625,26.875,70.8125,12.375,3577
"60",1991-10-27 00:29:11.746376,257250,-1503750,1.875,23.0625,74.1875,12.5,3577
"61",1991-11-12 00:29:15.370087,257250,-1503750,0.375,24.8125,73.9375,12.875,3577
"62",1991-11-28 00:29:23.844277,257250,-1503750,0.1875,30.3125,68.6875,13.375,3577
"63",1992-01-15 00:29:18.177801,257250,-1503750,6.6875,31.8125,60.375,14,3577
"64",1992-01-31 00:29:23.191311,257250,-1503750,1.4375,38,59.625,15.8125,3577
"65",1992-02-16 00:29:10.901943,257250,-1503750,3.875,39.25,55.6875,14.5,3577
"66",1992-03-03 00:29:12.558283,257250,-1503750,3.1875,49.625,46.1875,15.6875,3577
"67",1992-03-19 00:29:14.485082,257250,-1503750,1.9375,51.3125,45.5,16.5,3577
"68",1992-04-20 00:28:58.739954,257250,-1503750,3.9375,48.625,46,16.5625,3577
"69",1992-05-06 00:28:48.78724,257250,-1503750,4.8125,41.4375,52.5625,16.5,3577
"70",1992-05-22 00:28:39.345603,257250,-1503750,3.625,42.5,52.75,15.625,3577
"71",1992-06-07 00:28:31.932959,257250,-1503750,2.125,39.125,58,16.625,3577
"72",1992-07-09 00:28:07.472799,257250,-1503750,5.375,36.75,56.6875,16.25,3577
"73",1992-08-10 00:27:42.790497,257250,-1503750,8.5625,29.25,61.0625,15.9375,3577
"74",1992-08-26 00:27:26.497808,257250,-1503750,5.125,30.625,63.0625,15.375,3577
"75",1992-09-27 00:26:54.291855,257250,-1503750,2.9375,31.0625,65,14.875,3577
"76",1992-11-30 00:26:10.206068,257250,-1503750,5.375,27.8125,65.8125,15.25,3577
"77",1993-01-17 00:26:42.542277,257258.076923077,-1503741.92307692,11.6153846153846,29.4615384615385,57.8461538461538,12.5384615384615,3577
"78",1993-03-06 00:27:10.016066,257250,-1503750,5.125,45.125,48.75,15.75,3577
"79",1993-03-22 00:27:12.562469,257250,-1503750,3.875,46.75,48.1875,15.75,3577
"80",1993-04-23 00:27:27.084189,257250,-1503750,5.0625,51.25,42.375,15.6875,3577
"81",1993-05-09 00:27:30.849139,257250,-1503750,5.9375,47.0625,45.625,16.3125,3577
"82",1993-05-25 00:27:34.439781,257250,-1503750,3.875,47.5625,47.4375,16.6875,3577
"83",1993-06-10 00:27:35.846778,257250,-1503750,4.1875,41,53.875,16.625,3577
"84",1993-06-26 00:27:30.593499,257250,-1503750,3.25,41.625,53.9375,15.0625,3577
"85",1993-07-12 00:27:26.997506,257250,-1503750,6.8125,37.25,54.8125,16.4375,3577
"86",1993-07-28 00:27:25.602266,257250,-1503750,5.25,34.4375,59.5,16.4375,3577
"87",1993-08-13 00:27:26.425987,257250,-1503754.28571429,12.1428571428571,27.1428571428571,59.5714285714286,19.8571428571429,3577
"88",1993-09-30 00:27:20.30437,257250,-1503750,1.1875,36.625,61.3125,14.125,3577
"89",1993-10-16 00:27:14.828298,257250,-1503750,0.9375,28.25,70,14.3125,3577
"90",1993-11-01 00:27:08.410552,257250,-1503750,2.375,28.3125,68.25,14.4375,3577
"91",1993-12-03 00:26:55.93434,257250,-1503750,4.25,42.0625,52.375,16.1875,3577
"92",1994-02-05 00:26:13.62811,257250,-1503750,1.0625,51.5,46.4375,17.3125,3577
"93",1994-03-09 00:25:45.018485,257250,-1503750,1.5,47.75,49.625,19.5625,3577
"94",1994-04-10 00:25:12.832691,257250,-1503750,2.75,47.9375,48.0625,16.6875,3577
"95",1994-04-26 00:24:55.971949,257285,-1503715,27.3333333333333,43,29,10,3577
"96",1994-05-12 00:24:37.227163,257250,-1503750,3.9375,48.75,46.25,18.3125,3577
"97",1994-05-28 00:24:21.465684,257250,-1503750,4.5,47.0625,47.375,17.8125,3577
"98",1994-06-13 00:24:01.785386,257250,-1503750,5.375,41.8125,51.4375,17.25,3577
"99",1994-06-29 00:23:38.781632,257250,-1503750,7.1875,40.4375,51.3125,17.9375,3577
"100",1994-07-15 00:23:12.290951,257250,-1503750,5.25,36.875,56.9375,18.3125,3577
"101",1994-07-31 00:22:44.733222,257250,-1503750,6.3125,32.75,59.8125,16.875,3577
"102",1994-08-16 00:22:21.353959,257250,-1503750,4.9375,37.9375,56.0625,16.9375,3577
"103",1994-09-01 00:21:58.270909,257250,-1503750,6.0625,33.9375,59.125,16.875,3577
"104",1994-09-17 00:21:33.338018,257250,-1503750,5.5625,32.75,60.75,16.25,3577
"105",1994-10-03 00:21:06.161103,257250,-1503750,0.3125,23,76,14.75,3577
"106",1994-12-06 00:18:59.278934,257250,-1503750,21,29.0625,48.75,14.25,3577
"107",1994-12-22 00:18:29.13809,257250,-1503750,6.5,41.625,50.625,18.3125,3577
"108",1995-01-07 00:17:56.283061,257250,-1503750,5.5,44.5625,48.625,18.1875,3577
"109",1995-01-23 00:17:20.621702,257250,-1503750,12.75,40,46.0625,14.5625,3577
"110",1995-04-13 00:14:05.955067,257250,-1503750,4,52.1875,42.5625,16.625,3577
"111",1995-05-15 00:12:40.994531,257250,-1503750,4.1875,48.0625,46.6875,18.8125,3577
"112",1995-05-31 00:11:56.447591,257250,-1503750,6.3125,44,48.375,17.75,3577
"113",1995-07-18 00:09:45.22476,257250,-1503750,5.0625,37.3125,56.4375,17.0625,3577
"114",1995-08-03 00:09:02.476032,257250,-1503750,6.1875,40.375,52.4375,17.25,3577
"115",1995-08-19 00:08:18.846913,257235,-1503787.5,50.25,16.5,32.5,13.75,3577
"116",1995-09-04 00:07:33.4342,257250,-1503750,4.5,38.3125,56.1875,16.75,3577
"117",1995-10-06 00:05:55.831171,257250,-1503750,0.5,29,69.6875,14.625,3577
"118",1995-12-25 00:06:49.194347,257250,-1503750,12.5625,29.25,57,15.125,3577
"119",1996-02-11 00:10:11.921998,257250,-1503750,3.4375,47.875,47.375,17.75,3577
"120",1996-03-30 00:13:20.998968,257250,-1503750,2.0625,54.25,42.5625,19.25,3577
"121",1996-06-02 00:17:08.414327,257250,-1503750,4.125,45.625,49.1875,19.1875,3577
"122",1996-06-18 00:18:00.573914,257250,-1503750,6,43.25,49.5625,18.875,3577
"123",1996-07-04 00:18:50.841524,257250,-1503750,4.4375,38.4375,56.125,17.875,3577
"124",1996-08-05 00:20:32.405039,257250,-1503750,3.3125,33.75,62,17.1875,3577
"125",1996-08-21 00:21:22.106156,257250,-1503750,7.5,34.6875,56.875,17,3577
"126",1996-09-06 00:22:15.978058,257250,-1503750,6.625,30.125,62.125,15.3125,3577
"127",1996-09-22 00:23:08.512443,257250,-1503750,5.5625,28.9375,64.5625,15.5625,3577
"128",1996-10-24 00:24:47.589139,257250,-1503750,2.25,31.0625,65.8125,15.4375,3577
"129",1996-11-25 00:26:18.037666,257250,-1503750,8.125,23.4375,67.3125,15.6875,3577
"130",1996-12-11 00:27:04.21036,257250,-1503750,5.8125,30.75,62.375,18.5,3577
"131",1997-03-01 00:30:40.229856,257242.5,-1503787.5,15.75,43.5,39,17.5,3577
"132",1997-04-02 00:31:53.560569,257250,-1503750,2.125,59.5625,36.8125,19.125,3577
"133",1997-04-18 00:32:27.749955,257250,-1503750,3.9375,53.625,41.125,18.5,3577
"134",1997-05-04 00:33:01.604073,257250,-1503750,3.375,50,45.125,18.1875,3577
"135",1997-05-20 00:33:34.609565,257250,-1503750,4.875,43.1875,50.5625,18,3577
"136",1997-06-21 00:34:40.80133,257205,-1503735,46,20.6666666666667,32.3333333333333,16.6666666666667,3577
"137",1997-07-07 00:35:14.246172,257250,-1503750,6.6875,35.9375,56.25,15.1875,3577
"138",1997-08-24 00:36:48.881243,257250,-1503750,5.375,30.375,63.1875,14.25,3577
"139",1997-09-25 00:37:44.280952,257250,-1503750,2,28.75,68.4375,14.875,3577
"140",1997-10-11 00:38:10.840137,257250,-1503750,2,27.5625,69.5625,15,3577
"141",1997-11-12 00:39:00.645234,257250,-1503750,0.25,25.0625,74,13.8125,3577
"142",1997-11-28 00:39:23.194621,257250,-1503750,1.9375,37.5,59.5625,17.6875,3577
"143",1998-01-31 00:40:52.61694,257250,-1503750,1.5625,41,56.1875,17.0625,3577
"144",1998-03-20 00:41:43.146812,257295,-1503765,0,36,64.6666666666667,12,3577
"145",1998-04-21 00:42:06.729296,257250,-1503750,8.5625,38.25,52.1875,12.75,3577
"146",1998-05-23 00:42:36.451946,257280,-1503705,5,33.5,61,12,3577
"147",1998-06-08 00:42:51.344436,257250,-1503750,4.875,40.6875,53.5,18.3125,3577
"148",1998-06-24 00:43:00.052375,257250,-1503750,3.375,37.3125,58.4375,18.0625,3577
"149",1998-07-10 00:43:14.926641,257250,-1503750,2.9375,35.4375,60.6875,18.25,3577
"150",1998-07-26 00:43:22.604057,257250,-1503750,4.875,29.9375,64.25,17.9375,3577
"151",1998-08-11 00:43:28.784915,257250,-1503750,4.125,31.6875,63.1875,17.5625,3577
"152",1998-08-27 00:43:40.135099,257250,-1503750,5.375,30.25,63.625,16.875,3577
"153",1998-09-12 00:43:46.82566,257250,-1503750,3.3125,23.6875,72.0625,14.125,3577
"154",1998-09-28 00:43:52.772704,257250,-1503750,2.6875,26.375,70,17.0625,3577
"155",1998-10-14 00:43:51.823022,257250,-1503750,0.875,27.75,70.6875,16,3577
"156",1998-11-15 00:44:04.923312,257250,-1503750,6.25,30.75,62.125,18.5,3577
"157",1998-12-17 00:44:01.315576,257250,-1503750,3.25,38.1875,57.4375,16.5625,3577
"158",1999-01-18 00:44:02.720003,257251.363636364,-1503754.09090909,20,36.4545454545455,42.3636363636364,14.0909090909091,3577
"159",1999-02-19 00:44:18.679087,257250,-1503750,10.5,49.5625,39.0625,13.625,3577
"160",1999-04-08 00:43:44.216855,257250,-1503750,0.4375,59.1875,39.3125,19.5625,3577
"161",1999-05-26 00:43:13.90591,257250,-1503750,1.125,50,47.8125,19.25,3577
"162",1999-06-11 00:43:01.388475,257250,-1503750,3.625,45.1875,49.875,19.5625,3577
"163",1999-06-27 00:42:53.322521,257250,-1503750,3.625,44.1875,51.25,19.5,3577
"164",1999-07-21 00:57:50.463802,257250,-1503750,3.4375,40.3125,55.25,18.625,3577
"165",1999-07-29 00:42:45.855752,257250,-1503750,21.0625,26.8125,50.875,13.5,3577
"166",1999-08-14 00:42:40.182628,257250,-1503750,4,34.375,60.6875,17.625,3577
"167",1999-08-22 00:57:55.965483,257250,-1503750,2.9375,33.6875,62.25,17.8125,3577
"168",1999-08-30 00:42:19.701573,257250,-1503750,2.875,30.9375,65.5625,17.4375,3577
"169",1999-09-07 00:57:58.236338,257250,-1503750,4,28.625,66.8125,16.875,3577
"170",1999-09-15 00:41:47.589548,257250,-1503750,1.6875,25.6875,71.875,16,3577
"171",1999-09-23 00:57:59.806459,257250,-1503750,2.3125,29.75,67.0625,15.8125,3577
"172",1999-10-09 00:58:05.57281,257250,-1503750,0.3125,29.5,69.5,14.625,3577
"173",1999-10-25 00:57:55.11365,257250,-1503750,0.1875,27.625,71.625,16.75,3577
"174",1999-12-12 00:57:59.915924,257250,-1503750,1.1875,33,64.75,19.5625,3577
"175",2000-04-02 00:57:33.332746,257250,-1503750,1.25,56.5625,40.8125,18.875,3577
"176",2000-04-18 00:57:19.401759,257250,-1503750,0.375,51.4375,47.3125,17.1875,3577
"177",2000-05-04 00:57:17.923688,257256.428571429,-1503769.28571429,19.2857142857143,37.1428571428571,42.2857142857143,15.4285714285714,3577
"178",2000-06-05 00:56:55.08494,257250,-1503750,6.1875,43.125,49.375,19.8125,3577
"179",2000-06-21 00:56:51.588936,257250,-1503750,4.1875,46.5625,48.1875,20,3577
"180",2000-07-07 00:56:37.797643,257250,-1503750,3.3125,40.6875,55,18.8125,3577
"181",2000-07-23 00:56:21.219796,257250,-1503750,3.6875,39.625,55.625,18.75,3577
"182",2000-08-08 00:56:07.667991,257250,-1503750,5.875,36.625,56.4375,18.4375,3577
"183",2000-08-24 00:56:02.419311,257250,-1503750,1.5,20.6875,77.25,16.1875,3577
"184",2000-09-09 00:55:46.398774,257250,-1503750,2.875,24.8125,71.3125,14.9375,3577
"185",2000-09-25 00:55:30.165015,257250,-1503750,6.25,29.75,62.875,16.5,3577
"186",2000-10-27 00:55:21.80182,257250,-1503750,4.6875,30.8125,63.375,17,3577
"187",2000-12-14 00:55:27.173598,257247,-1503747,2.93333333333333,37.7333333333333,58.4666666666667,17.8,3577
"188",2000-12-30 00:55:28.988434,257250,-1503750,3.625,43.75,51.375,17.6875,3577
"189",2001-01-31 00:55:32.734635,257250,-1503750,4.9375,45.5,48.5,16.75,3577
"190",2001-03-20 00:55:15.442349,257250,-1503750,1.6875,51.1875,46.1875,17.375,3577
"191",2001-05-07 00:55:04.945164,257250,-1503750,1.5625,55.625,41.5625,20.0625,3577
"192",2001-06-08 00:54:41.565154,257250,-1503750,4.125,50.6875,43.9375,21.0625,3577
"193",2001-07-10 00:54:25.3267,257250,-1503750,6.9375,36.75,54.9375,18.25,3577
"194",2001-07-26 00:54:17.482708,257250,-1503750,6.375,40.4375,52.25,19.125,3577
"195",2001-08-11 00:53:59.192042,257250,-1503750,9.4375,31.75,57.9375,21.4375,3577
"196",2001-08-27 00:53:48.414088,257250,-1503750,2.875,29.625,66.75,16.5,3577
"197",2001-09-12 00:53:37.059783,257250,-1503750,3.75,33.75,61.5,16.875,3577
"198",2001-09-28 00:53:27.952183,257250,-1503750,2.1875,34.125,62.75,16.25,3577
"199",2001-10-14 00:53:15.0141,257250,-1503750,2.3125,27.5,69.4375,16.3125,3577
"200",2001-10-30 00:53:19.81352,257250,-1503750,4.75,30.9375,63.1875,17.4375,3577
"201",2001-12-01 00:53:35.26009,257250,-1503750,1,40.4375,57.6875,16.375,3577
"202",2001-12-17 00:53:42.772081,257283,-1503729,5.6,35.8,57.8,13.4,3577
"203",2002-02-03 00:53:53.593958,257250,-1503750,8.5,42,48.3125,14.6875,3577
"204",2002-03-07 00:53:58.593871,257250,-1503750,1.625,55.5625,41.5,20.5,3577
"205",2002-03-23 00:53:51.335142,257250,-1503750,21.4375,45.5625,31.8125,11.9375,3577
"206",2002-04-08 00:53:51.99813,257250,-1503750,1.4375,52.8125,44.375,17.875,3577
"207",2002-04-24 00:53:48.606371,257250,-1503750,4.6875,52.6875,41.1875,19.625,3577
"208",2002-05-10 00:53:51.792238,257250,-1503750,4.3125,48.25,46.3125,19.625,3577
"209",2002-06-11 00:53:35.577038,257250,-1503750,4.875,44.3125,49.5625,16.6875,3577
"210",2002-06-27 00:53:29.12184,257250,-1503750,8.4375,38.4375,51.5,17.625,3577
"211",2002-07-13 00:53:26.131381,257250,-1503750,9.625,35.8125,53.4375,17.8125,3577
"212",2002-07-29 00:53:17.778515,257250,-1503750,7.625,36.75,54.375,17.6875,3577
"213",2002-08-14 00:53:13.678398,257250,-1503750,15.375,31.6875,51.9375,19.875,3577
"214",2002-08-30 00:53:02.129346,257250,-1503750,14.5625,30.875,53.375,18.625,3577
"215",2002-09-15 00:52:53.630716,257250,-1503750,15.5,27.5,55.6875,15,3577
"216",2002-10-01 00:52:46.586227,257250,-1503750,16.1875,28.875,53.75,17.0625,3577
"217",2002-10-17 00:52:47.431288,257250,-1503750,18.375,21.75,58.5,16.75,3577
"218",2002-11-18 00:53:05.371401,257250,-1503750,12.5,25.5625,60.625,15.8125,3577
"219",2002-12-04 00:53:18.754443,257265,-1503759.54545455,3.90909090909091,29.8181818181818,65.2727272727273,14,3577
"220",2003-03-26 00:53:40.857755,257250,-1503750,6.875,49.125,42.5625,17.75,3577
"221",2003-04-11 00:53:48.890738,257250,-1503750,4.6875,50.0625,44.0625,18.5625,3577
"222",2003-04-27 00:53:48.425601,257250,-1503750,4.6875,48,46.0625,18.375,3577
"223",2003-05-13 00:53:46.83252,257250,-1503750,6.9375,43.0625,48.8125,18.125,3577
"224",2003-05-29 00:53:45.328364,257250,-1503750,8.25,41.75,48.9375,16.8125,3577
"225",2003-07-08 00:41:20.711949,257250,-1503750,8.8125,38.25,52.125,17.125,3577
"226",2003-07-16 00:53:36.954387,257250,-1503705,8,37,53.75,14.5,3577
"227",2003-08-01 00:53:29.459314,257243.571428571,-1503782.14285714,11.2857142857143,34.4285714285714,53.7142857142857,18,3577
"228",2003-08-09 00:41:54.234668,257250,-1503750,10.1875,33.4375,55.4375,16.75,3577
"229",2003-08-25 00:42:11.682711,257250,-1503750,6.8125,29.0625,62.9375,16.125,3577
"230",2003-09-10 00:42:28.034456,257250,-1503750,9.0625,29.9375,59.625,15.1875,3577
"231",2003-09-18 00:53:16.705128,257250,-1503750,4.5625,31.125,63.3125,15.0625,3577
"232",2003-09-26 00:42:41.842196,257250,-1503750,4.3125,29.4375,65.25,14.6875,3577
"233",2003-10-04 00:53:13.099004,257250,-1503720,5.625,28.25,64.875,14.125,3577
"234",2003-10-12 00:42:54.095491,257250,-1503750,4.25,27.6875,66.8125,14.375,3577
"235",2003-10-20 00:53:19.488722,257250,-1503750,2.75,22.9375,73.25,12.4375,3577
"236",2003-10-28 00:43:05.697993,257250,-1503750,3.3125,24.3125,71.5,14.1875,3577
"237",2003-11-05 00:53:26.887846,257235,-1503795,6.33333333333333,29.6666666666667,63,15.3333333333333,3577
"238",2003-11-21 00:53:42.491982,257250,-1503750,5.6875,30.8125,62.625,14.5625,3577
"239",2003-11-29 00:43:32.891997,257250,-1503750,2.6875,25.125,71.25,13.5,3577
"240",2003-12-15 00:43:37.527527,257243.571428571,-1503754.28571429,1.42857142857143,19.9285714285714,77.8571428571429,13.5,3577
"241",2004-01-08 00:53:58.453445,257250,-1503750,1.625,38,59.25,18,3577
"242",2004-03-12 00:54:17.434439,257250,-1503750,2.875,48.9375,47.0625,16.375,3577
"243",2004-03-28 00:54:20.002674,257250,-1503750,0.875,61.3125,36.5,20.0625,3577
"244",2004-04-05 00:44:24.783944,257250,-1503750,1.625,60.3125,36.8125,18.75,3577
"245",2004-04-21 00:44:54.47035,257250,-1503750,1.3125,57.875,39.375,17.875,3577
"246",2004-05-07 00:45:21.225252,257250,-1503750,15,30.9375,52.8125,15.375,3577
"247",2004-05-15 00:54:14.671454,257249,-1503747,5.86666666666667,46.5333333333333,46.2,21.4,3577
"248",2004-05-23 00:45:48.608038,257250,-1503750,5.9375,42.9375,50.125,14.4375,3577
"249",2004-06-08 00:46:17.177009,257250,-1503750,1.5,51.875,45.75,18.25,3577
"250",2004-06-16 00:54:04.066739,257250,-1503720,4.375,44,50.875,17.5,3577
"251",2004-06-24 00:46:45.573889,257250,-1503750,5.125,42.625,51.5,19.4375,3577
"252",2004-07-02 00:54:04.03671,257250,-1503750,4.5625,40.6875,53.8125,17.875,3577
"253",2004-07-10 00:47:13.637821,257250,-1503750,4.125,40,55.125,17.5,3577
"254",2004-07-26 00:47:37.048058,257250,-1503750,2.9375,38.1875,58.1875,17.3125,3577
"255",2004-08-03 00:53:51.628248,257250,-1503750,5.625,32.8125,60.4375,16.8125,3577
"256",2004-08-11 00:47:56.116559,257250,-1503750,3.375,33.9375,61.5625,16.8125,3577
"257",2004-08-19 00:53:50.984858,257250,-1503750,3.3125,38.4375,57.125,16.9375,3577
"258",2004-08-27 00:48:22.56126,257250,-1503750,3.4375,34.375,61.125,16.25,3577
"259",2004-09-04 00:53:46.371413,257250,-1503750,6.25,35.4375,57.4375,16.9375,3577
"260",2004-09-12 00:48:48.226086,257250,-1503750,4,35.9375,59.125,16.3125,3577
"261",2004-09-20 00:53:40.479177,257250,-1503750,5.6875,29.375,64,15.25,3577
"262",2004-09-28 00:49:10.591148,257250,-1503750,3.5,30.4375,65,15.5,3577
"263",2004-10-14 00:49:31.416544,257250,-1503750,4.75,27.8125,66.4375,15.25,3577
"264",2004-10-22 00:53:46.640305,257250,-1503750,9.1875,26.5625,63.625,16,3577
"265",2004-10-30 00:49:51.291695,257250,-1503750,2.0625,23.125,73.9375,14.5,3577
"266",2004-11-15 00:50:05.714936,257250,-1503750,1.3125,29.6875,68,14.25,3577
"267",2004-12-01 00:50:27.26602,257250,-1503750,1.875,30.1875,67,16.1875,3577
"268",2004-12-17 00:50:46.098346,257250,-1503750,11.3125,25.25,62.375,17.0625,3577
"269",2004-12-25 00:54:21.119836,257250,-1503705,12.75,20.75,65.25,15.25,3577
"270",2005-01-18 00:51:12.1926,257250,-1503750,4.125,42.8125,52.0625,16.0625,3577
"271",2005-02-11 00:54:37.496409,257250,-1503750,7.875,46.625,44.1875,15.4375,3577
"272",2005-02-19 00:51:41.038929,257250,-1503750,3.1875,45.75,49.6875,19.0625,3577
"273",2005-02-27 00:54:43.42291,257250,-1503750,6.375,46.5625,45.6875,17.4375,3577
"274",2005-03-07 00:51:55.019519,257250,-1503750,4.625,45.375,48.75,17.4375,3577
"275",2005-03-15 00:54:45.48529,257265,-1503705,15.6666666666667,42,41.3333333333333,13.3333333333333,3577
"276",2005-03-23 00:52:04.22279,257250,-1503750,2.125,52.8125,43.8125,18.9375,3577
"277",2005-03-31 00:54:42.964335,257250,-1503750,5.75,54.6875,38.25,17.8125,3577
"278",2005-04-08 00:52:08.827396,257250,-1503750,8.4375,46.75,43.625,14.8125,3577
"279",2005-04-16 00:54:36.594336,257250,-1503750,5.3125,49.625,43.6875,19,3577
"280",2005-04-24 00:52:12.242474,257250,-1503750,4,47.75,47.125,17.4375,3577
"281",2005-05-02 00:54:38.691282,257250,-1503750,6.3125,47,45.375,17.5625,3577
"282",2005-05-10 00:52:18.477476,257250,-1503750,10.125,37.0625,51.625,13.1875,3577
"283",2005-05-18 00:54:39.945894,257250,-1503750,8.9375,39.1875,50.625,18.25,3577
"284",2005-06-03 00:54:35.707907,257235,-1503795,9.33333333333333,39,50.3333333333333,19.3333333333333,3577
"285",2005-06-11 00:52:34.677701,257250,-1503750,11.1875,36.75,50.8125,13.5,3577
"286",2005-06-27 00:52:39.278628,257250,-1503750,11.625,35.75,51.5,16.375,3577
"287",2005-07-05 00:54:28.068451,257250,-1503750,9.8125,36.8125,52.1875,17.5625,3577
"288",2005-07-13 00:52:46.551971,257250,-1503750,9.9375,34.5625,54.375,17.0625,3577
"289",2005-07-29 00:52:57.008055,257250,-1503750,10.375,35.25,53.3125,16.4375,3577
"290",2005-08-06 00:54:25.938979,257280,-1503795,18,29.5,52,23,3577
"291",2005-08-14 00:53:04.411567,257250,-1503750,13.5,31.125,54.1875,16.1875,3577
"292",2005-08-22 00:54:20.333268,257250,-1503750,10.25,30.8125,57.8125,16.5,3577
"293",2005-08-30 00:53:09.302587,257250,-1503750,12.4375,29.9375,56.5,15.9375,3577
"294",2005-09-07 00:54:11.431838,257220,-1503795,3,34,62.5,16.5,3577
"295",2005-09-15 00:53:10.993386,257250,-1503750,13.0625,26.4375,59.375,15.5,3577
"296",2005-09-23 00:54:07.557645,257250,-1503750,12.0625,34.8125,52.25,15.875,3577
"297",2005-10-01 00:53:08.555629,257250,-1503750,11.375,26,61.5,14.5,3577
"298",2005-10-09 00:54:04.60308,257250,-1503750,8.125,23.875,66.75,14.0625,3577
"299",2005-10-17 00:53:05.866871,257250,-1503750,8.4375,25.5625,64.8125,14.5,3577
"300",2005-11-02 00:53:07.249341,257250,-1503750,6.75,25,67.0625,14.625,3577
"301",2005-11-10 00:54:29.701521,257255,-1503735,11.3333333333333,18.3333333333333,69.3333333333333,12,3577
"302",2006-01-13 00:54:55.042486,257250,-1503750,1.25,44.625,53.375,14.8125,3577
"303",2006-02-14 00:55:06.686072,257250,-1503750,3.4375,49.25,46.0625,18.8125,3577
"304",2006-02-22 00:55:43.759122,257245.714285714,-1503743.57142857,1.64285714285714,52.0714285714286,45.2142857142857,17.6428571428571,3577
"305",2006-03-02 00:55:08.974552,257250,-1503750,5.1875,49.125,44.375,18.5625,3577
"306",2006-03-10 00:56:04.03458,257250,-1503750,1.8125,47.25,50,14.625,3577
"307",2006-04-11 00:56:39.743073,257250,-1503750,0.25,50.875,48.125,13.8125,3577
"308",2006-05-05 00:55:06.654729,257250,-1503750,3.125,52.1875,43.4375,20.5625,3577
"309",2006-05-13 00:57:08.24035,257250,-1503750,2.0625,51.4375,45.375,18.8125,3577
"310",2006-05-21 00:55:07.394492,257283,-1503741,32.6,27.8,38.6,18,3577
"311",2006-05-29 00:57:21.451053,257250,-1503750,4.125,42.625,52.1875,18.9375,3577
"312",2006-06-14 00:57:36.773015,257250,-1503750,3.75,42.4375,52.8125,18.5,3577
"313",2006-06-22 00:55:00.920931,257250,-1503750,5.375,45.25,48.0625,18.1875,3577
"314",2006-06-30 00:57:51.94296,257250,-1503750,4.1875,43.375,51.4375,18,3577
"315",2006-07-08 00:54:54.307691,257250,-1503750,6.9375,42.75,49.125,18.3125,3577
"316",2006-07-16 00:58:05.427942,257250,-1503750,4.25,40.75,53.9375,18.3125,3577
"317",2006-07-24 00:54:45.749844,257250,-1503750,7.6875,38.25,53.1875,18.25,3577
"318",2006-08-01 00:58:17.696267,257250,-1503750,4.75,37.3125,56.9375,17.5625,3577
"319",2006-08-09 00:54:44.196098,257250,-1503780,4.75,39.875,54.5,18.125,3577
"320",2006-09-02 00:58:41.512194,257250,-1503750,4.75,28.4375,65.8125,16.4375,3577
"321",2006-09-10 00:54:37.478537,257253.461538462,-1503739.61538462,6.61538461538461,33.4615384615385,59,15.7692307692308,3577
"322",2006-09-26 00:54:30.886581,257250,-1503750,4.6875,30.4375,63.8125,15.25,3577
"323",2006-10-04 00:59:04.490114,257250,-1503750,3.625,27.4375,67.9375,15.0625,3577
"324",2006-10-12 00:54:28.433805,257250,-1503750,1.125,26.5625,71.3125,14.3125,3577
"325",2006-10-20 00:59:14.556478,257250,-1503750,3.8125,28,67.1875,14.625,3577
"326",2006-10-28 00:54:44.428407,257250,-1503750,2.375,26.9375,69.6875,14.5,3577
"327",2006-11-05 00:59:23.545955,257250,-1503750,2.9375,29.875,66.3125,15.0625,3577
"328",2006-11-13 00:54:57.611563,257250,-1503750,7.375,29,62.625,14.9375,3577
"329",2006-11-21 00:59:31.792269,257250,-1503750,3.75,27,68.125,14.875,3577
"330",2006-12-07 00:59:39.61986,257250,-1503750,3.6875,23.5,71.8125,14.4375,3577
"331",2007-01-16 00:55:15.925789,257250,-1503750,1.1875,44.3125,53.5625,15.125,3577
"332",2007-01-24 00:59:59.168002,257250,-1503750,0.9375,48.25,50.0625,17.6875,3577
"333",2007-02-01 00:55:23.616686,257250,-1503750,0.25,49.25,49.6875,18.875,3577
"334",2007-02-09 01:00:01.739746,257250,-1503750,1.75,47.5,49.5,17.625,3577
"335",2007-02-17 00:55:29.516553,257251.363636364,-1503754.09090909,0.727272727272727,43.6363636363636,54.3636363636364,23.2727272727273,3577
"336",2007-03-29 00:59:56.241557,257250,-1503750,0,56.375,42.75,19.8125,3577
"337",2007-04-22 00:55:32.672997,257250,-1503735,3.58333333333333,53.4166666666667,41.75,19,3577
"338",2007-04-30 00:59:43.982413,257250,-1503750,1.25,46.25,51.4375,16.125,3577
"339",2007-05-08 00:55:28.153559,257260,-1503715,3,49,46.6666666666667,17.1666666666667,3577
"340",2007-05-16 00:59:34.094326,257283,-1503729,5.6,46,47.4,11.2,3577
"341",2007-05-24 00:55:21.334748,257250,-1503750,2.5,48.6875,48,19.625,3577
"342",2007-06-01 00:59:20.746805,257250,-1503750,1.8125,48.4375,48.75,18.5,3577
"343",2007-06-09 00:55:19.0359,257235,-1503795,10.3333333333333,42.6666666666667,46,21,3577
"344",2007-07-03 00:58:48.401586,257250,-1503750,3.625,42,53.25,17.6875,3577
"345",2007-07-11 00:55:16.096894,257250,-1503750,6.4375,40.5625,51.8125,18.1875,3577
"346",2007-07-19 00:58:40.841668,257250,-1503750,3.375,42.375,53.25,17.3125,3577
"347",2007-08-04 00:58:32.111351,257250,-1503750,4.3125,33.5,61.4375,17.1875,3577
"348",2007-08-12 00:55:06.811614,257250,-1503750,1.8125,38.9375,58.125,15.5,3577
"349",2007-08-20 00:58:22.24177,257250,-1503750,2.1875,35.75,61.25,17.5625,3577
"350",2007-08-28 00:55:00.082827,257250,-1503720,3.25,34.625,61.125,16.25,3577
"351",2007-09-05 00:58:13.376999,257250,-1503750,4,33.125,61.9375,17.5,3577
"352",2007-09-13 00:54:52.358813,257250,-1503750,4.125,28.8125,66.375,16.1875,3577
"353",2007-09-21 00:58:06.042954,257250,-1503750,2.0625,28.0625,68.9375,16.125,3577
"354",2007-09-29 00:54:48.475145,257250,-1503750,1,28.9375,69,15.375,3577
"355",2007-10-15 00:54:50.075982,257250,-1503750,4.75,30.8125,63.5,15.9375,3577
"356",2007-10-31 00:55:01.51749,257250,-1503750,7.625,25.9375,65.4375,17.5625,3577
"357",2007-11-16 00:55:10.777746,257250,-1503750,12.375,18.9375,67.5,17.75,3577
"358",2007-12-02 00:55:17.628131,257250,-1503750,14.6875,26.8125,57.375,16.6875,3577
"359",2007-12-18 00:55:22.237462,257250,-1503720,8.25,19.5,71,17.875,3577
"360",2008-01-03 00:55:24.370571,257246.538461538,-1503760.38461538,15.6923076923077,24.1538461538462,59,17.7692307692308,3577
"361",2008-01-27 00:55:57.631258,257250,-1503750,3.8125,39,55.9375,14.75,3577
"362",2008-02-04 00:55:22.389115,257250,-1503750,6.875,39.3125,52.5625,17.4375,3577
"363",2008-02-20 00:55:18.573739,257250,-1503750,7,35.625,56.625,12.8125,3577
"364",2008-02-28 00:55:24.004772,257250,-1503750,0.3125,48.1875,50.625,18.75,3577
"365",2008-03-15 00:55:04.767218,257250,-1503750,0.875,52.875,45.3125,16.1875,3577
"366",2008-03-23 00:55:12.001414,257253,-1503747,5,52,41.6666666666667,18.2666666666667,3577
"367",2008-03-31 00:54:44.227301,257246.538461538,-1503739.61538462,10.3076923076923,43.3076923076923,45.3846153846154,13.8461538461538,3577
"368",2008-04-08 00:55:11.657317,257250,-1503750,5.1875,53.125,40.5,18.6875,3577
"369",2008-04-16 00:54:21.472027,257250,-1503750,2.25,50.6875,45.875,17.6875,3577
"370",2008-04-24 00:55:09.223049,257250,-1503750,5.125,51.375,42.1875,18.5,3577
"371",2008-05-02 00:53:55.956249,257250,-1503750,3.1875,49.3125,46.125,17,3577
"372",2008-05-10 00:55:04.698873,257250,-1503705,5,47.25,46.5,16,3577
"373",2008-05-26 00:54:58.325506,257282.142857143,-1503743.57142857,21.1428571428571,38,39.4285714285714,9.28571428571429,3577
"374",2008-06-03 00:53:03.613307,257250,-1503750,6.3125,43.0625,49.4375,17.1875,3577
"375",2008-06-27 00:54:40.115139,257250,-1503750,6.6875,43.875,48.25,17.25,3577
"376",2008-07-13 00:54:28.724395,257250,-1503750,9.6875,38.0625,51.1875,16.9375,3577
"377",2008-07-21 00:51:43.636962,257250,-1503750,5.125,37.625,56.3125,16.5625,3577
"378",2008-08-06 00:51:15.50072,257250,-1503750,10.375,32.8125,55.625,15.9375,3577
"379",2008-08-14 00:54:13.308965,257250,-1503750,10.75,28.6875,59.375,12.0625,3577
"380",2008-08-22 00:50:48.340671,257250,-1503750,9.75,32.8125,56.1875,14.9375,3577
"381",2008-08-30 00:54:06.204875,257250,-1503750,3.75,33.3125,61.6875,14,3577
"382",2008-09-07 00:50:21.387449,257250,-1503750,12.4375,27,59.5625,13.8125,3577
"383",2008-09-15 00:53:57.872386,257250,-1503750,13.3125,24.6875,60.6875,23.6875,3577
"384",2008-10-01 00:53:48.142043,257250,-1503750,10.4375,27.25,61.25,14.1875,3577
"385",2008-10-09 00:49:21.109413,257250,-1503750,9.1875,30.375,59.25,14,3577
"386",2008-10-17 00:53:45.578333,257256,-1503729,2.8,32.4,64,13.5,3577
"387",2008-10-25 00:48:48.424917,257250,-1503750,11.8125,25.8125,61.3125,14.125,3577
"388",2008-11-10 00:48:11.492183,257238.333333333,-1503728.33333333,3.66666666666667,28.6666666666667,66.6666666666667,12.2222222222222,3577
"389",2008-11-18 00:54:14.748154,257215,-1503785,0,23.6666666666667,75.6666666666667,10,3577
"390",2008-12-12 00:49:11.197094,257250,-1503750,6.9375,30.1875,61.75,12.9375,3577
"391",2008-12-28 00:49:38.915681,257250,-1503750,1.9375,37.125,59.6875,16.75,3577
"392",2009-01-13 00:50:03.181573,257250,-1503750,2.4375,38.1875,58.1875,17.0625,3577
"393",2009-03-10 00:55:10.137475,257250,-1503735,1.91666666666667,53.25,43.5833333333333,18.5833333333333,3577
"394",2009-03-18 00:51:39.397592,257250,-1503750,1.1875,52.0625,45.625,18.8125,3577
"395",2009-03-26 00:55:17.149669,257250,-1503795,1.5,54.75,42.75,16.75,3577
"396",2009-04-03 00:52:00.14556,257250,-1503750,1.6875,50,47.0625,18.625,3577
"397",2009-04-27 00:55:26.761279,257289,-1503741,10.2,33.2,54.8,21,3577
"398",2009-05-05 00:52:36.710213,257250,-1503750,3.1875,38.1875,57.625,14.8125,3577
"399",2009-05-13 00:55:29.252606,257244,-1503771,5.6,40.2,52.8,19,3577
"400",2009-05-21 00:52:54.806206,257250,-1503750,6.5625,36.25,56.1875,17.875,3577
"401",2009-06-06 00:53:11.222697,257250,-1503750,4.1875,35.5625,59.4375,17.6875,3577
"402",2009-06-14 00:55:28.944059,257250,-1503750,7.1875,30.5625,61.125,16.375,3577
"403",2009-06-22 00:53:29.572821,257250,-1503750,5.0625,27.9375,65.75,13.9375,3577
"404",2009-06-30 00:55:26.409996,257250,-1503750,5.5625,29.75,63.625,16.25,3577
"405",2009-07-08 00:53:46.755754,257250,-1503750,5.875,31.1875,61.875,16.6875,3577
"406",2009-07-16 00:55:22.537428,257250,-1503780,9.5,33.625,56.125,18.5,3577
"407",2009-07-24 00:54:02.359391,257250,-1503750,5.25,31.1875,62.6875,16.8125,3577
"408",2009-08-01 00:55:17.325188,257250,-1503750,8.6875,30.3125,60.1875,16.375,3577
"409",2009-08-09 00:54:16.346875,257250,-1503750,9.8125,25.875,63.25,16.5,3577
"410",2009-08-17 00:55:13.456614,257250,-1503750,8.4375,25.875,64.5,16.4375,3577
"411",2009-08-25 00:54:30.91294,257250,-1503750,7.25,23.5625,68.125,15.8125,3577
"412",2009-09-02 00:55:13.57705,257250,-1503765,7.66666666666667,30.4166666666667,61.1666666666667,16.5,3577
"413",2009-09-10 00:54:44.354101,257250,-1503750,2.375,22.5625,74.3125,14.5625,3577
"414",2009-09-18 00:55:12.418362,257250,-1503750,6.375,27.625,64.8125,14.875,3577
"415",2009-09-26 00:54:56.368034,257250,-1503750,5.75,25,68.3125,14.875,3577
"416",2009-10-04 00:55:09.768776,257250,-1503750,2.4375,21,75.875,13.5625,3577
"417",2009-10-12 00:55:07.126502,257250,-1503750,2.0625,21.625,75.3125,14.125,3577
"418",2009-10-28 00:55:16.27802,257250,-1503750,2.625,18.4375,78,13.625,3577
"419",2009-11-05 00:55:31.598794,257250,-1503750,8.0625,24.4375,66.5,14.6875,3577
"420",2009-11-13 00:55:23.623161,257250,-1503750,4.75,24.5625,69.875,14.25,3577
"421",2009-11-29 00:55:31.00582,257250,-1503750,4,20.6875,74.1875,13.3125,3577
"422",2009-12-15 00:55:40.061988,257250,-1503750,0.375,23.375,75.375,16.3125,3577
"423",2009-12-23 00:56:11.348592,257250,-1503747,1.2,28.9,69,13.9,3577
"424",2010-01-08 00:56:27.536026,257240,-1503785,1.33333333333333,35.5,62,14,3577
"425",2010-01-16 00:55:51.027158,257250,-1503750,1.375,36.75,60.875,16.25,3577
"426",2010-01-24 00:56:41.746528,257250,-1503750,1,40.5625,57.625,18.3125,3577
"427",2010-02-01 00:55:54.919659,257250,-1503750,0.5625,40.375,58,15.75,3577
"428",2010-02-09 00:56:53.877439,257250,-1503750,1.0625,46.3125,51.875,18,3577
"429",2010-03-21 00:56:00.24588,257250,-1503750,5.875,49.5,43.1875,18.125,3577
"430",2010-04-22 00:55:54.65978,257250,-1503750,1.125,58.875,38.875,18.8125,3577
"431",2010-04-30 00:57:14.610892,257245.714285714,-1503756.42857143,1.07142857142857,57.9285714285714,39.7857142857143,19.7857142857143,3577
"432",2010-06-01 00:57:11.165169,257250,-1503750,2.875,51.0625,45,17.9375,3577
"433",2010-06-17 00:57:11.786377,257245.714285714,-1503756.42857143,3.07142857142857,51.2857142857143,44.2857142857143,18.8571428571429,3577
"434",2010-07-03 00:57:15.139501,257250,-1503750,3.3125,50.375,44.9375,17.375,3577
"435",2010-07-19 00:57:16.53011,257250,-1503750,2.875,50.4375,45.625,18.4375,3577
"436",2010-09-21 00:57:20.413773,257250,-1503750,2.1875,43.9375,52.9375,16.0625,3577
"437",2010-10-23 00:57:30.693819,257250,-1503750,0.75,37.875,60.625,16.125,3577
"438",2010-11-24 00:57:53.22059,257250,-1503750,2.3125,40.625,56.1875,16.9375,3577
"439",2010-12-10 00:58:02.298661,257253.461538462,-1503739.61538462,1.15384615384615,41.7692307692308,56.0769230769231,14,3577
"440",2010-12-26 00:58:09.896582,257250,-1503750,9.125,41.6875,48.3125,12.8125,3577
"441",2011-02-12 00:58:28.972936,257250,-1503750,0.1875,56.625,42.375,18.1875,3577
"442",2011-04-17 00:58:39.247458,257250,-1503705,3.25,46.5,49.25,16.75,3577
"443",2011-05-03 00:58:40.203684,257250,-1503750,2.5,51.375,45,20.375,3577
"444",2011-05-19 00:58:36.952407,257253,-1503747,3.4,44.6,51.1333333333333,19.7333333333333,3577
"445",2011-06-04 00:58:39.612976,257250,-1503705,7.25,37.75,54,17.5,3577
"446",2011-06-20 00:58:37.187362,257250,-1503750,7.25,38.1875,53.875,19.0625,3577
"447",2011-06-28 00:54:18.439859,257250,-1503750,3.375,33.875,61.9375,18.3125,3577
"448",2011-07-06 00:58:34.650651,257250,-1503750,4.0625,32.8125,62.1875,17.75,3577
"449",2011-07-22 00:58:33.432744,257250,-1503750,6.25,33.25,59.6875,18.125,3577
"450",2011-07-30 00:54:02.372475,257250,-1503750,5.8125,28.5,64.875,18.25,3577
"451",2011-08-07 00:58:28.841519,257235,-1503795,23.3333333333333,15.6666666666667,59.3333333333333,15,3577
"452",2011-08-15 00:53:53.483772,257250,-1503750,7.125,30.375,61.75,17.8125,3577
"453",2011-08-31 00:53:44.841313,257250,-1503750,4.5625,28.375,66.0625,16.8125,3577
"454",2011-09-08 00:58:22.377217,257250,-1503750,6.1875,27.25,65.625,16.25,3577
"455",2011-09-16 00:53:32.850398,257250,-1503750,5.125,21.8125,71.875,9.5,3577
"456",2011-09-24 00:58:18.64474,257250,-1503750,6.0625,27.4375,65.5625,15.875,3577
"457",2011-10-26 00:58:24.881987,257250,-1503750,1.8125,31.0625,66.5625,16.4375,3577
"458",2011-11-27 00:58:45.149967,257256,-1503729,1.6,34.6,63.1,16.1,3577
"459",2011-12-13 00:58:49.572768,257250,-1503750,2.25,36.8125,59.875,16.8125,3577
"460",2012-01-14 00:59:04.89705,257260,-1503715,4.33333333333333,37.1666666666667,57.5,14.5,3577
"461",2012-02-15 00:59:11.150422,257250,-1503750,7.5625,42.25,48.875,17.125,3577
"462",2012-04-03 00:59:09.143392,257254.285714286,-1503743.57142857,1.78571428571429,54.1428571428571,43,19.1428571428571,3577
"463",2012-05-05 00:59:35.985128,257250,-1503750,2.4375,51.3125,45.1875,19.375,3577
"464",2012-06-06 00:59:21.752375,257250,-1503750,5.0625,44.1875,49.6875,19.4375,3577
"465",2012-06-22 00:59:31.219165,257250,-1503750,4.5,42.75,51.5625,20.0625,3577
"466",2012-07-24 00:59:55.699577,257250,-1503750,4.125,43.4375,51.125,18.625,3577
"467",2012-08-09 01:00:07.04345,257250,-1503750,7.4375,34.8125,56.625,18.5,3577
"468",2012-08-25 01:00:16.709379,257250,-1503750,7.75,32.875,58.25,18,3577
"469",2012-09-10 01:00:27.252781,257250,-1503750,7.875,28.5,62.4375,15.125,3577
"470",2012-09-26 01:00:36.567917,257250,-1503750,4.125,25.375,69.5,15.25,3577
"471",2012-10-12 01:00:44.021554,257250,-1503750,4.3125,33,61.5625,15.8125,3577
"472",2012-10-28 01:00:53.385792,257250,-1503750,3.875,32.8125,62.0625,16.25,3577
"473",2012-11-13 01:00:58.597681,257250,-1503750,3.5625,34.1875,61.4375,16.25,3577
"474",2012-11-29 01:01:02.38578,257250,-1503750,1.625,28.1875,69.3125,13.625,3577
"475",2013-01-16 01:01:11.736255,257250,-1503750,10,35,53.6875,15.0625,3577
"476",2013-03-05 01:01:12.003591,257250,-1503795,9.75,43.5,45.75,18.5,3577
"477",2013-03-21 01:01:08.622082,257280,-1503705,11,36.5,51,15,3577
"478",2013-04-06 01:01:05.928511,257250,-1503750,6.375,44.875,47.3125,20.4375,3577
"479",2013-04-14 01:06:51.947543,257250,-1503750,5.875,48.9375,43.6875,18.6875,3577
"480",2013-04-22 01:00:58.547635,257250,-1503750,4.0625,50,44.625,19.6875,3577
"481",2013-04-30 01:06:49.930538,257250,-1503750,4.625,51.8125,42.125,18.4375,3577
"482",2013-05-08 01:00:56.139734,257245.714285714,-1503743.57142857,6.5,48.2142857142857,44.0714285714286,15.0714285714286,3577
"483",2013-05-16 01:07:02.073847,257220,-1503705,3,52.5,43,14,3577
"484",2013-05-24 01:00:53.254237,257250,-1503750,5.8125,45.4375,47.625,20.1875,3577
"485",2013-06-01 01:07:06.51868,257250,-1503750,5.875,45.6875,46.9375,19.125,3577
"486",2013-06-17 01:07:00.626545,257250,-1503750,6.875,39.5625,52.1875,18.6875,3577
"487",2013-07-03 01:07:01.827569,257250,-1503750,7,41.625,50.0625,17.9375,3577
"488",2013-07-11 01:00:27.381623,257250,-1503750,8.75,35,55.0625,13.375,3577
"489",2013-07-19 01:07:01.142088,257250,-1503750,6.75,36.75,55.1875,17.625,3577
"490",2013-07-27 01:00:20.682242,257250,-1503750,8.125,34.5625,56.1875,18.125,3577
"491",2013-08-04 01:07:03.806041,257250,-1503750,8.25,36.125,54.375,17.3125,3577
"492",2013-08-12 01:00:17.258282,257250,-1503750,8.1875,34.375,56.3125,17.0625,3577
"493",2013-08-20 01:07:04.972668,257250,-1503750,5.4375,35.875,57.375,16.6875,3577
"494",2013-08-28 01:00:28.30701,257250,-1503750,8.375,32.375,58.1875,16.6875,3577
"495",2013-09-05 01:07:05.33983,257250,-1503750,3.6875,37.4375,57.75,15.125,3577
"496",2013-09-13 01:00:40.781146,257250,-1503750,7.6875,29.5,61.625,16,3577
"497",2013-09-29 01:00:50.12767,257250,-1503750,8.625,30,60.3125,15,3577
"498",2013-10-07 01:06:56.51703,257250,-1503750,6.25,28.5625,64.25,14.8125,3577
"499",2013-10-31 01:01:07.155043,257250,-1503750,8.5625,27.8125,62.4375,15.0625,3577
"500",2013-11-16 01:01:14.186355,257250,-1503750,11,28.5625,59.375,15.5,3577
"501",2013-12-02 01:01:22.391474,257253.461538462,-1503739.61538462,4.30769230769231,37.9230769230769,56.5384615384615,17.3846153846154,3577
"502",2013-12-10 01:06:39.130844,257250,-1503750,4.5,42.9375,51.4375,17.625,3577
"503",2013-12-18 01:01:22.247151,257241,-1503711,20.4,24.8,53.6,25,3577
"504",2014-02-20 01:01:45.042965,257250,-1503750,5,46.3125,47.5,15.5,3577
"505",2014-03-08 01:01:51.448598,257250,-1503750,13.875,42.3125,42.6875,15.8125,3577
"506",2014-04-01 01:05:16.371332,257250,-1503750,2.25,54.5,41.5,16.9375,3577
"507",2014-05-11 01:02:19.928759,257250,-1503750,2.1875,48.125,48.625,16.5625,3577
"508",2014-06-04 01:04:41.286609,257250,-1503750,2.6875,43.625,52.4375,17.9375,3577
"509",2014-06-12 01:02:27.722408,257250,-1503750,3.75,43.3125,51.9375,18.75,3577
"510",2014-06-28 01:02:32.055457,257254.090909091,-1503732.27272727,3.09090909090909,39.4545454545455,56.5454545454545,17.4545454545455,3577
"511",2014-07-06 01:04:52.558368,257250,-1503750,6,36.625,56.3125,18,3577
"512",2014-07-14 01:02:34.274967,257250,-1503750,3.375,40,55.5625,17.4375,3577
"513",2014-07-22 01:04:55.814463,257250,-1503750,3.5,35.1875,60.25,17.1875,3577
"514",2014-08-07 01:05:04.618579,257250,-1503750,2.8125,36.75,59.125,16.5625,3577
"515",2014-08-15 01:02:42.284835,257250,-1503750,5.125,31.5625,62.4375,17.0625,3577
"516",2014-08-23 01:05:07.984008,257250,-1503750,6.5,30.125,62.5625,17,3577
"517",2014-09-08 01:05:11.577748,257250,-1503750,3.4375,32.375,63.125,16.0625,3577
"518",2014-09-16 01:02:43.57265,257250,-1503750,4.6875,32,62.0625,15.875,3577
"519",2014-09-24 01:05:08.147559,257250,-1503750,6.1875,24.75,68,15.5625,3577
"520",2014-10-10 01:05:15.187241,257250,-1503750,6.625,25.75,66.3125,15.4375,3577
"521",2014-10-18 01:03:04.418977,257250,-1503750,10.375,26.875,61.6875,15.1875,3577
"522",2014-10-26 01:05:15.513608,257250,-1503750,7.4375,27.8125,63.375,15.25,3577
"523",2014-11-03 01:03:14.773556,257250,-1503795,7.25,18.75,73.25,13.75,3577
"524",2014-11-11 01:05:17.33332,257250,-1503750,5.3125,28.8125,64.6875,15.5625,3577
"525",2014-11-19 01:03:17.33879,257250,-1503765,4.91666666666667,26.5,67.75,16,3577
"526",2014-12-05 01:03:26.569404,257250,-1503750,15.4375,21.0625,62.4375,12.3125,3577
"527",2014-12-13 01:05:08.188184,257250,-1503750,6.125,31,61.625,17.6875,3577
"528",2014-12-21 01:03:35.233741,257250,-1503750,7.625,30.6875,60.5625,15.375,3577
"529",2015-01-06 01:03:36.3083,257247.857142857,-1503754.28571429,15.2142857142857,32.2142857142857,51.3571428571429,13.5714285714286,3577
"530",2015-01-22 01:03:36.941218,257245.909090909,-1503767.72727273,26,30.1818181818182,43.4545454545455,9,3577
"531",2015-01-30 01:05:00.52407,257250,-1503750,4.75,46.75,47,18.6875,3577
"532",2015-02-07 01:03:45.045152,257250,-1503750,5.4375,45.6875,47.625,18.125,3577
"533",2015-03-11 01:03:56.659857,257244,-1503771,4.9,52.9,40.9,18.6,3577
"534",2015-03-19 01:04:38.1031,257250,-1503750,6,54.0625,38.1875,17.3125,3577
"535",2015-03-27 01:04:06.493839,257268.75,-1503768.75,19.75,43.75,35.375,11.25,3577
"536",2015-04-04 01:04:25.741216,257250,-1503750,4.375,56.875,37.1875,18.375,3577
"537",2015-04-12 01:04:15.08514,257250,-1503750,12.25,48.9375,37.5625,15.625,3577
"538",2015-04-20 01:04:25.526826,257250,-1503750,8.125,49.25,41,18.125,3577
"539",2015-04-28 01:04:20.550668,257241,-1503771,7.2,48.8,42.6,20,3577
"540",2015-05-06 01:04:11.41942,257250,-1503750,7.3125,45.9375,45.5,17.6875,3577
"541",2015-05-14 01:04:29.173673,257250,-1503750,7.25,45.0625,46.4375,17.1875,3577
"542",2015-05-22 01:04:06.447309,257250,-1503750,6,47.9375,44.75,16.875,3577
"543",2015-06-07 01:04:15.523144,257250,-1503750,5.9375,45.875,47.0625,17.5625,3577
"544",2015-06-15 01:04:39.921613,257250,-1503750,3.4375,43.1875,52.125,18.0625,3577
"545",2015-06-23 01:04:22.480946,257250,-1503750,5.375,39.125,54.3125,18.1875,3577
"546",2015-07-09 01:04:32.785404,257250,-1503750,4.8125,40.875,52.8125,17.8125,3577
"547",2015-07-17 01:04:47.869806,257256,-1503729,9.2,35.2,54.3,16.9,3577
"548",2015-07-25 01:04:39.243665,257250,-1503750,4.375,38.75,55.6875,17.4375,3577
"549",2015-08-02 01:04:50.401744,257253,-1503747,5.66666666666667,35.7333333333333,57.8666666666667,16.8666666666667,3577
"550",2015-08-10 01:04:42.809806,257250,-1503750,4.5,39.3125,54.75,16.25,3577
"551",2015-08-18 01:04:54.064938,257250,-1503750,7.1875,34.125,57.5625,17.125,3577
"552",2015-09-03 01:04:53.842966,257250,-1503750,7.1875,32.375,59.375,16.0625,3577
"553",2015-09-11 01:04:56.978544,257250,-1503750,6.625,35.3125,56.9375,16.25,3577
"554",2015-09-19 01:05:00.149799,257250,-1503750,6.25,33.75,59.125,15.75,3577
"555",2015-09-27 01:05:03.447553,257250,-1503750,6.125,32.4375,60.0625,15.8125,3577
"556",2015-10-13 01:05:03.798373,257250,-1503750,4.1875,33.1875,61.4375,15,3577
"557",2015-10-21 01:05:21.670845,257250,-1503750,6.0625,30,62.75,15.25,3577
"558",2015-10-29 01:05:09.46686,257250,-1503750,3.5,27.625,67.6875,14.5625,3577
"559",2015-11-06 01:05:35.13369,257250,-1503720,4,28.5,66.875,14.375,3577
"560",2015-11-14 01:05:09.597182,257250,-1503750,3.125,30.9375,64.875,15.25,3577
"561",2015-12-08 01:06:06.194369,257250,-1503750,5.625,28.0625,65.4375,15.875,3577
"562",2015-12-16 01:05:11.246545,257217,-1503753,2,27,70.2,14.6,3577
"563",2016-01-01 01:05:09.652473,257250,-1503750,3.1875,42.0625,53.5,17.4375,3577
"564",2016-01-09 01:06:35.699077,257250,-1503750,6,44.3125,48.4375,14.875,3577
"565",2016-02-18 01:04:57.033731,257250,-1503750,4.3125,47.4375,46.75,18.125,3577
"566",2016-03-05 01:04:56.40779,257250,-1503750,13.0625,47,38.5,14.3125,3577
"567",2016-03-21 01:04:49.932121,257250,-1503750,3.0625,54.3125,40.9375,16.9375,3577
"568",2016-03-29 01:07:12.705879,257250,-1503750,4.9375,54.5625,39.0625,18.6875,3577
"569",2016-04-14 01:07:18.640332,257250,-1503750,4.375,53.8125,40.3125,17.875,3577
"570",2016-05-16 01:07:27.222076,257240,-1503785,1.33333333333333,52,45.5,20,3577
"571",2016-05-24 01:04:40.404204,257261.25,-1503723.75,4.75,49.375,44.625,16.25,3577
"572",2016-06-09 01:04:44.536309,257250,-1503750,4.0625,44,50.4375,18.4375,3577
"573",2016-06-17 01:07:36.592788,257253,-1503747,33.8,22.1333333333333,43,18.8,3577
"574",2016-07-11 01:04:58.801273,257250,-1503750,2.6875,41,54.6875,17.3125,3577
"575",2016-07-19 01:07:37.907196,257245,-1503775,7,36.2222222222222,55.7777777777778,18.8888888888889,3577
"576",2016-08-04 01:07:40.312753,257250,-1503750,10.8125,33.5,54.4375,16.375,3577
"577",2016-08-12 01:05:05.315175,257250,-1503750,4.3125,35,59.375,16.8125,3577
"578",2016-08-20 01:07:41.518912,257250,-1503750,4.5,36.5625,57.625,16.4375,3577
"579",2016-08-28 01:05:12.942854,257250,-1503750,6.875,33.9375,57.875,16.8125,3577
"580",2016-09-13 01:05:16.940337,257250,-1503750,5.125,31.5,61.875,16.125,3577
"581",2016-09-21 01:07:47.130007,257220,-1503795,4.5,27.5,67,21.5,3577
"582",2016-09-29 01:05:16.913276,257250,-1503750,2.625,39.5,56.4375,15.4375,3577
"583",2016-10-07 01:07:48.710669,257250,-1503720,7.5,39.875,51.5,15.625,3577
"584",2016-10-15 01:05:22.941224,257250,-1503750,6.625,40.3125,51.8125,16.75,3577
"585",2016-10-31 01:05:24.254773,257250,-1503750,4.375,34.25,60.125,16.1875,3577
"586",2016-11-08 01:07:39.657097,257250,-1503750,3.75,32.625,62.5,16.1875,3577
"587",2016-11-16 01:05:23.464445,257250,-1503750,6,38.9375,53.8125,15.75,3577
"588",2016-12-10 01:07:31.413825,257250,-1503750,4.0625,35.3125,59.6875,14.9375,3577
"589",2017-01-03 01:05:15.620304,257250,-1503750,2.625,41.5625,54.5,16.5625,3577
"590",2017-01-27 01:07:04.559879,257250,-1503750,3,50.1875,45.625,17.6875,3577
"591",2017-02-28 01:07:07.587287,257250,-1503750,2.5,49.125,47.125,17.625,3577
"592",2017-03-16 01:07:13.936115,257250,-1503750,1.75,50.8125,46.125,18.75,3577
"593",2017-04-01 01:07:17.965067,257250,-1503735,2.33333333333333,49,47.4166666666667,19.4166666666667,3577
"594",2017-05-11 01:04:26.063332,257250,-1503750,3.6875,43.5,51.6875,19.25,3577
"595",2017-05-19 01:07:33.117072,257250,-1503750,9.125,37.125,52.5625,15.4375,3577
"596",2017-05-27 01:04:36.825376,257250,-1503750,2.75,44.375,51.1875,18.9375,3577
"597",2017-06-12 01:04:44.389584,257250,-1503750,5.3125,39.3125,54.125,18.0625,3577
"598",2017-06-20 01:07:41.108653,257250,-1503750,5.5625,39.25,54.375,18.4375,3577
"599",2017-06-28 01:04:49.304812,257250,-1503750,4.0625,32.5,62.1875,18.1875,3577
"600",2017-07-06 01:07:42.800763,257250,-1503750,4.8125,35.3125,58.9375,17.1875,3577
"601",2017-07-14 01:04:51.930601,257250,-1503750,4.5625,34.8125,59.5625,18.3125,3577
"602",2017-07-30 01:05:00.171812,257250,-1503750,5.4375,34.75,58.9375,17.75,3577
"603",2017-08-07 01:07:40.627064,257250,-1503750,8.5625,29.625,61,17.875,3577
"604",2017-08-15 01:05:06.086084,257250,-1503750,7.8125,30.875,60.5,17.8125,3577
"605",2017-08-23 01:07:39.988736,257250,-1503750,6.625,29.25,63.5,17.1875,3577
"606",2017-08-31 01:05:09.428481,257250,-1503750,4.875,27,66.875,16.0625,3577
"607",2017-09-08 01:07:39.493529,257250,-1503750,5.6875,30.75,62.625,16.0625,3577
"608",2017-09-16 01:05:10.335757,257250,-1503750,4.25,30.5,64.125,16.0625,3577
"609",2017-09-24 01:07:38.291664,257205,-1503795,3,26,70,15,3577
"610",2017-10-10 01:07:40.438396,257241,-1503789,5.6,26.6,67,15.8,3577
"611",2017-10-18 01:05:21.117797,257250,-1503750,3.5,29.125,66.375,15.8125,3577
"612",2017-10-26 01:07:41.703599,257250,-1503750,4.3125,29.75,65,15.875,3577
"613",2017-11-03 01:05:20.892878,257250,-1503750,4.5,26.25,68.1875,15.875,3577
"614",2017-11-19 01:05:16.787046,257250,-1503750,3.1875,29.375,66.4375,17.0625,3577
"615",2017-12-05 01:05:12.084147,257250,-1503750,3,38.9375,56.8125,18.125,3577
"616",2017-12-13 01:07:26.524696,257245,-1503775,2.55555555555556,32.8888888888889,63.3333333333333,17.7777777777778,3577
"617",2017-12-21 01:05:15.279181,257250,-1503750,2.125,33.125,63.5,15.6875,3577
"618",2017-12-29 01:07:15.601161,257253.461538462,-1503739.61538462,4.30769230769231,30.7692307692308,63.9230769230769,15.2307692307692,3577
"619",2018-02-07 01:04:54.298884,257250,-1503750,2,52.625,43.75,16.375,3577
"620",2018-03-03 01:06:24.341856,257250,-1503750,11.0625,43.4375,44.5,13.875,3577
"621",2018-03-27 01:04:32.513393,257250,-1503750,3.5625,53.5625,41.1875,18.875,3577
"622",2018-04-04 01:05:58.660354,257251,-1503753,1.66666666666667,59.4666666666667,37.6,19,3577
"623",2018-04-12 01:04:24.127791,257235,-1503735,3,39.3333333333333,56.3333333333333,24.6666666666667,3577
"624",2018-04-20 01:05:42.922395,257253,-1503747,1.8,53.6666666666667,43.2,16.2,3577
"625",2018-04-28 01:04:14.98008,257250,-1503750,3.0625,51.5,43.8125,18.0625,3577
"626",2018-05-14 01:04:04.972623,257250,-1503750,4.625,47.75,46.125,17.625,3577
"627",2018-05-22 01:05:10.285349,257250,-1503750,3.1875,49.6875,46.0625,17.125,3577
"628",2018-05-30 01:03:52.140339,257250,-1503750,4.375,46,48,17.1875,3577
"629",2018-06-07 01:04:54.494806,257250,-1503750,4.375,40.1875,54.25,16.6875,3577
"630",2018-06-15 01:03:56.63001,257271,-1503783,20.4,26.6,52,10,3577
"631",2018-06-23 01:04:36.776396,257250,-1503750,7.1875,39.125,52.6875,17.375,3577
"632",2018-07-17 01:04:14.137533,257250,-1503750,6.125,38.75,54,17,3577
"633",2018-07-25 01:04:00.73422,257250,-1503750,3.1875,34.9375,60.75,16.1875,3577
"634",2018-08-02 01:04:21.674131,257250,-1503750,4.0625,37.3125,57.5,14.75,3577
"635",2018-08-10 01:03:43.311014,257250,-1503750,7.5,38.0625,53.375,16.3125,3577
"636",2018-08-18 01:04:30.550171,257250,-1503750,4.0625,37.4375,57.25,16.3125,3577
"637",2018-08-26 01:03:24.513252,257250,-1503750,1.625,33,64.625,14.3125,3577
"638",2018-09-03 01:04:37.155051,257250,-1503750,3.8125,38.4375,56.3125,15.75,3577
"639",2018-09-11 01:03:04.040138,257250,-1503750,7.0625,33.6875,58.1875,15.3125,3577
"640",2018-09-19 01:04:41.396366,257250,-1503750,5,34.0625,59.625,15.3125,3577
"641",2018-10-05 01:04:49.402523,257250,-1503750,2.8125,31.4375,64.75,14.6875,3577
"642",2018-10-13 01:02:18.221235,257250,-1503735,1.91666666666667,27.5833333333333,69.6666666666667,13.75,3577
"643",2018-10-21 01:04:55.527419,257250,-1503750,3.1875,30.875,65.0625,14.875,3577
"644",2018-10-29 01:01:57.197007,257260,-1503715,1.83333333333333,24.3333333333333,73,13.8333333333333,3577
"645",2018-11-06 01:04:58.876988,257250,-1503750,2.5625,33.8125,62.5625,14.375,3577
"646",2018-11-30 01:01:11.460037,257235,-1503795,4,29,65,13,3577
"647",2018-12-08 01:04:56.762581,257250,-1503750,2.125,42.375,54.25,16.9375,3577
"648",2018-12-16 01:00:45.323347,257250,-1503750,2.4375,40.875,55.625,16.3125,3577
"649",2018-12-24 01:04:55.91511,257250,-1503750,2.9375,46.875,48.75,16.75,3577
"650",2019-01-09 01:04:54.684171,257250,-1503750,2,50.9375,45.5625,15.8125,3577
"651",2019-02-02 00:59:16.199618,257205,-1503795,17,44,39,12,3577
"652",2019-02-10 01:04:48.573782,257250,-1503750,2.6875,50.625,45.1875,18.4375,3577
"653",2019-03-06 00:58:18.015612,257205,-1503735,0,53,46,22,3577
"654",2019-03-14 01:04:39.224682,257250,-1503750,3.3125,45.6875,49.625,14.9375,3577
"655",2019-03-22 00:57:46.535277,257250,-1503750,1.625,45.875,51.5,18.625,3577
"656",2019-03-30 01:04:36.299075,257250,-1503750,4.3125,49.8125,44.1875,17.6875,3577
"657",2019-04-23 00:56:38.691833,257250,-1503750,2.75,54.0625,42.0625,18.8125,3577
"658",2019-05-09 00:56:02.230368,257250,-1503750,3.4375,50.0625,45.4375,19.4375,3577
"659",2019-05-25 00:55:25.146586,257250,-1503750,3.6875,50.375,44.75,19.125,3577
"660",2019-06-18 01:04:53.770999,257250,-1503750,5.5,45.4375,47.875,17.875,3577
"661",2019-06-26 00:54:15.928689,257250,-1503750,8.125,45.5,45.0625,16.8125,3577
"662",2019-07-04 01:04:58.125305,257250,-1503750,5.375,43.125,50.25,18.875,3577
"663",2019-07-12 00:53:39.095773,257250,-1503750,2.75,45.5,50.5625,17.5,3577
"664",2019-07-20 01:05:00.993384,257250,-1503750,6.1875,42.25,50.125,18.5,3577
"665",2019-07-28 00:53:00.951003,257250,-1503750,7.5625,37.5625,53.75,17.9375,3577
"666",2019-08-05 01:05:07.943118,257250,-1503750,2.9375,42.875,52.9375,16.875,3577
"667",2019-08-13 00:52:21.554544,257250,-1503750,6.5,38.1875,54.375,17.8125,3577
"668",2019-08-21 01:05:12.924218,257250,-1503750,5.5625,39.0625,54.3125,17.3125,3577
"669",2019-08-29 00:51:40.954823,257250,-1503750,5.8125,39.9375,53.0625,17,3577
"670",2019-09-06 01:05:16.050983,257250,-1503750,5.1875,35,58.5625,15.4375,3577
"671",2019-09-14 00:50:59.003852,257250,-1503750,6.4375,35.5625,56.8125,16.5,3577
"672",2019-09-22 01:05:22.0867,257250,-1503750,3.5625,37.1875,57.875,15.5625,3577
"673",2019-09-30 00:50:17.341348,257259,-1503711,8.6,32,58,14.4,3577
"674",2019-10-08 01:05:25.844431,257250,-1503750,4.0625,35.25,59.4375,15.4375,3577
"675",2019-10-16 00:49:37.554534,257250,-1503750,5.4375,32.25,61.4375,15.3125,3577
"676",2019-10-24 01:05:27.082764,257250,-1503750,3.0625,35.375,60.5,14.625,3577
"677",2019-11-01 00:48:55.82428,257250,-1503750,6.25,29,63.5625,15.8125,3577
"678",2019-11-09 01:05:25.491159,257250,-1503750,3.5625,31.125,64.125,14.625,3577
"679",2019-11-17 00:48:11.911608,257250,-1503750,6.5,32.6875,59.6875,15.0625,3577
"680",2019-11-25 01:05:22.394659,257250,-1503750,2.5,33,63.375,14.125,3577
"681",2019-12-03 00:47:25.819886,257250,-1503750,2.125,28.3125,68.5625,14.875,3577
"682",2019-12-11 01:05:21.654347,257250,-1503750,3.0625,32.1875,63.5625,15.25,3577
"683",2020-01-04 00:45:47.625459,257295,-1503705,0,19,80,11,3577
"684",2020-01-20 00:44:59.971041,257250,-1503750,1.875,29.875,67.125,20.25,3577
"685",2020-02-05 00:44:11.880678,257231.25,-1503768.75,0.25,39.5,59.75,19.125,3577
"686",2020-02-13 01:05:05.676927,257250,-1503750,2.5625,44.375,51.75,17.875,3577
"687",2020-03-16 01:04:54.331646,257250,-1503750,3.3125,47.375,47.75,18,3577
"688",2020-04-01 01:04:44.943964,257250,-1503750,2.625,51.375,44.375,18.6875,3577
"689",2020-04-17 01:04:38.416915,257250,-1503750,2.5,48.875,47.125,18.5625,3577
"690",2020-04-25 00:39:47.152995,257250,-1503750,2.4375,47.5625,48.875,18.875,3577
"691",2020-05-03 01:04:30.005588,257250,-1503750,6.5,42.5,49.6875,17.875,3577
"692",2020-05-11 00:38:49.164093,257250,-1503705,6,40,52.75,16.5,3577
"693",2020-05-19 01:04:29.209709,257250,-1503750,3.125,41.9375,53.5625,15.9375,3577
"694",2020-05-27 00:37:49.58975,257250,-1503750,5.3125,35.5,58.1875,18.25,3577
"695",2020-06-04 01:04:35.194088,257250,-1503750,6.8125,38.375,53.5,17.875,3577
"696",2020-06-12 00:36:54.469278,257250,-1503750,7.125,32.9375,58.875,16.125,3577
"697",2020-06-20 01:04:44.700294,257250,-1503750,3.875,37.875,57.0625,18.1875,3577
"698",2020-07-06 01:04:52.162048,257250,-1503750,6.5,33.25,59.125,18.1875,3577
"699",2020-07-14 00:34:59.768623,257240,-1503785,7,33.8333333333333,58,18.8333333333333,3577
"700",2020-07-22 01:04:57.679239,257250,-1503750,7.875,30.75,60.1875,17.5625,3577
"701",2020-07-30 00:34:00.476821,257250,-1503750,7.4375,32.625,59,17.4375,3577
"702",2020-08-07 01:05:01.209826,257250,-1503750,6.1875,28.375,64.5,16.5,3577
"703",2020-08-23 01:05:08.220324,257250,-1503750,5.75,31.9375,61.1875,16.375,3577
"704",2020-08-31 00:31:57.822247,257250,-1503750,4.5625,32.4375,61.9375,16.3125,3577
"705",2020-09-08 01:05:15.468955,257250,-1503750,5.3125,31.0625,62.5,16.125,3577
"706",2020-09-16 00:30:54.355338,257250,-1503750,8.0625,28.9375,61.9375,15.75,3577
"707",2020-09-24 01:05:20.540687,257250,-1503750,3.3125,28.8125,66.875,14.9375,3577
"708",2020-10-10 01:05:23.149535,257250,-1503750,5.375,27.0625,66.5,14.8125,3577
"709",2020-10-18 00:28:50.675013,257250,-1503795,1.5,27.5,70.25,16,3577
"710",2020-11-03 00:27:46.909418,257250,-1503750,9.4375,24.5,65.0625,14.75,3577
"711",2020-11-11 01:05:19.874384,257250,-1503750,4.25,27.1875,67.5625,15.375,3577
"712",2020-11-19 00:26:40.578387,257253,-1503753,4.06666666666667,22.0666666666667,72.9333333333333,11.4,3577
"713",2020-11-27 01:05:23.608521,257250,-1503750,4.375,27.6875,66.75,14.9375,3577
"714",2020-12-05 00:25:31.21499,257250,-1503750,5.5625,24,69.3125,12,3577
"715",2020-12-21 00:24:18.441756,257250,-1503750,6.25,21.5,71.1875,16.3125,3577
"716",2021-01-06 00:23:11.732654,257250,-1503750,1.875,30.125,67.125,14.5625,3577
"717",2021-01-22 00:22:03.686944,257250,-1503750,20.625,24.4375,54.1875,5.9375,3577
"718",2021-02-15 01:05:07.921063,257250,-1503750,2,51.0625,45.625,14,3577
"719",2021-03-11 00:18:26.314325,257250,-1503750,18.9375,45.0625,34.9375,9.9375,3577
"720",2021-03-19 01:04:52.369214,257235,-1503787.5,33,32.5,34.25,7.75,3577
"721",2021-04-12 00:15:50.112429,257220,-1503750,0,56.25,42.875,21,3577
"722",2021-04-20 01:04:42.375945,257250,-1503750,6.16666666666667,46.9166666666667,45.0833333333333,23,3577
"723",2021-05-06 01:04:32.444067,257250,-1503750,5,52.4375,41.0625,15.5,3577
"724",2021-05-22 01:04:42.654966,257205,-1503705,2,51,46,23,3577
"725",2021-06-07 01:04:50.49967,257250,-1503750,2.3125,54,41.9375,15.3125,3577
"726",2021-06-15 00:10:27.962695,257250,-1503750,8.6875,44.25,45.875,16,3577
"727",2021-07-01 00:09:08.480416,257250,-1503750,2.625,50.875,45.375,19.875,3577
"728",2021-07-17 00:07:46.834813,257250,-1503750,14.25,29.25,55.5,12.3125,3577
"729",2021-07-25 01:05:03.218525,257250,-1503750,2.375,42.0625,54.375,17.75,3577
"730",2021-08-02 00:06:23.21886,257250,-1503750,2.875,46.9375,49.0625,18.125,3577
"731",2021-08-10 01:05:10.335328,257250,-1503750,3.0625,43.6875,52.125,18.25,3577
"732",2021-08-26 01:05:14.824986,257250,-1503750,3.5625,39.5625,55.5625,17.625,3577
"733",2021-09-03 00:03:35.222612,257250,-1503750,2.8125,43,53.125,17.125,3577
"734",2021-09-11 01:05:19.602527,257232.272727273,-1503745.90909091,2.09090909090909,45.2727272727273,51.4545454545455,16,3577
"735",2021-09-19 00:02:10.397513,257250,-1503750,2.4375,46.125,50.5,17,3577
"736",2021-09-27 01:05:23.012697,257250,-1503705,3.75,35.25,59.5,14.25,3577
"737",2021-10-05 00:00:45.019617,257250,-1503720,1.375,35,63,15.5,3577
"738",2021-10-13 01:05:28.233622,257250,-1503750,2.0625,36.6875,60,15.4375,3577
"739",2021-11-05 23:57:50.412099,257250,-1503750,1,38.75,59.4375,14.5,3577
"740",2021-11-14 01:05:24.731379,257250,-1503750,2.5,45.625,50.5,15.4375,3577
"741",2021-11-21 23:56:16.689838,257250,-1503750,2.1875,39.6875,57.125,16.375,3577
"742",2021-11-30 01:05:24.945225,257250,-1503750,2.625,41.125,54.875,16.625,3577
"743",2021-12-07 23:54:46.711751,257250,-1503750,0.8125,39.375,58.9375,15.625,3577
"744",2021-12-16 01:05:23.765029,257250,-1503750,2.5,37.5625,58.625,16.125,3577
"745",2022-01-08 23:51:38.744472,257250,-1503750,0.9375,50.875,47.25,19.4375,3577
"746",2022-02-02 01:05:11.474052,257250,-1503750,2.1875,46.0625,50.0625,17.625,3577
"747",2022-02-18 01:05:06.186895,257250,-1503750,2.125,60.75,35.4375,16.1875,3577
"748",2022-03-06 01:05:03.420133,257250,-1503750,2.25,53.6875,42.5625,16,3577
"749",2022-03-22 01:04:54.413545,257250,-1503750,2.25,54.75,41.4375,17.5625,3577
"750",2022-04-07 01:04:50.297743,257250,-1503750,2.25,51.0625,45.375,18.125,3577
"751",2022-04-23 01:04:51.537297,257250,-1503750,2.75,47.375,48.4375,17.5,3577
"752",2022-05-01 01:04:47.674162,257250,-1503750,2.8125,48.5625,47.0625,17.1875,3577
"753",2022-05-09 01:04:56.135142,257250,-1503750,2.75,45.125,50.875,17.875,3577
"754",2022-05-17 01:04:36.958129,257250,-1503750,2.6875,45.125,50.8125,17.5625,3577
"755",2022-05-25 01:04:59.280048,257250,-1503750,3.4375,38.75,56.5625,16.4375,3577
"756",2022-06-02 01:04:35.038497,257250,-1503750,2.875,44.8125,51,13.5,3577
"757",2022-06-18 01:04:42.728344,257250,-1503750,4.4375,40.4375,53.8125,17.125,3577
"758",2022-06-26 01:05:17.37698,257250,-1503750,2.75,42.9375,53.0625,16.9375,3577
"759",2022-07-04 01:04:55.126075,257250,-1503750,3,39.8125,56.125,17.1875,3577
"760",2022-07-12 01:05:17.05564,257250,-1503750,4.125,40.625,53.9375,17.375,3577
"761",2022-07-20 01:04:56.82931,257250,-1503750,3.5625,38.4375,56.4375,16.875,3577
"762",2022-07-28 01:05:26.24148,257250,-1503750,3.375,41.3125,54,16.5625,3577
"763",2022-08-05 01:05:09.908017,257250,-1503750,2.625,38.875,57.4375,13.9375,3577
"764",2022-08-13 01:05:34.081244,257250,-1503750,3.25,33.875,61.625,15.125,3577
"765",2022-08-21 01:05:16.65612,257250,-1503750,3.25,39.1875,56.1875,16,3577
"766",2022-09-14 01:05:40.791855,257250,-1503750,2.9375,36.5,59.625,15.4375,3577
"767",2022-09-22 01:05:23.65532,257250,-1503750,2.9375,34.75,61.3125,15.125,3577
"768",2022-09-30 01:05:41.633285,257250,-1503750,2.25,37.9375,58.8125,15.5625,3577
"769",2022-10-24 01:05:30.705485,257250,-1503750,2.5,28.875,67.5,14.6875,3577
"770",2022-11-01 01:05:41.996601,257250,-1503750,3.125,27.5,68.3125,15.0625,3577
"771",2022-11-09 01:05:30.334717,257259,-1503711,3.8,12,83.4,17.8,3577
"772",2022-11-25 01:05:30.383129,257225,-1503725,2.16666666666667,36.1666666666667,60.3333333333333,17.3333333333333,3577
"773",2022-12-03 01:05:37.013162,257250,-1503750,4.3125,38.3125,56.0625,17.625,3577
"774",2022-12-11 01:05:30.404459,257250,-1503750,2.5625,36.0625,60.1875,16.9375,3577
"775",2023-02-05 01:05:25.761544,257250,-1503750,2.5,46.75,49.3125,17.6875,3577
