"","time","x","y","bs","pv","npv","ue","spatial_ref"
"1",1987-09-19 23:56:31.722402,654755,7786475,63.7190082644628,10.7768595041322,24.0247933884298,5.89256198347107,28354
"2",1987-10-05 23:56:51.997531,654755,7786475,69.1322314049587,10.6942148760331,18.404958677686,5.87603305785124,28354
"3",1987-10-21 23:57:08.198535,654755,7786475,61.6776859504132,9.02479338842975,27.6942148760331,6.0495867768595,28354
"4",1987-11-06 23:57:28.178858,654755,7786475,56.8677685950413,11.0247933884298,30.595041322314,6.21487603305785,28354
"5",1987-11-22 23:57:47.314063,654755,7786475,60.3140495867769,18.8512396694215,19.4876033057851,6.36363636363636,28354
"6",1987-12-08 23:58:00.297248,654755,7786475,62.5785123966942,19.7107438016529,16.396694214876,6.2396694214876,28354
"7",1988-01-09 23:58:32.160734,654755,7786475,59.8181818181818,16.5123966942149,22.1818181818182,6.31404958677686,28354
"8",1988-01-25 23:58:49.956157,654755,7786475,66.0165289256198,19.8760330578512,12.5867768595041,6.28925619834711,28354
"9",1988-02-26 23:59:19.685549,654755,7786475,62.0247933884297,20.595041322314,16.0413223140496,6.31404958677686,28354
"10",1988-03-13 23:59:28.902412,654755,7786475,69.8842975206612,19.1322314049587,9.66115702479339,5.92561983471074,28354
"11",1988-04-14 23:59:39.766873,654755,7786475,58.1818181818182,16.801652892562,23.5702479338843,6.71074380165289,28354
"12",1988-05-16 23:59:58.05433,654755,7786475,64.3884297520661,14.9504132231405,19.1322314049587,5.82644628099174,28354
"13",1988-06-01 00:00:04.421257,654755,7786475,64.6942148760331,15.1652892561983,18.7603305785124,6.3801652892562,28354
"14",1988-06-17 00:00:09.683436,654755,7786475,69.7933884297521,14.8925619834711,14,6.35537190082645,28354
"15",1988-07-20 00:00:16.408359,654755,7786475,65.4297520661157,12.2892561983471,20.7190082644628,5.79338842975207,28354
"16",1988-08-05 00:00:17.71638,654755,7786475,66.7107438016529,10.9917355371901,20.9586776859504,5.86776859504132,28354
"17",1988-08-21 00:00:19.261979,654755,7786475,67.6942148760331,10.603305785124,19.9917355371901,5.85123966942149,28354
"18",1988-09-06 00:00:21.836206,654755,7786475,68.3719008264463,9.76859504132231,20.3719008264463,5.76859504132231,28354
"19",1988-09-22 00:00:16.774721,654755,7786475,73.8595041322314,10.2479338842975,14.3388429752066,5.76859504132231,28354
"20",1988-10-07 00:00:11.795592,654755,7786475,69.4876033057851,10.8677685950413,18.1900826446281,5.70247933884298,28354
"21",1988-11-08 00:00:09.963056,654755,7786475,68.4214876033058,10.0578512396694,19.9338842975207,5.75206611570248,28354
"22",1989-01-11 23:59:46.297776,654755,7786475,69.404958677686,16.1322314049587,13.1487603305785,5.90082644628099,28354
"23",1989-01-27 23:59:33.110603,654755,7786475,63.8842975206612,12.5619834710744,21.8429752066116,6.06611570247934,28354
"24",1989-02-12 23:59:34.594353,654755,7786475,59.1322314049587,20.0578512396694,19.5123966942149,6.09090909090909,28354
"25",1989-02-28 23:59:20.902185,654755,7786475,62.1570247933884,23.3553719008264,12.9504132231405,6.53719008264463,28354
"26",1989-03-16 23:58:42.758157,654755,7786475,51.7851239669422,27.2644628099174,19.4793388429752,6.86776859504132,28354
"27",1989-04-01 23:58:36.593458,654755,7786475,48.9586776859504,26.8842975206612,23.0082644628099,7.33884297520661,28354
"28",1989-04-17 23:58:34.063276,654755,7786475,57.198347107438,23.4628099173554,17.8677685950413,6.70247933884298,28354
"29",1989-05-03 23:58:20.166465,654755,7786475,69.8842975206612,18.8264462809917,10,4.92561983471074,28354
"30",1989-05-19 23:57:59.396242,654755,7786475,61.0826446280992,20.3553719008264,17.1074380165289,5.78512396694215,28354
"31",1989-06-20 23:57:21.843771,654755,7786475,61.0578512396694,19.3388429752066,18.1818181818182,6.92561983471074,28354
"32",1989-07-06 23:57:05.858881,654755,7786460,37.2840909090909,14.0454545454545,47.4204545454545,12.2840909090909,28354
"33",1989-08-07 23:56:27.243036,654755,7786475,63.3223140495868,11.7603305785124,23.4297520661157,6.75206611570248,28354
"34",1989-08-23 23:56:05.940265,654755,7786475,64.7438016528926,12.5454545454545,21.0413223140496,6.20661157024793,28354
"35",1989-09-24 23:55:18.192184,654755,7786475,61.0247933884297,9.70247933884298,27.7851239669421,6.01652892561984,28354
"36",1989-10-10 23:54:56.885886,654755,7786475,67.4710743801653,8.92561983471074,21.8595041322314,5.85123966942149,28354
"37",1989-12-13 23:53:05.036173,654755,7786475,35.6528925619835,21.9917355371901,41.0165289256198,8.0495867768595,28354
"38",1989-12-29 23:52:35.062497,654755,7786475,52.9834710743802,20.4876033057851,25.2231404958678,6.96694214876033,28354
"39",1990-02-15 23:51:02.022366,654755,7786475,54.8099173553719,19.801652892562,24,6.51239669421488,28354
"40",1990-04-04 23:49:36.232547,654755,7786475,43.8264462809917,21.0165289256198,33.4462809917355,7.75206611570248,28354
"41",1990-04-20 23:49:48.648143,654755,7786475,51.8925619834711,19.0082644628099,27.6694214876033,7.35537190082645,28354
"42",1990-05-06 23:49:45.08372,654755,7786475,51.9669421487603,21.5206611570248,25.2479338842975,7.05785123966942,28354
"43",1990-06-07 23:49:44.818763,654755,7786475,46.4297520661157,23.0495867768595,29.2314049586777,7.45454545454545,28354
"44",1990-06-23 23:49:43.925814,654755,7786475,49.6776859504132,23.9173553719008,25.1818181818182,7.4297520661157,28354
"45",1990-07-09 23:49:42.196691,654755,7786475,47.297520661157,23.2892561983471,27.9752066115702,7.33884297520661,28354
"46",1990-07-25 23:49:37.885197,654755,7786475,37.4132231404959,19.7851239669421,41.5454545454545,11.2148760330579,28354
"47",1990-08-26 23:49:27.858728,654755,7786475,53.6694214876033,19.0909090909091,26,6.85123966942149,28354
"48",1990-09-11 23:49:25.283401,654755,7786475,52.9586776859504,18.4793388429752,27.198347107438,6.77685950413223,28354
"49",1990-09-27 23:49:16.204675,654755,7786475,53.4876033057851,14.8264462809917,30.2231404958678,6.52892561983471,28354
"50",1990-10-13 23:49:09.998805,654755,7786475,51.4710743801653,12.404958677686,34.801652892562,6.63636363636364,28354
"51",1990-10-29 23:49:01.161469,654755,7786475,55.297520661157,13.4545454545455,29.8347107438017,6.50413223140496,28354
"52",1990-11-14 23:49:03.496091,654755,7786475,49.2644628099174,16.0247933884298,33.2148760330578,6.65289256198347,28354
"53",1990-12-16 23:49:00.945764,654755,7786475,48.9752066115703,20.4793388429752,29.1157024793388,6.55371900826446,28354
"54",1991-03-06 23:50:44.826721,654755,7786475,33.9917355371901,38.2314049586777,26.504132231405,8.31404958677686,28354
"55",1991-03-22 23:51:08.026968,654755,7786475,32.7438016528926,35,31.1074380165289,8.14049586776859,28354
"56",1991-04-07 23:51:20.731146,654755,7786475,31.396694214876,31.7603305785124,35.6776859504132,8.2396694214876,28354
"57",1991-05-09 23:51:54.906393,654755,7786475,35.297520661157,28.198347107438,35.0578512396694,7.76859504132231,28354
"58",1991-05-25 23:52:11.518418,654755,7786475,33.7190082644628,27.6611570247934,37,7.89256198347107,28354
"59",1991-06-10 23:52:21.957239,654755,7786475,31.198347107438,23.0165289256198,44.2727272727273,8.32231404958678,28354
"60",1991-07-12 23:52:48.152903,654755,7786475,38.1404958677686,22.1818181818182,38.1900826446281,7.60330578512397,28354
"61",1991-07-28 23:53:02.670656,654755,7786475,40.0743801652893,18.9834710743802,39.495867768595,7.18181818181818,28354
"62",1991-08-13 23:53:04.75019,654755,7786475,41.8264462809917,18.702479338843,38.3305785123967,6.89256198347107,28354
"63",1991-08-29 23:53:13.766495,654755,7786475,43.702479338843,17.6942148760331,37.0165289256198,6.5702479338843,28354
"64",1991-09-14 23:53:28.076486,654755,7786475,41.1652892561983,15.4710743801653,42.0661157024793,6.70247933884298,28354
"65",1991-09-30 23:53:32.597106,654755,7786475,35.3140495867769,13.1652892561983,49.900826446281,6.75206611570248,28354
"66",1991-10-16 23:53:43.459521,654755,7786475,38.9834710743802,13.504132231405,46.0330578512397,6.71900826446281,28354
"67",1991-11-01 23:53:42.543324,654755,7786475,36.900826446281,17.4462809917355,44.4297520661157,6.91735537190083,28354
"68",1991-11-17 23:53:46.607768,654755,7786475,39.7438016528926,17.297520661157,41.5123966942149,7.04132231404959,28354
"69",1991-12-03 23:54:01.435858,654755,7786475,41.7933884297521,18.3471074380165,38.495867768595,7.1404958677686,28354
"70",1991-12-19 23:53:52.951335,654755,7786475,40.3636363636364,19.7603305785124,38.3388429752066,7.63636363636364,28354
"71",1992-01-04 23:53:49.883862,654755,7786475,44.8760330578512,19.8264462809917,34.0578512396694,7.31404958677686,28354
"72",1992-02-21 23:53:44.405969,654772.608695652,7786480.2173913,24.1521739130435,17.7608695652174,56.5869565217391,11.3695652173913,28354
"73",1992-03-08 23:53:45.162337,654755,7786475,33.8512396694215,28.5702479338843,36.2396694214876,8.33884297520661,28354
"74",1992-06-12 23:52:58.243413,654755,7786475,41.7933884297521,19.1157024793388,37.6446280991736,7.86776859504132,28354
"75",1992-06-28 23:52:47.202843,654755,7786475,43.4545454545455,17.5371900826446,37.6280991735537,7.82644628099174,28354
"76",1992-07-30 23:52:22.287473,654755,7786475,42.7851239669422,15.5619834710744,40.3884297520661,7.38842975206612,28354
"77",1992-08-15 23:52:07.199308,654755,7786475,43.5702479338843,12.3388429752066,42.5289256198347,7.06611570247934,28354
"78",1992-08-31 23:51:52.242895,654755,7786475,41.3884297520661,11.1239669421488,45.8512396694215,7.09090909090909,28354
"79",1992-09-16 23:51:38.292222,654755,7786475,48.7685950413223,11.6446280991736,37.8264462809917,6.84297520661157,28354
"80",1992-10-02 23:51:16.148888,654755,7786475,45.6198347107438,10.3388429752066,42.6280991735537,6.80165289256198,28354
"81",1992-10-18 23:51:02.773474,654755,7786475,48.5289256198347,8.98347107438017,41.0495867768595,7.16528925619835,28354
"82",1992-11-03 23:50:48.959571,654755,7786475,45.8925619834711,9.12396694214876,43.6942148760331,6.71900826446281,28354
"83",1992-12-05 23:50:46.583136,654755,7786475,44.3140495867769,17.3388429752066,36.9173553719008,6.80165289256198,28354
"84",1992-12-21 23:50:56.266906,654755,7786475,44.1074380165289,23.1735537190083,31.2479338842975,7.41322314049587,28354
"85",1993-01-22 23:51:17.786159,654755,7786475,39.3305785123967,29.4380165289256,29.9752066115702,7.81818181818182,28354
"86",1993-02-07 23:51:28.672981,654755,7786475,39.4628099173554,26.504132231405,32.6776859504132,7.33057851239669,28354
"87",1993-02-23 23:51:31.997441,654755,7786475,34.0578512396694,31.8264462809917,32.7685950413223,8.35537190082645,28354
"88",1993-03-11 23:51:44.109977,654755,7786475,36.0330578512397,31.6446280991736,31.1570247933884,8.26446280991735,28354
"89",1993-03-27 23:51:44.775641,654755,7786475,35.5454545454545,30.5785123966942,32.5785123966942,8.06611570247934,28354
"90",1993-04-28 23:52:00.026276,654755,7786475,40.3801652892562,23.6280991735537,34.4710743801653,7.96694214876033,28354
"91",1993-05-14 23:52:03.199237,654755,7786475,37.0495867768595,23.396694214876,38.2809917355372,7.76859504132231,28354
"92",1993-05-30 23:52:07.091692,654755,7786475,39.4710743801653,24.2809917355372,34.6363636363636,6.96694214876033,28354
"93",1993-07-01 23:51:57.076959,654755,7786475,37.2148760330578,20.4462809917355,40.7107438016529,7.3801652892562,28354
"94",1993-07-17 23:51:57.886051,654755,7786475,35.7520661157025,19.3305785123967,43.5206611570248,8.06611570247934,28354
"95",1993-08-02 23:51:57.228839,654755,7786475,41.4132231404959,15.6859504132231,41.297520661157,7.76859504132231,28354
"96",1993-08-18 23:51:57.350771,654755,7786475,45.0330578512397,13.3057851239669,40.099173553719,7.45454545454545,28354
"97",1993-09-03 23:51:55.960003,654755,7786475,40.9752066115703,12.6528925619835,44.8347107438017,7.61157024793388,28354
"98",1993-09-19 23:51:53.322981,654755,7786475,40.2809917355372,10.4214876033058,47.8099173553719,7.36363636363636,28354
"99",1993-10-05 23:51:49.79036,654755,7786475,43.8512396694215,8.02479338842975,46.5950413223141,7.11570247933884,28354
"100",1993-10-21 23:51:42.29135,654755,7786475,40.0247933884297,7.43801652892562,51.1239669421488,7.06611570247934,28354
"101",1993-11-06 23:51:36.168087,654755,7786475,37.4462809917355,8.37190082644628,52.4793388429752,7.28925619834711,28354
"102",1993-12-24 23:51:16.088981,654755,7786475,44.8099173553719,15.4793388429752,38.3884297520661,6.30578512396694,28354
"103",1994-01-09 23:51:02.924836,654755,7786475,42.3553719008264,17.198347107438,38.9586776859504,7.11570247933884,28354
"104",1994-01-25 23:50:49.945492,654755,7786475,37.9256198347107,16.7107438016529,44.1570247933884,7.60330578512397,28354
"105",1994-02-26 23:50:25.324204,654755,7786475,33.0082644628099,27.2148760330579,38.6528925619835,8.26446280991735,28354
"106",1994-03-14 23:50:10.832209,654755,7786475,39.1157024793388,27.7272727272727,31.8347107438017,8.30578512396694,28354
"107",1994-03-30 23:49:55.588873,654755,7786475,38.2479338842975,28.4132231404959,32.0247933884297,8.15702479338843,28354
"108",1994-04-15 23:49:37.110799,654755,7786475,42.198347107438,25.5371900826446,30.8677685950413,7.77685950413223,28354
"109",1994-05-01 23:49:20.515406,654755,7786475,37.5785123966942,23.8181818181818,37.4793388429752,7.6198347107438,28354
"110",1994-06-02 23:48:45.565782,654755,7786475,41.8264462809917,21.9917355371901,34.9338842975207,7.70247933884298,28354
"111",1994-06-18 23:48:24.59867,654755,7786475,39.198347107438,20.198347107438,39.2231404958678,7.80165289256198,28354
"112",1994-07-20 23:47:33.05525,654755,7786475,41.3553719008264,15.6776859504132,41.5206611570248,7.24793388429752,28354
"113",1994-08-21 23:46:43.976391,654755,7786475,44.8677685950413,12.6942148760331,41.1322314049587,6.75206611570248,28354
"114",1994-09-06 23:46:20.475802,654755,7786475,45.5950413223141,11.1487603305785,41.7685950413223,6.65289256198347,28354
"115",1994-09-22 23:45:54.637035,654755,7786475,46.0413223140496,7.64462809917355,44.9586776859504,6.62809917355372,28354
"116",1994-10-08 23:45:25.793165,654755,7786475,48.0165289256198,8.79338842975207,41.9504132231405,6.41322314049587,28354
"117",1994-10-24 23:44:54.130751,654755,7786475,44.8347107438017,11.0909090909091,42.4297520661157,6.53719008264463,28354
"118",1994-11-09 23:44:20.119085,654755,7786475,40.5702479338843,8.77685950413223,49.3140495867769,6.96694214876033,28354
"119",1994-11-25 23:43:47.721666,654755,7786475,42.6363636363636,13.1157024793388,42.8595041322314,6.65289256198347,28354
"120",1994-12-11 23:43:19.469977,654755,7786475,46.3223140495868,13.5123966942149,38.7272727272727,6.85123966942149,28354
"121",1995-01-12 23:42:14.381544,654755,7786475,45.6528925619835,13.0661157024793,39.9173553719008,6.99173553719008,28354
"122",1995-02-13 23:40:57.804913,654755,7786475,43.4297520661157,17.0495867768595,38.1322314049587,7.30578512396694,28354
"123",1995-03-17 23:39:40.722049,654755,7786475,39.1487603305785,30.5537190082645,28.7851239669421,8.08264462809917,28354
"124",1995-04-02 23:39:01.949988,654755,7786475,42.2561983471074,24.900826446281,31.5454545454545,6.78512396694215,28354
"125",1995-04-18 23:38:21.840029,654755,7786475,43.2479338842975,27.3884297520661,28.1487603305785,7.46280991735537,28354
"126",1995-05-20 23:36:55.848983,654755,7786475,37.1239669421488,25.3471074380165,36.1570247933884,8.04132231404959,28354
"127",1995-06-05 23:36:10.016548,654755,7786475,36.6446280991736,24.3140495867769,37.5950413223141,8.16528925619835,28354
"128",1995-06-21 23:35:27.32762,654755,7786475,42.2892561983471,21.297520661157,35.1074380165289,7.79338842975207,28354
"129",1995-07-07 23:34:43.448978,654755,7786475,38.2727272727273,22.5123966942149,37.8264462809917,7.94214876033058,28354
"130",1995-07-23 23:34:00.52543,654755,7786475,45.8429752066116,19.1570247933884,33.6280991735537,7.50413223140496,28354
"131",1995-08-08 23:33:17.502165,654755,7786475,49.0578512396694,18.9586776859504,30.3057851239669,7.30578512396694,28354
"132",1995-08-24 23:32:33.256105,654755,7786475,51.2809917355372,13.9338842975207,33.4628099173554,6.84297520661157,28354
"133",1995-09-09 23:31:47.109795,654755,7786475,48.1735537190083,14.8429752066116,35.3223140495868,6.65289256198347,28354
"134",1995-09-25 23:30:58.521504,654755,7786475,59.5123966942149,10.4876033057851,28.5785123966942,5.60330578512397,28354
"135",1995-10-11 23:30:07.281512,654755,7786475,49.0330578512397,12.4462809917355,36.9421487603306,6.71900826446281,28354
"136",1995-12-14 23:30:35.699093,654755,7786475,45.5371900826446,17.1404958677686,35.9834710743802,6.89256198347107,28354
"137",1995-12-30 23:31:46.189279,654755,7786475,39.7685950413223,20.4297520661157,38.504132231405,6.85123966942149,28354
"138",1996-01-15 23:32:54.293577,654755,7786475,42.9090909090909,24.7520661157025,30.9752066115702,8,28354
"139",1996-01-31 23:34:01.561201,654755,7786475,37.0495867768595,26.7190082644628,34.9917355371901,8.16528925619835,28354
"140",1996-02-16 23:35:07.443422,654755,7786475,46.9256198347107,22.099173553719,29.4462809917355,7.11570247933884,28354
"141",1996-03-19 23:37:13.807543,654755,7786475,40.1818181818182,28.1652892561983,30.2479338842975,7.91735537190083,28354
"142",1996-04-04 23:38:14.324061,654755,7786475,45.2644628099174,21.4710743801653,31.702479338843,7.02479338842975,28354
"143",1996-04-20 23:39:13.36003,654755,7786475,42.2809917355372,20.7603305785124,35.4462809917355,7.72727272727273,28354
"144",1996-05-06 23:40:10.523641,654755,7786475,39.9421487603306,19.8925619834711,38.7933884297521,7.75206611570248,28354
"145",1996-06-07 23:41:59.064727,654755,7786475,27.7603305785124,18.0578512396694,52.5867768595041,9.67768595041322,28354
"146",1996-06-23 23:42:50.532647,654755,7786475,40.2727272727273,17.4297520661157,41.0909090909091,8.40495867768595,28354
"147",1996-07-09 23:43:40.225855,654755,7786475,47.4132231404959,16.3388429752066,34.8347107438017,7.4297520661157,28354
"148",1996-08-10 23:45:22.061269,654755,7786475,50.6198347107438,12.6611570247934,35.3223140495868,7.1404958677686,28354
"149",1996-08-26 23:46:13.348238,654755,7786475,53.2479338842975,10.6280991735537,34.7190082644628,6.45454545454545,28354
"150",1996-09-11 23:47:06.848401,654755,7786475,55.0578512396694,9.18181818181818,34.1239669421488,6.3801652892562,28354
"151",1996-09-27 23:47:58.88653,654755,7786475,52.297520661157,10.0743801652893,36.2148760330578,6.46280991735537,28354
"152",1996-10-13 23:48:48.586243,654747.980769231,7786477.59615385,11.7596153846154,7.53846153846154,79.5288461538462,8.21153846153846,28354
"153",1996-10-29 23:49:35.930253,654755,7786475,48.1487603305785,13.3636363636364,37.0495867768595,6.92561983471074,28354
"154",1996-11-14 23:50:20.778039,654755,7786475,44.8099173553719,13.5123966942149,40.1239669421488,7.11570247933884,28354
"155",1996-11-30 23:51:06.489941,654755,7786475,43.8842975206612,11.1652892561983,43.4628099173554,7.1404958677686,28354
"156",1996-12-16 23:51:51.929767,654755,7786475,42.3471074380165,18.9917355371901,37.2644628099174,7.09090909090909,28354
"157",1997-02-18 23:54:46.732704,654755,7786475,36.8264462809917,34.3471074380165,27.702479338843,8.48760330578512,28354
"158",1997-04-07 23:56:37.521642,654755,7786475,35.3140495867769,33.5867768595041,29.7603305785124,8.58677685950413,28354
"159",1997-05-09 23:57:44.815972,654755,7786475,38.5206611570248,29.6528925619835,30.3884297520661,7.84297520661157,28354
"160",1997-05-25 23:58:18.817899,654755,7786475,33.9504132231405,27.2644628099174,37.6363636363636,8.4297520661157,28354
"161",1997-06-10 23:58:51.693454,654755,7786475,32.6363636363636,26.7603305785124,39.3719008264463,8.36363636363636,28354
"162",1997-07-29 00:00:30.047475,654755,7786475,32.6611570247934,14.0661157024793,51.9256198347107,14.3305785123967,28354
"163",1997-08-14 00:01:01.160378,654755,7786475,40.7685950413223,17.2479338842975,40.5950413223141,7.28925619834711,28354
"164",1997-08-30 00:01:30.790917,654755,7786475,41.9834710743802,16.4380165289256,40.0413223140496,7.26446280991736,28354
"165",1997-09-15 00:01:57.825425,654755,7786475,39.702479338843,14.603305785124,44.1404958677686,7.28925619834711,28354
"166",1997-10-01 00:02:25.833778,654760,7786515,28.2,9.4,60.4,4,28354
"167",1997-10-17 00:02:51.410936,654755,7786475,39.5371900826446,17.4545454545455,41.8429752066116,7.31404958677686,28354
"168",1997-11-02 00:03:17.527694,654755,7786475,36.2479338842975,16.9834710743802,45.3719008264463,7.16528925619835,28354
"169",1998-01-21 00:05:09.888469,654755,7786475,26.4132231404959,34.4049586776859,37.8181818181818,9.40495867768595,28354
"170",1998-02-06 00:05:31.176735,654755,7786475,27.504132231405,36.0082644628099,35.2644628099174,8.90082644628099,28354
"171",1998-02-22 00:05:49.188171,654755,7786475,27.9586776859504,30.5619834710744,40.6198347107438,8.87603305785124,28354
"172",1998-03-10 00:06:04.612748,654755,7786475,27.0495867768595,34.3305785123967,37.5950413223141,8.58677685950413,28354
"173",1998-03-26 00:06:18.51316,654755,7786475,22.8264462809917,31.6115702479339,44.4628099173554,9.45454545454546,28354
"174",1998-04-11 00:06:30.451241,654755,7786475,26.0909090909091,25.7190082644628,46.9173553719008,8.70247933884298,28354
"175",1998-04-27 00:06:42.298086,654755,7786475,22.9421487603306,25.5619834710744,50.0826446280992,9.80165289256198,28354
"176",1998-06-14 00:07:26.307836,654755,7786475,26.2231404958678,22.2066115702479,50.5206611570248,9.28925619834711,28354
"177",1998-06-30 00:07:37.606277,654755,7786475,21.4545454545455,22.7272727272727,54.5454545454545,10.6694214876033,28354
"178",1998-07-16 00:07:49.423573,654755,7786475,24.801652892562,19.9752066115702,53.8595041322314,9.40495867768595,28354
"179",1998-08-01 00:07:54.927818,654755,7786475,32.8925619834711,15.8760330578512,50.0330578512397,8.62809917355372,28354
"180",1998-08-17 00:08:02.855483,654755,7786475,31.2479338842975,14.3636363636364,53.0743801652893,8.62809917355372,28354
"181",1998-09-02 00:08:14.434506,654755,7786475,27.0661157024793,14.6446280991736,56.9669421487603,8.57851239669422,28354
"182",1998-09-18 00:08:21.49322,654755,7786475,32.8099173553719,11.6280991735537,54.0165289256198,8.43801652892562,28354
"183",1998-10-20 00:08:23.62537,654755,7786475,30.5371900826446,10.8595041322314,57.2561983471074,8.43801652892562,28354
"184",1998-12-07 00:08:31.858086,654755,7786475,31.2892561983471,15.7851239669421,51.4049586776859,9.04132231404959,28354
"185",1998-12-23 00:08:37.209854,654755,7786475,28.2231404958678,16.9338842975207,53.3305785123967,8.48760330578512,28354
"186",1999-02-09 00:08:44.993317,654755,7786475,31.1322314049587,29.7603305785124,37.8429752066116,8.1900826446281,28354
"187",1999-03-13 00:08:36.929614,654755,7786475,27.495867768595,34.6942148760331,36.4710743801653,8.87603305785124,28354
"188",1999-04-14 00:08:17.618534,654755,7786475,22.3305785123967,32.504132231405,43.8760330578512,9.72727272727273,28354
"189",1999-04-30 00:08:16.123001,654755,7786475,25.595041322314,28.2809917355372,44.603305785124,10.4380165289256,28354
"190",1999-05-16 00:08:02.328057,654755,7786475,26.4380165289256,26.6611570247934,45.7520661157025,9.61157024793388,28354
"191",1999-07-11 00:22:21.455521,654755,7786475,27.2231404958678,23.8347107438017,47.5785123966942,8.89256198347107,28354
"192",1999-07-19 00:07:18.287194,654755,7786475,29.4132231404959,19.6694214876033,49.6694214876033,8.67768595041322,28354
"193",1999-07-27 00:22:25.240245,654755,7786475,29.1074380165289,21.2396694214876,48.1570247933884,8.63636363636364,28354
"194",1999-08-04 00:07:16.522272,654755,7786475,31.1074380165289,17.9090909090909,49.7438016528926,8.57851239669422,28354
"195",1999-08-12 00:22:27.405654,654755,7786475,28.1487603305785,17.1652892561983,53.495867768595,8.41322314049587,28354
"196",1999-08-20 00:07:05.42944,654755,7786475,32.7190082644628,14.801652892562,51.0578512396694,8.11570247933884,28354
"197",1999-09-05 00:06:37.098116,654755,7786475,31.2479338842975,15.8595041322314,51.6694214876033,7.76859504132231,28354
"198",1999-09-21 00:06:08.38535,654755,7786475,30.6694214876033,12.7190082644628,55.1900826446281,7.75206611570248,28354
"199",1999-09-29 00:22:34.613993,654755,7786475,30.0330578512397,13.9834710743802,54.5867768595041,7.82644628099174,28354
"200",1999-10-15 00:22:33.111834,654755,7786475,27.5454545454545,14.9917355371901,56.0413223140496,8.14049586776859,28354
"201",1999-11-08 00:05:33.521223,654743.152173913,7786470.10869565,14.7065217391304,9.90217391304348,74.1630434782609,6.77173913043478,28354
"202",1999-12-02 00:22:22.115583,654755,7786475,30.5454545454545,20.6611570247934,47.3801652892562,7.46280991735537,28354
"203",2000-01-03 00:22:23.019337,654755,7786475,27.5867768595041,18.6942148760331,52.495867768595,9.06611570247934,28354
"204",2000-01-19 00:22:20.177417,654755,7786475,28.3305785123967,18.099173553719,52.3801652892562,8.77685950413223,28354
"205",2000-02-04 00:22:20.60788,654755,7786475,28.4132231404959,21.0578512396694,49.2561983471074,8.92561983471074,28354
"206",2000-03-23 00:22:10.329089,654755,7786475,22.7190082644628,29.4545454545455,46.6528925619835,9.77685950413223,28354
"207",2000-05-10 00:21:41.104382,654755,7786475,26.8595041322314,27.4297520661157,44.4380165289256,9.46280991735537,28354
"208",2000-06-27 00:21:15.882913,654755,7786475,26.6446280991736,24.8264462809917,47.4545454545455,9.79338842975207,28354
"209",2000-07-13 00:21:02.799367,654755,7786475,30.4132231404959,22.5537190082645,45.7190082644628,9.56198347107438,28354
"210",2000-07-29 00:20:45.605273,654755,7786475,33.2561983471074,19.1735537190083,46.2644628099174,9.09090909090909,28354
"211",2000-08-14 00:20:39.245532,654755,7786475,31.7520661157025,18.3223140495868,48.8677685950413,8.87603305785124,28354
"212",2000-08-30 00:20:28.575766,654755,7786475,31.801652892562,16.3140495867769,50.5454545454545,8.71074380165289,28354
"213",2000-09-15 00:20:09.877931,654755,7786475,33.6446280991736,14.4710743801653,50.5289256198347,8.01652892561983,28354
"214",2000-10-01 00:20:00.610887,654755,7786475,30.595041322314,14.4132231404959,53.6280991735537,8.61157024793388,28354
"215",2000-10-17 00:19:42.904779,654755,7786475,19.9834710743802,9.06611570247934,69.3388429752066,5.77685950413223,28354
"216",2000-11-02 00:19:56.009111,654755,7786475,29.2644628099174,24.9504132231405,44.4132231404959,9.01652892561983,28354
"217",2000-12-04 00:19:53.875707,654755,7786475,27.4214876033058,26.6115702479339,44.7520661157025,9.26446280991735,28354
"218",2001-01-05 00:19:58.644932,654755,7786475,23.2231404958678,31.7520661157025,43.8264462809917,9.83471074380165,28354
"219",2001-01-21 00:20:04.94742,654755,7786475,19.1074380165289,35.099173553719,44.6198347107438,10.4132231404959,28354
"220",2001-02-06 00:19:58.491151,654755,7786475,17.9586776859504,39.4793388429752,41.3305785123967,10.8347107438017,28354
"221",2001-02-22 00:19:57.388628,654755,7786475,17.7851239669421,39.0661157024793,42,10.7603305785124,28354
"222",2001-03-10 00:19:53.838364,654755,7786475,16.0330578512397,37.297520661157,45.1487603305785,10.9256198347107,28354
"223",2001-03-26 00:19:44.592793,654775,7786475,23.9480519480519,23.9220779220779,51.2077922077922,8.55844155844156,28354
"224",2001-04-11 00:19:40.322392,654755,7786475,18.8347107438017,35.702479338843,44.0578512396694,10.5371900826446,28354
"225",2001-04-27 00:19:38.678136,654755,7786475,18.4297520661157,32.9834710743802,47.2396694214876,10.0413223140496,28354
"226",2001-05-13 00:19:29.478497,654755,7786475,23.9090909090909,30.3884297520661,44.4049586776859,9.6198347107438,28354
"227",2001-05-29 00:19:21.059282,654755,7786475,23.8181818181818,27.5867768595041,47.1074380165289,9.42148760330578,28354
"228",2001-06-14 00:19:09.614497,654755,7786475,22.9338842975207,26.702479338843,49.0661157024793,9.13223140495868,28354
"229",2001-06-30 00:18:54.79521,654755,7786475,22.4793388429752,24.7190082644628,51.4876033057851,8.99173553719008,28354
"230",2001-07-16 00:18:54.67565,654755,7786475,24.8760330578512,21.603305785124,52.1157024793388,8.59504132231405,28354
"231",2001-08-01 00:18:42.664415,654755,7786475,26.0661157024793,20.9421487603306,51.7190082644628,8.65289256198347,28354
"232",2001-08-17 00:18:23.751839,654755,7786475,27.2644628099174,18.9256198347107,52.4710743801653,8.1900826446281,28354
"233",2001-09-02 00:18:13.300242,654755,7786475,28.9504132231405,17.4710743801653,52.2892561983471,8.09090909090909,28354
"234",2001-09-18 00:18:01.500639,654755,7786475,28.3801652892562,16.4876033057851,53.7355371900826,7.91735537190083,28354
"235",2001-10-20 00:17:52.253304,654755,7786475,31.2727272727273,17.3305785123967,49.9752066115703,8.01652892561983,28354
"236",2001-11-05 00:17:57.108002,654755,7786475,23.2066115702479,17.6115702479339,57.8429752066116,8.71074380165289,28354
"237",2001-11-21 00:18:05.38147,654755,7786475,29.7438016528926,16.9586776859504,51.9173553719008,8.72727272727273,28354
"238",2001-12-07 00:18:06.278634,654755,7786475,24.1239669421488,20.3388429752066,54.3636363636364,9.01652892561983,28354
"239",2001-12-23 00:18:15.517565,654755,7786475,24.5702479338843,20.3884297520661,53.6942148760331,9.14049586776859,28354
"240",2002-01-24 00:18:26.040197,654755,7786475,24.2561983471074,29.3553719008264,45.0909090909091,9.38842975206612,28354
"241",2002-02-09 00:18:28.08615,654755,7786475,26.7107438016529,29.099173553719,43.099173553719,9.16528925619835,28354
"242",2002-02-25 00:18:30.094427,654755,7786475,21.7272727272727,33.1322314049587,43.9834710743802,9.78512396694215,28354
"243",2002-03-29 00:18:22.406913,654755,7786475,28.4297520661157,26.5619834710744,43.5785123966942,8.99173553719008,28354
"244",2002-04-14 00:18:22.390277,654755,7786475,27.0495867768595,25.6446280991736,45.9752066115703,8.52892561983471,28354
"245",2002-04-30 00:18:24.299108,654755,7786475,27.2066115702479,24.0743801652893,47.2479338842975,8.75206611570248,28354
"246",2002-05-16 00:18:16.991046,654755,7786475,31.0661157024793,23.7272727272727,43.9834710743802,8.62809917355372,28354
"247",2002-06-01 00:18:11.140435,654755,7786475,32.8512396694215,22.4628099173554,43.5123966942149,8.50413223140496,28354
"248",2002-06-17 00:18:04.707872,654755,7786475,30.504132231405,22.5619834710744,45.7520661157025,8.31404958677686,28354
"249",2002-07-03 00:18:00.235406,654755,7786475,32.1239669421488,18.8099173553719,47.8760330578512,8.11570247933884,28354
"250",2002-07-19 00:17:52.994357,654755,7786475,30.6611570247934,17.4462809917355,50.504132231405,8.04132231404959,28354
"251",2002-08-04 00:17:45.763212,654755,7786475,33.9421487603306,17.297520661157,47.396694214876,7.80165289256198,28354
"252",2002-08-20 00:17:42.137864,654755,7786475,37.2066115702479,20.3223140495868,41.0082644628099,6.84297520661157,28354
"253",2002-09-05 00:17:33.370485,654755,7786475,34.4297520661157,16.3553719008264,47.7933884297521,7.72727272727273,28354
"254",2002-09-21 00:17:20.387881,654755,7786475,36.1157024793388,14.3553719008264,48.0413223140496,7.63636363636364,28354
"255",2002-10-07 00:17:16.193413,654755,7786475,35.9586776859504,15.0247933884298,47.6776859504132,7.66115702479339,28354
"256",2002-10-23 00:17:21.884674,654755,7786475,35.9173553719008,12.4710743801653,50.495867768595,7.53719008264463,28354
"257",2002-11-08 00:17:27.201588,654755,7786475,37.1239669421488,13.1735537190083,48.5537190082645,7.28925619834711,28354
"258",2002-11-24 00:17:44.091228,654755,7786475,34.5206611570248,13.0330578512397,51.0330578512397,7.38842975206612,28354
"259",2002-12-10 00:17:48.337098,654755,7786475,28.0826446280992,11.2727272727273,59.1404958677686,7.53719008264463,28354
"260",2003-01-27 00:18:03.916449,654755,7786475,33.1404958677686,19.099173553719,46.4297520661157,8.09090909090909,28354
"261",2003-03-16 00:18:17.693972,654755,7786475,27.7272727272727,32.9504132231405,37.8595041322314,8.81818181818182,28354
"262",2003-04-01 00:18:17.003003,654755,7786475,32.7190082644628,30.9421487603306,35.1404958677686,8.16528925619835,28354
"263",2003-04-17 00:18:19.094204,654755,7786475,31.8264462809917,28.2148760330579,38.495867768595,8.57851239669422,28354
"264",2003-05-03 00:18:20.038826,654755,7786475,35.5206611570248,25.6942148760331,37.5950413223141,8.1900826446281,28354
"265",2003-05-19 00:18:14.85659,654755,7786475,34.4214876033058,25.1157024793388,39.1074380165289,8.18181818181818,28354
"266",2003-06-12 00:05:17.590435,654755,7786475,40.3305785123967,24.4793388429752,34.0247933884297,8.20661157024793,28354
"267",2003-07-14 00:05:57.069255,654755,7786475,42.0165289256198,23.504132231405,33.0909090909091,7.8099173553719,28354
"268",2003-07-22 00:18:05.897111,654755,7786475,37.5123966942149,20.9421487603306,40.099173553719,7.76859504132231,28354
"269",2003-07-30 00:06:15.333651,654755,7786475,48.0826446280992,18.8429752066116,31.5619834710744,7.49586776859504,28354
"270",2003-08-07 00:17:57.15893,654755,7786475,41.0247933884297,20.8842975206612,36.702479338843,7.57851239669422,28354
"271",2003-08-15 00:06:30.376313,654755,7786475,42.8760330578512,18.2561983471074,37.3305785123967,6.96694214876033,28354
"272",2003-08-31 00:06:48.635984,654755,7786475,29.5371900826446,9.77685950413223,59.2231404958678,14.1074380165289,28354
"273",2003-09-16 00:07:05.075933,654755,7786475,47.3140495867769,12.6280991735537,38.7603305785124,6.79338842975207,28354
"274",2003-09-24 00:17:45.505375,654755,7786475,45.7190082644628,14.2066115702479,38.8760330578512,6.85123966942149,28354
"275",2003-10-10 00:17:36.445755,654755,7786475,47.396694214876,14.2809917355372,37.0082644628099,6.86776859504132,28354
"276",2003-10-18 00:07:30.171948,654755,7786475,43.396694214876,11.6859504132231,43.5206611570248,6.96694214876033,28354
"277",2003-10-26 00:17:56.479018,654755,7786475,46.2396694214876,12.8842975206612,39.3223140495868,6.96694214876033,28354
"278",2003-11-03 00:07:35.341055,654755,7786475,44.7107438016529,8.59504132231405,45.2314049586777,6.33884297520661,28354
"279",2003-11-11 00:18:04.704088,654805,7786515,33,7,59,5,28354
"280",2003-11-19 00:07:56.030951,654755,7786475,42.2644628099174,9.43801652892562,46.8677685950413,6.99173553719008,28354
"281",2003-11-27 00:18:14.492626,654755,7786475,44.5123966942149,11.1074380165289,42.8347107438017,7.04132231404959,28354
"282",2003-12-21 00:08:13.48235,654755,7786475,38.3057851239669,18.2479338842975,41.9090909090909,7.56198347107438,28354
"283",2004-01-06 00:08:19.723613,654755,7786475,36.4297520661157,23.3057851239669,39.0495867768595,7.30578512396694,28354
"284",2004-02-07 00:08:27.432636,654755,7786475,28.9752066115702,35.0082644628099,34.8512396694215,8.04132231404959,28354
"285",2004-02-15 00:18:41.009743,654755,7786475,19.404958677686,43.1239669421488,36.1239669421488,10.0661157024793,28354
"286",2004-02-23 00:08:32.482372,654755,7786475,33.396694214876,43.3471074380165,21.9586776859504,7.51239669421488,28354
"287",2004-03-02 00:18:43.299698,654755,7786475,23.3223140495868,44.4545454545455,30.7768595041322,9.72727272727273,28354
"288",2004-03-10 00:08:37.69276,654755,7786475,23.801652892562,41.198347107438,33.801652892562,9.53719008264463,28354
"289",2004-03-18 00:18:50.079394,654755,7786475,26.3801652892562,34,38.6198347107438,7.90082644628099,28354
"290",2004-03-26 00:08:39.943916,654755,7786475,20.6694214876033,37.3801652892562,40.5702479338843,9.81818181818182,28354
"291",2004-04-03 00:18:49.701147,654755,7786475,28.0082644628099,33.6611570247934,36.8842975206612,8.69421487603306,28354
"292",2004-04-11 00:09:07.486123,654755,7786475,30.5619834710744,28.5454545454545,39.6776859504132,8.1900826446281,28354
"293",2004-04-19 00:18:41.540249,654755,7786475,28.2066115702479,27.1652892561983,43.3305785123967,8.31404958677686,28354
"294",2004-04-27 00:09:34.615802,654755,7786475,27.0247933884298,27.6694214876033,44.0826446280992,8.11570247933884,28354
"295",2004-05-05 00:18:44.799741,654755,7786475,26.6859504132231,25.5123966942149,46.3140495867769,8.72727272727273,28354
"296",2004-05-13 00:10:03.003768,654755,7786475,29.7438016528926,25.3553719008264,43.5785123966942,8.20661157024793,28354
"297",2004-06-06 00:18:40.028906,654749,7786433,28.36,25,45.16,8.4,28354
"298",2004-06-14 00:10:58.353613,654755,7786475,31.0082644628099,24,43.6280991735537,7.31404958677686,28354
"299",2004-06-22 00:18:35.332235,654755,7786475,31.0082644628099,22.2314049586777,45.1735537190083,8.03305785123967,28354
"300",2004-06-30 00:11:27.667234,654755,7786475,30.5785123966942,22.9504132231405,44.8512396694215,7.76859504132231,28354
"301",2004-07-08 00:18:33.93935,654755,7786475,32.0495867768595,21.900826446281,44.7107438016529,7.79338842975207,28354
"302",2004-07-16 00:11:54.2359,654755,7786475,28.2148760330579,20.0826446280992,50.3388429752066,7.71900826446281,28354
"303",2004-08-01 00:12:14.741675,654755,7786475,33.1735537190083,18.5123966942149,46.8264462809917,7.25619834710744,28354
"304",2004-08-09 00:18:22.300187,654755,7786475,35.0247933884297,17.0578512396694,46.4545454545455,7.23140495867769,28354
"305",2004-08-17 00:12:37.221826,654755,7786475,28.8595041322314,15.2809917355372,54.3553719008264,7.70247933884298,28354
"306",2004-08-25 00:18:20.546821,654755,7786475,32.0661157024793,14.2809917355372,52.2644628099174,6.96694214876033,28354
"307",2004-09-02 00:13:02.685264,654755,7786475,36.8677685950413,14.5123966942149,47.0578512396694,6.94214876033058,28354
"308",2004-09-10 00:18:14.476016,654755,7786475,36.4710743801653,15.7107438016529,46.3471074380165,7.01652892561984,28354
"309",2004-09-18 00:13:28.157354,654755,7786475,37.1074380165289,13.1404958677686,48.4049586776859,6.94214876033058,28354
"310",2004-09-26 00:18:10.098414,654755,7786475,36.4710743801653,13.1239669421488,49.0909090909091,6.82644628099174,28354
"311",2004-10-04 00:13:49.27963,654755,7786475,35.3057851239669,12.3801652892562,51.1570247933884,6.74380165289256,28354
"312",2004-10-12 00:18:06.737499,654755,7786475,35.8760330578512,13.4297520661157,49.1570247933884,6.67768595041322,28354
"313",2004-10-20 00:14:10.362317,654755,7786475,42.1157024793388,9.58677685950413,46.9834710743802,6.73553719008264,28354
"314",2004-10-28 00:18:22.776728,654755.840336134,7786475.75630252,32.7394957983193,12.7647058823529,53.0420168067227,7.17647058823529,28354
"315",2004-11-13 00:18:30.290255,654755,7786475,35.2727272727273,15.495867768595,47.9173553719008,7.04132231404959,28354
"316",2004-11-29 00:18:39.807679,654755,7786460,36.5340909090909,13.7159090909091,48.1136363636364,7.03409090909091,28354
"317",2004-12-15 00:18:45.644086,654755,7786475,36.0082644628099,18.6942148760331,43.8760330578512,7.28925619834711,28354
"318",2004-12-23 00:15:22.902064,654755,7786475,29.3636363636364,24.9669421487603,44.4710743801653,7.56198347107438,28354
"319",2004-12-31 00:18:54.740963,654755,7786475,23.0082644628099,28.603305785124,47.1487603305785,8.75206611570248,28354
"320",2005-01-16 00:18:58.298124,654755,7786475,23.3884297520661,35.4214876033058,39.9421487603306,9.28099173553719,28354
"321",2005-01-24 00:15:48.177792,654755,7786475,16.1570247933884,33.8512396694215,48.2066115702479,6.89256198347107,28354
"322",2005-02-01 00:19:01.914708,654757.380952381,7786500.71428571,20.8095238095238,36.8571428571429,41.1428571428571,9.42857142857143,28354
"323",2005-02-17 00:19:11.161817,654755,7786475,23.404958677686,32.5454545454545,42.8264462809917,9.26446280991735,28354
"324",2005-02-25 00:16:17.776406,654755,7786475,23.7107438016529,33.3884297520661,41.603305785124,8.79338842975207,28354
"325",2005-03-13 00:16:30.12426,654755,7786475,28.3636363636364,26.1239669421488,44.198347107438,8.26446280991735,28354
"326",2005-03-21 00:19:15.86308,654755,7786475,25.7685950413223,28.2066115702479,44.6280991735537,8.60330578512397,28354
"327",2005-03-29 00:16:37.411269,654755,7786475,26.5619834710744,25.4380165289256,46.4545454545455,8.26446280991735,28354
"328",2005-04-06 00:19:11.973407,654755,7786475,29.2809917355372,24.0495867768595,45.1487603305785,8.1900826446281,28354
"329",2005-04-14 00:16:40.771472,654755,7786475,30.5537190082645,24.1487603305785,44.0826446280992,8.01652892561983,28354
"330",2005-04-22 00:19:06.212018,654755,7786475,30.099173553719,23.5619834710744,44.801652892562,8.1900826446281,28354
"331",2005-04-30 00:16:45.959488,654755,7786475,28.4462809917355,24.2396694214876,46.0082644628099,7.89256198347107,28354
"332",2005-05-08 00:19:10.7657,654751.146788991,7786470.59633027,37.0275229357798,24.4954128440367,36.9816513761468,7.36697247706422,28354
"333",2005-05-16 00:16:52.053578,654755,7786475,31.3719008264463,25.495867768595,41.6446280991736,8.03305785123967,28354
"334",2005-05-24 00:19:09.67841,654755,7786475,31,24.9421487603306,42.6776859504132,8.1900826446281,28354
"335",2005-06-01 00:17:00.902017,654755,7786475,32.9090909090909,24.1487603305785,41.495867768595,7.91735537190083,28354
"336",2005-06-09 00:19:03.842363,654755,7786475,31.9256198347107,23.0082644628099,43.6942148760331,7.74380165289256,28354
"337",2005-06-17 00:17:07.969595,654755,7786475,32.0743801652893,21.9752066115702,44.5702479338843,7.71900826446281,28354
"338",2005-06-25 00:18:58.663242,654755,7786475,31.4545454545455,20.5206611570248,46.4876033057851,8.09090909090909,28354
"339",2005-07-03 00:17:11.541617,654755,7786475,31,16.0330578512397,51.5950413223141,8.30578512396694,28354
"340",2005-07-11 00:18:59.574548,654755,7786475,36.8842975206612,21.0578512396694,40.7190082644628,7.76859504132231,28354
"341",2005-07-19 00:17:21.733545,654755,7786475,34.4462809917355,17.3553719008264,46.8677685950413,7.41322314049587,28354
"342",2005-07-27 00:18:58.714832,654764.333333333,7786507,36.6666666666667,19.5333333333333,42.2,7.53333333333333,28354
"343",2005-08-04 00:17:31.151331,654717,7786509,25.2,13.6,59.6,7.2,28354
"344",2005-08-12 00:18:54.956234,654755,7786475,35.0247933884297,20.4380165289256,43.3223140495868,8.11570247933884,28354
"345",2005-08-20 00:17:37.526897,654755,7786475,39.5867768595041,15.9090909090909,43.2231404958678,7.96694214876033,28354
"346",2005-08-28 00:18:48.296998,654756.052631579,7786480.36842105,37.5263157894737,13.6421052631579,47.5789473684211,16.3368421052632,28354
"347",2005-09-05 00:17:41.398927,654755,7786475,40.8264462809917,14.9338842975207,42.900826446281,7.57851239669422,28354
"348",2005-09-21 00:17:41.628472,654755,7786475,41.0578512396694,12.6776859504132,44.9421487603306,7.55371900826446,28354
"349",2005-09-29 00:18:38.336806,654755,7786500,39.7272727272727,12.9090909090909,46.0454545454545,7.18181818181818,28354
"350",2005-10-15 00:18:41.123093,654755,7786475,40.3305785123967,13.1818181818182,44.9421487603306,7.04132231404959,28354
"351",2005-10-23 00:17:36.783611,654755,7786475,43.4876033057851,10.5702479338843,44.4297520661157,7.31404958677686,28354
"352",2005-10-31 00:18:54.13552,654755,7786475,38.6611570247934,10.9338842975207,49.2066115702479,7.33884297520661,28354
"353",2005-11-08 00:17:46.63068,654755,7786475,33.801652892562,12.603305785124,52.1735537190083,7.77685950413223,28354
"354",2005-11-16 00:19:03.693613,654755,7786475,37.1818181818182,13.8760330578512,47.504132231405,7.53719008264463,28354
"355",2005-12-18 00:19:11.36824,654771.385542169,7786471.74698795,38.7590361445783,15.6144578313253,44.421686746988,7.86746987951807,28354
"356",2006-01-03 00:19:20.15688,654755,7786475,38.7933884297521,19.2644628099174,40.2809917355372,7.41322314049587,28354
"357",2006-01-19 00:19:28.827086,654755,7786475,36.9504132231405,20.6942148760331,40.7768595041322,6.74380165289256,28354
"358",2006-02-04 00:19:34.918066,654805,7786500,41,22,36,12,28354
"359",2006-02-12 00:20:01.887536,654755,7786475,25.8264462809917,32.4462809917355,40.5537190082645,8.81818181818182,28354
"360",2006-02-20 00:19:38.650134,654755,7786515,30.9090909090909,34.6363636363636,33.0909090909091,8.36363636363636,28354
"361",2006-02-28 00:20:22.443373,654755,7786475,32.5206611570248,30.5454545454545,35.6363636363636,8.33884297520661,28354
"362",2006-03-08 00:19:40.084059,654755,7786475,9.52066115702479,31.6198347107438,57.5454545454545,12.504132231405,28354
"363",2006-03-24 00:19:39.464612,654755,7786475,29.3801652892562,35.8512396694215,33.5785123966942,7.55371900826446,28354
"364",2006-04-17 00:21:16.815934,654755,7786475,24.1900826446281,36.4545454545455,37.9917355371901,9.54545454545454,28354
"365",2006-04-25 00:19:35.305972,654755,7786475,29.8512396694215,38.1404958677686,30.6942148760331,9.11570247933884,28354
"366",2006-05-03 00:21:31.516004,654755,7786475,28.6446280991736,37.4545454545455,32.6942148760331,9.20661157024793,28354
"367",2006-05-11 00:19:38.109,654750.8,7786466.6,25.26,38.13,35.23,9.72,28354
"368",2006-05-19 00:21:43.570375,654755,7786475,23.0330578512397,36.5537190082645,39.1239669421488,9.79338842975207,28354
"369",2006-05-27 00:19:37.832394,654755,7786475,24.3553719008264,37.0661157024793,37.2892561983471,9.81818181818182,28354
"370",2006-06-04 00:21:58.532662,654755,7786475,26.7933884297521,33.3801652892562,38.5123966942149,9.64462809917355,28354
"371",2006-06-12 00:19:34.895806,654755,7786475,25.9586776859504,34.8842975206612,37.8181818181818,9.49586776859504,28354
"372",2006-06-20 00:22:13.530938,654755,7786475,25.2644628099174,32.495867768595,40.9586776859504,9.4297520661157,28354
"373",2006-06-28 00:19:29.537307,654755.840336134,7786475.75630252,25.7310924369748,32.7563025210084,40.2857142857143,9.39495798319328,28354
"374",2006-07-06 00:22:28.120926,654755,7786475,28.6859504132231,29.0743801652893,40.8099173553719,9.16528925619835,28354
"375",2006-07-22 00:22:40.915782,654755,7786475,26.1074380165289,28.4214876033058,44.2231404958678,9.13223140495868,28354
"376",2006-08-07 00:22:53.267035,654755,7786475,31.1735537190083,26,41.5785123966942,8.91735537190083,28354
"377",2006-08-15 00:19:14.358837,654755,7786475,29.5454545454545,26.3884297520661,42.5123966942149,8.96694214876033,28354
"378",2006-08-23 00:23:05.215847,654755,7786475,32.6280991735537,22.1404958677686,43.8677685950413,8.4297520661157,28354
"379",2006-08-31 00:19:11.311157,654755,7786475,30.3884297520661,21.7520661157025,46.7603305785124,8.45454545454546,28354
"380",2006-09-08 00:23:17.268159,654755,7786475,34.7355371900826,19.2148760330579,44.7851239669422,7.94214876033058,28354
"381",2006-09-16 00:19:06.084144,654755,7786475,31.8842975206612,19.6198347107438,47.3553719008264,7.96694214876033,28354
"382",2006-09-24 00:23:28.777436,654755,7786475,33.0826446280992,17.6694214876033,47.9256198347107,7.81818181818182,28354
"383",2006-10-02 00:18:58.70418,654755,7786475,33.603305785124,18.1900826446281,46.8264462809917,7.70247933884298,28354
"384",2006-10-10 00:23:39.385572,654755,7786475,34.8347107438017,16.2314049586777,47.6446280991736,7.57851239669422,28354
"385",2006-10-18 00:19:05.51689,654755,7786475,32.0661157024793,18.5289256198347,48.0082644628099,7.52892561983471,28354
"386",2006-10-26 00:23:48.837123,654755,7786475,33.9504132231405,15.6198347107438,49.0330578512397,7.48760330578512,28354
"387",2006-11-11 00:23:57.683258,654755,7786475,33.297520661157,19.3305785123967,45.9834710743802,7.69421487603306,28354
"388",2006-11-19 00:19:32.44949,654755.840336134,7786475.75630252,35.0504201680672,22.3781512605042,40.9915966386555,7.6218487394958,28354
"389",2006-11-27 00:24:05.670653,654755,7786475,36.4049586776859,18.8429752066116,43.3057851239669,7.57851239669422,28354
"390",2006-12-13 00:24:13.581211,654755,7786475,31.5123966942149,24.2148760330579,42.9256198347107,8.16528925619835,28354
"391",2006-12-21 00:19:45.672081,654755,7786475,30.0743801652893,25.4628099173554,43,8.28925619834711,28354
"392",2006-12-29 00:24:20.710675,654755,7786475,31.3801652892562,23.9090909090909,43.3223140495868,7.52892561983471,28354
"393",2007-01-06 00:19:47.172969,654735,7786430,27.4285714285714,17.8571428571429,53.7142857142857,7,28354
"394",2007-01-14 00:24:27.218346,654755,7786475,27.6942148760331,29.0330578512397,42.0330578512397,8.4297520661157,28354
"395",2007-01-30 00:24:31.424934,654755,7786475,22.6280991735537,37.9338842975207,38.1735537190083,9.6198347107438,28354
"396",2007-02-15 00:24:32.963995,654755,7786475,25.595041322314,40.801652892562,32.2314049586777,8.3801652892562,28354
"397",2007-03-03 00:24:32.006929,654755.840336134,7786475.75630252,20.7731092436975,31.8151260504202,45.9663865546218,6.83193277310924,28354
"398",2007-03-19 00:24:29.469985,654755,7786475,23.3884297520661,37.7107438016529,37.801652892562,9.5702479338843,28354
"399",2007-03-27 00:20:06.265246,654805,7786515,25,31,43,9,28354
"400",2007-04-04 00:24:25.607009,654755,7786475,24.1239669421488,30.3223140495868,44.2727272727273,9.25619834710744,28354
"401",2007-04-12 00:20:05.189573,654755,7786475,24.2479338842975,24.9586776859504,49.6694214876033,11.6280991735537,28354
"402",2007-04-20 00:24:19.948795,654755,7786475,25.8760330578512,25.9421487603306,46.8842975206612,8.89256198347107,28354
"403",2007-04-28 00:20:02.127039,654759.827586207,7786489.13793103,24.9310344827586,24.5862068965517,49.0689655172414,8.72413793103448,28354
"404",2007-05-06 00:24:11.836748,654755,7786475,26.0413223140496,24.7685950413223,47.7768595041322,8.71900826446281,28354
"405",2007-05-14 00:19:56.699501,654755,7786475,28.2727272727273,22.4132231404959,47.9173553719008,8.74380165289256,28354
"406",2007-05-22 00:24:00.659734,654755,7786475,26.0413223140496,22.0413223140496,50.4049586776859,8.71900826446281,28354
"407",2007-05-30 00:19:49.172536,654750.8,7786466.6,25.93,24.42,48.42,8.57,28354
"408",2007-06-15 00:19:49.894135,654755,7786475,21.1570247933884,19.3719008264463,58.0578512396694,11.5867768595041,28354
"409",2007-07-01 00:19:48.602963,654755,7786475,26.5454545454545,23.7272727272727,48.5289256198347,9.6198347107438,28354
"410",2007-07-09 00:23:16.657732,654755,7786475,33.1487603305785,18.900826446281,46.801652892562,9.36363636363636,28354
"411",2007-08-02 00:19:41.197282,654755,7786475,29.3884297520661,20.4380165289256,48.9752066115703,9.09090909090909,28354
"412",2007-08-10 00:22:59.821175,654755,7786475,33.4793388429752,20.5206611570248,44.5702479338843,8.94214876033058,28354
"413",2007-08-26 00:22:49.486634,654755,7786475,32.7190082644628,18.8347107438017,46.9669421487603,8.79338842975207,28354
"414",2007-09-11 00:22:42.163736,654755,7786475,32.702479338843,16.7438016528926,49.0413223140496,8.65289256198347,28354
"415",2007-09-19 00:19:21.917532,654755,7786475,32.6776859504132,16.5206611570248,49.5289256198347,8.55371900826446,28354
"416",2007-09-27 00:22:33.75364,654755,7786475,30.8429752066116,11.8512396694215,55.7190082644628,8,28354
"417",2007-10-05 00:19:12.631012,654755,7786475,32.5537190082645,15.099173553719,51.0743801652893,8.04132231404959,28354
"418",2007-10-21 00:19:25.426939,654755,7786475,32.2231404958678,14.0165289256198,52.6115702479339,8,28354
"419",2007-11-06 00:19:36.043254,654762.777777778,7786503.33333333,31.4444444444444,14.2777777777778,53.1666666666667,8,28354
"420",2007-11-22 00:19:44.464379,654760,7786515,32.3,17.9,48.5,8.3,28354
"421",2007-12-08 00:19:50.493244,654755,7786475,27.7933884297521,15.3801652892562,55.4793388429752,8.41322314049587,28354
"422",2007-12-24 00:19:54.113538,654752.115384615,7786444.42307692,27.6538461538462,25.9423076923077,44.9423076923077,8.71153846153846,28354
"423",2008-01-25 00:19:54.692888,654755,7786475,28.2479338842975,32.1157024793388,38.2231404958678,9.06611570247934,28354
"424",2008-02-02 00:20:23.00281,654755,7786475,25.1404958677686,32.1818181818182,41.3140495867769,9.1900826446281,28354
"425",2008-02-18 00:20:06.361619,654744.333333333,7786497.66666667,19.6,36,43.2,11.5333333333333,28354
"426",2008-03-05 00:19:48.053777,654755,7786475,22.4462809917355,38.6115702479339,37.6694214876033,8.94214876033058,28354
"427",2008-03-13 00:19:41.913803,654755,7786475,23.2066115702479,36.0413223140496,39.5206611570248,9.36363636363636,28354
"428",2008-03-21 00:19:28.362999,654755,7786475,22.297520661157,34.7272727272727,41.6776859504132,9.14049586776859,28354
"429",2008-04-06 00:19:07.075778,654755,7786475,24.2479338842975,33.4545454545455,40.9256198347107,8.60330578512397,28354
"430",2008-04-14 00:19:41.791996,654755,7786475,27.1735537190083,28.8512396694215,42.5867768595041,8.62809917355372,28354
"431",2008-04-22 00:18:43.451837,654755,7786475,24.5867768595041,25.8925619834711,48.1322314049587,8.3801652892562,28354
"432",2008-04-30 00:19:38.605209,654755,7786500,29.0454545454545,26.0909090909091,43.4545454545455,8.18181818181818,28354
"433",2008-05-08 00:18:16.751647,654755,7786475,24.6776859504132,25.5454545454545,48.6280991735537,8.40495867768595,28354
"434",2008-05-16 00:19:33.379848,654755,7786515,28.3636363636364,24.8181818181818,45.0909090909091,8.36363636363636,28354
"435",2008-06-17 00:19:17.359911,654755,7786475,27.6611570247934,25.6446280991736,45.4049586776859,8.59504132231405,28354
"436",2008-07-03 00:19:06.863723,654755,7786475,29.5702479338843,24.4462809917355,44.4462809917355,8.20661157024793,28354
"437",2008-07-19 00:18:54.982292,654755,7786475,28.5537190082645,22.3223140495868,47.5454545454545,8.20661157024793,28354
"438",2008-08-04 00:18:47.983892,654755,7786475,30.4380165289256,19.4297520661157,48.7355371900826,8.20661157024793,28354
"439",2008-08-20 00:18:41.644785,654755,7786475,33.396694214876,17.603305785124,47.8264462809917,7.94214876033058,28354
"440",2008-08-28 00:15:09.612663,654755,7786475,36.5619834710744,15.5702479338843,46.2231404958678,7.70247933884298,28354
"441",2008-09-05 00:18:34.085394,654750,7786430,36,17.7,45.2,7.7,28354
"442",2008-09-13 00:14:41.752978,654755,7786475,36.2396694214876,16.198347107438,46.396694214876,7.35537190082645,28354
"443",2008-09-21 00:18:25.239801,654755,7786475,33.5537190082645,14.5454545454545,50.6280991735537,7.72727272727273,28354
"444",2008-09-29 00:14:11.703278,654755,7786475,39.1074380165289,13.1735537190083,46.3553719008264,7.6198347107438,28354
"445",2008-10-07 00:18:14.962779,654753.728813559,7786473.98305085,30.2542372881356,14.4237288135593,54.1779661016949,7.56779661016949,28354
"446",2008-10-23 00:18:22.462647,654755,7786475,34.4710743801653,15.2479338842975,48.9586776859504,7.57851239669422,28354
"447",2008-10-31 00:13:07.174385,654755,7786475,39.9917355371901,15.3719008264463,43.1735537190083,7.48760330578512,28354
"448",2008-11-16 00:12:52.041641,654755,7786475,36.6942148760331,15.3636363636364,46.5289256198347,7.91735537190083,28354
"449",2008-11-24 00:18:50.035527,654755,7786475,34.1818181818182,17.7851239669421,46.5206611570248,8.11570247933884,28354
"450",2008-12-02 00:13:23.715308,654755,7786475,38.099173553719,21.4380165289256,39.0330578512397,8.31404958677686,28354
"451",2008-12-10 00:19:00.599055,654755,7786475,31.3471074380165,25.8099173553719,41.5950413223141,8.1900826446281,28354
"452",2008-12-18 00:13:52.780588,654755,7786475,34.4297520661157,26.4876033057851,37.7107438016529,8.31404958677686,28354
"453",2008-12-26 00:19:09.099762,654755,7786475,33.0826446280992,26.7685950413223,38.6115702479339,8.04132231404959,28354
"454",2009-01-19 00:14:44.012855,654755,7786475,24.4297520661157,34.5950413223141,39.9090909090909,9.52892561983471,28354
"455",2009-02-20 00:15:33.598457,654755,7786475,22.2066115702479,37.7272727272727,38.8677685950413,10.1652892561983,28354
"456",2009-02-28 00:19:35.849472,654755,7786475,16.2066115702479,43.1074380165289,39.5950413223141,11.099173553719,28354
"457",2009-03-08 00:15:56.635033,654755,7786475,20.7520661157025,43.702479338843,34.3305785123967,10.2396694214876,28354
"458",2009-03-16 00:19:43.726293,654752.115384615,7786444.42307692,14.9230769230769,43.4807692307692,40.1923076923077,11.0961538461538,28354
"459",2009-03-24 00:16:18.382257,654755,7786475,18.2314049586777,45.0082644628099,35.4462809917355,10.5785123966942,28354
"460",2009-04-01 00:19:50.210084,654755,7786475,17.8347107438017,42.7355371900826,38.2809917355372,10.6280991735537,28354
"461",2009-04-09 00:16:38.610644,654755,7786475,16.3140495867769,43.2809917355372,39.1652892561983,10.3801652892562,28354
"462",2009-04-25 00:16:56.532964,654755,7786475,17.2561983471074,39.6611570247934,41.8677685950413,10.3223140495868,28354
"463",2009-05-03 00:19:58.675667,654755,7786475,22.2727272727273,36,40.3140495867769,9.80165289256198,28354
"464",2009-05-11 00:17:14.767253,654755,7786475,17.7190082644628,28.6280991735537,52.4793388429752,17.1157024793388,28354
"465",2009-05-19 00:20:00.546341,654755,7786475,17.7190082644628,40.5206611570248,40.495867768595,9.87603305785124,28354
"466",2009-05-27 00:17:31.990777,654755,7786475,22.0247933884298,29.6942148760331,46.8677685950413,8.66942148760331,28354
"467",2009-06-04 00:20:00.579705,654755,7786475,16.603305785124,35.9090909090909,46.3388429752066,10.7933884297521,28354
"468",2009-06-12 00:17:49.314884,654755,7786475,20,32.4214876033058,46.2314049586777,10.2231404958678,28354
"469",2009-06-20 00:19:59.005955,654755,7786475,19.603305785124,31.9834710743802,47.2148760330578,10.7107438016529,28354
"470",2009-07-06 00:19:55.978095,654755,7786475,20.2231404958678,32.5619834710744,46.1239669421488,10.1322314049587,28354
"471",2009-07-14 00:18:23.856719,654755,7786475,23.9669421487603,28.6859504132231,46.1735537190083,9.74380165289256,28354
"472",2009-07-22 00:19:51.598635,654755,7786475,21.7272727272727,28.9256198347107,47.9256198347107,9.74380165289256,28354
"473",2009-07-30 00:18:38.82228,654755,7786475,24.900826446281,25.8925619834711,48.0578512396694,9.20661157024793,28354
"474",2009-08-07 00:19:45.927279,654755,7786475,23.3884297520661,26.2809917355372,49.0330578512397,9.18181818181818,28354
"475",2009-08-15 00:18:52.675578,654755,7786475,25.7851239669421,22.2231404958678,50.8512396694215,8.87603305785124,28354
"476",2009-08-23 00:19:44.497734,654755,7786475,25.1735537190083,22.7851239669421,50.6694214876033,8.72727272727273,28354
"477",2009-08-31 00:19:07.100409,654755,7786475,26.495867768595,22.5537190082645,49.6528925619835,8.40495867768595,28354
"478",2009-09-08 00:19:44.150558,654755,7786445,26.7818181818182,25.3454545454545,46.8363636363636,8.72727272727273,28354
"479",2009-09-16 00:19:19.931604,654755,7786475,26.2314049586777,21.495867768595,51.0082644628099,8.47933884297521,28354
"480",2009-09-24 00:19:42.462806,654755,7786475,29.6776859504132,22.7107438016529,46.3636363636364,8.04132231404959,28354
"481",2009-10-02 00:19:31.549023,654755,7786475,26.3140495867769,20.9090909090909,51.3636363636364,8.04132231404959,28354
"482",2009-10-10 00:19:36.676753,654755,7786430,25.1818181818182,21.2727272727273,52,8.18181818181818,28354
"483",2009-10-18 00:19:41.707094,654755,7786475,27.900826446281,18.4628099173554,52.3801652892562,8.04132231404959,28354
"484",2009-10-26 00:19:53.243711,654755,7786475,29.0909090909091,20.7603305785124,48.9338842975207,7.99173553719008,28354
"485",2009-11-03 00:19:50.417267,654755,7786475,28.6363636363636,17.595041322314,52.3471074380165,7.81818181818182,28354
"486",2009-11-11 00:20:07.446752,654752.115384615,7786444.42307692,26.3076923076923,20.6730769230769,51.6923076923077,8.09615384615385,28354
"487",2009-11-19 00:19:57.055754,654755,7786475,25.1652892561983,18.5537190082645,54.8512396694215,8.04132231404959,28354
"488",2009-11-27 00:20:19.279927,654755,7786475,23.5289256198347,19.1818181818182,56.0909090909091,8.19834710743802,28354
"489",2009-12-05 00:20:05.791542,654755,7786475,27.0578512396694,18.5619834710744,53.1157024793388,7.91735537190083,28354
"490",2009-12-13 00:20:30.953055,654755,7786475,28.7933884297521,18.2644628099174,51.5950413223141,7.85123966942149,28354
"491",2010-01-14 00:21:03.954628,654755,7786475,26.6363636363636,29.4793388429752,42.7851239669422,9.04132231404959,28354
"492",2010-01-22 00:20:23.26742,654766.447368421,7786474.60526316,30.7631578947368,27.6315789473684,40.7105263157895,7.14473684210526,28354
"493",2010-02-07 00:20:27.283041,654755,7786475,28.2727272727273,34.7272727272727,35.5123966942149,9.16528925619835,28354
"494",2010-02-15 00:21:28.711826,654755,7786475,12.7685950413223,37.2314049586777,48.6115702479339,15.6942148760331,28354
"495",2010-02-23 00:20:30.0038,654755,7786475,26.404958677686,45.9090909090909,26.4380165289256,8.91735537190083,28354
"496",2010-03-19 00:21:43.219837,654755,7786475,18.6280991735537,42.9834710743802,37.1239669421488,10.4214876033058,28354
"497",2010-04-12 00:20:28.31543,654755,7786475,18.5867768595041,41.6446280991736,38.5206611570248,10.0330578512397,28354
"498",2010-04-20 00:21:46.712453,654755,7786475,15.3305785123967,41.6859504132231,41.8099173553719,10.7933884297521,28354
"499",2010-05-06 00:21:44.139548,654755,7786475,19.0330578512397,35.9917355371901,43.5289256198347,10.0330578512397,28354
"500",2010-05-14 00:20:21.276676,654755,7786475,34.4710743801653,28.3388429752066,35.702479338843,7.99173553719008,28354
"501",2010-05-22 00:21:40.58895,654755,7786475,18.8181818181818,34.9338842975207,45.1322314049587,10.0578512396694,28354
"502",2010-05-30 00:20:16.851053,654755,7786475,23.0495867768595,29.5867768595041,46.1735537190083,10.5206611570248,28354
"503",2010-06-07 00:21:42.296393,654755,7786475,20.2892561983471,31.7603305785124,46.8264462809917,10.5289256198347,28354
"504",2010-06-15 00:20:12.790919,654755,7786475,22.4462809917355,28.0247933884298,48.0826446280992,10.1818181818182,28354
"505",2010-06-23 00:21:44.070714,654755,7786475,21.6446280991736,30.3388429752066,46.8595041322314,10.0165289256198,28354
"506",2010-07-17 00:20:04.439132,654755,7786475,25.9669421487603,23.8264462809917,49.1074380165289,9.30578512396694,28354
"507",2010-08-26 00:21:49.702291,654757.61682243,7786480.88785047,28.981308411215,17.4859813084112,52.1495327102804,7.66355140186916,28354
"508",2010-09-11 00:21:51.415056,654755,7786475,26.8842975206612,17.8842975206612,53.9504132231405,8.45454545454546,28354
"509",2010-09-27 00:21:50.629253,654755,7786475,18.6859504132231,15,64.9421487603306,8.85123966942149,28354
"510",2010-10-05 00:19:37.393837,654755,7786475,25.1239669421488,19.2892561983471,54.3388429752066,8.79338842975207,28354
"511",2010-10-13 00:21:55.453697,654755,7786475,24.5371900826446,25.7272727272727,48.5206611570248,9.06611570247934,28354
"512",2010-10-29 00:22:04.390817,654755,7786475,25.7851239669421,25.4710743801653,47.6115702479339,9.11570247933884,28354
"513",2010-11-06 00:19:22.762939,654755,7786475,23.7107438016529,20.297520661157,54.5702479338843,9.06611570247934,28354
"514",2010-11-30 00:22:27.813612,654755,7786475,26.6694214876033,25.6859504132231,46.4710743801653,9.06611570247934,28354
"515",2010-12-16 00:22:35.693131,654755,7786430,24.2727272727273,29.6363636363636,44.8181818181818,9.45454545454546,28354
"516",2011-01-09 00:19:29.649358,654752.589285714,7786471.78571429,14.4196428571429,33.4196428571429,50.8214285714286,16.5089285714286,28354
"517",2011-02-02 00:22:57.786568,654755,7786475,15.5702479338843,44.0165289256198,39.3223140495868,10.4132231404959,28354
"518",2011-02-18 00:23:01.365024,654755,7786475,8.11570247933884,48.0743801652893,42.4628099173554,12.2314049586777,28354
"519",2011-03-06 00:23:06.831208,654785,7786430,5,39,55,17,28354
"520",2011-03-22 00:23:07.272207,654742.647058823,7786438.82352941,11.9411764705882,48.2647058823529,38.7058823529412,12.1176470588235,28354
"521",2011-04-23 00:23:10.11427,654755,7786475,11.4132231404959,44.8264462809917,42.7851239669422,11.5537190082645,28354
"522",2011-05-17 00:19:07.867623,654755,7786475,12.8842975206612,37.3801652892562,48.3636363636364,11.0413223140496,28354
"523",2011-05-25 00:23:09.274424,654755,7786475,13.3719008264463,38.0330578512397,47.1074380165289,10.9669421487603,28354
"524",2011-06-02 00:19:02.344091,654755,7786475,13.1074380165289,34.2892561983471,51.3140495867769,10.7768595041322,28354
"525",2011-06-18 00:18:53.408005,654755,7786475,12.4297520661157,33.1735537190083,53.1735537190083,11.1322314049587,28354
"526",2011-06-26 00:23:06.064085,654755,7786475,14.6694214876033,34.1404958677686,50.2148760330578,10.6776859504132,28354
"527",2011-07-04 00:18:47.150034,654755,7786475,12.7933884297521,31.7851239669421,54.4214876033058,11.1322314049587,28354
"528",2011-07-12 00:23:05.407604,654755,7786475,14.9917355371901,33.1404958677686,50.7685950413223,10.504132231405,28354
"529",2011-07-20 00:18:39.777405,654755,7786475,15.4628099173554,28.5371900826446,54.6363636363636,10.9421487603306,28354
"530",2011-07-28 00:23:02.918126,654755,7786475,16.1652892561983,28.1239669421488,54.7107438016529,10.5537190082645,28354
"531",2011-08-05 00:18:29.59227,654755,7786475,16.8512396694215,25.6859504132231,56.1900826446281,10.1652892561983,28354
"532",2011-08-13 00:22:58.560815,654755,7786475,16.5702479338843,26.0578512396694,56.1074380165289,10.2148760330579,28354
"533",2011-08-21 00:18:21.326751,654755,7786475,18.6694214876033,24.5867768595041,55.5702479338843,9.87603305785124,28354
"534",2011-08-29 00:22:56.573787,654755,7786475,16.1652892561983,25.5454545454545,57.0661157024793,9.4297520661157,28354
"535",2011-09-06 00:18:11.870383,654755,7786475,16.7603305785124,22.6859504132231,59.4049586776859,9.55371900826446,28354
"536",2011-09-22 00:17:57.925428,654755,7786475,17.2396694214876,20.6115702479339,60.8099173553719,9.82644628099174,28354
"537",2011-09-30 00:22:49.088948,654755,7786430,17.4545454545455,22.6363636363636,59.1818181818182,9.72727272727273,28354
"538",2011-11-01 00:22:55.498652,654755,7786475,15.7107438016529,27.0082644628099,55.9421487603306,9.62809917355372,28354
"539",2011-11-09 00:17:12.752415,654755,7786475,19.8760330578512,22.1487603305785,56.8595041322314,9.92561983471074,28354
"540",2011-12-03 00:23:18.761318,654755,7786475,16.9421487603306,25.1900826446281,56.6280991735537,9.85123966942149,28354
"541",2012-01-04 00:23:35.090735,654755,7786475,20.0495867768595,27.4214876033058,51.1157024793388,10.1157024793388,28354
"542",2012-02-05 00:23:39.163533,654755,7786475,18.2148760330579,33.3388429752066,47.297520661157,10.7768595041322,28354
"543",2012-04-09 00:23:37.25334,654755,7786475,15.5785123966942,39.5454545454545,43.8429752066116,10.8760330578512,28354
"544",2012-05-11 00:24:14.384312,654755,7786475,15.8429752066116,36.2809917355372,46.5950413223141,11.2148760330579,28354
"545",2012-05-27 00:24:06.623045,654755,7786500,16.9090909090909,35.7727272727273,46.0454545454545,11.5909090909091,28354
"546",2012-06-12 00:23:57.155986,654755,7786475,17.2066115702479,33.3057851239669,48.4380165289256,11.6280991735537,28354
"547",2012-06-28 00:24:05.062243,654753.275862069,7786482.93103448,10.1379310344828,23.6206896551724,64.9310344827586,15.7241379310345,28354
"548",2012-07-30 00:24:29.421808,654755,7786475,22.0082644628099,27.7851239669421,49.0661157024793,10.7272727272727,28354
"549",2012-08-15 00:24:42.119444,654755,7786475,21.9173553719008,26.6115702479339,50.2727272727273,10.4380165289256,28354
"550",2012-08-31 00:24:51.28604,654755,7786475,23.8677685950413,25.603305785124,49.3388429752066,9.87603305785124,28354
"551",2012-10-02 00:25:10.71402,654757.173913043,7786498.04347826,21.5217391304348,22.5652173913043,55,9.34782608695652,28354
"552",2012-10-18 00:25:19.988911,654755,7786475,24.3223140495868,22.1570247933884,52.3471074380165,9.57851239669422,28354
"553",2012-11-03 00:25:24.501489,654717.857142857,7786451.42857143,22.2142857142857,19.0714285714286,57.7142857142857,7.14285714285714,28354
"554",2012-11-19 00:25:32.612881,654755,7786475,23.2727272727273,23.099173553719,52.5289256198347,9.50413223140496,28354
"555",2012-12-05 00:25:32.202511,654755,7786475,22.2314049586777,22.297520661157,54.2727272727273,9.41322314049587,28354
"556",2013-01-06 00:25:43.979212,654755,7786515,25,25.1818181818182,48.2727272727273,9.18181818181818,28354
"557",2013-02-07 00:25:46.974788,654755,7786445,19.3636363636364,26.9454545454545,52.5818181818182,9.85454545454546,28354
"558",2013-02-23 00:25:43.693344,654755,7786475,20.6694214876033,31.3223140495868,47.0661157024793,9.83471074380165,28354
"559",2013-03-11 00:25:42.56791,654755,7786475,23.5206611570248,27.7603305785124,47.3801652892562,9.48760330578512,28354
"560",2013-03-19 00:31:44.172772,654755,7786475,27.2892561983471,26.8842975206612,44.396694214876,9.18181818181818,28354
"561",2013-03-27 00:25:36.304853,654755,7786475,24.8760330578512,25.7438016528926,48.2892561983471,9.52892561983471,28354
"562",2013-04-20 00:31:21.953433,654755,7786475,30.9173553719008,25.3801652892562,42.1900826446281,9.10743801652893,28354
"563",2013-04-28 00:25:28.792928,654790,7786515,21.5,24.75,52,9.75,28354
"564",2013-05-06 00:31:23.362486,654755,7786475,28.9752066115702,25.2644628099174,44.2479338842975,9.03305785123967,28354
"565",2013-05-22 00:31:36.163452,654755,7786475,27.8347107438017,24.7933884297521,45.9256198347107,8.96694214876033,28354
"566",2013-05-30 00:25:20.212206,654756.5625,7786485.9375,28.15625,23.71875,47.03125,9.0625,28354
"567",2013-06-07 00:31:36.127214,654755,7786475,31.3636363636364,24.1900826446281,42.8925619834711,8.89256198347107,28354
"568",2013-06-15 00:25:13.798098,654755,7786475,32.4297520661157,24.1735537190083,42.0826446280992,8.72727272727273,28354
"569",2013-06-23 00:31:29.131161,654755,7786475,30.2809917355372,23.8677685950413,44.2561983471074,9.00826446280992,28354
"570",2013-07-01 00:25:05.807299,654755,7786475,32.0661157024793,21.2148760330579,45.3801652892562,8.72727272727273,28354
"571",2013-07-09 00:31:33.458412,654755,7786475,32.2314049586777,22.6446280991736,43.702479338843,8.52892561983471,28354
"572",2013-07-25 00:31:32.45245,654755,7786475,34.6528925619835,20.2396694214876,43.495867768595,8.45454545454546,28354
"573",2013-08-02 00:24:49.277615,654755,7786475,34.8595041322314,17.8099173553719,45.9834710743802,8.28925619834711,28354
"574",2013-08-10 00:31:34.789727,654755,7786475,36.2148760330578,17.8181818181818,44.2727272727273,8.23140495867769,28354
"575",2013-08-26 00:31:36.977276,654755,7786475,35.7851239669422,17.0247933884298,45.7107438016529,7.96694214876033,28354
"576",2013-09-03 00:25:04.463038,654755,7786475,35.0578512396694,14.2148760330579,49.3636363636364,7.82644628099174,28354
"577",2013-09-19 00:25:14.950953,654755,7786475,36.2314049586777,14.6611570247934,47.7107438016529,7.85123966942149,28354
"578",2013-09-27 00:31:25.834308,654755,7786475,36.198347107438,15.6528925619835,46.6611570247934,7.75206611570248,28354
"579",2013-10-05 00:25:26.339478,654755,7786475,33.4214876033058,14.6198347107438,50.4214876033058,8.07438016528926,28354
"580",2013-10-21 00:25:37.087935,654755,7786475,36.6694214876033,14.3553719008264,47.7355371900826,7.75206611570248,28354
"581",2013-10-29 00:31:16.718896,654755,7786475,34.3884297520661,15.702479338843,48.3223140495868,7.60330578512397,28354
"582",2013-11-06 00:25:42.045006,654705,7786430,33,15,50,8,28354
"583",2013-11-30 00:31:11.328881,654755,7786475,34.900826446281,22.9752066115702,40.603305785124,7.04132231404959,28354
"584",2013-12-08 00:25:55.104305,654755,7786475,32.7603305785124,24.8677685950413,41.0495867768595,8.1900826446281,28354
"585",2013-12-16 00:31:05.722227,654755,7786475,35.0578512396694,24.8595041322314,38.4793388429752,8.23140495867769,28354
"586",2013-12-24 00:25:57.235563,654755,7786475,33.8099173553719,21.9586776859504,43.1322314049587,7.85123966942149,28354
"587",2014-01-01 00:30:57.895772,654755,7786475,32.6115702479339,26.1735537190083,39.7272727272727,8.20661157024793,28354
"588",2014-01-25 00:26:20.180274,654755,7786475,33.5619834710744,20.4876033057851,44.7768595041322,7.73553719008264,28354
"589",2014-02-10 00:26:25.086837,654755,7786475,32.8925619834711,27.099173553719,38.7933884297521,8.25619834710744,28354
"590",2014-02-18 00:30:23.448059,654755,7786475,33.3884297520661,29.5619834710744,35.6694214876033,8.43801652892562,28354
"591",2014-02-26 00:26:16.949989,654748.731343284,7786452.1641791,26.1044776119403,23.5223880597015,48.9402985074627,20.9850746268657,28354
"592",2014-03-14 00:26:24.867176,654755,7786475,32.8099173553719,28.8264462809917,37.1900826446281,8.55371900826446,28354
"593",2014-03-22 00:29:57.608705,654755,7786475,33.1900826446281,28.5289256198347,36.6694214876033,8.20661157024793,28354
"594",2014-03-30 00:26:31.86337,654755,7786475,28.9917355371901,27.3553719008264,42.5537190082645,8.66942148760331,28354
"595",2014-04-07 00:29:42.864432,654755,7786475,33.4876033057851,26.9669421487603,37.9338842975207,8.33057851239669,28354
"596",2014-04-15 00:26:38.205061,654755,7786475,32.6859504132231,25.0578512396694,40.8181818181818,8.25619834710744,28354
"597",2014-05-01 00:26:47.226286,654755,7786475,34.7603305785124,25.3801652892562,38.4876033057851,8.25619834710744,28354
"598",2014-05-09 00:29:10.817347,654755,7786475,35.8760330578512,25.2314049586777,37.3553719008264,8.18181818181818,28354
"599",2014-05-17 00:26:54.148044,654755,7786485,34.5454545454545,24.2727272727273,40.0606060606061,8.15151515151515,28354
"600",2014-05-25 00:29:04.83459,654755,7786475,37.4462809917355,24.900826446281,35.9834710743802,7.98347107438016,28354
"601",2014-06-02 00:26:57.657404,654755,7786475,36.3884297520661,24.6776859504132,37.5454545454545,7.89256198347107,28354
"602",2014-06-10 00:29:15.118911,654755,7786475,38.2231404958678,24.3553719008264,35.8760330578512,7.90909090909091,28354
"603",2014-06-18 00:26:57.684965,654755,7786475,38.900826446281,23.6694214876033,36.0826446280992,8.00826446280992,28354
"604",2014-06-26 00:29:16.71217,654755,7786475,41.3884297520661,23.404958677686,33.6115702479339,7.99173553719008,28354
"605",2014-07-04 00:27:04.986012,654755,7786475,37.2809917355372,21.801652892562,39.4793388429752,7.91735537190083,28354
"606",2014-07-12 00:29:25.815695,654755,7786475,43.5289256198347,21.5867768595041,33.3057851239669,7.6198347107438,28354
"607",2014-07-20 00:27:07.056876,654755,7786475,42.6611570247934,19.8677685950413,35.9669421487603,7.75206611570248,28354
"608",2014-07-28 00:29:29.214473,654755,7786475,41.6611570247934,21.2148760330579,35.4462809917355,7.71900826446281,28354
"609",2014-08-05 00:27:13.248836,654755,7786475,34.0247933884297,15.0247933884298,49.3719008264463,9.56198347107438,28354
"610",2014-08-13 00:29:37.421536,654755,7786475,42.4380165289256,18.3884297520661,37.504132231405,7.3801652892562,28354
"611",2014-08-21 00:27:12.062414,654755,7786475,43.1735537190083,15.8925619834711,39.702479338843,7.23140495867769,28354
"612",2014-08-29 00:29:38.447126,654755,7786475,44.5785123966942,17.4380165289256,36.4049586776859,7.33057851239669,28354
"613",2014-09-06 00:27:13.000162,654755,7786475,43.6776859504132,13.9421487603306,41.0578512396694,7.3801652892562,28354
"614",2014-09-14 00:29:42.760301,654755,7786475,43.3719008264463,15.4545454545455,39.5785123966942,7.25619834710744,28354
"615",2014-09-22 00:27:18.067367,654755,7786475,44.4297520661157,12.9504132231405,41.2892561983471,7.14876033057851,28354
"616",2014-09-30 00:29:42.876705,654755,7786475,43.2231404958678,14.7107438016529,40.504132231405,7.03305785123967,28354
"617",2014-10-08 00:27:30.387847,654755,7786475,45.3140495867769,11.8925619834711,41.3471074380165,6.97520661157025,28354
"618",2014-10-16 00:29:48.09604,654755,7786475,45.2644628099174,14.4793388429752,38.7438016528926,7.14876033057851,28354
"619",2014-10-24 00:27:39.461869,654755,7786475,46.3388429752066,12.4545454545455,39.8429752066116,7.0495867768595,28354
"620",2014-11-01 00:29:44.834134,654755,7786475,41.8429752066116,13.3884297520661,43.297520661157,7.50413223140496,28354
"621",2014-11-09 00:27:48.841942,654753.728813559,7786473.98305085,40.8305084745763,12.7542372881356,44.9830508474576,8.22033898305085,28354
"622",2014-11-17 00:29:46.148717,654755,7786475,42.4462809917355,12.5619834710744,43.1570247933884,7.26446280991736,28354
"623",2014-11-25 00:27:51.789701,654755,7786475,42.7603305785124,11.8181818181818,43.9752066115703,7.52892561983471,28354
"624",2014-12-03 00:29:45.110595,654719.210526316,7786482.10526316,36.8157894736842,7.68421052631579,54.1052631578947,6,28354
"625",2014-12-11 00:27:58.878945,654755,7786515,43.9090909090909,9.09090909090909,46,7,28354
"626",2014-12-19 00:29:41.624796,654755,7786475,37.0247933884297,14.8677685950413,46.5537190082645,8.06611570247934,28354
"627",2014-12-27 00:28:05.417501,654745.232558139,7786442.20930233,54.2558139534884,14.1162790697674,30,5.86046511627907,28354
"628",2015-01-04 00:29:36.513503,654758.853211009,7786470.59633027,37,14.0091743119266,47.5688073394495,8.84403669724771,28354
"629",2015-01-12 00:28:08.378366,654753.235294118,7786459.11764706,42,14.6,41.7764705882353,6.11764705882353,28354
"630",2015-01-20 00:29:33.184095,654755,7786475,39.8677685950413,24.0661157024793,34.5289256198347,7.82644628099174,28354
"631",2015-01-28 00:28:12.376735,654755,7786475,33.2892561983471,34.5702479338843,30.7933884297521,8.60330578512397,28354
"632",2015-02-05 00:29:29.756131,654755,7786475,32.6776859504132,36.2561983471074,29.3305785123967,8.60330578512397,28354
"633",2015-02-13 00:28:12.77908,654755,7786475,30.0826446280992,32.7107438016529,35.9173553719008,8.60330578512397,28354
"634",2015-02-21 00:29:22.821717,654755,7786475,32.5785123966942,30.1818181818182,35.5371900826446,8.03305785123967,28354
"635",2015-03-01 00:28:25.802185,654755,7786430,29.0909090909091,31.1818181818182,38.8181818181818,8.45454545454546,28354
"636",2015-03-17 00:28:32.905872,654755,7786475,36.9669421487603,27.1157024793388,34.6198347107438,7.77685950413223,28354
"637",2015-04-02 00:28:38.836197,654755,7786475,36.7355371900826,24.5289256198347,37.4710743801653,7.72727272727273,28354
"638",2015-04-10 00:28:56.364364,654755,7786475,35.8264462809917,24.5123966942149,38.1735537190083,7.6198347107438,28354
"639",2015-04-18 00:28:47.580657,654755,7786475,38.7355371900826,22.9917355371901,36.9586776859504,7.28099173553719,28354
"640",2015-04-26 00:28:52.724111,654755,7786475,40.7107438016529,23.2396694214876,34.5950413223141,7.4297520661157,28354
"641",2015-05-04 00:28:53.496329,654755,7786475,40.9338842975207,22.9338842975207,34.6859504132231,7.28925619834711,28354
"642",2015-05-12 00:28:36.748515,654755,7786475,42.2066115702479,22.8429752066116,33.3719008264463,7.33057851239669,28354
"643",2015-05-20 00:29:01.550331,654755,7786475,39.6280991735537,21.1900826446281,38.1074380165289,7.23140495867769,28354
"644",2015-05-28 00:28:38.398254,654755,7786475,39.7107438016529,23.198347107438,35.3801652892562,7.28099173553719,28354
"645",2015-06-05 00:29:07.375967,654755,7786475,42.4462809917355,22.3719008264463,33.7520661157025,7.13223140495868,28354
"646",2015-06-13 00:28:50.286326,654755,7786475,35.396694214876,25.5867768595041,37.6942148760331,7.66942148760331,28354
"647",2015-06-21 00:29:10.74952,654755,7786475,40.0743801652893,20.3471074380165,38.2809917355372,7.33057851239669,28354
"648",2015-06-29 00:28:56.483541,654755,7786475,38.8429752066116,22.6942148760331,36.6280991735537,7.19834710743802,28354
"649",2015-07-07 00:29:15.765407,654753.235294118,7786459.11764706,39.9647058823529,19.5058823529412,39.1529411764706,7.35294117647059,28354
"650",2015-07-15 00:29:06.877012,654755,7786475,43.4214876033058,21.4628099173554,33.4049586776859,7.16528925619835,28354
"651",2015-07-23 00:29:19.239543,654748.731343284,7786452.1641791,38.7014925373134,20,39.9701492537313,7.25373134328358,28354
"652",2015-07-31 00:29:11.168116,654755,7786475,43.9752066115703,20.4545454545455,33.8925619834711,6.84297520661157,28354
"653",2015-08-08 00:29:23.216621,654757.61682243,7786480.88785047,44.4672897196262,17.9252336448598,36.1308411214953,7,28354
"654",2015-08-16 00:29:17.165617,654755,7786475,43.7107438016529,18.297520661157,36.2727272727273,6.91735537190083,28354
"655",2015-08-24 00:29:24.999924,654755,7786475,40.2809917355372,16.4214876033058,41.7933884297521,6.91735537190083,28354
"656",2015-09-01 00:29:22.670657,654755,7786475,45.1322314049587,17.7520661157025,35.3305785123967,6.66942148760331,28354
"657",2015-09-09 00:29:27.626229,654755,7786475,46.2148760330578,16.6115702479339,35.8347107438017,6.72727272727273,28354
"658",2015-09-17 00:29:30.866791,654755,7786475,43.4462809917355,17.0909090909091,37.7355371900826,6.79338842975207,28354
"659",2015-09-25 00:29:32.101126,654755,7786475,43.4297520661157,14.0082644628099,41.1404958677686,6.77685950413223,28354
"660",2015-10-03 00:29:35.224304,654755,7786475,44.0495867768595,17.0661157024793,37.2809917355372,6.86776859504132,28354
"661",2015-10-11 00:29:41.091146,654755,7786475,41.5702479338843,13.1322314049587,43.900826446281,6.9504132231405,28354
"662",2015-10-19 00:29:36.30147,654755,7786475,44.9834710743802,15.2396694214876,38.0165289256198,6.66942148760331,28354
"663",2015-10-27 00:29:57.69263,654755,7786475,41.7933884297521,14.1570247933884,42.2148760330578,7.01652892561984,28354
"664",2015-11-04 00:29:41.063042,654755,7786475,39.3553719008264,14.4297520661157,44.6115702479339,7.08264462809917,28354
"665",2015-11-12 00:30:13.402664,654755,7786475,41.7107438016529,12.0165289256198,44.6611570247934,7.21487603305785,28354
"666",2015-11-20 00:29:42.543329,654755,7786475,44.396694214876,15,38.9421487603306,7.30578512396694,28354
"667",2015-11-28 00:30:27.071162,654755,7786475,34.0661157024793,14.6280991735537,49.8677685950413,7.92561983471074,28354
"668",2015-12-06 00:29:42.100883,654755,7786475,39.702479338843,15.9834710743802,42.6528925619835,7.60330578512397,28354
"669",2015-12-14 00:30:43.550561,654755,7786475,27.5785123966942,10.0578512396694,60.9421487603306,7.11570247933884,28354
"670",2015-12-22 00:29:42.654354,654755,7786475,39.7272727272727,15.198347107438,43.3553719008264,7.62809917355372,28354
"671",2016-01-07 00:29:37.931614,654755,7786475,42.7603305785124,19.9256198347107,35.6694214876033,7.62809917355372,28354
"672",2016-01-15 00:31:11.77635,654755,7786475,39.2148760330578,21.7768595041322,37.7190082644628,7.71900826446281,28354
"673",2016-01-23 00:29:39.1425,654805,7786515,46,10,42,19,28354
"674",2016-02-08 00:29:34.58739,654755,7786475,35.4049586776859,26.9504132231405,35.8842975206612,8.20661157024793,28354
"675",2016-02-16 00:31:26.614257,654755,7786475,36.6528925619835,23.4628099173554,38.5950413223141,7.90082644628099,28354
"676",2016-02-24 00:29:27.832399,654755,7786475,42.198347107438,24.1239669421488,31.8512396694215,6.80165289256198,28354
"677",2016-03-03 00:31:32.756613,654755,7786475,33.5867768595041,20.9338842975207,44.0413223140496,7.99173553719008,28354
"678",2016-03-19 00:31:41.114955,654755,7786475,32.1570247933884,31.8512396694215,34.4214876033058,8.62809917355372,28354
"679",2016-03-27 00:29:16.760812,654755,7786475,37.2809917355372,32.1487603305785,28.8925619834711,8.23140495867769,28354
"680",2016-04-04 00:31:44.268455,654755,7786475,34.1322314049587,30.7933884297521,33.7107438016529,8.75206611570248,28354
"681",2016-04-12 00:29:10.490712,654755,7786475,34.6528925619835,32.5289256198347,31.1322314049587,8.3801652892562,28354
"682",2016-04-20 00:31:52.340561,654755,7786475,34,30.198347107438,34.3801652892562,8.3801652892562,28354
"683",2016-04-28 00:29:07.534762,654755,7786475,35.7851239669422,28.9834710743802,33.7520661157025,8.23140495867769,28354
"684",2016-05-14 00:29:06.472632,654755,7786475,39.0826446280992,24.5702479338843,34.6363636363636,7.76859504132231,28354
"685",2016-05-30 00:29:13.288346,654755,7786475,35.8677685950413,24.1157024793388,38.4380165289256,8.12396694214876,28354
"686",2016-06-07 00:32:05.709213,654755,7786475,38.9173553719008,22.603305785124,36.9504132231405,7.83471074380165,28354
"687",2016-06-15 00:29:15.874445,654755,7786475,38.7355371900826,23.8512396694215,35.9090909090909,7.69421487603306,28354
"688",2016-06-23 00:32:07.924316,654755,7786475,41.7107438016529,23.603305785124,33.495867768595,7.73553719008264,28354
"689",2016-07-01 00:29:24.841549,654755,7786475,46.1157024793388,21.2727272727273,31.1157024793388,7.5702479338843,28354
"690",2016-07-09 00:32:07.489167,654755,7786475,43.0247933884297,20.900826446281,34.7520661157025,7.60330578512397,28354
"691",2016-07-17 00:29:31.853667,654755,7786475,36.6115702479339,24.5867768595041,37.4628099173554,8.18181818181818,28354
"692",2016-07-25 00:32:09.901049,654755,7786475,40.297520661157,21.0413223140496,37.2727272727273,8.05785123966942,28354
"693",2016-08-02 00:29:35.317678,654755,7786475,41.5867768595041,22.3636363636364,34.5371900826446,7.99173553719008,28354
"694",2016-08-10 00:32:11.412229,654753.351648352,7786461.81318681,39.6923076923077,21.989010989011,36.9450549450549,7.95604395604396,28354
"695",2016-08-18 00:29:39.428205,654746.111111111,7786483.14814815,35,20.5555555555556,42.7777777777778,8.81481481481481,28354
"696",2016-08-26 00:32:14.006125,654755,7786475,38.4214876033058,22.7603305785124,37.4710743801653,8.23140495867769,28354
"697",2016-09-03 00:29:45.833854,654755,7786475,40.5867768595041,23.396694214876,34.495867768595,8.14049586776859,28354
"698",2016-10-05 00:29:50.318805,654755,7786475,39.495867768595,20.1157024793388,39.0247933884297,8.1900826446281,28354
"699",2016-10-13 00:32:19.22508,654755,7786475,39.5454545454545,16.702479338843,42.4545454545455,7.9504132231405,28354
"700",2016-10-21 00:29:54.768249,654755,7786475,38.2314049586777,17.4628099173554,42.7520661157025,7.85123966942149,28354
"701",2016-10-29 00:32:15.108113,654755,7786475,42.5289256198347,14.6942148760331,41.4628099173554,7.75206611570248,28354
"702",2016-11-06 00:29:54.411137,654755,7786475,37.4214876033058,15.0495867768595,45.6446280991736,7.70247933884298,28354
"703",2016-11-14 00:32:07.138765,654755,7786475,28.6611570247934,14.3636363636364,55.5867768595041,10.3719008264463,28354
"704",2016-11-22 00:29:54.604909,654755,7786475,39.8264462809917,16.6198347107438,41.8512396694215,7.82644628099174,28354
"705",2016-11-30 00:32:04.800621,654755,7786475,36.8347107438017,18.3553719008264,43.4462809917355,7.9504132231405,28354
"706",2016-12-08 00:29:52.605346,654755,7786475,37.2561983471074,17.9421487603306,43.3057851239669,7.89256198347107,28354
"707",2016-12-16 00:32:00.161484,654755,7786475,36.7685950413223,15.8595041322314,45.8760330578512,6.52892561983471,28354
"708",2017-01-17 00:31:41.547206,654753,7786475.46153846,28.0615384615385,27.0923076923077,43.5846153846154,13.8461538461538,28354
"709",2017-01-25 00:29:40.064071,654748.076923077,7786503.46153846,12.3076923076923,31.7692307692308,54.5384615384615,13.7692307692308,28354
"710",2017-02-02 00:31:33.949468,654755,7786475,23.297520661157,39.3884297520661,36.1157024793388,9.66115702479339,28354
"711",2017-02-10 00:29:31.614911,654755,7786475,29.4876033057851,34.7438016528926,34.297520661157,8.77685950413223,28354
"712",2017-02-26 00:29:26.785337,654755,7786475,24.6115702479339,39.5123966942149,34.0909090909091,9.62809917355372,28354
"713",2017-03-06 00:31:41.069583,654755,7786515,29.5454545454545,32.2727272727273,36.3636363636364,8.27272727272727,28354
"714",2017-03-14 00:29:18.268627,654755,7786475,29.0247933884298,33.5785123966942,35.5867768595041,9.10743801652893,28354
"715",2017-03-22 00:31:46.536946,654750,7786430,25,29.9,44.7,9.4,28354
"716",2017-03-30 00:29:09.495597,654755,7786475,30.6528925619835,29.2314049586777,38.603305785124,7.88429752066116,28354
"717",2017-04-07 00:31:50.592137,654760,7786515,29,28.9,40.7,8.6,28354
"718",2017-04-15 00:29:01.570945,654755,7786475,34.9752066115703,24.2644628099174,39.198347107438,8.18181818181818,28354
"719",2017-04-23 00:31:58.028854,654755,7786475,33.9504132231405,23.7272727272727,40.8760330578512,8.20661157024793,28354
"720",2017-05-01 00:28:51.105133,654755,7786475,37.3553719008264,22.6694214876033,38.504132231405,8.13223140495868,28354
"721",2017-05-09 00:32:02.319384,654755,7786475,37.0165289256198,21.6363636363636,39.9917355371901,8.18181818181818,28354
"722",2017-05-17 00:29:01.281733,654755,7786475,36.7851239669422,21.8181818181818,39.8595041322314,7.90909090909091,28354
"723",2017-05-25 00:32:04.896972,654755,7786475,36.3801652892562,21.9752066115702,40.2892561983471,8.18181818181818,28354
"724",2017-06-10 00:32:09.897496,654755,7786475,42.8842975206612,20.4297520661157,35.2231404958678,6.75206611570248,28354
"725",2017-06-18 00:29:17.376541,654755,7786475,38.9752066115703,21.1735537190083,38.2148760330578,7.64462809917355,28354
"726",2017-06-26 00:32:12.823769,654755,7786475,37.9752066115703,20.9834710743802,39.8760330578512,7.56198347107438,28354
"727",2017-07-04 00:29:21.326099,654755,7786475,37.9752066115703,20.8512396694215,39.5123966942149,7.28099173553719,28354
"728",2017-07-12 00:32:13.792019,654755,7786475,39.7355371900826,19.099173553719,39.6280991735537,7.52066115702479,28354
"729",2017-07-20 00:29:26.163493,654755,7786475,41.5537190082645,18.3719008264463,38.099173553719,7.39669421487603,28354
"730",2017-07-28 00:32:12.885051,654755,7786475,43.4049586776859,17.0661157024793,38.2396694214876,7.26446280991736,28354
"731",2017-08-05 00:29:33.531465,654755,7786475,42.603305785124,17.0413223140496,38.7768595041322,7.23140495867769,28354
"732",2017-08-13 00:32:10.266641,654755,7786475,41.8429752066116,16.7933884297521,39.9669421487603,7.35537190082645,28354
"733",2017-08-21 00:29:38.550962,654755,7786475,41.2727272727273,16.3801652892562,40.7107438016529,7.23140495867769,28354
"734",2017-09-06 00:29:40.783337,654755,7786475,40.7851239669422,16.198347107438,41.297520661157,7.28099173553719,28354
"735",2017-09-14 00:32:09.272519,654749.473684211,7786456.05263158,43.0394736842105,15.2894736842105,40.2368421052632,6.98684210526316,28354
"736",2017-09-22 00:29:44.325391,654755,7786475,40.1074380165289,16.2148760330579,42.0826446280992,7.21487603305785,28354
"737",2017-09-30 00:32:09.80918,654755,7786445,45.9818181818182,13.9636363636364,38.4727272727273,6,28354
"738",2017-10-08 00:29:50.22235,654755,7786475,36.6611570247934,15.3471074380165,46.2892561983471,6.90082644628099,28354
"739",2017-10-16 00:32:12.086124,654755,7786475,38.6446280991736,14.2231404958678,45.7685950413223,6,28354
"740",2017-10-24 00:29:52.348885,654755,7786475,37.5371900826446,16.1570247933884,44.9338842975207,7.45454545454545,28354
"741",2017-11-01 00:32:12.194914,654755,7786475,40.099173553719,14.9669421487603,43.4132231404959,7.67768595041322,28354
"742",2017-11-25 00:29:45.069408,654755,7786475,33.5867768595041,16.9669421487603,47.9504132231405,8.23140495867769,28354
"743",2017-12-03 00:32:02.830585,654755,7786475,36.8264462809917,18.1157024793388,43.8677685950413,8.08264462809917,28354
"744",2017-12-11 00:29:43.074308,654755,7786475,38.7272727272727,15.9834710743802,43.8099173553719,7.87603305785124,28354
"745",2017-12-19 00:31:53.619218,654755,7786475,37.1074380165289,12.6694214876033,48.801652892562,7.82644628099174,28354
"746",2017-12-27 00:29:44.865566,654769.767441861,7786479.18604651,34.8837209302326,10.1860465116279,53.406976744186,5.40697674418605,28354
"747",2018-01-04 00:31:41.724212,654757.61682243,7786480.88785047,39.6822429906542,17.4299065420561,41.4766355140187,7.27102803738318,28354
"748",2018-01-12 00:29:38.793444,654755,7786475,40.2727272727273,16.4876033057851,41.7107438016529,7.23140495867769,28354
"749",2018-01-28 00:29:29.688134,654755,7786475,36.0743801652893,16.9586776859504,45.2727272727273,7.84297520661157,28354
"750",2018-02-13 00:29:23.317178,654755,7786475,44.297520661157,14.297520661157,39.9917355371901,7.52892561983471,28354
"751",2018-02-21 00:31:01.664165,654755,7786475,34.3719008264463,20.1157024793388,44.3884297520661,8.28099173553719,28354
"752",2018-03-17 00:29:07.234939,654755,7786475,41.297520661157,28.1735537190083,28.8925619834711,8.00826446280992,28354
"753",2018-04-02 00:29:00.548911,654755,7786475,36.4710743801653,32.8925619834711,28.9586776859504,8.28099173553719,28354
"754",2018-04-10 00:30:23.848507,654749,7786433,36.36,28.4,34.16,8.28,28354
"755",2018-04-18 00:28:51.124735,654755,7786475,38.2231404958678,30.3884297520661,29.7603305785124,8.08264462809917,28354
"756",2018-04-26 00:30:07.310677,654755,7786445,39.6727272727273,26.6,32.1272727272727,7.69090909090909,28354
"757",2018-05-04 00:28:42.411736,654755,7786475,38.504132231405,26.8429752066116,33.1239669421488,7.98347107438016,28354
"758",2018-05-20 00:28:31.325018,654755,7786475,40.4214876033058,26.1652892561983,32.0495867768595,7.63636363636364,28354
"759",2018-05-28 00:29:35.469348,654755,7786475,39.8512396694215,25.8842975206612,32.6942148760331,7.74380165289256,28354
"760",2018-06-05 00:28:20.650478,654755,7786475,42.7933884297521,24.5289256198347,30.9834710743802,7.61157024793388,28354
"761",2018-06-21 00:28:31.474096,654755,7786475,43.3553719008264,23.404958677686,31.6446280991736,7.49586776859504,28354
"762",2018-06-29 00:29:00.538379,654755,7786475,40.0247933884297,24.1322314049587,34.5289256198347,7.51239669421488,28354
"763",2018-07-07 00:28:40.478078,654755,7786475,43.4380165289256,23.4876033057851,31.404958677686,7.44628099173554,28354
"764",2018-07-15 00:28:41.736114,654755,7786475,42.504132231405,20.6942148760331,35.2148760330578,7.28099173553719,28354
"765",2018-07-23 00:28:47.215879,654755,7786475,44.4462809917355,21.7685950413223,32.2561983471074,7.20661157024793,28354
"766",2018-07-31 00:28:25.205513,654735,7786430,53.2857142857143,16.5714285714286,28.5714285714286,6.71428571428571,28354
"767",2018-08-08 00:28:56.092393,654755,7786475,45.4628099173554,21.0578512396694,31.9917355371901,7.13223140495868,28354
"768",2018-08-16 00:28:07.279222,654755,7786475,45.0247933884297,19.4628099173554,33.9256198347107,6.94214876033058,28354
"769",2018-08-24 00:29:04.187156,654755,7786475,46,19.3223140495868,32.9504132231405,7.00826446280992,28354
"770",2018-09-01 00:27:47.847435,654755,7786475,44.9917355371901,18.8429752066116,34.8429752066116,6.86776859504132,28354
"771",2018-09-09 00:29:09.886501,654755,7786475,47.7438016528926,18.2314049586777,32.4049586776859,6.71900826446281,28354
"772",2018-09-17 00:27:26.821369,654755,7786475,47.9752066115703,16.6280991735537,33.9834710743802,6.75206611570248,28354
"773",2018-09-25 00:29:15.113194,654755,7786475,44.5289256198347,17.6280991735537,36.0909090909091,6.82644628099174,28354
"774",2018-10-03 00:27:04.134632,654755,7786475,47.6280991735537,16.4876033057851,34.5289256198347,6.60330578512397,28354
"775",2018-10-11 00:29:22.908287,654755,7786475,44,16.6942148760331,37.4710743801653,6.77685950413223,28354
"776",2018-10-19 00:26:40.528736,654755,7786475,43.2644628099174,18.9834710743802,36.3884297520661,6.94214876033058,28354
"777",2018-10-27 00:29:27.965708,654755,7786475,41.6198347107438,17.9917355371901,38.9504132231405,7.30578512396694,28354
"778",2018-11-04 00:26:20.160528,654751.146788991,7786470.59633027,42.1467889908257,15.7522935779817,40.8165137614679,7.15596330275229,28354
"779",2018-12-22 00:25:05.865184,654755,7786475,41.6859504132231,12.7107438016529,44.1404958677686,7.47933884297521,28354
"780",2018-12-30 00:29:26.625081,654755,7786475,46.7355371900826,12.9504132231405,38.7355371900826,6.40495867768595,28354
"781",2019-01-07 00:24:36.917983,654755,7786475,41.2561983471074,12.1900826446281,45.1322314049587,7.40495867768595,28354
"782",2019-01-15 00:29:24.355934,654755,7786475,45.0330578512397,15.6115702479339,37.603305785124,7.15702479338843,28354
"783",2019-01-23 00:24:06.105335,654755,7786475,36.5867768595041,16.6198347107438,45.2148760330578,9.34710743801653,28354
"784",2019-02-16 00:29:18.453837,654755,7786475,46.6198347107438,19.9338842975207,31.8181818181818,7.47107438016529,28354
"785",2019-02-24 00:23:07.749992,654742.647058823,7786438.82352941,46.4117647058824,19.4117647058824,32.2941176470588,6.70588235294118,28354
"786",2019-03-04 00:29:14.11274,654755,7786475,40.099173553719,30.1900826446281,28,8.01652892561983,28354
"787",2019-03-12 00:22:37.251203,654755.99009901,7786483.91089109,30.5841584158416,36.4653465346535,31.6831683168317,8.73267326732673,28354
"788",2019-03-20 00:29:09.15618,654755,7786475,34.0495867768595,36.2479338842975,28.0413223140496,8.55371900826446,28354
"789",2019-04-05 00:29:05.53757,654755,7786475,32.2479338842975,38.5537190082645,27.5619834710744,8.76859504132231,28354
"790",2019-04-13 00:21:31.56197,654755,7786475,30.504132231405,37.4876033057851,30.5619834710744,8.74380165289256,28354
"791",2019-04-21 00:28:59.296768,654755,7786475,32.7272727272727,36.4793388429752,29.1900826446281,8.60330578512397,28354
"792",2019-04-29 00:20:56.123856,654755,7786475,32.5702479338843,34.8181818181818,31.3636363636364,8.47933884297521,28354
"793",2019-05-07 00:29:02.910674,654755,7786475,34.2314049586777,34.5289256198347,29.603305785124,8.4297520661157,28354
"794",2019-05-23 00:29:13.067907,654755,7786475,33.5867768595041,32.198347107438,32.4462809917355,8.33057851239669,28354
"795",2019-06-16 00:19:09.098482,654760.384615385,7786493.07692308,32.4615384615385,29,37.2307692307692,8.30769230769231,28354
"796",2019-06-24 00:29:26.476749,654755,7786475,37.8099173553719,31.0826446280992,29.396694214876,8.54545454545454,28354
"797",2019-07-02 00:18:33.175711,654705,7786430,40,36,23,8,28354
"798",2019-07-18 00:17:55.844688,654755,7786475,36.3471074380165,29.5619834710744,32.7768595041322,8.4297520661157,28354
"799",2019-07-26 00:29:34.642929,654755,7786475,40.9917355371901,27.6859504132231,29.7107438016529,7.57851239669422,28354
"800",2019-08-03 00:17:17.237441,654755,7786475,37.0495867768595,27.2066115702479,34.4214876033058,7.66942148760331,28354
"801",2019-08-11 00:29:40.868672,654755,7786475,33.1322314049587,26.3223140495868,38.8181818181818,8.28099173553719,28354
"802",2019-08-19 00:16:37.398198,654755,7786475,40.297520661157,24.9586776859504,33.4628099173554,7.57851239669422,28354
"803",2019-08-27 00:29:45.150716,654755,7786475,41.3057851239669,24.2396694214876,32.7107438016529,7.40495867768595,28354
"804",2019-09-04 00:15:56.287377,654755,7786475,40.396694214876,23.198347107438,35.0578512396694,7.47933884297521,28354
"805",2019-09-12 00:29:49.420372,654755,7786475,38.7438016528926,22.7851239669421,36.7438016528926,7.30578512396694,28354
"806",2019-09-20 00:15:13.761342,654755,7786475,41.1074380165289,21.8760330578512,35.6446280991736,7.16528925619835,28354
"807",2019-09-28 00:29:54.644473,654755,7786475,37.6859504132231,21.2644628099174,39.6115702479339,7.28099173553719,28354
"808",2019-10-06 00:14:33.500102,654755,7786475,42.2809917355372,20.4132231404959,35.8595041322314,7.1900826446281,28354
"809",2019-10-14 00:29:57.485634,654755,7786475,40.2727272727273,19.504132231405,38.5371900826446,7.15702479338843,28354
"810",2019-10-22 00:13:53.009696,654755,7786475,41.5537190082645,18.0165289256198,39.2809917355372,6.91735537190083,28354
"811",2019-10-30 00:29:57.697791,654755,7786475,39.4462809917355,18.6280991735537,40.3471074380165,7.01652892561984,28354
"812",2019-11-07 00:13:10.473072,654755,7786475,39.0413223140496,17.5371900826446,42.0661157024793,7.4297520661157,28354
"813",2019-11-15 00:29:55.024806,654755,7786475,42,18.9669421487603,37.5454545454545,7.4297520661157,28354
"814",2019-11-23 00:12:25.791753,654755,7786475,37.9090909090909,19.297520661157,41.4297520661157,7.67768595041322,28354
"815",2019-12-09 00:11:38.93475,654755,7786475,39.7190082644628,20.595041322314,38.4214876033058,7.67768595041322,28354
"816",2019-12-17 00:29:51.517909,654755,7786475,38.1239669421488,19.1322314049587,41.0330578512397,7.54545454545455,28354
"817",2019-12-25 00:10:50.071647,654755,7786430,40.7272727272727,16.6363636363636,41,6.45454545454545,28354
"818",2020-01-02 00:29:46.964078,654755,7786475,43.1322314049587,18.1900826446281,37.2727272727273,7.10743801652893,28354
"819",2020-01-18 00:29:43.944976,654755,7786475,49.9669421487603,16.0578512396694,32.3719008264463,7.00826446280992,28354
"820",2020-02-03 00:29:38.513869,654755,7786475,30.9917355371901,22.2148760330579,44.9917355371901,5.78512396694215,28354
"821",2020-02-11 00:08:24.323701,654742.647058823,7786438.82352941,43.8529411764706,29.7647058823529,25.1176470588235,7.55882352941176,28354
"822",2020-02-19 00:29:35.193418,654755,7786475,46.0743801652893,34.801652892562,17.3305785123967,6.62809917355372,28354
"823",2020-02-27 00:07:33.91538,654755,7786475,23.8099173553719,41.3388429752066,33.5619834710744,7.88429752066116,28354
"824",2020-03-14 00:06:41.919434,654755,7786475,24.8595041322314,49.9173553719008,23.7768595041322,9.87603305785124,28354
"825",2020-03-22 00:29:21.992814,654755,7786475,25.8512396694215,47.4710743801653,25.0413223140496,9.65289256198347,28354
"826",2020-03-30 00:05:48.46979,654751.146788991,7786470.59633027,24.4862385321101,44.2477064220183,29.8256880733945,9.34862385321101,28354
"827",2020-04-07 00:29:13.248645,654755,7786475,27.9504132231405,39.9504132231405,30.2479338842975,8.73553719008265,28354
"828",2020-04-15 00:04:53.376311,654755,7786475,24.2066115702479,34.9917355371901,39.1735537190083,8.79338842975207,28354
"829",2020-04-23 00:29:06.450636,654755,7786475,30.8429752066116,33.8099173553719,33.6363636363636,8.12396694214876,28354
"830",2020-05-01 00:03:56.537682,654755,7786475,30.6363636363636,31.3471074380165,36.495867768595,8.05785123966942,28354
"831",2020-05-09 00:28:57.526106,654755,7786475,33.4462809917355,31.4214876033058,33.4462809917355,7.51239669421488,28354
"832",2020-05-17 00:02:57.861099,654755,7786475,28.198347107438,26.1404958677686,44.2148760330578,8.64462809917355,28354
"833",2020-05-25 00:29:01.190422,654755,7786475,31.5371900826446,30.9338842975207,35.702479338843,8.58677685950413,28354
"834",2020-06-02 00:02:00.03686,654755,7786475,30.4462809917355,32.6942148760331,35.7685950413223,8.61157024793388,28354
"835",2020-06-10 00:29:09.855902,654755,7786475,36.2066115702479,28.9504132231405,33.2809917355372,7.94214876033058,28354
"836",2020-06-18 00:01:04.306248,654745.232558139,7786442.20930233,35.7209302325581,28.1395348837209,34.8139534883721,7.93023255813953,28354
"837",2020-06-26 00:29:18.574119,654755,7786475,32.8347107438017,28.495867768595,37.2148760330578,8.03305785123967,28354
"838",2020-07-12 00:29:25.287073,654755,7786475,36.4049586776859,27.0826446280992,34.8842975206612,7.63636363636364,28354
"839",2020-07-19 23:59:08.641981,654755,7786475,31.7851239669421,23.495867768595,43.4214876033058,11.0661157024793,28354
"840",2020-07-28 00:29:30.070748,654755,7786475,36.0082644628099,25.5785123966942,36.7768595041322,7.47107438016529,28354
"841",2020-08-04 23:58:08.871469,654755,7786475,33.702479338843,24.1322314049587,40.8264462809917,7.50413223140496,28354
"842",2020-08-13 00:29:33.462805,654755,7786475,35.3801652892562,23.8677685950413,39.2396694214876,7.50413223140496,28354
"843",2020-08-20 23:57:07.693824,654755,7786475,34.1735537190083,22.0909090909091,42.2396694214876,7.40495867768595,28354
"844",2020-08-29 00:29:42.039891,654755,7786475,35.9256198347107,22.2644628099174,40.2809917355372,7.18181818181818,28354
"845",2020-09-05 23:56:05.137287,654755,7786475,35.5454545454545,20.6446280991736,42.6528925619835,7.13223140495868,28354
"846",2020-09-14 00:29:48.476927,654755,7786475,32.8595041322314,20.8099173553719,44.7851239669422,6.95867768595041,28354
"847",2020-09-30 00:29:52.714227,654755,7786475,33.6528925619835,21.3553719008264,43.2148760330578,7.05785123966942,28354
"848",2020-10-07 23:54:00.384872,654755,7786475,31,18.1570247933884,49.3553719008264,7.03305785123967,28354
"849",2020-10-16 00:29:54.305651,654755,7786475,33.6363636363636,19.9586776859504,44.8677685950413,6.86776859504132,28354
"850",2020-10-23 23:52:57.969176,654755,7786475,27.8677685950413,22.4214876033058,48.198347107438,7.72727272727273,28354
"851",2020-11-01 00:29:53.146114,654755,7786475,36.0743801652893,20.3388429752066,42.1239669421488,7.18181818181818,28354
"852",2020-11-08 23:51:53.247906,654755,7786475,27.3140495867769,16.1652892561983,55.1818181818182,6.34710743801653,28354
"853",2020-11-17 00:29:51.817461,654755,7786475,34.0495867768595,19.3801652892562,45.0247933884297,7.65289256198347,28354
"854",2020-11-24 23:50:45.939721,654755,7786475,34.6942148760331,19.9421487603306,43.7438016528926,7.55371900826446,28354
"855",2020-12-03 00:29:55.24432,654755,7786475,32.6942148760331,17.8429752066116,47.9504132231405,7.3801652892562,28354
"856",2020-12-19 00:29:54.365966,654755,7786475,31.7520661157025,17.900826446281,48.6776859504132,7.30578512396694,28354
"857",2021-01-11 23:47:17.458574,654755,7786475,27.1157024793388,26.0578512396694,45.4545454545455,8.65289256198347,28354
"858",2021-01-20 00:29:42.658627,654755,7786475,28.9917355371901,24.9669421487603,44.603305785124,8.6198347107438,28354
"859",2021-01-27 23:46:08.551361,654755,7786475,30.8595041322314,25.2396694214876,42.7355371900826,8.35537190082645,28354
"860",2021-02-05 00:29:41.230876,654755,7786475,30.3636363636364,23.4628099173554,44.702479338843,8.35537190082645,28354
"861",2021-02-12 23:44:57.402023,654755,7786475,14.7272727272727,23.3719008264463,60.7520661157025,11.495867768595,28354
"862",2021-02-21 00:29:36.745086,654755,7786475,33.900826446281,40.6446280991736,23.8347107438017,8.01652892561983,28354
"863",2021-03-09 00:29:28.973967,654755,7786475,29.6280991735537,28.9834710743802,39.7685950413223,8.60330578512397,28354
"864",2021-03-16 23:42:28.677646,654755,7786475,24.4297520661157,30.702479338843,43.4710743801653,9.04132231404959,28354
"865",2021-03-25 00:29:22.320438,654755,7786475,28.4214876033058,33.2148760330578,36.7272727272727,8.88429752066116,28354
"866",2021-04-01 23:41:10.822854,654764.333333333,7786507,28.6666666666667,30,40.1333333333333,9.33333333333333,28354
"867",2021-04-10 00:29:17.650387,654755,7786475,35.7190082644628,24.9173553719008,37.7685950413223,8.44628099173554,28354
"868",2021-04-17 23:39:50.808092,654755,7786430,37,24.3636363636364,37.2727272727273,8.27272727272727,28354
"869",2021-05-12 00:29:07.024773,654755,7786475,33.4462809917355,23.2892561983471,41.7768595041322,8.75206611570248,28354
"870",2021-05-19 23:37:09.156864,654755,7786475,30.8099173553719,23.5371900826446,44.4297520661157,8.6198347107438,28354
"871",2021-05-28 00:29:16.785129,654755,7786475,35.4628099173554,21.8181818181818,41.2314049586777,8.27272727272727,28354
"872",2021-06-04 23:35:47.493708,654755,7786475,33.1487603305785,23.2561983471074,42,8.09090909090909,28354
"873",2021-06-13 00:29:23.573671,654755,7786475,32.4628099173554,20.8181818181818,45.2066115702479,7.83471074380165,28354
"874",2021-06-29 00:29:27.519053,654755,7786475,35.0165289256198,21.2479338842975,42.3223140495868,8.17355371900826,28354
"875",2021-07-06 23:33:09.057923,654755,7786515,32.0909090909091,24.3636363636364,41.9090909090909,8.18181818181818,28354
"876",2021-07-15 00:29:28.665169,654755,7786475,40.6776859504132,19.1652892561983,38.7190082644628,6.84297520661157,28354
"877",2021-07-22 23:31:46.746536,654755,7786475,33.8512396694215,20.0661157024793,44.7685950413223,8.10743801652893,28354
"878",2021-07-31 00:29:37.025878,654755,7786475,36.5702479338843,18.3801652892562,43.4462809917355,7.64462809917355,28354
"879",2021-08-07 23:30:22.309291,654755,7786475,35.3719008264463,18.8842975206612,44.6198347107438,7.64462809917355,28354
"880",2021-08-16 00:29:43.137623,654755,7786475,34.6115702479339,17.1157024793388,46.9338842975207,7.54545454545455,28354
"881",2021-08-23 23:28:57.965926,654755,7786475,39.2644628099174,18.2644628099174,41.1074380165289,7.25619834710744,28354
"882",2021-09-01 00:29:47.739277,654755,7786475,30.0413223140496,16.8595041322314,51.6528925619835,7.66115702479339,28354
"883",2021-09-08 23:27:34.70093,654755,7786475,40.0247933884297,14.6280991735537,43.900826446281,7.61157024793388,28354
"884",2021-09-17 00:29:51.440661,654755,7786475,39.8760330578512,14.9256198347107,43.6776859504132,7.57851239669422,28354
"885",2021-09-24 23:26:08.897177,654755,7786475,39.9917355371901,14.2314049586777,44.504132231405,7.40495867768595,28354
"886",2021-10-03 00:29:56.308816,654755,7786475,39.8099173553719,13.9256198347107,44.702479338843,7.33057851239669,28354
"887",2021-10-19 00:29:59.913055,654755,7786475,37.0413223140496,13.5702479338843,47.603305785124,7.65289256198347,28354
"888",2021-11-04 00:29:59.119353,654755,7786475,35.4214876033058,14.3305785123967,48.6363636363636,7.6198347107438,28354
"889",2021-11-20 00:29:54.223851,654755,7786475,36.8842975206612,12.5123966942149,49.0826446280992,7.99173553719008,28354
"890",2021-11-27 23:20:13.86035,654755,7786475,38.2727272727273,11.7768595041322,48.4132231404959,7.69421487603306,28354
"891",2021-12-13 23:18:43.367003,654755,7786475,36.9256198347107,16.0743801652893,45.6776859504132,7.82644628099174,28354
"892",2021-12-22 00:29:53.034219,654755,7786475,34.6115702479339,16.5867768595041,47.4380165289256,7.88429752066116,28354
"893",2021-12-29 23:17:08.688316,654755,7786475,36.7107438016529,13.8595041322314,48.3388429752066,9.78512396694215,28354
"894",2022-01-07 00:29:48.711482,654755,7786475,49.1818181818182,14.0661157024793,34.9669421487603,6.94214876033058,28354
"895",2022-01-14 23:15:36.053581,654755,7786475,39.6528925619835,14.5206611570248,44.4297520661157,6.55371900826446,28354
"896",2022-01-23 00:29:44.617316,654755,7786475,37.702479338843,17.603305785124,43.0826446280992,7.7603305785124,28354
"897",2022-02-24 00:29:35.791282,654755,7786475,38.3471074380165,33.0413223140496,27.0495867768595,8.20661157024793,28354
"898",2022-03-12 00:29:31.960405,654755,7786475,32.2561983471074,34.7933884297521,31.4462809917355,8.25619834710744,28354
"899",2022-03-28 00:29:19.983696,654755,7786475,34.7355371900826,31.9917355371901,31.8595041322314,8.38842975206612,28354
"900",2022-04-29 00:29:19.313178,654755,7786475,35.2644628099174,25.5619834710744,37.7851239669422,8.03305785123967,28354
"901",2022-05-15 00:29:29.807706,654755,7786475,39.0330578512397,21.3801652892562,38.0743801652893,8.12396694214876,28354
"902",2022-05-31 00:29:32.671115,654755,7786475,37.9504132231405,27.4793388429752,33.0826446280992,7.83471074380165,28354
"903",2022-06-16 00:29:44.910352,654755,7786475,36.8181818181818,29.3223140495868,32.2231404958678,7.95867768595041,28354
"904",2022-07-18 00:29:49.236791,654755,7786475,34.7768595041322,28.3719008264463,35.1735537190083,8.47933884297521,28354
"905",2022-08-03 00:30:00.64041,654755,7786475,32.4462809917355,27.6611570247934,38.3471074380165,8.20661157024793,28354
"906",2022-08-19 00:30:06.148108,654755,7786475,37.603305785124,25.1487603305785,35.6115702479339,8.23140495867769,28354
"907",2022-09-04 00:30:06.354098,654755,7786475,40.1404958677686,25.7933884297521,32.4132231404959,7.86776859504132,28354
"908",2022-09-20 00:30:12.966775,654755,7786475,37.603305785124,23.5537190082645,37.3305785123967,7.87603305785124,28354
"909",2022-10-06 00:30:10.105787,654755,7786475,31.495867768595,22.099173553719,44.8925619834711,8.60330578512397,28354
"910",2022-10-22 00:30:09.536432,654755,7786475,37.6115702479339,21.8181818181818,39.0661157024793,8.40495867768595,28354
"911",2022-11-23 00:30:06.706773,654755,7786475,33.6280991735537,26.4710743801653,38.1818181818182,8.45454545454546,28354
"912",2022-12-09 00:30:06.591893,654755,7786475,36.2314049586777,33.0909090909091,28.900826446281,8.69421487603306,28354
"913",2022-12-25 00:29:57.522391,654755,7786475,34,34.9752066115703,29.3636363636364,8.16528925619835,28354
"914",2023-01-26 00:29:56.260279,654755,7786475,20.504132231405,45.7107438016529,31.900826446281,10.8512396694215,28354
"915",2023-03-15 00:29:31.905287,654755,7786475,14.3140495867769,54.7685950413223,29.1157024793388,12.4214876033058,28354
"916",2023-03-31 00:29:21.476535,654755,7786475,16.3636363636364,50.5123966942149,31.4214876033058,11.8099173553719,28354
